source_index,candidate_id,augmented_field,pivot_lang,gold_label,original_premise,original_hypothesis,augmented_premise,augmented_hypothesis,original_sentence,back_translated_sentence,accepted,reasons,semantic_forward_entailment,semantic_backward_entailment,semantic_min,nli_predicted_label,nli_gold_probability,hard_cue_changes,soft_cue_changes,number_cues_before,number_cues_after,change_ratio,length_ratio,source_to_pivot_over_limit,source_to_pivot_truncated,pivot_to_source_over_limit,pivot_to_source_truncated,was_truncated,translation_model,translation_model_revision,verifier_model,verifier_model_revision,risk_score,human_semantic_equivalent,human_label_preserved,human_useful_augmentation,human_notes
154,154:premise:fra_Latn,premise,fra_Latn,neutral,"Runners, some in costume, in a St Paddy's day Marathon run in the streets as people watch.",The runners are almost finished with the St. Patrick's Day race.,"Runners, some dressed up, in a St. Paddy's marathon run through the streets as people watch.",The runners are almost finished with the St. Patrick's Day race.,"Runners, some in costume, in a St Paddy's day Marathon run in the streets as people watch.","Runners, some dressed up, in a St. Paddy's marathon run through the streets as people watch.",True,[],0.9941065311431885,0.8422937393188477,0.8422937393188477,1,0.9254449605941772,[],"[{""group"":""space"",""original"":{""in"":3},""candidate"":{""in"":1,""through"":1},""field"":""premise""}]",,,0.1648351648351648,1.0222222222222221,False,False,False,False,False,facebook/nllb-200-distilled-600M,f8d333a098d19b4fd9a8b18f94170487ad3f821d,MoritzLaurer/DeBERTa-v3-base-mnli-fever-anli,6f5cf0a2b59cabb106aca4c287eed12e357e90eb,0.3322613,,,,
408,408:premise:fra_Latn,premise,fra_Latn,contradiction,Men are working on scaffolding outside of a building while other men watch.,Men are working indoors.,Some men are working on scaffolding in front of a building while others are watching.,Men are working indoors.,Men are working on scaffolding outside of a building while other men watch.,Some men are working on scaffolding in front of a building while others are watching.,True,[],0.9882823824882507,0.8928003907203674,0.8928003907203674,2,0.9993184804916382,[],"[{""group"":""quantifier"",""original"":{},""candidate"":{""some"":1},""field"":""premise""},{""group"":""space"",""original"":{""on"":1,""outside"":1},""candidate"":{""on"":1,""front"":1,""in"":1},""field"":""premise""}]",,,0.15000000000000002,1.1333333333333333,False,False,False,False,False,facebook/nllb-200-distilled-600M,f8d333a098d19b4fd9a8b18f94170487ad3f821d,MoritzLaurer/DeBERTa-v3-base-mnli-fever-anli,6f5cf0a2b59cabb106aca4c287eed12e357e90eb,0.30788113,,,,
221,221:hypothesis:fra_Latn,hypothesis,fra_Latn,neutral,Several people walk by a rickshaw containing a sleeping cat.,People walking as a group in a tour,Several people walk by a rickshaw containing a sleeping cat.,People walk in groups on tour.,People walking as a group in a tour,People walk in groups on tour.,True,[],0.9960556030273438,0.9968529343605042,0.9960556030273438,1,0.8181596994400024,[],"[{""group"":""space"",""original"":{""in"":1},""candidate"":{""on"":1,""in"":1},""field"":""hypothesis""}]",,,0.19999999999999996,0.8571428571428571,False,False,False,False,False,facebook/nllb-200-distilled-600M,f8d333a098d19b4fd9a8b18f94170487ad3f821d,MoritzLaurer/DeBERTa-v3-base-mnli-fever-anli,6f5cf0a2b59cabb106aca4c287eed12e357e90eb,0.2857847,,,,
268,268:premise:fra_Latn,premise,fra_Latn,neutral,A man is snowboarding over a structure on a snowy hill.,The snowboard has stripes.,A man is snowboarding on a structure on a snowy hill.,The snowboard has stripes.,A man is snowboarding over a structure on a snowy hill.,A man is snowboarding on a structure on a snowy hill.,True,[],0.9850395917892456,0.8205209970474243,0.8205209970474243,1,0.9991570711135864,[],"[{""group"":""space"",""original"":{""on"":1,""over"":1},""candidate"":{""on"":2},""field"":""premise""}]",,,0.03703703703703709,0.9636363636363636,False,False,False,False,False,facebook/nllb-200-distilled-600M,f8d333a098d19b4fd9a8b18f94170487ad3f821d,MoritzLaurer/DeBERTa-v3-base-mnli-fever-anli,6f5cf0a2b59cabb106aca4c287eed12e357e90eb,0.28032193,,,,
164,164:premise:fra_Latn,premise,fra_Latn,neutral,Many people ride their bikes down a bike path in a city.,A group of bike riders racing.,A lot of people ride their bikes on a bike path in a city.,A group of bike riders racing.,Many people ride their bikes down a bike path in a city.,A lot of people ride their bikes on a bike path in a city.,True,[],0.9974910020828247,0.9930758476257324,0.9930758476257324,1,0.9388521313667297,[],"[{""group"":""quantifier"",""original"":{""many"":1},""candidate"":{},""field"":""premise""},{""group"":""space"",""original"":{""in"":1},""candidate"":{""on"":1,""in"":1},""field"":""premise""}]",,,0.10526315789473684,1.0357142857142858,False,False,False,False,False,facebook/nllb-200-distilled-600M,f8d333a098d19b4fd9a8b18f94170487ad3f821d,MoritzLaurer/DeBERTa-v3-base-mnli-fever-anli,6f5cf0a2b59cabb106aca4c287eed12e357e90eb,0.26807202,,,,
84,84:premise:fra_Latn,premise,fra_Latn,entailment,A man dressed in all green with his face covered by a bandanna is working outdoors with heavy machinery.,A man with a bandanna is outside.,A man dressed in green clothes and covered in bandanas works outside with heavy machinery.,A man with a bandanna is outside.,A man dressed in all green with his face covered by a bandanna is working outdoors with heavy machinery.,A man dressed in green clothes and covered in bandanas works outside with heavy machinery.,True,[],0.9646048545837402,0.9633802175521851,0.9633802175521851,0,0.9876981377601624,[],"[{""group"":""quantifier"",""original"":{""all"":1},""candidate"":{},""field"":""premise""},{""group"":""space"",""original"":{""in"":1},""candidate"":{""in"":2,""outside"":1},""field"":""premise""}]",,,0.19587628865979378,0.8653846153846154,False,False,False,False,False,facebook/nllb-200-distilled-600M,f8d333a098d19b4fd9a8b18f94170487ad3f821d,MoritzLaurer/DeBERTa-v3-base-mnli-fever-anli,6f5cf0a2b59cabb106aca4c287eed12e357e90eb,0.24892164,,,,
696,696:premise:fra_Latn,premise,fra_Latn,neutral,A guy snowboarding down a pole that is on top of a blue vehicle into the snow.,A man performs snowboard stunts in a scored event.,A guy who's snowboarding on a pole that's on a blue vehicle in the snow.,A man performs snowboard stunts in a scored event.,A guy snowboarding down a pole that is on top of a blue vehicle into the snow.,A guy who's snowboarding on a pole that's on a blue vehicle in the snow.,True,[],0.99379962682724,0.9225995540618896,0.9225995540618896,1,0.9310047626495361,[],"[{""group"":""space"",""original"":{""on"":1},""candidate"":{""on"":2,""in"":1},""field"":""premise""}]",,,0.1333333333333333,0.9230769230769231,False,False,False,False,False,facebook/nllb-200-distilled-600M,f8d333a098d19b4fd9a8b18f94170487ad3f821d,MoritzLaurer/DeBERTa-v3-base-mnli-fever-anli,6f5cf0a2b59cabb106aca4c287eed12e357e90eb,0.24639568,,,,
754,754:hypothesis:fra_Latn,hypothesis,fra_Latn,contradiction,A man in a black hooded sweater stands behind a rich variety of fruits and vegetables.,A fruit salad on the rung from the cops.,A man in a black hooded sweater stands behind a rich variety of fruits and vegetables.,A fruit salad on the police stairs.,A fruit salad on the rung from the cops.,A fruit salad on the police stairs.,True,[],0.9477350115776062,0.9682194590568542,0.9477350115776062,2,0.8064451813697815,[],[],,,0.30666666666666664,0.875,False,False,False,False,False,facebook/nllb-200-distilled-600M,f8d333a098d19b4fd9a8b18f94170487ad3f821d,MoritzLaurer/DeBERTa-v3-base-mnli-fever-anli,6f5cf0a2b59cabb106aca4c287eed12e357e90eb,0.24581981,,,,
300,300:premise:fra_Latn,premise,fra_Latn,neutral,There is a man with a red hat on his hand.,There is a sad man with a red hat on his hand.,There's a man with a red hat in his hand.,There is a sad man with a red hat on his hand.,There is a man with a red hat on his hand.,There's a man with a red hat in his hand.,True,[],0.9452794194221497,0.86262047290802,0.86262047290802,1,0.9984686970710754,[],"[{""group"":""space"",""original"":{""on"":1},""candidate"":{""in"":1},""field"":""premise""}]",,,0.06024096385542166,0.9761904761904762,False,False,False,False,False,facebook/nllb-200-distilled-600M,f8d333a098d19b4fd9a8b18f94170487ad3f821d,MoritzLaurer/DeBERTa-v3-base-mnli-fever-anli,6f5cf0a2b59cabb106aca4c287eed12e357e90eb,0.23891083,,,,
236,236:premise:fra_Latn,premise,fra_Latn,entailment,A male is leaping above white water.,A male leaps.,A male jumps on white water.,A male leaps.,A male is leaping above white water.,A male jumps on white water.,True,[],0.9839247465133667,0.8681672811508179,0.8681672811508179,0,0.9943576455116272,[],"[{""group"":""space"",""original"":{},""candidate"":{""on"":1},""field"":""premise""}]",,,0.28125,0.7777777777777778,False,False,False,False,False,facebook/nllb-200-distilled-600M,f8d333a098d19b4fd9a8b18f94170487ad3f821d,MoritzLaurer/DeBERTa-v3-base-mnli-fever-anli,6f5cf0a2b59cabb106aca4c287eed12e357e90eb,0.23747507,,,,
279,279:premise:fra_Latn,premise,fra_Latn,entailment,A man wearing a business suit and a newsie cap clicks his heels in excitement.,An excited businessman clicks up his heels,A man in a business suit and a newsie cap clicks on his exciting heels.,An excited businessman clicks up his heels,A man wearing a business suit and a newsie cap clicks his heels in excitement.,A man in a business suit and a newsie cap clicks on his exciting heels.,True,[],0.9642937183380127,0.9446093440055847,0.9446093440055847,0,0.9223460555076599,[],"[{""group"":""space"",""original"":{""in"":1},""candidate"":{""on"":1,""in"":1},""field"":""premise""}]",,,0.20805369127516782,0.9102564102564102,False,False,False,False,False,facebook/nllb-200-distilled-600M,f8d333a098d19b4fd9a8b18f94170487ad3f821d,MoritzLaurer/DeBERTa-v3-base-mnli-fever-anli,6f5cf0a2b59cabb106aca4c287eed12e357e90eb,0.2330446,,,,
715,715:premise:fra_Latn,premise,fra_Latn,entailment,A lady with a blue coat is seen riding a bike in front of a store.,A lady with a blue coat is getting exercise.,You see a lady in a blue coat on a bike outside a store.,A lady with a blue coat is getting exercise.,A lady with a blue coat is seen riding a bike in front of a store.,You see a lady in a blue coat on a bike outside a store.,True,[],0.9975398778915405,0.9973172545433044,0.9973172545433044,0,0.8703693747520447,[],"[{""group"":""space"",""original"":{""front"":1,""in"":1},""candidate"":{""on"":1,""in"":1,""outside"":1},""field"":""premise""}]",,,0.34426229508196726,0.8484848484848485,False,False,False,False,False,facebook/nllb-200-distilled-600M,f8d333a098d19b4fd9a8b18f94170487ad3f821d,MoritzLaurer/DeBERTa-v3-base-mnli-fever-anli,6f5cf0a2b59cabb106aca4c287eed12e357e90eb,0.23231337,,,,
320,320:premise:fra_Latn,premise,fra_Latn,entailment,Many people stand on an overpass looking over.,People are looking at something.,A lot of people stand on a bridge and watch.,People are looking at something.,Many people stand on an overpass looking over.,A lot of people stand on a bridge and watch.,True,[],0.9922266006469727,0.9866074323654175,0.9866074323654175,0,0.9831498265266418,[],"[{""group"":""quantifier"",""original"":{""many"":1},""candidate"":{},""field"":""premise""},{""group"":""space"",""original"":{""on"":1,""over"":1},""candidate"":{""on"":1},""field"":""premise""}]",,,0.48888888888888893,0.9565217391304348,False,False,False,False,False,facebook/nllb-200-distilled-600M,f8d333a098d19b4fd9a8b18f94170487ad3f821d,MoritzLaurer/DeBERTa-v3-base-mnli-fever-anli,6f5cf0a2b59cabb106aca4c287eed12e357e90eb,0.23024274,,,,
426,426:hypothesis:fra_Latn,hypothesis,fra_Latn,contradiction,Woman looking out the window at a man.,The woman is standing outdoors.,Woman looking out the window at a man.,The woman's outside.,The woman is standing outdoors.,The woman's outside.,True,[],0.998063862323761,0.8776220083236694,0.8776220083236694,2,0.9921920895576477,[],"[{""group"":""space"",""original"":{},""candidate"":{""outside"":1},""field"":""hypothesis""}]",,,0.37254901960784315,0.6451612903225806,False,False,False,False,False,facebook/nllb-200-distilled-600M,f8d333a098d19b4fd9a8b18f94170487ad3f821d,MoritzLaurer/DeBERTa-v3-base-mnli-fever-anli,6f5cf0a2b59cabb106aca4c287eed12e357e90eb,0.2301859,,,,
650,650:premise:fra_Latn,premise,fra_Latn,neutral,A person riding a horse trying to rope a calf that is running from them.,A person is competing at a rodeo.,A person on a horse trying to tie up a calf that runs away.,A person is competing at a rodeo.,A person riding a horse trying to rope a calf that is running from them.,A person on a horse trying to tie up a calf that runs away.,True,[],0.9973955154418945,0.9959956407546997,0.9959956407546997,1,0.876724123954773,[],"[{""group"":""space"",""original"":{},""candidate"":{""on"":1},""field"":""premise""}]",,,0.26717557251908397,0.8194444444444444,False,False,False,False,False,facebook/nllb-200-distilled-600M,f8d333a098d19b4fd9a8b18f94170487ad3f821d,MoritzLaurer/DeBERTa-v3-base-mnli-fever-anli,6f5cf0a2b59cabb106aca4c287eed12e357e90eb,0.22728024,,,,
710,710:premise:fra_Latn,premise,fra_Latn,entailment,"A woman with long dark hair is walking on a sidewalk past some tall buildings, while two other people walk across the street with their dog.",People walking.,"A woman with long, dark hair walks down a sidewalk in front of tall buildings, while two other people cross the street with their dog.",People walking.,"A woman with long dark hair is walking on a sidewalk past some tall buildings, while two other people walk across the street with their dog.","A woman with long, dark hair walks down a sidewalk in front of tall buildings, while two other people cross the street with their dog.",True,[],0.9822638630867004,0.9949982166290283,0.9822638630867004,0,0.9913148283958435,[],"[{""group"":""quantifier"",""original"":{""some"":1},""candidate"":{},""field"":""premise""},{""group"":""space"",""original"":{""on"":1},""candidate"":{""front"":1,""in"":1},""field"":""premise""}]",,,0.10948905109489049,0.9571428571428572,False,False,False,False,False,facebook/nllb-200-distilled-600M,f8d333a098d19b4fd9a8b18f94170487ad3f821d,MoritzLaurer/DeBERTa-v3-base-mnli-fever-anli,6f5cf0a2b59cabb106aca4c287eed12e357e90eb,0.22642131,,,,
514,514:hypothesis:fra_Latn,hypothesis,fra_Latn,entailment,"A male wearing a strange helmet covering face and head is seated on the accordion case in a street apparently blocked off, perhaps for a block party, while onlookers walk behind and listeners are seated in front in lawn chairs.",a boy in a head covering is next to a blocked road that's near a crowd of people sitting on chairs,"A male wearing a strange helmet covering face and head is seated on the accordion case in a street apparently blocked off, perhaps for a block party, while onlookers walk behind and listeners are seated in front in lawn chairs.",A boy in a head covering is next to a blocked road that's next to a crowd of people sitting in chairs,a boy in a head covering is next to a blocked road that's near a crowd of people sitting on chairs,A boy in a head covering is next to a blocked road that's next to a crowd of people sitting in chairs,True,[],0.8787874579429626,0.9802541136741638,0.8787874579429626,0,0.9974316954612732,[],"[{""group"":""space"",""original"":{""on"":1,""in"":1,""near"":1},""candidate"":{""in"":2},""field"":""hypothesis""}]",,,0.045226130653266305,1.030612244897959,False,False,False,False,False,facebook/nllb-200-distilled-600M,f8d333a098d19b4fd9a8b18f94170487ad3f821d,MoritzLaurer/DeBERTa-v3-base-mnli-fever-anli,6f5cf0a2b59cabb106aca4c287eed12e357e90eb,0.22378085,,,,
702,702:hypothesis:fra_Latn,hypothesis,fra_Latn,entailment,Three teenage girls walking down the sidewalk together on a nice day,Girls are walking in the daytime.,Three teenage girls walking down the sidewalk together on a nice day,Girls walk around during the day.,Girls are walking in the daytime.,Girls walk around during the day.,True,[],0.9975511431694031,0.9963275790214539,0.9963275790214539,0,0.9831383228302002,[],"[{""group"":""time"",""original"":{},""candidate"":{""during"":1},""field"":""hypothesis""},{""group"":""space"",""original"":{""in"":1},""candidate"":{},""field"":""hypothesis""}]",,,0.33333333333333337,1.0,False,False,False,False,False,facebook/nllb-200-distilled-600M,f8d333a098d19b4fd9a8b18f94170487ad3f821d,MoritzLaurer/DeBERTa-v3-base-mnli-fever-anli,6f5cf0a2b59cabb106aca4c287eed12e357e90eb,0.2205341,,,,
260,260:premise:fra_Latn,premise,fra_Latn,entailment,"Five children are sitting and standing in front of an open green tent, holding food with a trashcan and table that had food on it behind them.",Five kids are standing in front of a tent.,"Five children are sitting and standing in front of an open green tent, holding food with a trash can and a table with food behind them.",Five kids are standing in front of a tent.,"Five children are sitting and standing in front of an open green tent, holding food with a trashcan and table that had food on it behind them.","Five children are sitting and standing in front of an open green tent, holding food with a trash can and a table with food behind them.",True,[],0.9968010187149048,0.9925709366798401,0.9925709366798401,0,0.9947348833084106,[],"[{""group"":""modal"",""original"":{},""candidate"":{""can"":1},""field"":""premise""},{""group"":""space"",""original"":{""on"":1,""front"":1,""in"":1,""behind"":1},""candidate"":{""front"":1,""in"":1,""behind"":1},""field"":""premise""}]",,,0.06137184115523464,0.9507042253521126,False,False,False,False,False,facebook/nllb-200-distilled-600M,f8d333a098d19b4fd9a8b18f94170487ad3f821d,MoritzLaurer/DeBERTa-v3-base-mnli-fever-anli,6f5cf0a2b59cabb106aca4c287eed12e357e90eb,0.21269418,,,,
688,688:premise:fra_Latn,premise,fra_Latn,entailment,A man with a yellow hat on is leaning on a wall of some sort.,someone with a yellow hat leans,A man in a yellow hat is leaning on a kind of wall.,someone with a yellow hat leans,A man with a yellow hat on is leaning on a wall of some sort.,A man in a yellow hat is leaning on a kind of wall.,True,[],0.9956386685371399,0.9916523098945618,0.9916523098945618,0,0.9963239431381226,[],"[{""group"":""quantifier"",""original"":{""some"":1},""candidate"":{},""field"":""premise""},{""group"":""space"",""original"":{""on"":2},""candidate"":{""on"":1,""in"":1},""field"":""premise""}]",,,0.25,0.8360655737704918,False,False,False,False,False,facebook/nllb-200-distilled-600M,f8d333a098d19b4fd9a8b18f94170487ad3f821d,MoritzLaurer/DeBERTa-v3-base-mnli-fever-anli,6f5cf0a2b59cabb106aca4c287eed12e357e90eb,0.21202375,,,,
106,106:premise:fra_Latn,premise,fra_Latn,entailment,A dog is running through the ocean.,A dog is in the ocean.,A dog runs across the ocean.,A dog is in the ocean.,A dog is running through the ocean.,A dog runs across the ocean.,True,[],0.9378639459609985,0.9786452054977417,0.9378639459609985,0,0.950566291809082,[],"[{""group"":""space"",""original"":{""through"":1},""candidate"":{},""field"":""premise""}]",,,0.2698412698412699,0.8,False,False,False,False,False,facebook/nllb-200-distilled-600M,f8d333a098d19b4fd9a8b18f94170487ad3f821d,MoritzLaurer/DeBERTa-v3-base-mnli-fever-anli,6f5cf0a2b59cabb106aca4c287eed12e357e90eb,0.21156976,,,,
625,625:premise:fra_Latn,premise,fra_Latn,entailment,Lady wearing spectacles points camera with some trepidation.,A lady is holding a camera.,A woman with glasses is pointing at the camera with a little fear.,A lady is holding a camera.,Lady wearing spectacles points camera with some trepidation.,A woman with glasses is pointing at the camera with a little fear.,True,[],0.9977458119392395,0.9979544878005981,0.9977458119392395,0,0.8931990265846252,[],"[{""group"":""quantifier"",""original"":{""some"":1},""candidate"":{},""field"":""premise""}]",,,0.5555555555555556,1.1,False,False,False,False,False,facebook/nllb-200-distilled-600M,f8d333a098d19b4fd9a8b18f94170487ad3f821d,MoritzLaurer/DeBERTa-v3-base-mnli-fever-anli,6f5cf0a2b59cabb106aca4c287eed12e357e90eb,0.20905516,,,,
44,44:premise:fra_Latn,premise,fra_Latn,contradiction,A man on a bicycle rides up the side of a tree.,A man on a skateboard.,A man riding a bicycle climbs a tree.,A man on a skateboard.,A man on a bicycle rides up the side of a tree.,A man riding a bicycle climbs a tree.,True,[],0.9940709471702576,0.8927523493766785,0.8927523493766785,2,0.9992105960845947,[],"[{""group"":""space"",""original"":{""on"":1},""candidate"":{},""field"":""premise""}]",,,0.33333333333333337,0.7872340425531915,False,False,False,False,False,facebook/nllb-200-distilled-600M,f8d333a098d19b4fd9a8b18f94170487ad3f821d,MoritzLaurer/DeBERTa-v3-base-mnli-fever-anli,6f5cf0a2b59cabb106aca4c287eed12e357e90eb,0.20803705,,,,
423,423:hypothesis:fra_Latn,hypothesis,fra_Latn,neutral,The young boy is jumping into the pool on his belly.,The people around the pool are afraid of getting wet after the belly flop is finished.,The young boy is jumping into the pool on his belly.,People around the pool are afraid of getting wet after a stomach flop.,The people around the pool are afraid of getting wet after the belly flop is finished.,People around the pool are afraid of getting wet after a stomach flop.,True,[],0.9891351461410522,0.9548061490058899,0.9548061490058899,1,0.8398936986923218,[],[],,,0.1923076923076923,0.813953488372093,False,False,False,False,False,facebook/nllb-200-distilled-600M,f8d333a098d19b4fd9a8b18f94170487ad3f821d,MoritzLaurer/DeBERTa-v3-base-mnli-fever-anli,6f5cf0a2b59cabb106aca4c287eed12e357e90eb,0.20530015,,,,
39,39:premise:fra_Latn,premise,fra_Latn,entailment,"A man wearing a gray hooded sweatshirt, blue jeans, and white and gray socks is putting his foot on top of his head.",A man moves his foot,"A man in a gray sweatshirt, blue jeans, and white and gray socks sets foot on his head.",A man moves his foot,"A man wearing a gray hooded sweatshirt, blue jeans, and white and gray socks is putting his foot on top of his head.","A man in a gray sweatshirt, blue jeans, and white and gray socks sets foot on his head.",True,[],0.996000349521637,0.9251251220703125,0.9251251220703125,0,0.9698268175125122,[],"[{""group"":""space"",""original"":{""on"":1},""candidate"":{""on"":1,""in"":1},""field"":""premise""}]",,,0.15270935960591137,0.75,False,False,False,False,False,facebook/nllb-200-distilled-600M,f8d333a098d19b4fd9a8b18f94170487ad3f821d,MoritzLaurer/DeBERTa-v3-base-mnli-fever-anli,6f5cf0a2b59cabb106aca4c287eed12e357e90eb,0.20504806,,,,
602,602:hypothesis:fra_Latn,hypothesis,fra_Latn,neutral,A man in checkered pants rides a unicycle down the street while juggling for a crowd.,A man in clown make-up performs stunts for a crowd.,A man in checkered pants rides a unicycle down the street while juggling for a crowd.,A man in clown make-up makes stunts for a crowd.,A man in clown make-up performs stunts for a crowd.,A man in clown make-up makes stunts for a crowd.,True,[],0.9969485402107239,0.9883297681808472,0.9883297681808472,1,0.8087426424026489,[],[],,,0.09090909090909094,0.9411764705882353,False,False,False,False,False,facebook/nllb-200-distilled-600M,f8d333a098d19b4fd9a8b18f94170487ad3f821d,MoritzLaurer/DeBERTa-v3-base-mnli-fever-anli,6f5cf0a2b59cabb106aca4c287eed12e357e90eb,0.20292759,,,,
637,637:premise:fra_Latn,premise,fra_Latn,contradiction,A man riding a horse is chasing after a young cow with a lasso.,a lasso is being used on a pig,A man on a horse chases a young cow with a lasso.,a lasso is being used on a pig,A man riding a horse is chasing after a young cow with a lasso.,A man on a horse chases a young cow with a lasso.,True,[],0.998104453086853,0.9979538917541504,0.9979538917541504,2,0.9991388320922852,[],"[{""group"":""time"",""original"":{""after"":1},""candidate"":{},""field"":""premise""},{""group"":""space"",""original"":{},""candidate"":{""on"":1},""field"":""premise""}]",,,0.1607142857142857,0.7777777777777778,False,False,False,False,False,facebook/nllb-200-distilled-600M,f8d333a098d19b4fd9a8b18f94170487ad3f821d,MoritzLaurer/DeBERTa-v3-base-mnli-fever-anli,6f5cf0a2b59cabb106aca4c287eed12e357e90eb,0.20290728,,,,
94,94:hypothesis:fra_Latn,hypothesis,fra_Latn,contradiction,"A man in glasses and a dust mask makes chains under a sign reading ""laut jaya.""",A man is indoors watching TV.,"A man in glasses and a dust mask makes chains under a sign reading ""laut jaya.""",There's a man in there watching TV.,A man is indoors watching TV.,There's a man in there watching TV.,True,[],0.9972188472747803,0.9005778431892395,0.9005778431892395,2,0.997847318649292,[],"[{""group"":""space"",""original"":{},""candidate"":{""in"":1},""field"":""hypothesis""}]",,,0.3125,1.206896551724138,False,False,False,False,False,facebook/nllb-200-distilled-600M,f8d333a098d19b4fd9a8b18f94170487ad3f821d,MoritzLaurer/DeBERTa-v3-base-mnli-fever-anli,6f5cf0a2b59cabb106aca4c287eed12e357e90eb,0.20157484,,,,
162,162:hypothesis:fra_Latn,hypothesis,fra_Latn,neutral,A man is playing guitar on the otherwise empty sidewalk of a street lined with vibrant homes.,A guitar player is playing on the sidewalk in front of his house.,A man is playing guitar on the otherwise empty sidewalk of a street lined with vibrant homes.,A guitarist plays on the sidewalk outside his house.,A guitar player is playing on the sidewalk in front of his house.,A guitarist plays on the sidewalk outside his house.,True,[],0.9975798726081848,0.9949890971183777,0.9949890971183777,1,0.9052524566650391,[],"[{""group"":""space"",""original"":{""on"":1,""front"":1,""in"":1},""candidate"":{""on"":1,""outside"":1},""field"":""hypothesis""}]",,,0.2649572649572649,0.8,False,False,False,False,False,facebook/nllb-200-distilled-600M,f8d333a098d19b4fd9a8b18f94170487ad3f821d,MoritzLaurer/DeBERTa-v3-base-mnli-fever-anli,6f5cf0a2b59cabb106aca4c287eed12e357e90eb,0.19975845,,,,
536,536:premise:fra_Latn,premise,fra_Latn,contradiction,A girl dressed in black with a purse on her arm is smiling at a man in a room with lots of desserts on the table.,There is a girl dressed in light colored clothing frowning at a man.,A girl dressed in black with a handbag smiles at a man in a room with lots of desserts on the table.,There is a girl dressed in light colored clothing frowning at a man.,A girl dressed in black with a purse on her arm is smiling at a man in a room with lots of desserts on the table.,A girl dressed in black with a handbag smiles at a man in a room with lots of desserts on the table.,True,[],0.9928709864616394,0.9028308987617493,0.9028308987617493,2,0.9995601773262024,[],"[{""group"":""space"",""original"":{""on"":2,""in"":2},""candidate"":{""on"":1,""in"":2},""field"":""premise""}]",,,0.12676056338028174,0.8849557522123894,False,False,False,False,False,facebook/nllb-200-distilled-600M,f8d333a098d19b4fd9a8b18f94170487ad3f821d,MoritzLaurer/DeBERTa-v3-base-mnli-fever-anli,6f5cf0a2b59cabb106aca4c287eed12e357e90eb,0.19760892,,,,
559,559:hypothesis:fra_Latn,hypothesis,fra_Latn,entailment,A group of five people have picture taken while jumping in the air.,The people jump in the air when the picture is taken.,A group of five people have picture taken while jumping in the air.,People jump in the air when the photo is taken.,The people jump in the air when the picture is taken.,People jump in the air when the photo is taken.,True,[],0.9908002018928528,0.9870651960372925,0.9870651960372925,0,0.8156472444534302,[],[],,,0.12,0.8867924528301887,False,False,False,False,False,facebook/nllb-200-distilled-600M,f8d333a098d19b4fd9a8b18f94170487ad3f821d,MoritzLaurer/DeBERTa-v3-base-mnli-fever-anli,6f5cf0a2b59cabb106aca4c287eed12e357e90eb,0.19728756,,,,
209,209:premise:fra_Latn,premise,fra_Latn,neutral,Two young boys wearing collared shirts and baseball caps have their blue-tinted tongues stuck out.,A couple of young baseball players at a park.,Two young boys wearing collared shirts and baseball caps have deep blue tongues.,A couple of young baseball players at a park.,Two young boys wearing collared shirts and baseball caps have their blue-tinted tongues stuck out.,Two young boys wearing collared shirts and baseball caps have deep blue tongues.,True,[],0.8197505474090576,0.8764408230781555,0.8197505474090576,1,0.9845108985900879,[],[],,,0.1348314606741573,0.8163265306122449,False,False,False,False,False,facebook/nllb-200-distilled-600M,f8d333a098d19b4fd9a8b18f94170487ad3f821d,MoritzLaurer/DeBERTa-v3-base-mnli-fever-anli,6f5cf0a2b59cabb106aca4c287eed12e357e90eb,0.19573855,,,,
375,375:hypothesis:fra_Latn,hypothesis,fra_Latn,contradiction,A woman pushing a shopping cart at a grocery store.,A woman carrying her bags to the car,A woman pushing a shopping cart at a grocery store.,There's a woman carrying her bags in the car.,A woman carrying her bags to the car,There's a woman carrying her bags in the car.,True,[],0.9822717905044556,0.9068444967269897,0.9068444967269897,2,0.9995487332344055,[],"[{""group"":""space"",""original"":{},""candidate"":{""in"":1},""field"":""hypothesis""}]",,,0.16049382716049387,1.25,False,False,False,False,False,facebook/nllb-200-distilled-600M,f8d333a098d19b4fd9a8b18f94170487ad3f821d,MoritzLaurer/DeBERTa-v3-base-mnli-fever-anli,6f5cf0a2b59cabb106aca4c287eed12e357e90eb,0.19360677,,,,
350,350:premise:fra_Latn,premise,fra_Latn,neutral,The man in a red shirt just got a rebound in a basketball game.,The man in the red shirt is playing well,The man in the red shirt just bounced in a basketball game.,The man in the red shirt is playing well,The man in a red shirt just got a rebound in a basketball game.,The man in the red shirt just bounced in a basketball game.,True,[],0.9579993486404419,0.862802267074585,0.862802267074585,1,0.9441512227058411,[],[],,,0.11475409836065575,0.9365079365079365,False,False,False,False,False,facebook/nllb-200-distilled-600M,f8d333a098d19b4fd9a8b18f94170487ad3f821d,MoritzLaurer/DeBERTa-v3-base-mnli-fever-anli,6f5cf0a2b59cabb106aca4c287eed12e357e90eb,0.19304651,,,,
52,52:hypothesis:fra_Latn,hypothesis,fra_Latn,neutral,"Two young girls are playing on swings, and one is holding the other girls swing ""still.""",A girl is telling her friend it is her turn to swing.,"Two young girls are playing on swings, and one is holding the other girls swing ""still.""",A girl tells her friend it's her turn to swing.,A girl is telling her friend it is her turn to swing.,A girl tells her friend it's her turn to swing.,True,[],0.9971810579299927,0.9958284497261047,0.9958284497261047,1,0.8137177228927612,[],[],,,0.09999999999999998,0.8867924528301887,False,False,False,False,False,facebook/nllb-200-distilled-600M,f8d333a098d19b4fd9a8b18f94170487ad3f821d,MoritzLaurer/DeBERTa-v3-base-mnli-fever-anli,6f5cf0a2b59cabb106aca4c287eed12e357e90eb,0.19045383,,,,
160,160:hypothesis:fra_Latn,hypothesis,fra_Latn,neutral,Three children look through a telescope in the forest.,Children are looking at the stars.,Three children look through a telescope in the forest.,The kids are looking at the stars.,Children are looking at the stars.,The kids are looking at the stars.,True,[],0.995561957359314,0.9965581297874451,0.995561957359314,1,0.8153704404830933,[],[],,,0.1470588235294118,1.0,False,False,False,False,False,facebook/nllb-200-distilled-600M,f8d333a098d19b4fd9a8b18f94170487ad3f821d,MoritzLaurer/DeBERTa-v3-base-mnli-fever-anli,6f5cf0a2b59cabb106aca4c287eed12e357e90eb,0.1890676,,,,
278,278:hypothesis:fra_Latn,hypothesis,fra_Latn,entailment,Several people are holding containers of alcohol in a room.,People holding containers on alcohol.,Several people are holding containers of alcohol in a room.,People holding liquor containers.,People holding containers on alcohol.,People holding liquor containers.,True,[],0.9768820405006409,0.9205495119094849,0.9205495119094849,0,0.9946426153182983,[],"[{""group"":""space"",""original"":{""on"":1},""candidate"":{},""field"":""hypothesis""}]",,,0.2571428571428571,0.8918918918918919,False,False,False,False,False,facebook/nllb-200-distilled-600M,f8d333a098d19b4fd9a8b18f94170487ad3f821d,MoritzLaurer/DeBERTa-v3-base-mnli-fever-anli,6f5cf0a2b59cabb106aca4c287eed12e357e90eb,0.18480787,,,,
260,260:hypothesis:fra_Latn,hypothesis,fra_Latn,entailment,"Five children are sitting and standing in front of an open green tent, holding food with a trashcan and table that had food on it behind them.",Five kids are standing in front of a tent.,"Five children are sitting and standing in front of an open green tent, holding food with a trashcan and table that had food on it behind them.",Five children are standing outside a tent.,Five kids are standing in front of a tent.,Five children are standing outside a tent.,True,[],0.9939764738082886,0.9886005520820618,0.9886005520820618,0,0.9268273711204529,[],"[{""group"":""space"",""original"":{""front"":1,""in"":1},""candidate"":{""outside"":1},""field"":""hypothesis""}]",,,0.2857142857142857,1.0,False,False,False,False,False,facebook/nllb-200-distilled-600M,f8d333a098d19b4fd9a8b18f94170487ad3f821d,MoritzLaurer/DeBERTa-v3-base-mnli-fever-anli,6f5cf0a2b59cabb106aca4c287eed12e357e90eb,0.18457208,,,,
621,621:premise:fra_Latn,premise,fra_Latn,neutral,A magician performs with a burning bar placed in his front on the floor while the crowd watches closely.,The magician burns himself.,A magician plays with a burning rod placed on the floor in front of him while the crowd looks closely.,The magician burns himself.,A magician performs with a burning bar placed in his front on the floor while the crowd watches closely.,A magician plays with a burning rod placed on the floor in front of him while the crowd looks closely.,True,[],0.9846915602684021,0.9457213282585144,0.9457213282585144,1,0.8751282095909119,[],[],,,0.2524271844660194,0.9807692307692307,False,False,False,False,False,facebook/nllb-200-distilled-600M,f8d333a098d19b4fd9a8b18f94170487ad3f821d,MoritzLaurer/DeBERTa-v3-base-mnli-fever-anli,6f5cf0a2b59cabb106aca4c287eed12e357e90eb,0.17915046,,,,
449,449:hypothesis:fra_Latn,hypothesis,fra_Latn,entailment,a lone skier walking cross a snowy bank with trees in the background,A person is out in the outdoors.,a lone skier walking cross a snowy bank with trees in the background,There's a person outside.,A person is out in the outdoors.,There's a person outside.,True,[],0.9974948167800903,0.9937984347343445,0.9937984347343445,0,0.9275785088539124,[],"[{""group"":""space"",""original"":{""in"":1},""candidate"":{""outside"":1},""field"":""hypothesis""}]",,,0.4736842105263158,0.78125,False,False,False,False,False,facebook/nllb-200-distilled-600M,f8d333a098d19b4fd9a8b18f94170487ad3f821d,MoritzLaurer/DeBERTa-v3-base-mnli-fever-anli,6f5cf0a2b59cabb106aca4c287eed12e357e90eb,0.17862306,,,,
163,163:premise:fra_Latn,premise,fra_Latn,entailment,Two people are sitting at an outdoor cafe in front of an old building.,There are people sitting in a building.,Two people are sitting in an open-air cafe in front of an old building.,There are people sitting in a building.,Two people are sitting at an outdoor cafe in front of an old building.,Two people are sitting in an open-air cafe in front of an old building.,True,[],0.9965313076972961,0.9973748922348022,0.9965313076972961,0,0.925652801990509,[],"[{""group"":""space"",""original"":{""front"":1,""in"":1},""candidate"":{""front"":1,""in"":2},""field"":""premise""}]",,,0.1063829787234043,1.0142857142857142,False,False,False,False,False,facebook/nllb-200-distilled-600M,f8d333a098d19b4fd9a8b18f94170487ad3f821d,MoritzLaurer/DeBERTa-v3-base-mnli-fever-anli,6f5cf0a2b59cabb106aca4c287eed12e357e90eb,0.17781589,,,,
392,392:premise:fra_Latn,premise,fra_Latn,neutral,A lacrosse player wearing a red uniform with the number 33 on the back looks skyward while a player in a green uniform with yellow trim is visible in the background.,A lacrosse player is catching a ball.,A lacrosse player wearing a red uniform with the number 33 on the back looks up into the sky while a player in a green uniform with a yellow decor is visible in the background.,A lacrosse player is catching a ball.,A lacrosse player wearing a red uniform with the number 33 on the back looks skyward while a player in a green uniform with yellow trim is visible in the background.,A lacrosse player wearing a red uniform with the number 33 on the back looks up into the sky while a player in a green uniform with a yellow decor is visible in the background.,True,[],0.9850854277610779,0.9932225942611694,0.9850854277610779,1,0.837451696395874,[],[],,,0.07331378299120239,1.0666666666666667,False,False,False,False,False,facebook/nllb-200-distilled-600M,f8d333a098d19b4fd9a8b18f94170487ad3f821d,MoritzLaurer/DeBERTa-v3-base-mnli-fever-anli,6f5cf0a2b59cabb106aca4c287eed12e357e90eb,0.17746288,,,,
290,290:premise:fra_Latn,premise,fra_Latn,neutral,"Ready and set as two hockey players on the ice wait with sticks out in front of them, anticipating the puck.",The hckey game is about to begin.,"Ready and set like two ice hockey players waiting with sticks in front of them, anticipating the puck.",The hckey game is about to begin.,"Ready and set as two hockey players on the ice wait with sticks out in front of them, anticipating the puck.","Ready and set like two ice hockey players waiting with sticks in front of them, anticipating the puck.",True,[],0.9935358762741089,0.9416324496269226,0.9416324496269226,1,0.982783317565918,[],"[{""group"":""space"",""original"":{""on"":1,""front"":1,""in"":1},""candidate"":{""front"":1,""in"":1},""field"":""premise""}]",,,0.1333333333333333,0.9444444444444444,False,False,False,False,False,facebook/nllb-200-distilled-600M,f8d333a098d19b4fd9a8b18f94170487ad3f821d,MoritzLaurer/DeBERTa-v3-base-mnli-fever-anli,6f5cf0a2b59cabb106aca4c287eed12e357e90eb,0.17558423,,,,
383,383:hypothesis:fra_Latn,hypothesis,fra_Latn,entailment,One lone skier is making his way down a snowy mountain slope which has many ski track marks visible on the snow pack and a ski lift in the background.,A man is outdoors.,One lone skier is making his way down a snowy mountain slope which has many ski track marks visible on the snow pack and a ski lift in the background.,There's a man outside.,A man is outdoors.,There's a man outside.,True,[],0.9975263476371765,0.9969251751899719,0.9969251751899719,0,0.9278790354728699,[],"[{""group"":""space"",""original"":{},""candidate"":{""outside"":1},""field"":""hypothesis""}]",,,0.44999999999999996,1.2222222222222223,False,False,False,False,False,facebook/nllb-200-distilled-600M,f8d333a098d19b4fd9a8b18f94170487ad3f821d,MoritzLaurer/DeBERTa-v3-base-mnli-fever-anli,6f5cf0a2b59cabb106aca4c287eed12e357e90eb,0.17519579,,,,
300,300:hypothesis:fra_Latn,hypothesis,fra_Latn,neutral,There is a man with a red hat on his hand.,There is a sad man with a red hat on his hand.,There is a man with a red hat on his hand.,There's a sad man with a red hat in his hand.,There is a sad man with a red hat on his hand.,There's a sad man with a red hat in his hand.,True,[],0.9712087512016296,0.9265336990356445,0.9265336990356445,1,0.9984065890312195,[],"[{""group"":""space"",""original"":{""on"":1},""candidate"":{""in"":1},""field"":""hypothesis""}]",,,0.05494505494505497,0.9782608695652174,False,False,False,False,False,facebook/nllb-200-distilled-600M,f8d333a098d19b4fd9a8b18f94170487ad3f821d,MoritzLaurer/DeBERTa-v3-base-mnli-fever-anli,6f5cf0a2b59cabb106aca4c287eed12e357e90eb,0.17505971,,,,
154,154:hypothesis:fra_Latn,hypothesis,fra_Latn,neutral,"Runners, some in costume, in a St Paddy's day Marathon run in the streets as people watch.",The runners are almost finished with the St. Patrick's Day race.,"Runners, some in costume, in a St Paddy's day Marathon run in the streets as people watch.",The runners almost finished the St. Patrick's race.,The runners are almost finished with the St. Patrick's Day race.,The runners almost finished the St. Patrick's race.,True,[],0.9957921504974365,0.8287786245346069,0.8287786245346069,1,0.9966700673103333,[],[],,,0.11304347826086958,0.796875,False,False,False,False,False,facebook/nllb-200-distilled-600M,f8d333a098d19b4fd9a8b18f94170487ad3f821d,MoritzLaurer/DeBERTa-v3-base-mnli-fever-anli,6f5cf0a2b59cabb106aca4c287eed12e357e90eb,0.17455131,,,,
322,322:premise:fra_Latn,premise,fra_Latn,neutral,A boy is flying in midair while snowboarding in a hilly and wooded area.,the boy is competing in a snowboard competition,"A boy is flying outdoors snowboarding in a mountainous, forested area.",the boy is competing in a snowboard competition,A boy is flying in midair while snowboarding in a hilly and wooded area.,"A boy is flying outdoors snowboarding in a mountainous, forested area.",True,[],0.9910632371902466,0.976550281047821,0.976550281047821,1,0.952399730682373,[],"[{""group"":""space"",""original"":{""in"":2},""candidate"":{""in"":1},""field"":""premise""}]",,,0.323943661971831,0.9722222222222222,False,False,False,False,False,facebook/nllb-200-distilled-600M,f8d333a098d19b4fd9a8b18f94170487ad3f821d,MoritzLaurer/DeBERTa-v3-base-mnli-fever-anli,6f5cf0a2b59cabb106aca4c287eed12e357e90eb,0.17104999,,,,
373,373:premise:fra_Latn,premise,fra_Latn,entailment,A man working on the construction of a large boat.,A man working on a boat.,A man working on a big ship.,A man working on a boat.,A man working on the construction of a large boat.,A man working on a big ship.,True,[],0.990748941898346,0.8380929231643677,0.8380929231643677,0,0.9920852780342102,[],[],,,0.4358974358974359,0.56,False,False,False,False,False,facebook/nllb-200-distilled-600M,f8d333a098d19b4fd9a8b18f94170487ad3f821d,MoritzLaurer/DeBERTa-v3-base-mnli-fever-anli,6f5cf0a2b59cabb106aca4c287eed12e357e90eb,0.1698218,,,,
511,511:hypothesis:fra_Latn,hypothesis,fra_Latn,contradiction,"Two men dressed in matching blue uniforms, celebrate a victory.",the men are are their house sleeping,"Two men dressed in matching blue uniforms, celebrate a victory.",Men sleep in their homes.,the men are are their house sleeping,Men sleep in their homes.,True,[],0.9924167394638062,0.9327268004417419,0.9327268004417419,2,0.9994840621948242,[],"[{""group"":""space"",""original"":{},""candidate"":{""in"":1},""field"":""hypothesis""}]",,,0.47540983606557374,0.6944444444444444,False,False,False,False,False,facebook/nllb-200-distilled-600M,f8d333a098d19b4fd9a8b18f94170487ad3f821d,MoritzLaurer/DeBERTa-v3-base-mnli-fever-anli,6f5cf0a2b59cabb106aca4c287eed12e357e90eb,0.16778914,,,,
87,87:hypothesis:fra_Latn,hypothesis,fra_Latn,neutral,A group of runners on a road outside wearing short-sleeved shirts and shorts run towards the camera while a group of bystanders lining the street watch.,the camera photographs a race,A group of runners on a road outside wearing short-sleeved shirts and shorts run towards the camera while a group of bystanders lining the street watch.,The camera is photographing a race.,the camera photographs a race,The camera is photographing a race.,True,[],0.9906960725784302,0.9968319535255432,0.9906960725784302,1,0.8417385220527649,[],[],,,0.125,1.206896551724138,False,False,False,False,False,facebook/nllb-200-distilled-600M,f8d333a098d19b4fd9a8b18f94170487ad3f821d,MoritzLaurer/DeBERTa-v3-base-mnli-fever-anli,6f5cf0a2b59cabb106aca4c287eed12e357e90eb,0.16756541,,,,
73,73:hypothesis:fra_Latn,hypothesis,fra_Latn,contradiction,A ballet dancer poses at a photo shoot.,A football player taking a hit,A ballet dancer poses at a photo shoot.,A soccer player takes a hit,A football player taking a hit,A soccer player takes a hit,True,[],0.9802457690238953,0.834844172000885,0.834844172000885,2,0.9992272853851318,[],[],,,0.29824561403508776,0.9,False,False,False,False,False,facebook/nllb-200-distilled-600M,f8d333a098d19b4fd9a8b18f94170487ad3f821d,MoritzLaurer/DeBERTa-v3-base-mnli-fever-anli,6f5cf0a2b59cabb106aca4c287eed12e357e90eb,0.16592854,,,,
58,58:premise:fra_Latn,premise,fra_Latn,neutral,A man wearing glasses sitting at a desk with a large pile of papers.,The office worker is thinking.,A man in glasses sitting at a desk with a big pile of paper.,The office worker is thinking.,A man wearing glasses sitting at a desk with a large pile of papers.,A man in glasses sitting at a desk with a big pile of paper.,True,[],0.9970090985298157,0.9963470101356506,0.9963470101356506,1,0.939568042755127,[],"[{""group"":""space"",""original"":{},""candidate"":{""in"":1},""field"":""premise""}]",,,0.09375,0.8823529411764706,False,False,False,False,False,facebook/nllb-200-distilled-600M,f8d333a098d19b4fd9a8b18f94170487ad3f821d,MoritzLaurer/DeBERTa-v3-base-mnli-fever-anli,6f5cf0a2b59cabb106aca4c287eed12e357e90eb,0.16408495,,,,
245,245:premise:fra_Latn,premise,fra_Latn,contradiction,an asian girl looking surprised in front of a brick window,There is an arabian man looking surprised.,an Asian girl who looks surprised at a brick window,There is an arabian man looking surprised.,an asian girl looking surprised in front of a brick window,an Asian girl who looks surprised at a brick window,True,[],0.9958621263504028,0.9370728731155396,0.9370728731155396,2,0.9989070892333984,[],"[{""group"":""space"",""original"":{""front"":1,""in"":1},""candidate"":{},""field"":""premise""}]",,,0.17431192660550454,0.8793103448275862,False,False,False,False,False,facebook/nllb-200-distilled-600M,f8d333a098d19b4fd9a8b18f94170487ad3f821d,MoritzLaurer/DeBERTa-v3-base-mnli-fever-anli,6f5cf0a2b59cabb106aca4c287eed12e357e90eb,0.16402004,,,,
116,116:premise:fra_Latn,premise,fra_Latn,contradiction,A man wearing blue jeans is standing outside carrying a wide assortment of items and has a large dish on his head.,The man is walking a tight rope between two sky scrapers.,A man standing outside in blue jeans wearing a wide variety of items and a large plate on his head.,The man is walking a tight rope between two sky scrapers.,A man wearing blue jeans is standing outside carrying a wide assortment of items and has a large dish on his head.,A man standing outside in blue jeans wearing a wide variety of items and a large plate on his head.,True,[],0.9768606424331665,0.9800644516944885,0.9768606424331665,2,0.9626449942588806,[],"[{""group"":""space"",""original"":{""on"":1,""outside"":1},""candidate"":{""on"":1,""in"":1,""outside"":1},""field"":""premise""}]",,,0.30516431924882625,0.868421052631579,False,False,False,False,False,facebook/nllb-200-distilled-600M,f8d333a098d19b4fd9a8b18f94170487ad3f821d,MoritzLaurer/DeBERTa-v3-base-mnli-fever-anli,6f5cf0a2b59cabb106aca4c287eed12e357e90eb,0.16049436,,,,
461,461:hypothesis:fra_Latn,hypothesis,fra_Latn,contradiction,A woman in shorts and a white top is taking a picture with a digital camera as a young man watches.,A woman in shorts and a white top is talking on her cellphone to a close friend.,A woman in shorts and a white top is taking a picture with a digital camera as a young man watches.,A woman in shorts and a white shirt is talking on her cell phone to a close friend.,A woman in shorts and a white top is talking on her cellphone to a close friend.,A woman in shorts and a white shirt is talking on her cell phone to a close friend.,True,[],0.8501358032226562,0.9614531993865967,0.8501358032226562,2,0.9911296367645264,[],[],,,0.042944785276073594,1.0375,False,False,False,False,False,facebook/nllb-200-distilled-600M,f8d333a098d19b4fd9a8b18f94170487ad3f821d,MoritzLaurer/DeBERTa-v3-base-mnli-fever-anli,6f5cf0a2b59cabb106aca4c287eed12e357e90eb,0.15873456,,,,
319,319:hypothesis:fra_Latn,hypothesis,fra_Latn,entailment,A woman is taking a man's blood pressure in a kitchen.,The woman is checking the man's health indoors.,A woman is taking a man's blood pressure in a kitchen.,The woman checks the man's health inside.,The woman is checking the man's health indoors.,The woman checks the man's health inside.,True,[],0.995220959186554,0.9628313183784485,0.9628313183784485,0,0.9798272848129272,[],"[{""group"":""space"",""original"":{},""candidate"":{""inside"":1},""field"":""hypothesis""}]",,,0.15909090909090906,0.8723404255319149,False,False,False,False,False,facebook/nllb-200-distilled-600M,f8d333a098d19b4fd9a8b18f94170487ad3f821d,MoritzLaurer/DeBERTa-v3-base-mnli-fever-anli,6f5cf0a2b59cabb106aca4c287eed12e357e90eb,0.1573414,,,,
675,675:premise:fra_Latn,premise,fra_Latn,contradiction,A woman in a white shirt sitting on a gray bench in front of a wall with graffiti written on it.,A person in a white shirt swimming in a lake.,A woman in a white shirt sitting on a gray bench in front of a wall with graffiti on it.,A person in a white shirt swimming in a lake.,A woman in a white shirt sitting on a gray bench in front of a wall with graffiti written on it.,A woman in a white shirt sitting on a gray bench in front of a wall with graffiti on it.,True,[],0.985937774181366,0.8445373773574829,0.8445373773574829,2,0.9992856383323669,[],[],,,0.04347826086956519,0.9166666666666666,False,False,False,False,False,facebook/nllb-200-distilled-600M,f8d333a098d19b4fd9a8b18f94170487ad3f821d,MoritzLaurer/DeBERTa-v3-base-mnli-fever-anli,6f5cf0a2b59cabb106aca4c287eed12e357e90eb,0.15617698,,,,
592,592:premise:fra_Latn,premise,fra_Latn,entailment,A man tends to his laptop in what appears to be a slideshow of sorts.,A man runs a slideshow.,A man takes care of his laptop in what appears to be some kind of slide show.,A man runs a slideshow.,A man tends to his laptop in what appears to be a slideshow of sorts.,A man takes care of his laptop in what appears to be some kind of slide show.,True,[],0.9957711100578308,0.9945472478866577,0.9945472478866577,0,0.9513116478919983,[],"[{""group"":""quantifier"",""original"":{},""candidate"":{""some"":1},""field"":""premise""}]",,,0.23287671232876717,1.1159420289855073,False,False,False,False,False,facebook/nllb-200-distilled-600M,f8d333a098d19b4fd9a8b18f94170487ad3f821d,MoritzLaurer/DeBERTa-v3-base-mnli-fever-anli,6f5cf0a2b59cabb106aca4c287eed12e357e90eb,0.1541411,,,,
650,650:hypothesis:fra_Latn,hypothesis,fra_Latn,neutral,A person riding a horse trying to rope a calf that is running from them.,A person is competing at a rodeo.,A person riding a horse trying to rope a calf that is running from them.,A person is competing in a rodeo.,A person is competing at a rodeo.,A person is competing in a rodeo.,True,[],0.9953463673591614,0.9959782361984253,0.9953463673591614,1,0.9513978362083435,[],"[{""group"":""space"",""original"":{},""candidate"":{""in"":1},""field"":""hypothesis""}]",,,0.06060606060606055,1.0,False,False,False,False,False,facebook/nllb-200-distilled-600M,f8d333a098d19b4fd9a8b18f94170487ad3f821d,MoritzLaurer/DeBERTa-v3-base-mnli-fever-anli,6f5cf0a2b59cabb106aca4c287eed12e357e90eb,0.1532558,,,,
501,501:premise:fra_Latn,premise,fra_Latn,contradiction,A boy in an orange shirt holds hands with an adult as he walks with a group of other children down a street.,Two runners in blue t-shirts hold hands.,A boy in an orange shirt holds an adult's hand as he walks with a group of other children on the street.,Two runners in blue t-shirts hold hands.,A boy in an orange shirt holds hands with an adult as he walks with a group of other children down a street.,A boy in an orange shirt holds an adult's hand as he walks with a group of other children on the street.,True,[],0.9930725693702698,0.9528360962867737,0.9528360962867737,2,0.9945449829101562,[],"[{""group"":""space"",""original"":{""in"":1},""candidate"":{""on"":1,""in"":1},""field"":""premise""}]",,,0.1132075471698113,0.9629629629629629,False,False,False,False,False,facebook/nllb-200-distilled-600M,f8d333a098d19b4fd9a8b18f94170487ad3f821d,MoritzLaurer/DeBERTa-v3-base-mnli-fever-anli,6f5cf0a2b59cabb106aca4c287eed12e357e90eb,0.15261892,,,,
411,411:hypothesis:fra_Latn,hypothesis,fra_Latn,neutral,Four band members singing and playing.,They play a gig at a bar,Four band members singing and playing.,They're playing a concert in a bar.,They play a gig at a bar,They're playing a concert in a bar.,True,[],0.9497786164283752,0.996370792388916,0.9497786164283752,1,0.9988555908203125,[],"[{""group"":""space"",""original"":{},""candidate"":{""in"":1},""field"":""hypothesis""}]",,,0.35593220338983056,1.4583333333333333,False,False,False,False,False,facebook/nllb-200-distilled-600M,f8d333a098d19b4fd9a8b18f94170487ad3f821d,MoritzLaurer/DeBERTa-v3-base-mnli-fever-anli,6f5cf0a2b59cabb106aca4c287eed12e357e90eb,0.15136579,,,,
508,508:premise:fra_Latn,premise,fra_Latn,contradiction,A man in a white outfit sings into a microphone.,The man is wearing a green outfit.,A man in a white suit sings in a microphone.,The man is wearing a green outfit.,A man in a white outfit sings into a microphone.,A man in a white suit sings in a microphone.,True,[],0.9496614336967468,0.9939917922019958,0.9496614336967468,2,0.9991672039031982,[],"[{""group"":""space"",""original"":{""in"":1},""candidate"":{""in"":2},""field"":""premise""}]",,,0.06521739130434778,0.9166666666666666,False,False,False,False,False,facebook/nllb-200-distilled-600M,f8d333a098d19b4fd9a8b18f94170487ad3f821d,MoritzLaurer/DeBERTa-v3-base-mnli-fever-anli,6f5cf0a2b59cabb106aca4c287eed12e357e90eb,0.15117136,,,,
169,169:hypothesis:fra_Latn,hypothesis,fra_Latn,entailment,"A man wearing white pants stretches out his arms as he stands on a podium, while two men and a woman are looking the other way.",A man is stretching by a podium.,"A man wearing white pants stretches out his arms as he stands on a podium, while two men and a woman are looking the other way.",There's a man stretching out near a podium.,A man is stretching by a podium.,There's a man stretching out near a podium.,True,[],0.9977506995201111,0.9976224303245544,0.9976224303245544,0,0.9514418840408325,[],"[{""group"":""space"",""original"":{},""candidate"":{""near"":1},""field"":""hypothesis""}]",,,0.28,1.34375,False,False,False,False,False,facebook/nllb-200-distilled-600M,f8d333a098d19b4fd9a8b18f94170487ad3f821d,MoritzLaurer/DeBERTa-v3-base-mnli-fever-anli,6f5cf0a2b59cabb106aca4c287eed12e357e90eb,0.15093569,,,,
532,532:hypothesis:fra_Latn,hypothesis,fra_Latn,entailment,A fluffy dog looking at a yellow chew toy.,A dog is near a toy.,A fluffy dog looking at a yellow chew toy.,A dog is next to a toy.,A dog is near a toy.,A dog is next to a toy.,True,[],0.9936477541923523,0.9972217082977295,0.9936477541923523,0,0.9559045433998108,[],"[{""group"":""space"",""original"":{""near"":1},""candidate"":{},""field"":""hypothesis""}]",,,0.16279069767441856,1.15,False,False,False,False,False,facebook/nllb-200-distilled-600M,f8d333a098d19b4fd9a8b18f94170487ad3f821d,MoritzLaurer/DeBERTa-v3-base-mnli-fever-anli,6f5cf0a2b59cabb106aca4c287eed12e357e90eb,0.1504477,,,,
64,64:premise:fra_Latn,premise,fra_Latn,neutral,A dog runs while holding an object in its mouth.,The dog brings the ball back to his owner.,A dog runs when he holds an object in his mouth.,The dog brings the ball back to his owner.,A dog runs while holding an object in its mouth.,A dog runs when he holds an object in his mouth.,True,[],0.9751476049423218,0.9888989329338074,0.9751476049423218,1,0.8754958510398865,[],[],,,0.125,1.0,False,False,False,False,False,facebook/nllb-200-distilled-600M,f8d333a098d19b4fd9a8b18f94170487ad3f821d,MoritzLaurer/DeBERTa-v3-base-mnli-fever-anli,6f5cf0a2b59cabb106aca4c287eed12e357e90eb,0.14935654,,,,
419,419:premise:fra_Latn,premise,fra_Latn,entailment,Two people walk in opposite directions across a brick road.,The road was made with bricks.,Two people are walking in opposite directions on a brick road.,The road was made with bricks.,Two people walk in opposite directions across a brick road.,Two people are walking in opposite directions on a brick road.,True,[],0.9943618774414062,0.9659924507141113,0.9659924507141113,0,0.9847487807273865,[],"[{""group"":""space"",""original"":{""in"":1},""candidate"":{""on"":1,""in"":1},""field"":""premise""}]",,,0.1074380165289256,1.0508474576271187,False,False,False,False,False,facebook/nllb-200-distilled-600M,f8d333a098d19b4fd9a8b18f94170487ad3f821d,MoritzLaurer/DeBERTa-v3-base-mnli-fever-anli,6f5cf0a2b59cabb106aca4c287eed12e357e90eb,0.14925877,,,,
298,298:premise:fra_Latn,premise,fra_Latn,contradiction,Two women with stethoscopes and a man with a blue hairnet on working tedious over an unknown object or person.,Two women are running.,Two women with stethoscopes and a man with a blue hair net working tirelessly on an unknown object or person.,Two women are running.,Two women with stethoscopes and a man with a blue hairnet on working tedious over an unknown object or person.,Two women with stethoscopes and a man with a blue hair net working tirelessly on an unknown object or person.,True,[],0.9515888690948486,0.9837400317192078,0.9515888690948486,2,0.999173104763031,[],"[{""group"":""space"",""original"":{""on"":1,""over"":1},""candidate"":{""on"":1},""field"":""premise""}]",,,0.08675799086757996,0.990909090909091,False,False,False,False,False,facebook/nllb-200-distilled-600M,f8d333a098d19b4fd9a8b18f94170487ad3f821d,MoritzLaurer/DeBERTa-v3-base-mnli-fever-anli,6f5cf0a2b59cabb106aca4c287eed12e357e90eb,0.14923803,,,,
783,783:hypothesis:fra_Latn,hypothesis,fra_Latn,entailment,Two asian women are sitting in the shade under a tree.,Two women are relaxing.,Two asian women are sitting in the shade under a tree.,Two women relaxing.,Two women are relaxing.,Two women relaxing.,True,[],0.9961273074150085,0.9934000968933105,0.9934000968933105,0,0.8587633967399597,[],[],,,0.09523809523809523,0.8260869565217391,False,False,False,False,False,facebook/nllb-200-distilled-600M,f8d333a098d19b4fd9a8b18f94170487ad3f821d,MoritzLaurer/DeBERTa-v3-base-mnli-fever-anli,6f5cf0a2b59cabb106aca4c287eed12e357e90eb,0.14783651,,,,
21,21:premise:fra_Latn,premise,fra_Latn,contradiction,Two girls looking in microscopes.,the two girls are listening to music while in science class instead of doing their homework,Two girls looking at the microscope.,the two girls are listening to music while in science class instead of doing their homework,Two girls looking in microscopes.,Two girls looking at the microscope.,True,[],0.9767071008682251,0.9540716409683228,0.9540716409683228,2,0.9994245767593384,[],"[{""group"":""space"",""original"":{""in"":1},""candidate"":{},""field"":""premise""}]",,,0.13043478260869568,1.0909090909090908,False,False,False,False,False,facebook/nllb-200-distilled-600M,f8d333a098d19b4fd9a8b18f94170487ad3f821d,MoritzLaurer/DeBERTa-v3-base-mnli-fever-anli,6f5cf0a2b59cabb106aca4c287eed12e357e90eb,0.14650378,,,,
585,585:premise:fra_Latn,premise,fra_Latn,entailment,A man in a nun costume has a cigarette in his mouth.,A person wear a costume.,A man dressed as a nun has a cigarette in his mouth.,A person wear a costume.,A man in a nun costume has a cigarette in his mouth.,A man dressed as a nun has a cigarette in his mouth.,True,[],0.9952430129051208,0.975128710269928,0.975128710269928,0,0.9784246683120728,[],"[{""group"":""space"",""original"":{""in"":2},""candidate"":{""in"":1},""field"":""premise""}]",,,0.1923076923076923,1.0,False,False,False,False,False,facebook/nllb-200-distilled-600M,f8d333a098d19b4fd9a8b18f94170487ad3f821d,MoritzLaurer/DeBERTa-v3-base-mnli-fever-anli,6f5cf0a2b59cabb106aca4c287eed12e357e90eb,0.14644662,,,,
113,113:premise:fra_Latn,premise,fra_Latn,neutral,Two people in blue shirts are selling shoes in an outside market.,The shoes are being sold by the girls.,Two people in blue shirts are selling shoes at an outdoor market.,The shoes are being sold by the girls.,Two people in blue shirts are selling shoes in an outside market.,Two people in blue shirts are selling shoes at an outdoor market.,True,[],0.9946909546852112,0.9963299632072449,0.9946909546852112,1,0.9593865275382996,[],"[{""group"":""space"",""original"":{""in"":2,""outside"":1},""candidate"":{""in"":1},""field"":""premise""}]",,,0.07692307692307687,1.0,False,False,False,False,False,facebook/nllb-200-distilled-600M,f8d333a098d19b4fd9a8b18f94170487ad3f821d,MoritzLaurer/DeBERTa-v3-base-mnli-fever-anli,6f5cf0a2b59cabb106aca4c287eed12e357e90eb,0.14592252,,,,
576,576:hypothesis:fra_Latn,hypothesis,fra_Latn,neutral,Two men juggling in front of a group of people.,Two men juggling in fornt of group of people to attract them.,Two men juggling in front of a group of people.,Two men juggle a group of people to attract them.,Two men juggling in fornt of group of people to attract them.,Two men juggle a group of people to attract them.,True,[],0.9955086708068848,0.9674545526504517,0.9674545526504517,1,0.9874610304832458,[],"[{""group"":""space"",""original"":{""in"":1},""candidate"":{},""field"":""hypothesis""}]",,,0.1454545454545455,0.8032786885245902,False,False,False,False,False,facebook/nllb-200-distilled-600M,f8d333a098d19b4fd9a8b18f94170487ad3f821d,MoritzLaurer/DeBERTa-v3-base-mnli-fever-anli,6f5cf0a2b59cabb106aca4c287eed12e357e90eb,0.14508442,,,,
91,91:premise:fra_Latn,premise,fra_Latn,entailment,A man with black hair is wearing a red and yellow shirt and has a yellow clown nose and face makeup on.,A man is dressed up like a clown.,A man with black hair wears a red and yellow shirt and has a yellow clown nose and facial makeup.,A man is dressed up like a clown.,A man with black hair is wearing a red and yellow shirt and has a yellow clown nose and face makeup on.,A man with black hair wears a red and yellow shirt and has a yellow clown nose and facial makeup.,True,[],0.9923294186592102,0.9885653853416443,0.9885653853416443,0,0.9669445753097534,[],"[{""group"":""space"",""original"":{""on"":1},""candidate"":{},""field"":""premise""}]",,,0.06999999999999995,0.941747572815534,False,False,False,False,False,facebook/nllb-200-distilled-600M,f8d333a098d19b4fd9a8b18f94170487ad3f821d,MoritzLaurer/DeBERTa-v3-base-mnli-fever-anli,6f5cf0a2b59cabb106aca4c287eed12e357e90eb,0.14449004,,,,
76,76:premise:fra_Latn,premise,fra_Latn,contradiction,A warehouse manager assisting an employee.,The manager is about to fire the employee.,A warehouse manager assists an employee.,The manager is about to fire the employee.,A warehouse manager assisting an employee.,A warehouse manager assists an employee.,True,[],0.997268557548523,0.9964189529418945,0.9964189529418945,2,0.8604274392127991,[],[],,,0.04878048780487809,0.9523809523809523,False,False,False,False,False,facebook/nllb-200-distilled-600M,f8d333a098d19b4fd9a8b18f94170487ad3f821d,MoritzLaurer/DeBERTa-v3-base-mnli-fever-anli,6f5cf0a2b59cabb106aca4c287eed12e357e90eb,0.14315361,,,,
502,502:hypothesis:fra_Latn,hypothesis,fra_Latn,contradiction,A mom and a young boy on a seesaw.,Some high school kids smoking cigarettes outside school.,A mom and a young boy on a seesaw.,High school students smoking cigarettes outside of school.,Some high school kids smoking cigarettes outside school.,High school students smoking cigarettes outside of school.,True,[],0.9965147972106934,0.9758375287055969,0.9758375287055969,2,0.9839903116226196,[],"[{""group"":""quantifier"",""original"":{""some"":1},""candidate"":{},""field"":""hypothesis""}]",,,0.14035087719298245,1.0357142857142858,False,False,False,False,False,facebook/nllb-200-distilled-600M,f8d333a098d19b4fd9a8b18f94170487ad3f821d,MoritzLaurer/DeBERTa-v3-base-mnli-fever-anli,6f5cf0a2b59cabb106aca4c287eed12e357e90eb,0.14017216,,,,
310,310:premise:fra_Latn,premise,fra_Latn,entailment,A large duck in flight over a rocky stream.,A duck is flying over water.,A big duck flying on a rocky creek.,A duck is flying over water.,A large duck in flight over a rocky stream.,A big duck flying on a rocky creek.,True,[],0.9652286171913147,0.9964841604232788,0.9652286171913147,0,0.9950607419013977,[],"[{""group"":""space"",""original"":{""in"":1,""over"":1},""candidate"":{""on"":1},""field"":""premise""}]",,,0.33333333333333337,0.813953488372093,False,False,False,False,False,facebook/nllb-200-distilled-600M,f8d333a098d19b4fd9a8b18f94170487ad3f821d,MoritzLaurer/DeBERTa-v3-base-mnli-fever-anli,6f5cf0a2b59cabb106aca4c287eed12e357e90eb,0.13971064,,,,
686,686:premise:fra_Latn,premise,fra_Latn,contradiction,A class of students all doing different actions.,A class of students working on one math problem.,A class of students doing different things.,A class of students working on one math problem.,A class of students all doing different actions.,A class of students doing different things.,True,[],0.9944524168968201,0.9669873118400574,0.9669873118400574,2,0.9947358965873718,[],"[{""group"":""quantifier"",""original"":{""all"":1},""candidate"":{},""field"":""premise""}]",,,0.09890109890109888,0.8958333333333334,False,False,False,False,False,facebook/nllb-200-distilled-600M,f8d333a098d19b4fd9a8b18f94170487ad3f821d,MoritzLaurer/DeBERTa-v3-base-mnli-fever-anli,6f5cf0a2b59cabb106aca4c287eed12e357e90eb,0.13827679,,,,
43,43:hypothesis:fra_Latn,hypothesis,fra_Latn,contradiction,"A man is operating a weed eater behind a building, and there is a red van nearby.",A man is working inside.,"A man is operating a weed eater behind a building, and there is a red van nearby.",There's a man working inside.,A man is working inside.,There's a man working inside.,True,[],0.9978394508361816,0.9975304007530212,0.9975304007530212,2,0.8651098608970642,[],[],,,0.2075471698113207,1.2083333333333333,False,False,False,False,False,facebook/nllb-200-distilled-600M,f8d333a098d19b4fd9a8b18f94170487ad3f821d,MoritzLaurer/DeBERTa-v3-base-mnli-fever-anli,6f5cf0a2b59cabb106aca4c287eed12e357e90eb,0.13735974,,,,
655,655:premise:fra_Latn,premise,fra_Latn,entailment,"A security guard stands by a metal, lighted sculpture.",A person guards a sculpture.,A security guard stands near a burning metal sculpture.,A person guards a sculpture.,"A security guard stands by a metal, lighted sculpture.",A security guard stands near a burning metal sculpture.,True,[],0.9680427312850952,0.9949285984039307,0.9680427312850952,0,0.9952267408370972,[],"[{""group"":""space"",""original"":{},""candidate"":{""near"":1},""field"":""premise""}]",,,0.21100917431192656,1.0185185185185186,False,False,False,False,False,facebook/nllb-200-distilled-600M,f8d333a098d19b4fd9a8b18f94170487ad3f821d,MoritzLaurer/DeBERTa-v3-base-mnli-fever-anli,6f5cf0a2b59cabb106aca4c287eed12e357e90eb,0.13673053,,,,
682,682:hypothesis:fra_Latn,hypothesis,fra_Latn,contradiction,A man wearing a colorful suit sits on a sidewalk playing a basset horn to collect money.,A man juggles on the street.,A man wearing a colorful suit sits on a sidewalk playing a basset horn to collect money.,A man juggling in the street.,A man juggles on the street.,A man juggling in the street.,True,[],0.9952263832092285,0.9976685643196106,0.9952263832092285,2,0.969651460647583,[],"[{""group"":""space"",""original"":{""on"":1},""candidate"":{""in"":1},""field"":""hypothesis""}]",,,0.1228070175438597,1.0357142857142858,False,False,False,False,False,facebook/nllb-200-distilled-600M,f8d333a098d19b4fd9a8b18f94170487ad3f821d,MoritzLaurer/DeBERTa-v3-base-mnli-fever-anli,6f5cf0a2b59cabb106aca4c287eed12e357e90eb,0.13512216,,,,
62,62:premise:fra_Latn,premise,fra_Latn,contradiction,Two women eating food with sunglasses on.,Two women are working on a puzzle.,Two women eating with sunglasses.,Two women are working on a puzzle.,Two women eating food with sunglasses on.,Two women eating with sunglasses.,True,[],0.9957950115203857,0.9656963348388672,0.9656963348388672,2,0.9991897940635681,[],"[{""group"":""space"",""original"":{""on"":1},""candidate"":{},""field"":""premise""}]",,,0.10810810810810811,0.8048780487804879,False,False,False,False,False,facebook/nllb-200-distilled-600M,f8d333a098d19b4fd9a8b18f94170487ad3f821d,MoritzLaurer/DeBERTa-v3-base-mnli-fever-anli,6f5cf0a2b59cabb106aca4c287eed12e357e90eb,0.13511387,,,,
616,616:premise:fra_Latn,premise,fra_Latn,contradiction,"At a brick-floored area near the beach, a middle-aged white man surrounded by a white family is sitting and painting a portrait of someone.",A woman is drawing dogs at the beach.,"In a brick area near the beach, a middle-aged white man, surrounded by a white family, is sitting and painting a portrait of someone.",A woman is drawing dogs at the beach.,"At a brick-floored area near the beach, a middle-aged white man surrounded by a white family is sitting and painting a portrait of someone.","In a brick area near the beach, a middle-aged white man, surrounded by a white family, is sitting and painting a portrait of someone.",True,[],0.9892515540122986,0.9667537212371826,0.9667537212371826,2,0.999292254447937,[],"[{""group"":""space"",""original"":{""near"":1},""candidate"":{""in"":1,""near"":1},""field"":""premise""}]",,,0.05147058823529416,0.9568345323741008,False,False,False,False,False,facebook/nllb-200-distilled-600M,f8d333a098d19b4fd9a8b18f94170487ad3f821d,MoritzLaurer/DeBERTa-v3-base-mnli-fever-anli,6f5cf0a2b59cabb106aca4c287eed12e357e90eb,0.13395402,,,,
349,349:premise:fra_Latn,premise,fra_Latn,neutral,The man in black shorts and a green shirt with the number 25 on the back is about to kick the soccer ball.,He is aiming at a goal.,The man in black shorts and a green shirt with the number 25 on his back is about to kick the football.,He is aiming at a goal.,The man in black shorts and a green shirt with the number 25 on the back is about to kick the soccer ball.,The man in black shorts and a green shirt with the number 25 on his back is about to kick the football.,True,[],0.9461653232574463,0.8793641328811646,0.8793641328811646,1,0.9871794581413269,[],[],,,0.062200956937799035,0.9716981132075472,False,False,False,False,False,facebook/nllb-200-distilled-600M,f8d333a098d19b4fd9a8b18f94170487ad3f821d,MoritzLaurer/DeBERTa-v3-base-mnli-fever-anli,6f5cf0a2b59cabb106aca4c287eed12e357e90eb,0.13345641,,,,
663,663:hypothesis:fra_Latn,hypothesis,fra_Latn,entailment,Two men play the guitar while on a boat.,Two men on a boat play their guitars together.,Two men play the guitar while on a boat.,Two men in a boat playing guitar together.,Two men on a boat play their guitars together.,Two men in a boat playing guitar together.,True,[],0.9968963861465454,0.9913668036460876,0.9913668036460876,0,0.9761427044868469,[],"[{""group"":""space"",""original"":{""on"":1},""candidate"":{""in"":1},""field"":""hypothesis""}]",,,0.11363636363636365,0.9130434782608695,False,False,False,False,False,facebook/nllb-200-distilled-600M,f8d333a098d19b4fd9a8b18f94170487ad3f821d,MoritzLaurer/DeBERTa-v3-base-mnli-fever-anli,6f5cf0a2b59cabb106aca4c287eed12e357e90eb,0.13249049,,,,
10,10:premise:fra_Latn,premise,fra_Latn,neutral,A man in a unique costume is playing the bagpipes while some people stare at him.,A man in a unique costume is playing the bagpipes  for monetary gain.,A man in a unique suit plays a pipe while people watch him.,A man in a unique costume is playing the bagpipes  for monetary gain.,A man in a unique costume is playing the bagpipes while some people stare at him.,A man in a unique suit plays a pipe while people watch him.,True,[],0.9796615839004517,0.9840208888053894,0.9796615839004517,1,0.989096999168396,[],"[{""group"":""quantifier"",""original"":{""some"":1},""candidate"":{},""field"":""premise""}]",,,0.2571428571428571,0.7283950617283951,False,False,False,False,False,facebook/nllb-200-distilled-600M,f8d333a098d19b4fd9a8b18f94170487ad3f821d,MoritzLaurer/DeBERTa-v3-base-mnli-fever-anli,6f5cf0a2b59cabb106aca4c287eed12e357e90eb,0.13124142,,,,
119,119:hypothesis:fra_Latn,hypothesis,fra_Latn,entailment,"A young boy wearing a yellow shirt and green pants pushing a baby stroller in front of houses with red and white roofs, red doors, white railing and red floor planks.",A boy walking outdoors.,"A young boy wearing a yellow shirt and green pants pushing a baby stroller in front of houses with red and white roofs, red doors, white railing and red floor planks.",A boy walking around outside.,A boy walking outdoors.,A boy walking around outside.,True,[],0.9933866858482361,0.9954947233200073,0.9933866858482361,0,0.9758901000022888,[],"[{""group"":""space"",""original"":{},""candidate"":{""outside"":1},""field"":""hypothesis""}]",,,0.2692307692307693,1.2608695652173914,False,False,False,False,False,facebook/nllb-200-distilled-600M,f8d333a098d19b4fd9a8b18f94170487ad3f821d,MoritzLaurer/DeBERTa-v3-base-mnli-fever-anli,6f5cf0a2b59cabb106aca4c287eed12e357e90eb,0.13072321,,,,
581,581:premise:fra_Latn,premise,fra_Latn,neutral,A man playing drums on upside down jugs.,The jugs the man is playing on are very big.,A man playing drums on pots upside down.,The jugs the man is playing on are very big.,A man playing drums on upside down jugs.,A man playing drums on pots upside down.,True,[],0.9822284579277039,0.8701163530349731,0.8701163530349731,1,0.9992371797561646,[],[],,,0.125,1.0,False,False,False,False,False,facebook/nllb-200-distilled-600M,f8d333a098d19b4fd9a8b18f94170487ad3f821d,MoritzLaurer/DeBERTa-v3-base-mnli-fever-anli,6f5cf0a2b59cabb106aca4c287eed12e357e90eb,0.13064647,,,,
416,416:hypothesis:fra_Latn,hypothesis,fra_Latn,contradiction,A person in a dark wetsuit is surfing.,A person in a white wetsuit surfing,A person in a dark wetsuit is surfing.,A person in a surfing white suit,A person in a white wetsuit surfing,A person in a surfing white suit,True,[],0.9851273894309998,0.8707824945449829,0.8707824945449829,2,0.9988835453987122,[],[],,,0.3731343283582089,0.9142857142857143,False,False,False,False,False,facebook/nllb-200-distilled-600M,f8d333a098d19b4fd9a8b18f94170487ad3f821d,MoritzLaurer/DeBERTa-v3-base-mnli-fever-anli,6f5cf0a2b59cabb106aca4c287eed12e357e90eb,0.13033396,,,,
209,209:hypothesis:fra_Latn,hypothesis,fra_Latn,neutral,Two young boys wearing collared shirts and baseball caps have their blue-tinted tongues stuck out.,A couple of young baseball players at a park.,Two young boys wearing collared shirts and baseball caps have their blue-tinted tongues stuck out.,A couple of young baseball players in a park.,A couple of young baseball players at a park.,A couple of young baseball players in a park.,True,[],0.9909890294075012,0.9942464232444763,0.9909890294075012,1,0.979345440864563,[],"[{""group"":""space"",""original"":{},""candidate"":{""in"":1},""field"":""hypothesis""}]",,,0.0444444444444444,1.0,False,False,False,False,False,facebook/nllb-200-distilled-600M,f8d333a098d19b4fd9a8b18f94170487ad3f821d,MoritzLaurer/DeBERTa-v3-base-mnli-fever-anli,6f5cf0a2b59cabb106aca4c287eed12e357e90eb,0.12966553,,,,
510,510:hypothesis:fra_Latn,hypothesis,fra_Latn,contradiction,Two woman with white head coverings are gazing at a cellphone.,Two men with black head coverings are gazing at a cellphone.,Two woman with white head coverings are gazing at a cellphone.,Two men in black blankets are looking at a cell phone.,Two men with black head coverings are gazing at a cellphone.,Two men in black blankets are looking at a cell phone.,True,[],0.9711412191390991,0.9934265613555908,0.9711412191390991,2,0.9995657801628113,[],"[{""group"":""space"",""original"":{},""candidate"":{""in"":1},""field"":""hypothesis""}]",,,0.26315789473684215,0.9,False,False,False,False,False,facebook/nllb-200-distilled-600M,f8d333a098d19b4fd9a8b18f94170487ad3f821d,MoritzLaurer/DeBERTa-v3-base-mnli-fever-anli,6f5cf0a2b59cabb106aca4c287eed12e357e90eb,0.129293,,,,
287,287:hypothesis:fra_Latn,hypothesis,fra_Latn,entailment,A single man sits on the ground with a cup in front of him.,The man is all alone on the ground.,A single man sits on the ground with a cup in front of him.,The man is alone on the floor.,The man is all alone on the ground.,The man is alone on the floor.,True,[],0.9810636043548584,0.9825344681739807,0.9810636043548584,0,0.9897050261497498,[],"[{""group"":""quantifier"",""original"":{""all"":1},""candidate"":{},""field"":""hypothesis""}]",,,0.19999999999999996,0.8571428571428571,False,False,False,False,False,facebook/nllb-200-distilled-600M,f8d333a098d19b4fd9a8b18f94170487ad3f821d,MoritzLaurer/DeBERTa-v3-base-mnli-fever-anli,6f5cf0a2b59cabb106aca4c287eed12e357e90eb,0.12923137,,,,
495,495:hypothesis:fra_Latn,hypothesis,fra_Latn,entailment,A girl with red-hair is jumping on a sand dune.,A girl is outdoors.,A girl with red-hair is jumping on a sand dune.,There's a girl outside.,A girl is outdoors.,There's a girl outside.,True,[],0.9973849654197693,0.9969605803489685,0.9969605803489685,0,0.973907470703125,[],"[{""group"":""space"",""original"":{},""candidate"":{""outside"":1},""field"":""hypothesis""}]",,,0.4285714285714286,1.2105263157894737,False,False,False,False,False,facebook/nllb-200-distilled-600M,f8d333a098d19b4fd9a8b18f94170487ad3f821d,MoritzLaurer/DeBERTa-v3-base-mnli-fever-anli,6f5cf0a2b59cabb106aca4c287eed12e357e90eb,0.12913195,,,,
12,12:hypothesis:fra_Latn,hypothesis,fra_Latn,entailment,"Two young adults at a rodeo, one is helping the other to fix an injury to his arm after a brief ride.",Two young adults are at a rodeo.,"Two young adults at a rodeo, one is helping the other to fix an injury to his arm after a brief ride.",Two young adults are in a rodeo.,Two young adults are at a rodeo.,Two young adults are in a rodeo.,True,[],0.9753323197364807,0.9936805963516235,0.9753323197364807,0,0.9962078332901001,[],"[{""group"":""space"",""original"":{},""candidate"":{""in"":1},""field"":""hypothesis""}]",,,0.0625,1.0,False,False,False,False,False,facebook/nllb-200-distilled-600M,f8d333a098d19b4fd9a8b18f94170487ad3f821d,MoritzLaurer/DeBERTa-v3-base-mnli-fever-anli,6f5cf0a2b59cabb106aca4c287eed12e357e90eb,0.12845985,,,,
59,59:premise:fra_Latn,premise,fra_Latn,entailment,Young asian boy sits down and reads a book at a book fair as a female looks on.,The boy is Asian.,A young Asian man is reading a book at a book fair in front of a woman.,The boy is Asian.,Young asian boy sits down and reads a book at a book fair as a female looks on.,A young Asian man is reading a book at a book fair in front of a woman.,True,[],0.9958205223083496,0.981825053691864,0.981825053691864,0,0.9897957444190979,[],"[{""group"":""space"",""original"":{""on"":1},""candidate"":{""front"":1,""in"":1},""field"":""premise""}]",,,0.3466666666666667,0.8987341772151899,False,False,False,False,False,facebook/nllb-200-distilled-600M,f8d333a098d19b4fd9a8b18f94170487ad3f821d,MoritzLaurer/DeBERTa-v3-base-mnli-fever-anli,6f5cf0a2b59cabb106aca4c287eed12e357e90eb,0.1283792,,,,
354,354:premise:fra_Latn,premise,fra_Latn,entailment,A bearded man is wearing a redhead scarf and holding a forked green and white branch.,A man with facial hair is wearing a scarf.,A bearded man wears a scarlet-haired scarf and holds a green and white forked branch.,A man with facial hair is wearing a scarf.,A bearded man is wearing a redhead scarf and holding a forked green and white branch.,A bearded man wears a scarlet-haired scarf and holds a green and white forked branch.,True,[],0.875186562538147,0.9577591419219971,0.875186562538147,0,0.9970752000808716,[],[],,,0.23529411764705888,1.0,False,False,False,False,False,facebook/nllb-200-distilled-600M,f8d333a098d19b4fd9a8b18f94170487ad3f821d,MoritzLaurer/DeBERTa-v3-base-mnli-fever-anli,6f5cf0a2b59cabb106aca4c287eed12e357e90eb,0.12773824,,,,
254,254:premise:fra_Latn,premise,fra_Latn,contradiction,a sparsely-populated arcade with many brightly lit games and a few people sprinkled around.,The arcade is closed.,A sparsely populated arcade with lots of bright games and a few scattered people.,The arcade is closed.,a sparsely-populated arcade with many brightly lit games and a few people sprinkled around.,A sparsely populated arcade with lots of bright games and a few scattered people.,True,[],0.9955283999443054,0.974187433719635,0.974187433719635,2,0.9982252717018127,[],"[{""group"":""quantifier"",""original"":{""few"":1,""many"":1},""candidate"":{""few"":1},""field"":""premise""}]",,,0.2674418604651163,0.8901098901098901,False,False,False,False,False,facebook/nllb-200-distilled-600M,f8d333a098d19b4fd9a8b18f94170487ad3f821d,MoritzLaurer/DeBERTa-v3-base-mnli-fever-anli,6f5cf0a2b59cabb106aca4c287eed12e357e90eb,0.12758729,,,,
750,750:hypothesis:fra_Latn,hypothesis,fra_Latn,entailment,A young girl in a pink shirt creates a painting on paper.,A young girl draws.,A young girl in a pink shirt creates a painting on paper.,A young girl is drawing.,A young girl draws.,A young girl is drawing.,True,[],0.9963566064834595,0.9977096319198608,0.9963566064834595,0,0.8768647313117981,[],[],,,0.16279069767441856,1.263157894736842,False,False,False,False,False,facebook/nllb-200-distilled-600M,f8d333a098d19b4fd9a8b18f94170487ad3f821d,MoritzLaurer/DeBERTa-v3-base-mnli-fever-anli,6f5cf0a2b59cabb106aca4c287eed12e357e90eb,0.12677866,,,,
101,101:premise:fra_Latn,premise,fra_Latn,entailment,Two girls look through a microscope.,Girls are looking through an instrument,Two girls looking at the microscope.,Girls are looking through an instrument,Two girls look through a microscope.,Two girls looking at the microscope.,True,[],0.986503005027771,0.9808278679847717,0.9808278679847717,0,0.9924812316894531,[],"[{""group"":""space"",""original"":{""through"":1},""candidate"":{},""field"":""premise""}]",,,0.19444444444444442,1.0,False,False,False,False,False,facebook/nllb-200-distilled-600M,f8d333a098d19b4fd9a8b18f94170487ad3f821d,MoritzLaurer/DeBERTa-v3-base-mnli-fever-anli,6f5cf0a2b59cabb106aca4c287eed12e357e90eb,0.1266909,,,,
766,766:hypothesis:fra_Latn,hypothesis,fra_Latn,neutral,A blond woman is holding a microphone and making a zero sign with her fingers.,A woman is speaking into a microphone.,A blond woman is holding a microphone and making a zero sign with her fingers.,There's a woman talking in a microphone.,A woman is speaking into a microphone.,There's a woman talking in a microphone.,True,[],0.9984117746353149,0.9982141256332397,0.9982141256332397,1,0.9753963947296143,[],"[{""group"":""space"",""original"":{},""candidate"":{""in"":1},""field"":""hypothesis""}]",,,0.23076923076923073,1.0526315789473684,False,False,False,False,False,facebook/nllb-200-distilled-600M,f8d333a098d19b4fd9a8b18f94170487ad3f821d,MoritzLaurer/DeBERTa-v3-base-mnli-fever-anli,6f5cf0a2b59cabb106aca4c287eed12e357e90eb,0.12638948,,,,
403,403:hypothesis:fra_Latn,hypothesis,fra_Latn,neutral,a boy swings on the swing.,A boy swings on the swing his mother built.,a boy swings on the swing.,A boy is swinging on the momentum his mother built.,A boy swings on the swing his mother built.,A boy is swinging on the momentum his mother built.,True,[],0.8897193074226379,0.8854062557220459,0.8854062557220459,1,0.9886006712913513,[],[],,,0.19148936170212771,1.186046511627907,False,False,False,False,False,facebook/nllb-200-distilled-600M,f8d333a098d19b4fd9a8b18f94170487ad3f821d,MoritzLaurer/DeBERTa-v3-base-mnli-fever-anli,6f5cf0a2b59cabb106aca4c287eed12e357e90eb,0.12599307,,,,
344,344:premise:fra_Latn,premise,fra_Latn,neutral,Man swiftly riding a horse.,The man is riding the horse in a race.,A man on a fast horse.,The man is riding the horse in a race.,Man swiftly riding a horse.,A man on a fast horse.,True,[],0.9769569039344788,0.9952225089073181,0.9769569039344788,1,0.997079610824585,[],"[{""group"":""space"",""original"":{},""candidate"":{""on"":1},""field"":""premise""}]",,,0.4285714285714286,0.8148148148148148,False,False,False,False,False,facebook/nllb-200-distilled-600M,f8d333a098d19b4fd9a8b18f94170487ad3f821d,MoritzLaurer/DeBERTa-v3-base-mnli-fever-anli,6f5cf0a2b59cabb106aca4c287eed12e357e90eb,0.12596349,,,,
434,434:hypothesis:fra_Latn,hypothesis,fra_Latn,entailment,three people standing in line.,Some people are standing.,three people standing in line.,There are people standing.,Some people are standing.,There are people standing.,True,[],0.9958243370056152,0.9777061343193054,0.9777061343193054,0,0.9965787529945374,[],"[{""group"":""quantifier"",""original"":{""some"":1},""candidate"":{},""field"":""hypothesis""}]",,,0.2941176470588235,1.04,False,False,False,False,False,facebook/nllb-200-distilled-600M,f8d333a098d19b4fd9a8b18f94170487ad3f821d,MoritzLaurer/DeBERTa-v3-base-mnli-fever-anli,6f5cf0a2b59cabb106aca4c287eed12e357e90eb,0.12571511,,,,
746,746:hypothesis:fra_Latn,hypothesis,fra_Latn,contradiction,A mottled black and gray dog in a blue collar jumping over a fallen tree.,A white dog in a red collar jumping over a tree.,A mottled black and gray dog in a blue collar jumping over a fallen tree.,A white dog with a red collar jumping on a tree.,A white dog in a red collar jumping over a tree.,A white dog with a red collar jumping on a tree.,True,[],0.9890395402908325,0.9748051762580872,0.9748051762580872,2,0.9995614886283875,[],"[{""group"":""space"",""original"":{""in"":1,""over"":1},""candidate"":{""on"":1},""field"":""hypothesis""}]",,,0.08333333333333337,1.0,False,False,False,False,False,facebook/nllb-200-distilled-600M,f8d333a098d19b4fd9a8b18f94170487ad3f821d,MoritzLaurer/DeBERTa-v3-base-mnli-fever-anli,6f5cf0a2b59cabb106aca4c287eed12e357e90eb,0.12563334,,,,
560,560:premise:fra_Latn,premise,fra_Latn,contradiction,"Brunette female wearing yellow bikini top, has large tattoo inked across her lower back, and a blue towel draped across her right shoulder.",A person in a black shirt and black shorts is holding a football.,"A brunette woman wearing a yellow bikini, with a large ink tattoo on her lower back and a blue towel on her right shoulder.",A person in a black shirt and black shorts is holding a football.,"Brunette female wearing yellow bikini top, has large tattoo inked across her lower back, and a blue towel draped across her right shoulder.","A brunette woman wearing a yellow bikini, with a large ink tattoo on her lower back and a blue towel on her right shoulder.",True,[],0.9942850470542908,0.9767259359359741,0.9767259359359741,2,0.9979275465011597,[],"[{""group"":""space"",""original"":{""right"":1},""candidate"":{""on"":2,""right"":1},""field"":""premise""}]",,,0.19083969465648853,0.8848920863309353,False,False,False,False,False,facebook/nllb-200-distilled-600M,f8d333a098d19b4fd9a8b18f94170487ad3f821d,MoritzLaurer/DeBERTa-v3-base-mnli-fever-anli,6f5cf0a2b59cabb106aca4c287eed12e357e90eb,0.12534652,,,,
393,393:premise:fra_Latn,premise,fra_Latn,entailment,Two young women have fallen asleep at a public eating area.,Sleeping women.,Two young women fell asleep in a public dining room.,Sleeping women.,Two young women have fallen asleep at a public eating area.,Two young women fell asleep in a public dining room.,True,[],0.9877932667732239,0.993933379650116,0.9877932667732239,0,0.9870663285255432,[],"[{""group"":""space"",""original"":{},""candidate"":{""in"":1},""field"":""premise""}]",,,0.22522522522522526,0.8813559322033898,False,False,False,False,False,facebook/nllb-200-distilled-600M,f8d333a098d19b4fd9a8b18f94170487ad3f821d,MoritzLaurer/DeBERTa-v3-base-mnli-fever-anli,6f5cf0a2b59cabb106aca4c287eed12e357e90eb,0.1251404,,,,
176,176:premise:fra_Latn,premise,fra_Latn,neutral,"Construction worker, welding on high beam.",The worker gets paid,"Construction worker, high beam welding.",The worker gets paid,"Construction worker, welding on high beam.","Construction worker, high beam welding.",True,[],0.9937293529510498,0.9932231903076172,0.9932231903076172,1,0.9818269610404968,[],"[{""group"":""space"",""original"":{""on"":1},""candidate"":{},""field"":""premise""}]",,,0.23456790123456794,0.9285714285714286,False,False,False,False,False,facebook/nllb-200-distilled-600M,f8d333a098d19b4fd9a8b18f94170487ad3f821d,MoritzLaurer/DeBERTa-v3-base-mnli-fever-anli,6f5cf0a2b59cabb106aca4c287eed12e357e90eb,0.12494985,,,,
271,271:premise:fra_Latn,premise,fra_Latn,entailment,two women walk down some stairs with intricate designs on the railings,The railings had designs.,Two women are descending stairs with complex patterns on bars.,The railings had designs.,two women walk down some stairs with intricate designs on the railings,Two women are descending stairs with complex patterns on bars.,True,[],0.9971461892127991,0.9949330687522888,0.9949330687522888,0,0.9804971218109131,[],"[{""group"":""quantifier"",""original"":{""some"":1},""candidate"":{},""field"":""premise""}]",,,0.40909090909090906,0.8857142857142857,False,False,False,False,False,facebook/nllb-200-distilled-600M,f8d333a098d19b4fd9a8b18f94170487ad3f821d,MoritzLaurer/DeBERTa-v3-base-mnli-fever-anli,6f5cf0a2b59cabb106aca4c287eed12e357e90eb,0.12456981,,,,
488,488:hypothesis:fra_Latn,hypothesis,fra_Latn,entailment,A little boy in red stands on top of a rock with a smile and outstretched arms.,A little boy in red is outdoors.,A little boy in red stands on top of a rock with a smile and outstretched arms.,There's a little boy in red outside.,A little boy in red is outdoors.,There's a little boy in red outside.,True,[],0.9975048899650574,0.996775209903717,0.996775209903717,0,0.9791206121444702,[],"[{""group"":""space"",""original"":{""in"":1},""candidate"":{""in"":1,""outside"":1},""field"":""hypothesis""}]",,,0.2647058823529411,1.125,False,False,False,False,False,facebook/nllb-200-distilled-600M,f8d333a098d19b4fd9a8b18f94170487ad3f821d,MoritzLaurer/DeBERTa-v3-base-mnli-fever-anli,6f5cf0a2b59cabb106aca4c287eed12e357e90eb,0.12410418,,,,
674,674:hypothesis:fra_Latn,hypothesis,fra_Latn,entailment,Young girl jumping off a swing.,Someone is jumping.,Young girl jumping off a swing.,Somebody's going to jump.,Someone is jumping.,Somebody's going to jump.,True,[],0.9948240518569946,0.9834798574447632,0.9834798574447632,0,0.893547773361206,[],[],,,0.40909090909090906,1.3157894736842106,False,False,False,False,False,facebook/nllb-200-distilled-600M,f8d333a098d19b4fd9a8b18f94170487ad3f821d,MoritzLaurer/DeBERTa-v3-base-mnli-fever-anli,6f5cf0a2b59cabb106aca4c287eed12e357e90eb,0.12297237,,,,
530,530:hypothesis:fra_Latn,hypothesis,fra_Latn,entailment,"With flowers in the foreground, a man in a blue striped shirt bikes past a large white building.",A man is biking outside.,"With flowers in the foreground, a man in a blue striped shirt bikes past a large white building.",There's a man on his bike outside.,A man is biking outside.,There's a man on his bike outside.,True,[],0.9960874319076538,0.9978856444358826,0.9960874319076538,0,0.9810422658920288,[],"[{""group"":""space"",""original"":{""outside"":1},""candidate"":{""on"":1,""outside"":1},""field"":""hypothesis""}]",,,0.27586206896551724,1.4166666666666667,False,False,False,False,False,facebook/nllb-200-distilled-600M,f8d333a098d19b4fd9a8b18f94170487ad3f821d,MoritzLaurer/DeBERTa-v3-base-mnli-fever-anli,6f5cf0a2b59cabb106aca4c287eed12e357e90eb,0.1228703,,,,
635,635:premise:fra_Latn,premise,fra_Latn,entailment,A man and a woman are walking in a street.,a man and a woman walk down the street,A man and a woman are walking down a street.,a man and a woman walk down the street,A man and a woman are walking in a street.,A man and a woman are walking down a street.,True,[],0.981605589389801,0.9948922395706177,0.981605589389801,0,0.995741605758667,[],"[{""group"":""space"",""original"":{""in"":1},""candidate"":{},""field"":""premise""}]",,,0.046511627906976716,1.0476190476190477,False,False,False,False,False,facebook/nllb-200-distilled-600M,f8d333a098d19b4fd9a8b18f94170487ad3f821d,MoritzLaurer/DeBERTa-v3-base-mnli-fever-anli,6f5cf0a2b59cabb106aca4c287eed12e357e90eb,0.1226528,,,,
113,113:hypothesis:fra_Latn,hypothesis,fra_Latn,neutral,Two people in blue shirts are selling shoes in an outside market.,The shoes are being sold by the girls.,Two people in blue shirts are selling shoes in an outside market.,The shoes are sold by the girls.,The shoes are being sold by the girls.,The shoes are sold by the girls.,True,[],0.9963460564613342,0.9956507086753845,0.9956507086753845,1,0.881853461265564,[],[],,,0.08571428571428574,0.8421052631578947,False,False,False,False,False,facebook/nllb-200-distilled-600M,f8d333a098d19b4fd9a8b18f94170487ad3f821d,MoritzLaurer/DeBERTa-v3-base-mnli-fever-anli,6f5cf0a2b59cabb106aca4c287eed12e357e90eb,0.12249583,,,,
439,439:premise:fra_Latn,premise,fra_Latn,entailment,Three dogs are together outdoors checking out a fountain.,Animals by a fountain.,Three dogs are outside checking a fountain together.,Animals by a fountain.,Three dogs are together outdoors checking out a fountain.,Three dogs are outside checking a fountain together.,True,[],0.9976251721382141,0.997654914855957,0.9976251721382141,0,0.980766773223877,[],"[{""group"":""space"",""original"":{},""candidate"":{""outside"":1},""field"":""premise""}]",,,0.2660550458715596,0.9122807017543859,False,False,False,False,False,facebook/nllb-200-distilled-600M,f8d333a098d19b4fd9a8b18f94170487ad3f821d,MoritzLaurer/DeBERTa-v3-base-mnli-fever-anli,6f5cf0a2b59cabb106aca4c287eed12e357e90eb,0.12160805,,,,
562,562:hypothesis:fra_Latn,hypothesis,fra_Latn,neutral,A woman with curly brown hair looks at a menu.,The woman has decided on what she wants to eat.,A woman with curly brown hair looks at a menu.,The woman decided what she wanted to eat.,The woman has decided on what she wants to eat.,The woman decided what she wanted to eat.,True,[],0.9972236156463623,0.9947015643119812,0.9947015643119812,1,0.9838692545890808,[],"[{""group"":""space"",""original"":{""on"":1},""candidate"":{},""field"":""hypothesis""}]",,,0.11363636363636365,0.8723404255319149,False,False,False,False,False,facebook/nllb-200-distilled-600M,f8d333a098d19b4fd9a8b18f94170487ad3f821d,MoritzLaurer/DeBERTa-v3-base-mnli-fever-anli,6f5cf0a2b59cabb106aca4c287eed12e357e90eb,0.12142918,,,,
88,88:premise:fra_Latn,premise,fra_Latn,neutral,"A man washing his shirt, in a fountain in a park.",The man is living out of his car since losing his job 5 months ago.,A man washes his shirt in a fountain in a park.,The man is living out of his car since losing his job 5 months ago.,"A man washing his shirt, in a fountain in a park.",A man washes his shirt in a fountain in a park.,True,[],0.9964101910591125,0.9941593408584595,0.9941593408584595,1,0.8844305276870728,[],[],,,0.0625,0.9591836734693877,False,False,False,False,False,facebook/nllb-200-distilled-600M,f8d333a098d19b4fd9a8b18f94170487ad3f821d,MoritzLaurer/DeBERTa-v3-base-mnli-fever-anli,6f5cf0a2b59cabb106aca4c287eed12e357e90eb,0.12141013,,,,
641,641:premise:fra_Latn,premise,fra_Latn,contradiction,"A man dressed in a red t-shirt and blue jeans eats food he's holding in his hand, as he walks along a busy sidewalk, with an antique-style sign advertising wedding rings on the right-hand side of the picture.",A man in a suit holds a briefcase as he walks along an empty sidewalk.,"A man dressed in a red t-shirt and blue jeans eats the food he holds in his hand, as he walks down a busy sidewalk, with an antique-style sign announcing wedding rings on the right side of",A man in a suit holds a briefcase as he walks along an empty sidewalk.,"A man dressed in a red t-shirt and blue jeans eats food he's holding in his hand, as he walks along a busy sidewalk, with an antique-style sign advertising wedding rings on the right-hand side of the picture.","A man dressed in a red t-shirt and blue jeans eats the food he holds in his hand, as he walks down a busy sidewalk, with an antique-style sign announcing wedding rings on the right side of",True,[],0.9720630049705505,0.8792370557785034,0.8792370557785034,2,0.9995633959770203,[],[],,,0.11616161616161613,0.9038461538461539,False,False,False,False,False,facebook/nllb-200-distilled-600M,f8d333a098d19b4fd9a8b18f94170487ad3f821d,MoritzLaurer/DeBERTa-v3-base-mnli-fever-anli,6f5cf0a2b59cabb106aca4c287eed12e357e90eb,0.12119955,,,,
692,692:hypothesis:fra_Latn,hypothesis,fra_Latn,entailment,There is a person sitting on a plastic blow-up float in the high piled snow.,The person is outdoors.,There is a person sitting on a plastic blow-up float in the high piled snow.,The person is outside.,The person is outdoors.,The person is outside.,True,[],0.9976844787597656,0.9964697360992432,0.9964697360992432,0,0.9823618531227112,[],"[{""group"":""space"",""original"":{},""candidate"":{""outside"":1},""field"":""hypothesis""}]",,,0.15555555555555556,0.9565217391304348,False,False,False,False,False,facebook/nllb-200-distilled-600M,f8d333a098d19b4fd9a8b18f94170487ad3f821d,MoritzLaurer/DeBERTa-v3-base-mnli-fever-anli,6f5cf0a2b59cabb106aca4c287eed12e357e90eb,0.12116841,,,,
223,223:premise:fra_Latn,premise,fra_Latn,neutral,Three girls are walking along the sidewalk together and the one in the middle is bouncing a basketball.,Three girls are on their way to the park to shoot some hoops.,Three girls are walking along the sidewalk and the one in the middle is jumping a basketball.,Three girls are on their way to the park to shoot some hoops.,Three girls are walking along the sidewalk together and the one in the middle is bouncing a basketball.,Three girls are walking along the sidewalk and the one in the middle is jumping a basketball.,True,[],0.9008991718292236,0.8816350698471069,0.8816350698471069,1,0.9975960850715637,[],[],,,0.08163265306122447,0.9029126213592233,False,False,False,False,False,facebook/nllb-200-distilled-600M,f8d333a098d19b4fd9a8b18f94170487ad3f821d,MoritzLaurer/DeBERTa-v3-base-mnli-fever-anli,6f5cf0a2b59cabb106aca4c287eed12e357e90eb,0.12076885,,,,
208,208:hypothesis:fra_Latn,hypothesis,fra_Latn,entailment,Person in a red hat walking on a sidewalk on a snowy day.,The lady wore a red hat while she walked on the snowy sidewalk.,Person in a red hat walking on a sidewalk on a snowy day.,The lady was wearing a red hat as she walked down the snowy sidewalk.,The lady wore a red hat while she walked on the snowy sidewalk.,The lady was wearing a red hat as she walked down the snowy sidewalk.,True,[],0.9909537434577942,0.9979715943336487,0.9909537434577942,0,0.9882794618606567,[],"[{""group"":""space"",""original"":{""on"":1},""candidate"":{},""field"":""hypothesis""}]",,,0.1515151515151515,1.0952380952380953,False,False,False,False,False,facebook/nllb-200-distilled-600M,f8d333a098d19b4fd9a8b18f94170487ad3f821d,MoritzLaurer/DeBERTa-v3-base-mnli-fever-anli,6f5cf0a2b59cabb106aca4c287eed12e357e90eb,0.12076679,,,,
775,775:premise:fra_Latn,premise,fra_Latn,entailment,A religious man in a robe is sitting in contemplation.,A man wearing a robe looks to be very religious,A religious man dressed in a robe is sitting contemplating.,A man wearing a robe looks to be very religious,A religious man in a robe is sitting in contemplation.,A religious man dressed in a robe is sitting contemplating.,True,[],0.9974615573883057,0.9971004128456116,0.9971004128456116,0,0.9822023510932922,[],"[{""group"":""space"",""original"":{""in"":2},""candidate"":{""in"":1},""field"":""premise""}]",,,0.11504424778761058,1.0925925925925926,False,False,False,False,False,facebook/nllb-200-distilled-600M,f8d333a098d19b4fd9a8b18f94170487ad3f821d,MoritzLaurer/DeBERTa-v3-base-mnli-fever-anli,6f5cf0a2b59cabb106aca4c287eed12e357e90eb,0.12069724,,,,
677,677:premise:fra_Latn,premise,fra_Latn,neutral,"A woman is jogging on a road by a shoreline, holding an item up in the air.",The woman is holding a rock.,"A woman runs down a road near a beach, holding an object in the air.",The woman is holding a rock.,"A woman is jogging on a road by a shoreline, holding an item up in the air.","A woman runs down a road near a beach, holding an object in the air.",True,[],0.9974299073219299,0.9969039559364319,0.9969039559364319,1,0.9827568531036377,[],"[{""group"":""space"",""original"":{""on"":1,""in"":1},""candidate"":{""in"":1,""near"":1},""field"":""premise""}]",,,0.30069930069930073,0.9066666666666666,False,False,False,False,False,facebook/nllb-200-distilled-600M,f8d333a098d19b4fd9a8b18f94170487ad3f821d,MoritzLaurer/DeBERTa-v3-base-mnli-fever-anli,6f5cf0a2b59cabb106aca4c287eed12e357e90eb,0.12033919,,,,
25,25:premise:fra_Latn,premise,fra_Latn,entailment,"Two teams, one wearing blue and white, the other in red and white, are playing football.",There are people playing a game.,"Two teams, one in blue and white, the other in red and white, play football.",There are people playing a game.,"Two teams, one wearing blue and white, the other in red and white, are playing football.","Two teams, one in blue and white, the other in red and white, play football.",True,[],0.9894132018089294,0.9943878054618835,0.9894132018089294,0,0.9904975295066833,[],"[{""group"":""space"",""original"":{""in"":1},""candidate"":{""in"":2},""field"":""premise""}]",,,0.07317073170731703,0.8636363636363636,False,False,False,False,False,facebook/nllb-200-distilled-600M,f8d333a098d19b4fd9a8b18f94170487ad3f821d,MoritzLaurer/DeBERTa-v3-base-mnli-fever-anli,6f5cf0a2b59cabb106aca4c287eed12e357e90eb,0.12008927,,,,
127,127:premise:fra_Latn,premise,fra_Latn,contradiction,a woman bends down to reach in a plastic bag.,A woman is putting a box on a shelf.,A woman bends down to touch a plastic bag.,A woman is putting a box on a shelf.,a woman bends down to reach in a plastic bag.,A woman bends down to touch a plastic bag.,True,[],0.9946876764297485,0.9809335470199585,0.9809335470199585,2,0.9996042847633362,[],"[{""group"":""space"",""original"":{""in"":1},""candidate"":{},""field"":""premise""}]",,,0.10344827586206895,0.9333333333333333,False,False,False,False,False,facebook/nllb-200-distilled-600M,f8d333a098d19b4fd9a8b18f94170487ad3f821d,MoritzLaurer/DeBERTa-v3-base-mnli-fever-anli,6f5cf0a2b59cabb106aca4c287eed12e357e90eb,0.11946217,,,,
125,125:hypothesis:fra_Latn,hypothesis,fra_Latn,contradiction,One climber helps another in the snow.,The two men are walking unobstructed in the snow.,One climber helps another in the snow.,The two men are walking unobstructed through the snow.,The two men are walking unobstructed in the snow.,The two men are walking unobstructed through the snow.,True,[],0.995595395565033,0.9960935711860657,0.995595395565033,2,0.9850014448165894,[],"[{""group"":""space"",""original"":{""in"":1},""candidate"":{""through"":1},""field"":""hypothesis""}]",,,0.08737864077669899,1.1020408163265305,False,False,False,False,False,facebook/nllb-200-distilled-600M,f8d333a098d19b4fd9a8b18f94170487ad3f821d,MoritzLaurer/DeBERTa-v3-base-mnli-fever-anli,6f5cf0a2b59cabb106aca4c287eed12e357e90eb,0.11940316,,,,
270,270:premise:fra_Latn,premise,fra_Latn,neutral,A girl with a purple shirt with a heart on it is making an electrical switch.,A student is working in her technology education class.,A girl in a purple shirt with a heart on it makes an electric switch.,A student is working in her technology education class.,A girl with a purple shirt with a heart on it is making an electrical switch.,A girl in a purple shirt with a heart on it makes an electric switch.,True,[],0.9936901330947876,0.9905457496643066,0.9905457496643066,1,0.9904764890670776,[],"[{""group"":""space"",""original"":{""on"":1},""candidate"":{""on"":1,""in"":1},""field"":""premise""}]",,,0.09589041095890416,0.8961038961038961,False,False,False,False,False,facebook/nllb-200-distilled-600M,f8d333a098d19b4fd9a8b18f94170487ad3f821d,MoritzLaurer/DeBERTa-v3-base-mnli-fever-anli,6f5cf0a2b59cabb106aca4c287eed12e357e90eb,0.11897776,,,,
208,208:premise:fra_Latn,premise,fra_Latn,entailment,Person in a red hat walking on a sidewalk on a snowy day.,The lady wore a red hat while she walked on the snowy sidewalk.,A person in a red hat walks down the sidewalk on a snowy day.,The lady wore a red hat while she walked on the snowy sidewalk.,Person in a red hat walking on a sidewalk on a snowy day.,A person in a red hat walks down the sidewalk on a snowy day.,True,[],0.9891848564147949,0.997184693813324,0.9891848564147949,0,0.9918736815452576,[],"[{""group"":""space"",""original"":{""on"":2,""in"":1},""candidate"":{""on"":1,""in"":1},""field"":""premise""}]",,,0.10169491525423724,1.0701754385964912,False,False,False,False,False,facebook/nllb-200-distilled-600M,f8d333a098d19b4fd9a8b18f94170487ad3f821d,MoritzLaurer/DeBERTa-v3-base-mnli-fever-anli,6f5cf0a2b59cabb106aca4c287eed12e357e90eb,0.11894146,,,,
16,16:hypothesis:fra_Latn,hypothesis,fra_Latn,neutral,"A man in sunglasses, a red striped sweater, and a leather jacket smiles and points his finger.",A black man in sunglasses and a leather jacket is smiling while pointing a finger,"A man in sunglasses, a red striped sweater, and a leather jacket smiles and points his finger.",A black man with sunglasses and a leather jacket smiles pointing a finger.,A black man in sunglasses and a leather jacket is smiling while pointing a finger,A black man with sunglasses and a leather jacket smiles pointing a finger.,True,[],0.9879569411277771,0.9907644987106323,0.9879569411277771,1,0.9935203194618225,[],"[{""group"":""space"",""original"":{""in"":1},""candidate"":{},""field"":""hypothesis""}]",,,0.10967741935483866,0.9135802469135802,False,False,False,False,False,facebook/nllb-200-distilled-600M,f8d333a098d19b4fd9a8b18f94170487ad3f821d,MoritzLaurer/DeBERTa-v3-base-mnli-fever-anli,6f5cf0a2b59cabb106aca4c287eed12e357e90eb,0.11852274,,,,
591,591:premise:fra_Latn,premise,fra_Latn,neutral,A girl wearing a blue shirt fixing her hair while looking into a pink mirror.,A girl with blonde hair in front of a mirror.,A girl in a blue shirt who's fixing her hair by looking at a pink mirror.,A girl with blonde hair in front of a mirror.,A girl wearing a blue shirt fixing her hair while looking into a pink mirror.,A girl in a blue shirt who's fixing her hair by looking at a pink mirror.,True,[],0.9949926733970642,0.996117115020752,0.9949926733970642,1,0.9865459203720093,[],"[{""group"":""space"",""original"":{},""candidate"":{""in"":1},""field"":""premise""}]",,,0.1466666666666666,0.948051948051948,False,False,False,False,False,facebook/nllb-200-distilled-600M,f8d333a098d19b4fd9a8b18f94170487ad3f821d,MoritzLaurer/DeBERTa-v3-base-mnli-fever-anli,6f5cf0a2b59cabb106aca4c287eed12e357e90eb,0.11846141,,,,
461,461:premise:fra_Latn,premise,fra_Latn,contradiction,A woman in shorts and a white top is taking a picture with a digital camera as a young man watches.,A woman in shorts and a white top is talking on her cellphone to a close friend.,A woman in shorts and a white shirt takes a photo with a digital camera while a young man watches.,A woman in shorts and a white top is talking on her cellphone to a close friend.,A woman in shorts and a white top is taking a picture with a digital camera as a young man watches.,A woman in shorts and a white shirt takes a photo with a digital camera while a young man watches.,True,[],0.8998230695724487,0.9870741367340088,0.8998230695724487,2,0.9824005365371704,[],[],,,0.14720812182741116,0.98989898989899,False,False,False,False,False,facebook/nllb-200-distilled-600M,f8d333a098d19b4fd9a8b18f94170487ad3f821d,MoritzLaurer/DeBERTa-v3-base-mnli-fever-anli,6f5cf0a2b59cabb106aca4c287eed12e357e90eb,0.11777639,,,,
280,280:premise:fra_Latn,premise,fra_Latn,entailment,A man with an olive green shirt and messy hair plays a colorful drum set.,A man plays the drums.,A man in an olive green shirt and disordered hair plays a set of colorful drums.,A man plays the drums.,A man with an olive green shirt and messy hair plays a colorful drum set.,A man in an olive green shirt and disordered hair plays a set of colorful drums.,True,[],0.9851164221763611,0.9966318011283875,0.9851164221763611,0,0.9971488118171692,[],"[{""group"":""space"",""original"":{},""candidate"":{""in"":1},""field"":""premise""}]",,,0.17647058823529416,1.095890410958904,False,False,False,False,False,facebook/nllb-200-distilled-600M,f8d333a098d19b4fd9a8b18f94170487ad3f821d,MoritzLaurer/DeBERTa-v3-base-mnli-fever-anli,6f5cf0a2b59cabb106aca4c287eed12e357e90eb,0.11773477,,,,
470,470:hypothesis:fra_Latn,hypothesis,fra_Latn,contradiction,"Two older women smiling and standing in front of large trees, one woman is fixing her hair.",The women are skateboarding down a busy street.,"Two older women smiling and standing in front of large trees, one woman is fixing her hair.",Women are skating in a busy street.,The women are skateboarding down a busy street.,Women are skating in a busy street.,True,[],0.9973856806755066,0.9828402996063232,0.9828402996063232,2,0.9995661377906799,[],"[{""group"":""space"",""original"":{},""candidate"":{""in"":1},""field"":""hypothesis""}]",,,0.1707317073170732,0.7446808510638298,False,False,False,False,False,facebook/nllb-200-distilled-600M,f8d333a098d19b4fd9a8b18f94170487ad3f821d,MoritzLaurer/DeBERTa-v3-base-mnli-fever-anli,6f5cf0a2b59cabb106aca4c287eed12e357e90eb,0.11759356,,,,
752,752:premise:fra_Latn,premise,fra_Latn,neutral,two men working a construction job,The two men are sweating.,two men working in a construction company,The two men are sweating.,two men working a construction job,two men working in a construction company,True,[],0.9839890599250793,0.995488703250885,0.9839890599250793,1,0.9992108345031738,[],"[{""group"":""space"",""original"":{},""candidate"":{""in"":1},""field"":""premise""}]",,,0.1466666666666666,1.2058823529411764,False,False,False,False,False,facebook/nllb-200-distilled-600M,f8d333a098d19b4fd9a8b18f94170487ad3f821d,MoritzLaurer/DeBERTa-v3-base-mnli-fever-anli,6f5cf0a2b59cabb106aca4c287eed12e357e90eb,0.11680011,,,,
723,723:premise:fra_Latn,premise,fra_Latn,neutral,A person holding a small dog on a leash is bending over and looking through items.,The person is looking though several shopping bags.,A person holding a little dog on a leash bends over and looks at objects.,The person is looking though several shopping bags.,A person holding a small dog on a leash is bending over and looking through items.,A person holding a little dog on a leash bends over and looks at objects.,True,[],0.9974679946899414,0.9841564297676086,0.9841564297676086,1,0.9991539716720581,[],"[{""group"":""space"",""original"":{""on"":1,""through"":1,""over"":1},""candidate"":{""on"":1,""over"":1},""field"":""premise""}]",,,0.2129032258064516,0.8902439024390244,False,False,False,False,False,facebook/nllb-200-distilled-600M,f8d333a098d19b4fd9a8b18f94170487ad3f821d,MoritzLaurer/DeBERTa-v3-base-mnli-fever-anli,6f5cf0a2b59cabb106aca4c287eed12e357e90eb,0.1166896,,,,
454,454:premise:fra_Latn,premise,fra_Latn,contradiction,A group of people hold on to a long skinny object.,No one is holding on to an object,"A group of people clinging to a long, thin object.",No one is holding on to an object,A group of people hold on to a long skinny object.,"A group of people clinging to a long, thin object.",True,[],0.98371821641922,0.9961983561515808,0.98371821641922,2,0.9996156692504883,[],"[{""group"":""space"",""original"":{""on"":1},""candidate"":{},""field"":""premise""}]",,,0.18000000000000005,1.0,False,False,False,False,False,facebook/nllb-200-distilled-600M,f8d333a098d19b4fd9a8b18f94170487ad3f821d,MoritzLaurer/DeBERTa-v3-base-mnli-fever-anli,6f5cf0a2b59cabb106aca4c287eed12e357e90eb,0.11666611,,,,
265,265:premise:fra_Latn,premise,fra_Latn,entailment,A man with a red hat looking at something in a glass counter and starfish on top in a metal container.,A man is looking at an object.,A man in a red hat looking at something in a glass counter and sea stars up in a metal container.,A man is looking at an object.,A man with a red hat looking at something in a glass counter and starfish on top in a metal container.,A man in a red hat looking at something in a glass counter and sea stars up in a metal container.,True,[],0.9908041954040527,0.9903861284255981,0.9903861284255981,0,0.9930031895637512,[],"[{""group"":""space"",""original"":{""on"":1,""in"":2},""candidate"":{""in"":3},""field"":""premise""}]",,,0.085427135678392,0.9509803921568627,False,False,False,False,False,facebook/nllb-200-distilled-600M,f8d333a098d19b4fd9a8b18f94170487ad3f821d,MoritzLaurer/DeBERTa-v3-base-mnli-fever-anli,6f5cf0a2b59cabb106aca4c287eed12e357e90eb,0.11661068,,,,
136,136:hypothesis:fra_Latn,hypothesis,fra_Latn,entailment,A girl wearing a white coat standing in a fountain.,A girl wearing a white coat standing.,A girl wearing a white coat standing in a fountain.,A girl in a white coat standing there.,A girl wearing a white coat standing.,A girl in a white coat standing there.,True,[],0.9911375045776367,0.9961178302764893,0.9911375045776367,0,0.9923227429389954,[],"[{""group"":""space"",""original"":{},""candidate"":{""in"":1},""field"":""hypothesis""}]",,,0.1466666666666666,1.027027027027027,False,False,False,False,False,facebook/nllb-200-distilled-600M,f8d333a098d19b4fd9a8b18f94170487ad3f821d,MoritzLaurer/DeBERTa-v3-base-mnli-fever-anli,6f5cf0a2b59cabb106aca4c287eed12e357e90eb,0.11653975,,,,
726,726:premise:fra_Latn,premise,fra_Latn,neutral,A woman in a park wearing a hat and holding a scarf over her face.,A woman is in a city park.,A woman in a park wearing a hat and a scarf on her face.,A woman is in a city park.,A woman in a park wearing a hat and holding a scarf over her face.,A woman in a park wearing a hat and a scarf on her face.,True,[],0.9947658777236938,0.9860617518424988,0.9860617518424988,1,0.9975392818450928,[],"[{""group"":""space"",""original"":{""in"":1,""over"":1},""candidate"":{""on"":1,""in"":1},""field"":""premise""}]",,,0.09836065573770492,0.8484848484848485,False,False,False,False,False,facebook/nllb-200-distilled-600M,f8d333a098d19b4fd9a8b18f94170487ad3f821d,MoritzLaurer/DeBERTa-v3-base-mnli-fever-anli,6f5cf0a2b59cabb106aca4c287eed12e357e90eb,0.11639897,,,,
590,590:premise:fra_Latn,premise,fra_Latn,entailment,There is a man and a woman sitting on lawn chairs next to a skate park with a group of guys on bicycles in the background and a woman with a child in a stroller on the side of the picture.,A group of people outdoors.,There's a man and a woman sitting on lawn chairs next to a skate park with a group of guys riding a bike in the background and a woman with a child in a stroller on the side of the photo.,A group of people outdoors.,There is a man and a woman sitting on lawn chairs next to a skate park with a group of guys on bicycles in the background and a woman with a child in a stroller on the side of the picture.,There's a man and a woman sitting on lawn chairs next to a skate park with a group of guys riding a bike in the background and a woman with a child in a stroller on the side of the photo.,True,[],0.988664984703064,0.9900268316268921,0.988664984703064,0,0.9949474334716797,[],"[{""group"":""space"",""original"":{""on"":3,""in"":2},""candidate"":{""on"":2,""in"":2},""field"":""premise""}]",,,0.06666666666666665,0.9946808510638298,False,False,False,False,False,facebook/nllb-200-distilled-600M,f8d333a098d19b4fd9a8b18f94170487ad3f821d,MoritzLaurer/DeBERTa-v3-base-mnli-fever-anli,6f5cf0a2b59cabb106aca4c287eed12e357e90eb,0.11638758,,,,
275,275:hypothesis:fra_Latn,hypothesis,fra_Latn,contradiction,A man and two young girls in a forest.,A man and his two daughters eat ice cream indoors.,A man and two young girls in a forest.,A man and his two daughters are eating ice cream inside.,A man and his two daughters eat ice cream indoors.,A man and his two daughters are eating ice cream inside.,True,[],0.9963471293449402,0.9892203211784363,0.9892203211784363,2,0.9946221113204956,[],"[{""group"":""space"",""original"":{},""candidate"":{""inside"":1},""field"":""hypothesis""}]",,,0.13207547169811318,1.12,False,False,False,False,False,facebook/nllb-200-distilled-600M,f8d333a098d19b4fd9a8b18f94170487ad3f821d,MoritzLaurer/DeBERTa-v3-base-mnli-fever-anli,6f5cf0a2b59cabb106aca4c287eed12e357e90eb,0.11615757,,,,
745,745:hypothesis:fra_Latn,hypothesis,fra_Latn,neutral,A man is sitting on the floor meditating,A man is meditating while listening to water noises.,A man is sitting on the floor meditating,A man meditates on the sound of water.,A man is meditating while listening to water noises.,A man meditates on the sound of water.,True,[],0.9850257039070129,0.9932307004928589,0.9850257039070129,1,0.9991257786750793,[],"[{""group"":""space"",""original"":{},""candidate"":{""on"":1},""field"":""hypothesis""}]",,,0.3555555555555555,0.7307692307692307,False,False,False,False,False,facebook/nllb-200-distilled-600M,f8d333a098d19b4fd9a8b18f94170487ad3f821d,MoritzLaurer/DeBERTa-v3-base-mnli-fever-anli,6f5cf0a2b59cabb106aca4c287eed12e357e90eb,0.11584852,,,,
336,336:premise:fra_Latn,premise,fra_Latn,contradiction,Two young men are leaping exuberantly on an outdoor plaza.,The two men have just been stuck in concrete boots and are drowning in the Hudson River.,Two young men are jumping up and down an open square.,The two men have just been stuck in concrete boots and are drowning in the Hudson River.,Two young men are leaping exuberantly on an outdoor plaza.,Two young men are jumping up and down an open square.,True,[],0.9850322008132935,0.9857630729675293,0.9850322008132935,2,0.9992004036903381,[],"[{""group"":""space"",""original"":{""on"":1},""candidate"":{},""field"":""premise""}]",,,0.33333333333333337,0.9137931034482759,False,False,False,False,False,facebook/nllb-200-distilled-600M,f8d333a098d19b4fd9a8b18f94170487ad3f821d,MoritzLaurer/DeBERTa-v3-base-mnli-fever-anli,6f5cf0a2b59cabb106aca4c287eed12e357e90eb,0.1157674,,,,
439,439:hypothesis:fra_Latn,hypothesis,fra_Latn,entailment,Three dogs are together outdoors checking out a fountain.,Animals by a fountain.,Three dogs are together outdoors checking out a fountain.,Animals near a fountain.,Animals by a fountain.,Animals near a fountain.,True,[],0.995875895023346,0.9956047534942627,0.9956047534942627,0,0.988664448261261,[],"[{""group"":""space"",""original"":{},""candidate"":{""near"":1},""field"":""hypothesis""}]",,,0.13043478260869568,1.0909090909090908,False,False,False,False,False,facebook/nllb-200-distilled-600M,f8d333a098d19b4fd9a8b18f94170487ad3f821d,MoritzLaurer/DeBERTa-v3-base-mnli-fever-anli,6f5cf0a2b59cabb106aca4c287eed12e357e90eb,0.1157308,,,,
397,397:hypothesis:fra_Latn,hypothesis,fra_Latn,neutral,"two kids, one with green pants and the other with a white shirt and jeans are running down a street.",There are children running after someone outside.,"two kids, one with green pants and the other with a white shirt and jeans are running down a street.",There are kids out there running after someone.,There are children running after someone outside.,There are kids out there running after someone.,True,[],0.9983548521995544,0.996065080165863,0.996065080165863,1,0.988350510597229,[],"[{""group"":""space"",""original"":{""outside"":1},""candidate"":{},""field"":""hypothesis""}]",,,0.25,0.9591836734693877,False,False,False,False,False,facebook/nllb-200-distilled-600M,f8d333a098d19b4fd9a8b18f94170487ad3f821d,MoritzLaurer/DeBERTa-v3-base-mnli-fever-anli,6f5cf0a2b59cabb106aca4c287eed12e357e90eb,0.11558441,,,,
462,462:hypothesis:fra_Latn,hypothesis,fra_Latn,entailment,"A single man, riding his bike on the pier at sunset.",The man is riding his bike,"A single man, riding his bike on the pier at sunset.",The man 's on his bike .,The man is riding his bike,The man 's on his bike .,True,[],0.9959828853607178,0.988610029220581,0.988610029220581,0,0.9961976408958435,[],"[{""group"":""space"",""original"":{},""candidate"":{""on"":1},""field"":""hypothesis""}]",,,0.19999999999999996,0.9230769230769231,False,False,False,False,False,facebook/nllb-200-distilled-600M,f8d333a098d19b4fd9a8b18f94170487ad3f821d,MoritzLaurer/DeBERTa-v3-base-mnli-fever-anli,6f5cf0a2b59cabb106aca4c287eed12e357e90eb,0.11519233,,,,
16,16:premise:fra_Latn,premise,fra_Latn,neutral,"A man in sunglasses, a red striped sweater, and a leather jacket smiles and points his finger.",A black man in sunglasses and a leather jacket is smiling while pointing a finger,"A man with sunglasses, a striped red sweater and a leather jacket smiles and points his finger.",A black man in sunglasses and a leather jacket is smiling while pointing a finger,"A man in sunglasses, a red striped sweater, and a leather jacket smiles and points his finger.","A man with sunglasses, a striped red sweater and a leather jacket smiles and points his finger.",True,[],0.9901705384254456,0.9924111366271973,0.9901705384254456,1,0.9950945377349854,[],"[{""group"":""space"",""original"":{""in"":1},""candidate"":{},""field"":""premise""}]",,,0.06878306878306883,1.0106382978723405,False,False,False,False,False,facebook/nllb-200-distilled-600M,f8d333a098d19b4fd9a8b18f94170487ad3f821d,MoritzLaurer/DeBERTa-v3-base-mnli-fever-anli,6f5cf0a2b59cabb106aca4c287eed12e357e90eb,0.11473492,,,,
314,314:premise:fra_Latn,premise,fra_Latn,neutral,A waveboarder skims through the surf at sunset.,A person is in a waveboader competition.,A surfer crosses the wave at sunset.,A person is in a waveboader competition.,A waveboarder skims through the surf at sunset.,A surfer crosses the wave at sunset.,True,[],0.995593249797821,0.9914189577102661,0.9914189577102661,1,0.9941800832748413,[],"[{""group"":""space"",""original"":{""through"":1},""candidate"":{},""field"":""premise""}]",,,0.5903614457831325,0.7659574468085106,False,False,False,False,False,facebook/nllb-200-distilled-600M,f8d333a098d19b4fd9a8b18f94170487ad3f821d,MoritzLaurer/DeBERTa-v3-base-mnli-fever-anli,6f5cf0a2b59cabb106aca4c287eed12e357e90eb,0.11440096,,,,
667,667:premise:fra_Latn,premise,fra_Latn,neutral,A guy lifts some heavy weights while an older man assists him.,A man helping another man bench press.,A guy lifts heavy weights while an older man helps him.,A man helping another man bench press.,A guy lifts some heavy weights while an older man assists him.,A guy lifts heavy weights while an older man helps him.,True,[],0.9972472786903381,0.9931424856185913,0.9931424856185913,1,0.9924800395965576,[],"[{""group"":""quantifier"",""original"":{""some"":1},""candidate"":{},""field"":""premise""}]",,,0.1282051282051282,0.8870967741935484,False,False,False,False,False,facebook/nllb-200-distilled-600M,f8d333a098d19b4fd9a8b18f94170487ad3f821d,MoritzLaurer/DeBERTa-v3-base-mnli-fever-anli,6f5cf0a2b59cabb106aca4c287eed12e357e90eb,0.11437747,,,,
181,181:premise:fra_Latn,premise,fra_Latn,entailment,A dog taking a poop in the street.,A dog is pooping.,A dog that's doing shit on the street.,A dog is pooping.,A dog taking a poop in the street.,A dog that's doing shit on the street.,True,[],0.9963812828063965,0.9952267408370972,0.9952267408370972,0,0.9904897212982178,[],"[{""group"":""space"",""original"":{""in"":1},""candidate"":{""on"":1},""field"":""premise""}]",,,0.25,1.1176470588235294,False,False,False,False,False,facebook/nllb-200-distilled-600M,f8d333a098d19b4fd9a8b18f94170487ad3f821d,MoritzLaurer/DeBERTa-v3-base-mnli-fever-anli,6f5cf0a2b59cabb106aca4c287eed12e357e90eb,0.11428354,,,,
671,671:premise:fra_Latn,premise,fra_Latn,entailment,A woman in a red dress and a man in a white suite are engaging in a ballet performance on a purple lit stage.,A man and woman are dancing.,A woman in a red dress and a man in a white suite perform a ballet on a purple-lit stage.,A man and woman are dancing.,A woman in a red dress and a man in a white suite are engaging in a ballet performance on a purple lit stage.,A woman in a red dress and a man in a white suite perform a ballet on a purple-lit stage.,True,[],0.9907612204551697,0.9952066540718079,0.9907612204551697,0,0.9955931305885315,[],"[{""group"":""space"",""original"":{""on"":1,""in"":3},""candidate"":{""on"":1,""in"":2},""field"":""premise""}]",,,0.1717171717171717,0.8165137614678899,False,False,False,False,False,facebook/nllb-200-distilled-600M,f8d333a098d19b4fd9a8b18f94170487ad3f821d,MoritzLaurer/DeBERTa-v3-base-mnli-fever-anli,6f5cf0a2b59cabb106aca4c287eed12e357e90eb,0.11364565,,,,
499,499:premise:fra_Latn,premise,fra_Latn,entailment,People are ice-skating and walking across a frozen surface with the Adobe building in the background.,The people are skating.,People are ice skating and walking on a frozen surface with the Adobe building in the background.,The people are skating.,People are ice-skating and walking across a frozen surface with the Adobe building in the background.,People are ice skating and walking on a frozen surface with the Adobe building in the background.,True,[],0.9948010444641113,0.9923930168151855,0.9923930168151855,0,0.9942359328269958,[],"[{""group"":""space"",""original"":{""in"":1},""candidate"":{""on"":1,""in"":1},""field"":""premise""}]",,,0.04040404040404044,0.9603960396039604,False,False,False,False,False,facebook/nllb-200-distilled-600M,f8d333a098d19b4fd9a8b18f94170487ad3f821d,MoritzLaurer/DeBERTa-v3-base-mnli-fever-anli,6f5cf0a2b59cabb106aca4c287eed12e357e90eb,0.11337105,,,,
