source_index,original_source_index,candidate_id,augmented_field,gold_label,original_premise,original_hypothesis,augmented_premise,augmented_hypothesis,original_sentence,back_translated_sentence,semantic_forward,semantic_backward,semantic_min,original_nli_predicted_label,original_nli_gold_probability,candidate_nli_predicted_label,candidate_nli_gold_probability,nli_gold_probability_delta,nli_transition,confidence_drop,hard_cue_changes,soft_cue_changes,change_ratio,length_ratio,accepted,reasons,review_categories,number_before_raw,number_after_raw,number_change_type,review_semantic_equivalent,review_label_preserved,review_useful_augmentation,review_verdict,review_notes
1,90,1:hypothesis:fra_Latn,hypothesis,contradiction,"A woman is walking across the street eating a banana, while a man is following with his briefcase.",Nobody has food.,"A woman is walking across the street eating a banana, while a man is following with his briefcase.",No one has food.,Nobody has food.,No one has food.,0.9970947504043579,0.9971195459365845,0.9970947504043579,contradiction,0.9988769888877869,contradiction,0.9993472695350647,0.00047028064727783203,STABLE_GOLD,False,"[{""group"":""negation"",""original"":{""nobody"":1},""candidate"":{""no"":1},""field"":""hypothesis""},{""group"":""number"",""original"":{},""candidate"":{""one"":1},""field"":""hypothesis""}]",[],0.1875,1.0,False,"[""hard_cue_changed""]",NEGATION_CUE|NUMBER_CUE,{},"{""one"":1}",NUMBER_ADDED,,,,,
2,707,2:premise:fra_Latn,premise,entailment,a motorcyclist does a nose wheelie.,A motorcyclist doing a wheelie,A motorcyclist makes a nose roll.,A motorcyclist doing a wheelie,a motorcyclist does a nose wheelie.,A motorcyclist makes a nose roll.,0.8517272472381592,0.697882354259491,0.697882354259491,entailment,0.993026852607727,neutral,0.06052945554256439,-0.9324973970651627,TRUE_FLIP,False,[],[],0.20588235294117652,0.9428571428571428,False,"[""semantic_drift"",""label_flip""]",SEMANTIC_DRIFT|TRUE_FLIP,,,,,,,,
3,760,3:hypothesis:fra_Latn,hypothesis,neutral,A soccer game played by a blue team and a red team on a perfectly manicured field at dusk.,People are playing soccer for a competition.,A soccer game played by a blue team and a red team on a perfectly manicured field at dusk.,People play football for a competition.,People are playing soccer for a competition.,People play football for a competition.,0.11255697160959244,0.8818953633308411,0.11255697160959244,neutral,0.5028151869773865,entailment,0.05056066811084747,-0.452254518866539,TRUE_FLIP,False,[],[],0.22891566265060237,0.8863636363636364,False,"[""semantic_drift"",""label_flip""]",TRUE_FLIP,,,,,,,,
3,760,3:premise:fra_Latn,premise,neutral,A soccer game played by a blue team and a red team on a perfectly manicured field at dusk.,People are playing soccer for a competition.,A football game played by a blue team and a red team on a perfectly tidy field at dusk.,People are playing soccer for a competition.,A soccer game played by a blue team and a red team on a perfectly manicured field at dusk.,A football game played by a blue team and a red team on a perfectly tidy field at dusk.,0.9048389196395874,0.9821614027023315,0.9048389196395874,neutral,0.5028151869773865,entailment,0.15461501479148865,-0.3482001721858978,TRUE_FLIP,False,[],[],0.11864406779661019,0.9666666666666667,False,"[""label_flip""]",TRUE_FLIP,,,,,,,,
6,2194,6:premise:fra_Latn,premise,neutral,Two people are planting small bushes near a grassy area.,Two people are planting bushes for charity.,Two people are planting little bushes near a grassy area.,Two people are planting bushes for charity.,Two people are planting small bushes near a grassy area.,Two people are planting little bushes near a grassy area.,0.9979504942893982,0.9974109530448914,0.9974109530448914,neutral,0.9989271759986877,neutral,0.9988778233528137,-4.935264587402344e-05,STABLE_GOLD,False,[],[],0.06194690265486724,1.0178571428571428,True,[],ACCEPTED_HIGH_CONFIDENCE,,,,,,,,
11,4548,11:hypothesis:fra_Latn,hypothesis,contradiction,"Four musicians playing reed instruments with one playing a clarinet and three playing saxophones, being watched by a young child on a bicycle.",some musicians sleep,"Four musicians playing reed instruments with one playing a clarinet and three playing saxophones, being watched by a young child on a bicycle.",Some musicians are asleep.,some musicians sleep,Some musicians are asleep.,0.9937859773635864,0.9931911826133728,0.9931911826133728,neutral,0.01081023272126913,neutral,0.045716430991888046,0.034906198270618916,VERIFIER_GOLD_DISAGREEMENT_STABLE,False,[],[],0.13043478260869568,1.3,False,"[""label_flip""]",VERIFIER_GOLD_DISAGREEMENT,,,,,,,,
12,5321,12:premise:fra_Latn,premise,entailment,"Two young adults at a rodeo, one is helping the other to fix an injury to his arm after a brief ride.",Two young adults are at a rodeo.,"Two young adults on a rodeo, one helping the other to repair an arm injury after a short walk.",Two young adults are at a rodeo.,"Two young adults at a rodeo, one is helping the other to fix an injury to his arm after a brief ride.","Two young adults on a rodeo, one helping the other to repair an arm injury after a short walk.",0.0011723102070391178,0.012599664740264416,0.0011723102070391178,entailment,0.9977225661277771,entailment,0.996096670627594,-0.0016258955001831055,STABLE_GOLD,False,[],"[{""group"":""space"",""original"":{},""candidate"":{""on"":1},""field"":""premise""}]",0.23076923076923073,0.9306930693069307,False,"[""semantic_drift""]",SEMANTIC_DRIFT,,,,,,,,
17,7321,17:premise:fra_Latn,premise,neutral,A person picking garbanzo beans with her bear hands.,A person picks garbanzo beans with bear paws for hands.,A person who collects garbanzo beans with his bear hands.,A person picks garbanzo beans with bear paws for hands.,A person picking garbanzo beans with her bear hands.,A person who collects garbanzo beans with his bear hands.,0.06081399321556091,0.0049889544025063515,0.0049889544025063515,entailment,0.1327843815088272,entailment,0.015354876406490803,-0.1174295051023364,VERIFIER_GOLD_DISAGREEMENT_STABLE,False,[],[],0.19266055045871555,1.0961538461538463,False,"[""semantic_drift"",""label_flip""]",VERIFIER_GOLD_DISAGREEMENT,,,,,,,,
19,8435,19:hypothesis:fra_Latn,hypothesis,neutral,A young boy sit alone in a wagon and holds on tightly to two cattle as they follow his mother's wagon down a dusty dirt road.,A boy and his mother are moving.,A young boy sit alone in a wagon and holds on tightly to two cattle as they follow his mother's wagon down a dusty dirt road.,A boy and his mother are moving.,A boy and his mother are moving.,A boy and his mother are moving.,0.9970179796218872,0.9970179796218872,0.9970179796218872,entailment,0.014348148368299007,entailment,0.01434814091771841,-7.450580596923828e-09,VERIFIER_GOLD_DISAGREEMENT_STABLE,False,[],[],0.0,1.0,False,"[""trivial_copy"",""label_flip""]",VERIFIER_GOLD_DISAGREEMENT,,,,,,,,
19,8435,19:premise:fra_Latn,premise,neutral,A young boy sit alone in a wagon and holds on tightly to two cattle as they follow his mother's wagon down a dusty dirt road.,A boy and his mother are moving.,A young boy is sitting alone in a chariot and clinging tightly to two cattle that follow his mother's chariot on a dirt road.,A boy and his mother are moving.,A young boy sit alone in a wagon and holds on tightly to two cattle as they follow his mother's wagon down a dusty dirt road.,A young boy is sitting alone in a chariot and clinging tightly to two cattle that follow his mother's chariot on a dirt road.,0.34918639063835144,0.9048515558242798,0.34918639063835144,entailment,0.014348148368299007,entailment,0.05709698423743248,0.04274883586913347,VERIFIER_GOLD_DISAGREEMENT_STABLE,False,[],[],0.21599999999999997,1.0,False,"[""semantic_drift"",""label_flip""]",VERIFIER_GOLD_DISAGREEMENT,,,,,,,,
20,9707,20:hypothesis:fra_Latn,hypothesis,neutral,A woman in a white jacket is standing next to an older woman while reviewing a subway map.,Two two women are going to take the subway into town.,A woman in a white jacket is standing next to an older woman while reviewing a subway map.,Two women are taking the subway to the city.,Two two women are going to take the subway into town.,Two women are taking the subway to the city.,0.9939765930175781,0.9970983266830444,0.9939765930175781,neutral,0.9943884015083313,neutral,0.970716655254364,-0.023671746253967285,STABLE_GOLD,False,"[{""group"":""number"",""original"":{""two"":2},""candidate"":{""two"":1},""field"":""hypothesis""}]",[],0.2989690721649485,0.8301886792452831,False,"[""hard_cue_changed""]",NUMBER_CUE,"{""two"":2}","{""two"":1}",POSSIBLE_VALUE_CHANGE,,,,,
21,10680,21:hypothesis:fra_Latn,hypothesis,contradiction,Two girls looking in microscopes.,the two girls are listening to music while in science class instead of doing their homework,Two girls looking in microscopes.,Both girls listen to music in science class instead of doing their homework.,the two girls are listening to music while in science class instead of doing their homework,Both girls listen to music in science class instead of doing their homework.,0.9962235689163208,0.995875895023346,0.995875895023346,contradiction,0.9993793964385986,contradiction,0.9995075464248657,0.00012814998626708984,STABLE_GOLD,False,"[{""group"":""number"",""original"":{""two"":1},""candidate"":{},""field"":""hypothesis""}]",[],0.12574850299401197,0.8351648351648352,False,"[""hard_cue_changed""]",NUMBER_CUE,"{""two"":1}",{},NUMBER_REMOVED,,,,,
22,11003,22:premise:fra_Latn,premise,neutral,Two men in suits laugh together.,The two guys in suits are talking and smiling.,Two men in suits laughing together.,The two guys in suits are talking and smiling.,Two men in suits laugh together.,Two men in suits laughing together.,0.9958398342132568,0.9967206120491028,0.9958398342132568,neutral,0.7599707841873169,entailment,0.45672398805618286,-0.30324679613113403,TRUE_FLIP,False,[],[],0.04477611940298509,1.09375,False,"[""label_flip""]",TRUE_FLIP,,,,,,,,
23,12969,23:hypothesis:fra_Latn,hypothesis,contradiction,"Two men walk in the park, one with a shaggy dog on a leash and a device for cleaning up canine droppings.",The dog isn't shaggy,"Two men walk in the park, one with a shaggy dog on a leash and a device for cleaning up canine droppings.",The dog's not sexy.,The dog isn't shaggy,The dog's not sexy.,0.022726181894540787,0.0067181834019720554,0.0067181834019720554,contradiction,0.9983012080192566,neutral,0.006090196315199137,-0.9922110117040575,TRUE_FLIP,False,"[{""group"":""negation"",""original"":{""n't"":1},""candidate"":{""not"":1},""field"":""hypothesis""}]",[],0.33333333333333337,0.95,False,"[""hard_cue_changed"",""semantic_drift"",""label_flip""]",NEGATION_CUE|TRUE_FLIP,,,,,,,,
23,12969,23:premise:fra_Latn,premise,contradiction,"Two men walk in the park, one with a shaggy dog on a leash and a device for cleaning up canine droppings.",The dog isn't shaggy,"Two men are walking in the park, one with a dog on a rope and a canine excrement cleaner.",The dog isn't shaggy,"Two men walk in the park, one with a shaggy dog on a leash and a device for cleaning up canine droppings.","Two men are walking in the park, one with a dog on a rope and a canine excrement cleaner.",0.9899842739105225,0.020289311185479164,0.020289311185479164,contradiction,0.9983012080192566,neutral,0.0018931339727714658,-0.9964080740464851,TRUE_FLIP,False,[],[],0.3402061855670103,0.8476190476190476,False,"[""semantic_drift"",""label_flip""]",TRUE_FLIP,,,,,,,,
25,13559,25:hypothesis:fra_Latn,hypothesis,entailment,"Two teams, one wearing blue and white, the other in red and white, are playing football.",There are people playing a game.,"Two teams, one wearing blue and white, the other in red and white, are playing football.",There are people who play a game.,There are people playing a game.,There are people who play a game.,0.997711181640625,0.9970611929893494,0.9970611929893494,entailment,0.9929476976394653,entailment,0.9927611351013184,-0.00018656253814697266,STABLE_GOLD,False,[],[],0.10769230769230764,1.03125,True,[],ACCEPTED_HIGH_CONFIDENCE,,,,,,,,
26,13833,26:premise:fra_Latn,premise,entailment,"A balding man in a dark suit and maroon tie, with a mustache and beard, plays bagpipes, as a young blond woman standing next to him in a light blue crop top and skirt listens and sticks her tongue out.",a balding man with facial hair wearing a dark suit and tie plays bagpipes as a young blonde woman stands next to him in a blue shirt and skirt sticking her tongue out.,"A white-headed man in a black suit and a brown tie, with a moustache and a beard, plays pipes, while a young blonde woman stands beside him in a light blue top and a skirt listens and",a balding man with facial hair wearing a dark suit and tie plays bagpipes as a young blonde woman stands next to him in a blue shirt and skirt sticking her tongue out.,"A balding man in a dark suit and maroon tie, with a mustache and beard, plays bagpipes, as a young blond woman standing next to him in a light blue crop top and skirt listens and sticks her tongue out.","A white-headed man in a black suit and a brown tie, with a moustache and a beard, plays pipes, while a young blonde woman stands beside him in a light blue top and a skirt listens and",0.9312997460365295,0.001005774480290711,0.001005774480290711,entailment,0.9894185662269592,neutral,0.08289541304111481,-0.9065231531858444,TRUE_FLIP,False,[],"[{""group"":""space"",""original"":{""in"":2},""candidate"":{""beside"":1,""in"":2},""field"":""premise""}]",0.21875,0.9104477611940298,False,"[""semantic_drift"",""label_flip""]",TRUE_FLIP,,,,,,,,
27,14934,27:hypothesis:fra_Latn,hypothesis,entailment,Man riding a yellow machine on a dirt field at an event,a man is driving a piece of equipment on the grounds of a venue.,Man riding a yellow machine on a dirt field at an event,A man drives equipment on the ground of a place.,a man is driving a piece of equipment on the grounds of a venue.,A man drives equipment on the ground of a place.,0.9972220659255981,0.9830445051193237,0.9830445051193237,entailment,0.9978760480880737,entailment,0.996451735496521,-0.0014243125915527344,STABLE_GOLD,False,[],[],0.2321428571428571,0.75,True,[],ACCEPTED_HIGH_CONFIDENCE,,,,,,,,
28,16601,28:premise:fra_Latn,premise,neutral,A lot of motorcycles lined up in Asia.,The vehicles are parked.,A lot of motorcycles have parked in Asia.,The vehicles are parked.,A lot of motorcycles lined up in Asia.,A lot of motorcycles have parked in Asia.,0.9794517159461975,0.9800048470497131,0.9794517159461975,entailment,0.0920761227607727,entailment,0.04760682210326195,-0.04446930065751076,VERIFIER_GOLD_DISAGREEMENT_STABLE,False,[],[],0.189873417721519,1.0789473684210527,False,"[""label_flip""]",VERIFIER_GOLD_DISAGREEMENT,,,,,,,,
30,18456,30:premise:fra_Latn,premise,neutral,A person plays with a mega joule contraption consisting of wire tracks and colored balls.,The peson has a strange life with jouls and contraptions.,A person plays with a mega jug made up of traces of wire and colored bullets.,The peson has a strange life with jouls and contraptions.,A person plays with a mega joule contraption consisting of wire tracks and colored balls.,A person plays with a mega jug made up of traces of wire and colored bullets.,0.007596254348754883,0.6033747792243958,0.007596254348754883,neutral,0.9564386606216431,neutral,0.9554361701011658,-0.001002490520477295,STABLE_GOLD,False,[],[],0.24096385542168675,0.8651685393258427,False,"[""semantic_drift""]",SEMANTIC_DRIFT,,,,,,,,
31,18505,31:hypothesis:fra_Latn,hypothesis,contradiction,A man in jeans is lying on a wooden floor.,A man and woman is holding hands.,A man in jeans is lying on a wooden floor.,A man and a woman holding hands.,A man and woman is holding hands.,A man and a woman holding hands.,0.9956313371658325,0.995187520980835,0.995187520980835,contradiction,0.6059726476669312,neutral,0.3830985128879547,-0.22287413477897644,TRUE_FLIP,False,[],[],0.07692307692307687,0.9696969696969697,False,"[""label_flip""]",TRUE_FLIP,,,,,,,,
32,18686,32:hypothesis:fra_Latn,hypothesis,contradiction,A girl in pink is holding onto a young boy wearing red.,A sister is holding onto her brother in all black.,A girl in pink is holding onto a young boy wearing red.,A sister keeps her brother in the dark.,A sister is holding onto her brother in all black.,A sister keeps her brother in the dark.,0.9813857674598694,0.8186876177787781,0.8186876177787781,contradiction,0.999019980430603,neutral,0.10524536669254303,-0.89377461373806,TRUE_FLIP,False,[],"[{""group"":""quantifier"",""original"":{""all"":1},""candidate"":{},""field"":""hypothesis""}]",0.348314606741573,0.78,False,"[""label_flip""]",TRUE_FLIP,,,,,,,,
33,18790,33:premise:fra_Latn,premise,contradiction,A squirrel jumps in the snow.,A squirrel is attacking a small child.,A squirrel jumps in the snow.,A squirrel is attacking a small child.,A squirrel jumps in the snow.,A squirrel jumps in the snow.,0.9979664087295532,0.9979664087295532,0.9979664087295532,neutral,0.08828672021627426,neutral,0.08828672021627426,0.0,VERIFIER_GOLD_DISAGREEMENT_STABLE,False,[],[],0.0,1.0,False,"[""trivial_copy"",""label_flip""]",VERIFIER_GOLD_DISAGREEMENT,,,,,,,,
34,19294,34:hypothesis:fra_Latn,hypothesis,neutral,A shirtless man with sunglasses looks at the camera during a beach party.,the man is a model,A shirtless man with sunglasses looks at the camera during a beach party.,man is a model,the man is a model,man is a model,0.9912541508674622,0.9915728569030762,0.9912541508674622,neutral,0.9983038902282715,neutral,0.9963966012001038,-0.0019072890281677246,STABLE_GOLD,False,[],[],0.125,0.7777777777777778,True,[],ACCEPTED_HIGH_CONFIDENCE,,,,,,,,
35,19844,35:hypothesis:fra_Latn,hypothesis,entailment,A young blond boy looking at a white robot on a green table.,A young blond person looking at a white robot on a green table.,A young blond boy looking at a white robot on a green table.,A young blonde looking at a white robot on a green table.,A young blond person looking at a white robot on a green table.,A young blonde looking at a white robot on a green table.,0.9950087070465088,0.9938108325004578,0.9938108325004578,entailment,0.9864567518234253,entailment,0.9933235049247742,0.006866753101348877,STABLE_GOLD,False,[],[],0.050000000000000044,0.9047619047619048,True,[],ACCEPTED_HIGH_CONFIDENCE,,,,,,,,
35,19844,35:premise:fra_Latn,premise,entailment,A young blond boy looking at a white robot on a green table.,A young blond person looking at a white robot on a green table.,A young blonde looking at a white robot on a green table.,A young blond person looking at a white robot on a green table.,A young blond boy looking at a white robot on a green table.,A young blonde looking at a white robot on a green table.,0.9933235049247742,0.019680647179484367,0.019680647179484367,entailment,0.9864567518234253,entailment,0.9938108325004578,0.007354080677032471,STABLE_GOLD,False,[],[],0.042735042735042694,0.95,False,"[""semantic_drift""]",SEMANTIC_DRIFT,,,,,,,,
36,22740,36:hypothesis:fra_Latn,hypothesis,entailment,A man wearing an orange vest is standing on the street with a bulldozer behind him.,Guy in front of a bulldozer.,A man wearing an orange vest is standing on the street with a bulldozer behind him.,A guy in front of a bulldozer.,Guy in front of a bulldozer.,A guy in front of a bulldozer.,0.9931106567382812,0.995395839214325,0.9931106567382812,contradiction,0.1826387196779251,contradiction,0.1399925798177719,-0.0426461398601532,VERIFIER_GOLD_DISAGREEMENT_STABLE,False,[],[],0.03448275862068961,1.0714285714285714,False,"[""label_flip""]",VERIFIER_GOLD_DISAGREEMENT,,,,,,,,
36,22740,36:premise:fra_Latn,premise,entailment,A man wearing an orange vest is standing on the street with a bulldozer behind him.,Guy in front of a bulldozer.,A man in an orange vest stands in the street with a bulldozer behind him.,Guy in front of a bulldozer.,A man wearing an orange vest is standing on the street with a bulldozer behind him.,A man in an orange vest stands in the street with a bulldozer behind him.,0.996981680393219,0.9976748824119568,0.996981680393219,contradiction,0.1826387196779251,contradiction,0.27132388949394226,0.08868516981601715,VERIFIER_GOLD_DISAGREEMENT_STABLE,False,[],"[{""group"":""space"",""original"":{""on"":1,""behind"":1},""candidate"":{""in"":2,""behind"":1},""field"":""premise""}]",0.08974358974358976,0.8795180722891566,False,"[""label_flip""]",VERIFIER_GOLD_DISAGREEMENT,,,,,,,,
43,29415,43:hypothesis:fra_Latn,hypothesis,contradiction,"A man is operating a weed eater behind a building, and there is a red van nearby.",A man is working inside.,"A man is operating a weed eater behind a building, and there is a red van nearby.",There's a man working inside.,A man is working inside.,There's a man working inside.,0.9978394508361816,0.9975304007530212,0.9975304007530212,contradiction,0.9534854888916016,contradiction,0.8651098608970642,-0.08837562799453735,STABLE_GOLD,False,[],[],0.2075471698113207,1.2083333333333333,True,[],ACCEPTED_SCORE_BORDERLINE,,,,,,,,
43,29415,43:premise:fra_Latn,premise,contradiction,"A man is operating a weed eater behind a building, and there is a red van nearby.",A man is working inside.,"A man is operating a cannabis eater behind a building, and there's a red pickup truck nearby.",A man is working inside.,"A man is operating a weed eater behind a building, and there is a red van nearby.","A man is operating a cannabis eater behind a building, and there's a red pickup truck nearby.",0.0008543779258616269,0.0009919514413923025,0.0008543779258616269,contradiction,0.9534854888916016,contradiction,0.9896460175514221,0.03616052865982056,STABLE_GOLD,False,[],[],0.1724137931034483,1.1481481481481481,False,"[""semantic_drift""]",SEMANTIC_DRIFT,,,,,,,,
44,29765,44:premise:fra_Latn,premise,contradiction,A man on a bicycle rides up the side of a tree.,A man on a skateboard.,A man riding a bicycle climbs a tree.,A man on a skateboard.,A man on a bicycle rides up the side of a tree.,A man riding a bicycle climbs a tree.,0.9940709471702576,0.8927523493766785,0.8927523493766785,contradiction,0.9991926550865173,contradiction,0.9992105960845947,1.7940998077392578e-05,STABLE_GOLD,False,[],"[{""group"":""space"",""original"":{""on"":1},""candidate"":{},""field"":""premise""}]",0.33333333333333337,0.7872340425531915,True,[],ACCEPTED_SCORE_BORDERLINE,,,,,,,,
47,32579,47:hypothesis:fra_Latn,hypothesis,neutral,"Two musicians are carrying speakers, guitars, and musical equipment.",The musicians are going to band practice.,"Two musicians are carrying speakers, guitars, and musical equipment.",The musicians are going to practice.,The musicians are going to band practice.,The musicians are going to practice.,0.9972842931747437,0.001451247837394476,0.001451247837394476,neutral,0.9976015686988831,neutral,0.9968186616897583,-0.0007829070091247559,STABLE_GOLD,False,[],[],0.06493506493506496,0.8780487804878049,False,"[""semantic_drift""]",SEMANTIC_DRIFT,,,,,,,,
48,32673,48:hypothesis:fra_Latn,hypothesis,contradiction,A man sits in the floor slapping something while another woman watches and one stands in the kitchen talking.,Noone is watching the man.,A man sits in the floor slapping something while another woman watches and one stands in the kitchen talking.,No one's watching him.,Noone is watching the man.,No one's watching him.,0.9975220561027527,0.9966239929199219,0.9966239929199219,contradiction,0.9993467926979065,contradiction,0.9994598031044006,0.00011301040649414062,STABLE_GOLD,False,"[{""group"":""negation"",""original"":{},""candidate"":{""no"":1},""field"":""hypothesis""}]",[],0.20833333333333337,0.8461538461538461,False,"[""hard_cue_changed""]",NEGATION_CUE,,,,,,,,
49,34221,49:premise:fra_Latn,premise,neutral,Two men fix a bicycle on a trail.,Two men are out in the mountains.,Two men are fixing a bicycle on a track.,Two men are out in the mountains.,Two men fix a bicycle on a trail.,Two men are fixing a bicycle on a track.,0.049101218581199646,0.2521693706512451,0.049101218581199646,neutral,0.9715840220451355,contradiction,0.0025205551646649837,-0.9690634668804705,TRUE_FLIP,False,[],[],0.15068493150684936,1.2121212121212122,False,"[""semantic_drift"",""label_flip""]",TRUE_FLIP,,,,,,,,
50,34858,50:hypothesis:fra_Latn,hypothesis,neutral,Wolf-like dog chasing white wiffle ball through a green field.,The dog is in the field.,Wolf-like dog chasing white wiffle ball through a green field.,The dog is in the field.,The dog is in the field.,The dog is in the field.,0.9963133931159973,0.9963133931159973,0.9963133931159973,entailment,0.014200634323060513,entailment,0.014200634323060513,0.0,VERIFIER_GOLD_DISAGREEMENT_STABLE,False,[],[],0.0,1.0,False,"[""trivial_copy"",""label_flip""]",VERIFIER_GOLD_DISAGREEMENT,,,,,,,,
52,38085,52:hypothesis:fra_Latn,hypothesis,neutral,"Two young girls are playing on swings, and one is holding the other girls swing ""still.""",A girl is telling her friend it is her turn to swing.,"Two young girls are playing on swings, and one is holding the other girls swing ""still.""",A girl tells her friend it's her turn to swing.,A girl is telling her friend it is her turn to swing.,A girl tells her friend it's her turn to swing.,0.9971810579299927,0.9958284497261047,0.9958284497261047,contradiction,0.4574742615222931,neutral,0.8137177228927612,0.35624346137046814,RECOVERED_TO_GOLD,False,[],[],0.09999999999999998,0.8867924528301887,True,[],ACCEPTED_SCORE_BORDERLINE,,,,,,,,
52,38085,52:premise:fra_Latn,premise,neutral,"Two young girls are playing on swings, and one is holding the other girls swing ""still.""",A girl is telling her friend it is her turn to swing.,"Two young girls are playing scales, and one holds the other ""always"".",A girl is telling her friend it is her turn to swing.,"Two young girls are playing on swings, and one is holding the other girls swing ""still.""","Two young girls are playing scales, and one holds the other ""always"".",0.002003483008593321,0.0003613593289628625,0.0003613593289628625,contradiction,0.4574742615222931,contradiction,0.0011117418762296438,-0.45636251964606345,VERIFIER_GOLD_DISAGREEMENT_STABLE,False,[],"[{""group"":""space"",""original"":{""on"":1},""candidate"":{},""field"":""premise""}]",0.24840764331210186,0.7840909090909091,False,"[""semantic_drift"",""label_flip""]",VERIFIER_GOLD_DISAGREEMENT,,,,,,,,
53,38101,53:hypothesis:fra_Latn,hypothesis,neutral,A girl running through uneven sand with some withered grass.,The girl is not wearing shoes.,A girl running through uneven sand with some withered grass.,The girl doesn't wear shoes.,The girl is not wearing shoes.,The girl doesn't wear shoes.,0.9978317618370056,0.9950405955314636,0.9950405955314636,neutral,0.9979598522186279,neutral,0.9986128807067871,0.0006530284881591797,STABLE_GOLD,False,"[{""group"":""negation"",""original"":{""not"":1},""candidate"":{""n't"":1},""field"":""hypothesis""}]",[],0.1724137931034483,0.9333333333333333,False,"[""hard_cue_changed""]",NEGATION_CUE,,,,,,,,
54,38352,54:hypothesis:fra_Latn,hypothesis,contradiction,A baby that is smiling big.,A kid is crying.,A baby that is smiling big.,A child is crying.,A kid is crying.,A child is crying.,0.9977225661277771,0.9978594183921814,0.9977225661277771,contradiction,0.999405026435852,contradiction,0.9994039535522461,-1.0728836059570312e-06,STABLE_GOLD,False,[],[],0.11764705882352944,1.125,True,[],ACCEPTED_HIGH_CONFIDENCE,,,,,,,,
55,40045,55:hypothesis:fra_Latn,hypothesis,contradiction,Former First Lady Laura Bush wearing a peach colored dress speaks at a conference.,Laura Bush reads a newspaper while eating an orange.,Former First Lady Laura Bush wearing a peach colored dress speaks at a conference.,Laura Bush is reading a newspaper eating an orange.,Laura Bush reads a newspaper while eating an orange.,Laura Bush is reading a newspaper eating an orange.,0.9940527081489563,0.9972339272499084,0.9940527081489563,contradiction,0.9992152452468872,contradiction,0.9994814991950989,0.0002662539482116699,STABLE_GOLD,False,[],[],0.12621359223300976,0.9807692307692307,True,[],ACCEPTED_HIGH_CONFIDENCE,,,,,,,,
55,40045,55:premise:fra_Latn,premise,contradiction,Former First Lady Laura Bush wearing a peach colored dress speaks at a conference.,Laura Bush reads a newspaper while eating an orange.,"Former First Lady Laura Bush, dressed in a fish dress, speaks at a conference.",Laura Bush reads a newspaper while eating an orange.,Former First Lady Laura Bush wearing a peach colored dress speaks at a conference.,"Former First Lady Laura Bush, dressed in a fish dress, speaks at a conference.",0.0006343497661873698,0.0029429865535348654,0.0006343497661873698,contradiction,0.9992152452468872,contradiction,0.999265730381012,5.048513412475586e-05,STABLE_GOLD,False,[],"[{""group"":""space"",""original"":{},""candidate"":{""in"":1},""field"":""premise""}]",0.275,0.9512195121951219,False,"[""semantic_drift""]",SEMANTIC_DRIFT,,,,,,,,
64,45940,64:hypothesis:fra_Latn,hypothesis,neutral,A dog runs while holding an object in its mouth.,The dog brings the ball back to his owner.,A dog runs while holding an object in its mouth.,The dog returns the bullet to its owner.,The dog brings the ball back to his owner.,The dog returns the bullet to its owner.,0.0013250495539978147,0.0017047892324626446,0.0013250495539978147,neutral,0.9955845475196838,contradiction,0.21100786328315735,-0.7845766842365265,TRUE_FLIP,False,[],[],0.2195121951219512,0.9523809523809523,False,"[""semantic_drift"",""label_flip""]",TRUE_FLIP,,,,,,,,
64,45940,64:premise:fra_Latn,premise,neutral,A dog runs while holding an object in its mouth.,The dog brings the ball back to his owner.,A dog runs when he holds an object in his mouth.,The dog brings the ball back to his owner.,A dog runs while holding an object in its mouth.,A dog runs when he holds an object in his mouth.,0.9751476049423218,0.9888989329338074,0.9751476049423218,neutral,0.9955845475196838,neutral,0.8754958510398865,-0.12008869647979736,STABLE_GOLD,False,[],[],0.125,1.0,True,[],ACCEPTED_SCORE_BORDERLINE,,,,,,,,
68,48670,68:premise:fra_Latn,premise,entailment,Two children are sitting shirtless on a trampoline.,The children are outside.,Two kids sitting on a trampoline without a shirt.,The children are outside.,Two children are sitting shirtless on a trampoline.,Two kids sitting on a trampoline without a shirt.,0.9966893196105957,0.9968656897544861,0.9966893196105957,entailment,0.9531211256980896,entailment,0.9804713726043701,0.027350246906280518,STABLE_GOLD,False,"[{""group"":""negation"",""original"":{},""candidate"":{""without"":1},""field"":""premise""}]",[],0.38,0.9607843137254902,False,"[""hard_cue_changed""]",NEGATION_CUE,,,,,,,,
70,48999,70:hypothesis:fra_Latn,hypothesis,neutral,A person does a jump on a bike in a natural setting.,A person is jumping over a bench on a bike.,A person does a jump on a bike in a natural setting.,A person jumps off a bicycle bench.,A person is jumping over a bench on a bike.,A person jumps off a bicycle bench.,0.8702977895736694,0.9300181865692139,0.8702977895736694,neutral,0.9978662133216858,contradiction,0.009334437549114227,-0.9885317757725716,TRUE_FLIP,False,[],"[{""group"":""space"",""original"":{""on"":1,""over"":1},""candidate"":{},""field"":""hypothesis""}]",0.3846153846153846,0.813953488372093,False,"[""label_flip""]",TRUE_FLIP,,,,,,,,
70,48999,70:premise:fra_Latn,premise,neutral,A person does a jump on a bike in a natural setting.,A person is jumping over a bench on a bike.,A person jumps on a bicycle in a natural setting.,A person is jumping over a bench on a bike.,A person does a jump on a bike in a natural setting.,A person jumps on a bicycle in a natural setting.,0.9949542880058289,0.9969948530197144,0.9949542880058289,neutral,0.9978662133216858,neutral,0.998033344745636,0.0001671314239501953,STABLE_GOLD,False,[],[],0.12871287128712872,0.9423076923076923,True,[],ACCEPTED_HIGH_CONFIDENCE,,,,,,,,
73,50615,73:hypothesis:fra_Latn,hypothesis,contradiction,A ballet dancer poses at a photo shoot.,A football player taking a hit,A ballet dancer poses at a photo shoot.,A soccer player takes a hit,A football player taking a hit,A soccer player takes a hit,0.9802457690238953,0.834844172000885,0.834844172000885,contradiction,0.9993504881858826,contradiction,0.9992272853851318,-0.00012320280075073242,STABLE_GOLD,False,[],[],0.29824561403508776,0.9,True,[],ACCEPTED_SCORE_BORDERLINE,,,,,,,,
74,51049,74:premise:fra_Latn,premise,entailment,A young girl and an older man are checking out at the food store.,The two people have just bought some food.,A young girl and an older man are checking the grocery store.,The two people have just bought some food.,A young girl and an older man are checking out at the food store.,A young girl and an older man are checking the grocery store.,0.2887917160987854,0.9904926419258118,0.2887917160987854,neutral,0.002839494263753295,neutral,0.0009261071099899709,-0.001913387153763324,VERIFIER_GOLD_DISAGREEMENT_STABLE,False,[],[],0.12698412698412698,0.9384615384615385,False,"[""semantic_drift"",""label_flip""]",VERIFIER_GOLD_DISAGREEMENT,,,,,,,,
76,52808,76:premise:fra_Latn,premise,contradiction,A warehouse manager assisting an employee.,The manager is about to fire the employee.,A warehouse manager assists an employee.,The manager is about to fire the employee.,A warehouse manager assisting an employee.,A warehouse manager assists an employee.,0.997268557548523,0.9964189529418945,0.9964189529418945,contradiction,0.9609857797622681,contradiction,0.8604274392127991,-0.100558340549469,STABLE_GOLD,False,[],[],0.04878048780487809,0.9523809523809523,True,[],ACCEPTED_SCORE_BORDERLINE,,,,,,,,
77,53250,77:hypothesis:fra_Latn,hypothesis,contradiction,Man lining up a putt while playing mini-golf.,A man plays in the PGA tournament.,Man lining up a putt while playing mini-golf.,There's a man at the PGA Championship.,A man plays in the PGA tournament.,There's a man at the PGA Championship.,0.6755425333976746,0.7856811285018921,0.6755425333976746,contradiction,0.7928719520568848,contradiction,0.9933966398239136,0.2005246877670288,STABLE_GOLD,False,[],"[{""group"":""space"",""original"":{""in"":1},""candidate"":{},""field"":""hypothesis""}]",0.4444444444444444,1.1176470588235294,False,"[""semantic_drift""]",SEMANTIC_DRIFT,,,,,,,,
79,54712,79:premise:fra_Latn,premise,entailment,A man breakdances as a crowd watches.,A man dances in front of a crowd.,A man dances like a crowd.,A man dances in front of a crowd.,A man breakdances as a crowd watches.,A man dances like a crowd.,0.6737805008888245,0.005662900861352682,0.005662900861352682,entailment,0.9964410662651062,neutral,0.4022902548313141,-0.5941508114337921,TRUE_FLIP,False,[],[],0.3015873015873016,0.7027027027027027,False,"[""semantic_drift"",""label_flip""]",TRUE_FLIP,,,,,,,,
87,58153,87:hypothesis:fra_Latn,hypothesis,neutral,A group of runners on a road outside wearing short-sleeved shirts and shorts run towards the camera while a group of bystanders lining the street watch.,the camera photographs a race,A group of runners on a road outside wearing short-sleeved shirts and shorts run towards the camera while a group of bystanders lining the street watch.,The camera is photographing a race.,the camera photographs a race,The camera is photographing a race.,0.9906960725784302,0.9968319535255432,0.9906960725784302,entailment,0.06744325906038284,neutral,0.8417385220527649,0.774295262992382,RECOVERED_TO_GOLD,False,[],[],0.125,1.206896551724138,True,[],ACCEPTED_SCORE_BORDERLINE,,,,,,,,
87,58153,87:premise:fra_Latn,premise,neutral,A group of runners on a road outside wearing short-sleeved shirts and shorts run towards the camera while a group of bystanders lining the street watch.,the camera photographs a race,A group of runners on a road outside wearing short-sleeved shirts and shorts rush to the camera while a group of passersby line up with the street guards.,the camera photographs a race,A group of runners on a road outside wearing short-sleeved shirts and shorts run towards the camera while a group of bystanders lining the street watch.,A group of runners on a road outside wearing short-sleeved shirts and shorts rush to the camera while a group of passersby line up with the street guards.,0.9922271966934204,0.9950547218322754,0.9922271966934204,entailment,0.06744325906038284,entailment,0.02140668034553528,-0.046036578714847565,VERIFIER_GOLD_DISAGREEMENT_STABLE,False,[],[],0.12418300653594772,1.013157894736842,False,"[""label_flip""]",VERIFIER_GOLD_DISAGREEMENT,,,,,,,,
88,58539,88:hypothesis:fra_Latn,hypothesis,neutral,"A man washing his shirt, in a fountain in a park.",The man is living out of his car since losing his job 5 months ago.,"A man washing his shirt, in a fountain in a park.",The man's been living in his car since he lost his job five months ago.,The man is living out of his car since losing his job 5 months ago.,The man's been living in his car since he lost his job five months ago.,0.9968830347061157,0.9939338564872742,0.9939338564872742,neutral,0.8265563249588013,contradiction,0.10957346111536026,-0.716982863843441,TRUE_FLIP,False,"[{""group"":""number"",""original"":{""5"":1},""candidate"":{""five"":1},""field"":""hypothesis""}]","[{""group"":""space"",""original"":{},""candidate"":{""in"":1},""field"":""hypothesis""}]",0.2028985507246377,1.0597014925373134,False,"[""hard_cue_changed"",""label_flip""]",NUMBER_CUE,"{""5"":1}","{""five"":1}",LEXICAL_NORMALIZATION,,,,,
88,58539,88:premise:fra_Latn,premise,neutral,"A man washing his shirt, in a fountain in a park.",The man is living out of his car since losing his job 5 months ago.,A man washes his shirt in a fountain in a park.,The man is living out of his car since losing his job 5 months ago.,"A man washing his shirt, in a fountain in a park.",A man washes his shirt in a fountain in a park.,0.9964101910591125,0.9941593408584595,0.9941593408584595,neutral,0.8265563249588013,neutral,0.8844305276870728,0.057874202728271484,STABLE_GOLD,False,[],[],0.0625,0.9591836734693877,True,[],ACCEPTED_SCORE_BORDERLINE,,,,,,,,
90,60384,90:premise:fra_Latn,premise,neutral,Two basketball players from duke are looking upward.,Two teammates are checking the scoreboard.,Two basketball players from Duke are looking up.,Two teammates are checking the scoreboard.,Two basketball players from duke are looking upward.,Two basketball players from Duke are looking up.,0.9961563944816589,0.9918896555900574,0.9918896555900574,entailment,0.25070178508758545,entailment,0.32819125056266785,0.0774894654750824,VERIFIER_GOLD_DISAGREEMENT_STABLE,False,[],[],0.040000000000000036,0.9230769230769231,False,"[""label_flip""]",VERIFIER_GOLD_DISAGREEMENT,,,,,,,,
91,60930,91:hypothesis:fra_Latn,hypothesis,entailment,A man with black hair is wearing a red and yellow shirt and has a yellow clown nose and face makeup on.,A man is dressed up like a clown.,A man with black hair is wearing a red and yellow shirt and has a yellow clown nose and face makeup on.,A man dressed like a clown.,A man is dressed up like a clown.,A man dressed like a clown.,0.9974568486213684,0.9918237328529358,0.9918237328529358,entailment,0.9757490158081055,entailment,0.9921250939369202,0.016376078128814697,STABLE_GOLD,False,[],[],0.09999999999999998,0.8181818181818182,True,[],ACCEPTED_HIGH_CONFIDENCE,,,,,,,,
92,61057,92:hypothesis:fra_Latn,hypothesis,neutral,A woman and three children are picking something out of a blue trashcan.,A woman and kids are picking up trash.,A woman and three children are picking something out of a blue trashcan.,A woman and children are picking up garbage.,A woman and kids are picking up trash.,A woman and children are picking up garbage.,0.9976086616516113,0.9978014826774597,0.9976086616516113,entailment,0.009554263204336166,entailment,0.032662466168403625,0.02310820296406746,VERIFIER_GOLD_DISAGREEMENT_STABLE,False,[],[],0.19512195121951215,1.1578947368421053,False,"[""label_flip""]",VERIFIER_GOLD_DISAGREEMENT,,,,,,,,
93,62478,93:hypothesis:fra_Latn,hypothesis,entailment,A dog is standing in the snow watching the camera,The dog is experiencing cold weather.,A dog is standing in the snow watching the camera,The dog knows the cold.,The dog is experiencing cold weather.,The dog knows the cold.,0.9400211572647095,0.6141923666000366,0.6141923666000366,entailment,0.978808581829071,neutral,0.3408476710319519,-0.6379609107971191,TRUE_FLIP,False,[],[],0.43333333333333335,0.6216216216216216,False,"[""semantic_drift"",""label_flip""]",SEMANTIC_DRIFT|TRUE_FLIP,,,,,,,,
94,62874,94:hypothesis:fra_Latn,hypothesis,contradiction,"A man in glasses and a dust mask makes chains under a sign reading ""laut jaya.""",A man is indoors watching TV.,"A man in glasses and a dust mask makes chains under a sign reading ""laut jaya.""",There's a man in there watching TV.,A man is indoors watching TV.,There's a man in there watching TV.,0.9972188472747803,0.9005778431892395,0.9005778431892395,contradiction,0.998729407787323,contradiction,0.997847318649292,-0.0008820891380310059,STABLE_GOLD,False,[],"[{""group"":""space"",""original"":{},""candidate"":{""in"":1},""field"":""hypothesis""}]",0.3125,1.206896551724138,True,[],ACCEPTED_SCORE_BORDERLINE,,,,,,,,
94,62874,94:premise:fra_Latn,premise,contradiction,"A man in glasses and a dust mask makes chains under a sign reading ""laut jaya.""",A man is indoors watching TV.,"A man with glasses and a dust mask makes chains under a sign that says ""laut jaya"".",A man is indoors watching TV.,"A man in glasses and a dust mask makes chains under a sign reading ""laut jaya.""","A man with glasses and a dust mask makes chains under a sign that says ""laut jaya"".",0.9890189170837402,0.9903879761695862,0.9890189170837402,contradiction,0.998729407787323,contradiction,0.9984171390533447,-0.0003122687339782715,STABLE_GOLD,False,[],"[{""group"":""space"",""original"":{""under"":1,""in"":1},""candidate"":{""under"":1},""field"":""premise""}]",0.12345679012345678,1.0506329113924051,True,[],ACCEPTED_HIGH_CONFIDENCE,,,,,,,,
97,63627,97:premise:fra_Latn,premise,entailment,The cylinder's pattern could be described as red chevron.,The cylinder was painted by someone.,The pattern of the cylinder could be described as a red chevron.,The cylinder was painted by someone.,The cylinder's pattern could be described as red chevron.,The pattern of the cylinder could be described as a red chevron.,0.9964931607246399,0.9973310232162476,0.9964931607246399,neutral,0.0033191582188010216,neutral,0.002194513101130724,-0.0011246451176702976,VERIFIER_GOLD_DISAGREEMENT_STABLE,False,[],[],0.22314049586776863,1.1228070175438596,False,"[""label_flip""]",VERIFIER_GOLD_DISAGREEMENT,,,,,,,,
102,66214,102:premise:fra_Latn,premise,entailment,These are very well groomed animals.,These are animals.,They're very well-groomed animals.,These are animals.,These are very well groomed animals.,They're very well-groomed animals.,0.9955522418022156,0.9946183562278748,0.9946183562278748,entailment,0.9888596534729004,entailment,0.9881884455680847,-0.0006712079048156738,STABLE_GOLD,False,[],[],0.11428571428571432,0.9444444444444444,True,[],ACCEPTED_HIGH_CONFIDENCE,,,,,,,,
103,66385,103:hypothesis:fra_Latn,hypothesis,entailment,A boy in his pajamas getting ready to play something on his guitar.,A boy sits in his pajamas with a guitar on his lap.,A boy in his pajamas getting ready to play something on his guitar.,A boy is sitting in his pajamas with a guitar on his knee.,A boy sits in his pajamas with a guitar on his lap.,A boy is sitting in his pajamas with a guitar on his knee.,0.8896591067314148,0.9858710169792175,0.8896591067314148,entailment,0.6718241572380066,neutral,0.019917016848921776,-0.6519071403890848,TRUE_FLIP,False,[],[],0.13761467889908252,1.1372549019607843,False,"[""label_flip""]",TRUE_FLIP,,,,,,,,
103,66385,103:premise:fra_Latn,premise,entailment,A boy in his pajamas getting ready to play something on his guitar.,A boy sits in his pajamas with a guitar on his lap.,A boy in his pajamas is getting ready to play guitar.,A boy sits in his pajamas with a guitar on his lap.,A boy in his pajamas getting ready to play something on his guitar.,A boy in his pajamas is getting ready to play guitar.,0.9947551488876343,0.9495289921760559,0.9495289921760559,entailment,0.6718241572380066,neutral,0.3915673494338989,-0.28025680780410767,TRUE_FLIP,False,[],"[{""group"":""space"",""original"":{""on"":1,""in"":1},""candidate"":{""in"":1},""field"":""premise""}]",0.16666666666666663,0.7910447761194029,False,"[""label_flip""]",TRUE_FLIP,,,,,,,,
104,66614,104:premise:fra_Latn,premise,neutral,A man playing a guitar on stage while a man plays drums in the background.,"Two men play on stage, hoping to get discovered by someone in the crowd.",A man plays guitar on stage while a man plays drums in the background.,"Two men play on stage, hoping to get discovered by someone in the crowd.",A man playing a guitar on stage while a man plays drums in the background.,A man plays guitar on stage while a man plays drums in the background.,0.9961976408958435,0.9939934611320496,0.9939934611320496,neutral,0.99798583984375,neutral,0.9982454776763916,0.00025963783264160156,STABLE_GOLD,False,[],[],0.04166666666666663,0.9459459459459459,True,[],ACCEPTED_HIGH_CONFIDENCE,,,,,,,,
105,66664,105:premise:fra_Latn,premise,contradiction,A group of people clapping as they watch a band together.,A group of people are clapping as they watch a rubber band.,A group of people applauding as they watch a group together.,A group of people are clapping as they watch a rubber band.,A group of people clapping as they watch a band together.,A group of people applauding as they watch a group together.,0.9877995252609253,0.002436751499772072,0.002436751499772072,neutral,0.004201808478683233,neutral,0.3831801414489746,0.3789783329702914,VERIFIER_GOLD_DISAGREEMENT_STABLE,False,[],[],0.1282051282051282,1.0526315789473684,False,"[""semantic_drift"",""label_flip""]",VERIFIER_GOLD_DISAGREEMENT,,,,,,,,
108,68719,108:hypothesis:fra_Latn,hypothesis,entailment,A person is doing a back flip while other people and cars go by in the background.,The person knows how to do a flip.,A person is doing a back flip while other people and cars go by in the background.,The person knows how to make a detour.,The person knows how to do a flip.,The person knows how to make a detour.,0.3043976128101349,0.003254221985116601,0.003254221985116601,entailment,0.6130655407905579,neutral,0.3910382390022278,-0.22202730178833008,TRUE_FLIP,False,[],[],0.2222222222222222,1.1176470588235294,False,"[""semantic_drift"",""label_flip""]",TRUE_FLIP,,,,,,,,
108,68719,108:premise:fra_Latn,premise,entailment,A person is doing a back flip while other people and cars go by in the background.,The person knows how to do a flip.,One person makes a back turn while others and cars pass in the background.,The person knows how to do a flip.,A person is doing a back flip while other people and cars go by in the background.,One person makes a back turn while others and cars pass in the background.,0.9961516261100769,0.728767991065979,0.728767991065979,entailment,0.6130655407905579,neutral,0.10014548152685165,-0.5129200592637062,TRUE_FLIP,False,"[{""group"":""number"",""original"":{},""candidate"":{""one"":1},""field"":""premise""}]",[],0.2564102564102564,0.9024390243902439,False,"[""hard_cue_changed"",""semantic_drift"",""label_flip""]",NUMBER_CUE|SEMANTIC_DRIFT|TRUE_FLIP,{},"{""one"":1}",NUMBER_ADDED,,,,,
113,71585,113:hypothesis:fra_Latn,hypothesis,neutral,Two people in blue shirts are selling shoes in an outside market.,The shoes are being sold by the girls.,Two people in blue shirts are selling shoes in an outside market.,The shoes are sold by the girls.,The shoes are being sold by the girls.,The shoes are sold by the girls.,0.9963460564613342,0.9956507086753845,0.9956507086753845,neutral,0.9097729921340942,neutral,0.881853461265564,-0.027919530868530273,STABLE_GOLD,False,[],[],0.08571428571428574,0.8421052631578947,True,[],ACCEPTED_SCORE_BORDERLINE,,,,,,,,
117,73520,117:hypothesis:fra_Latn,hypothesis,neutral,The woman is holding the harness that the brown and white dog is wearing.,The woman is walking the brown and white dog.,The woman is holding the harness that the brown and white dog is wearing.,The woman walks the black and white dog.,The woman is walking the brown and white dog.,The woman walks the black and white dog.,0.004840103443711996,0.011528187431395054,0.004840103443711996,neutral,0.5820712447166443,contradiction,0.01555816363543272,-0.5665130810812116,TRUE_FLIP,False,[],[],0.17647058823529416,0.8888888888888888,False,"[""semantic_drift"",""label_flip""]",TRUE_FLIP,,,,,,,,
118,73554,118:hypothesis:fra_Latn,hypothesis,entailment,"A man in a neon shirt, khakis, and an orange hard hat walks by a mulch machine.",A man is walking.,"A man in a neon shirt, khakis, and an orange hard hat walks by a mulch machine.",There's a man walking.,A man is walking.,There's a man walking.,0.9980700612068176,0.9979954957962036,0.9979954957962036,entailment,0.9978938698768616,entailment,0.9971684813499451,-0.0007253885269165039,STABLE_GOLD,False,[],[],0.28205128205128205,1.2941176470588236,True,[],ACCEPTED_HIGH_CONFIDENCE,,,,,,,,
118,73554,118:premise:fra_Latn,premise,entailment,"A man in a neon shirt, khakis, and an orange hard hat walks by a mulch machine.",A man is walking.,"A man in a neon shirt, khakis, and a hard orange hat passes by a flying machine.",A man is walking.,"A man in a neon shirt, khakis, and an orange hard hat walks by a mulch machine.","A man in a neon shirt, khakis, and a hard orange hat passes by a flying machine.",0.002918058540672064,0.0032231558579951525,0.002918058540672064,entailment,0.9978938698768616,contradiction,0.005114428699016571,-0.992779441177845,TRUE_FLIP,False,[],[],0.16981132075471694,1.0126582278481013,False,"[""semantic_drift"",""label_flip""]",SEMANTIC_DRIFT|TRUE_FLIP,,,,,,,,
119,73820,119:premise:fra_Latn,premise,entailment,"A young boy wearing a yellow shirt and green pants pushing a baby stroller in front of houses with red and white roofs, red doors, white railing and red floor planks.",A boy walking outdoors.,"A young boy wearing a yellow shirt and green pants pushing a baby stroller in front of houses with red and white roofs, red doors, white bars and red boards.",A boy walking outdoors.,"A young boy wearing a yellow shirt and green pants pushing a baby stroller in front of houses with red and white roofs, red doors, white railing and red floor planks.","A young boy wearing a yellow shirt and green pants pushing a baby stroller in front of houses with red and white roofs, red doors, white bars and red boards.",0.9567441344261169,0.7168344855308533,0.7168344855308533,entailment,0.9603135585784912,entailment,0.9560405015945435,-0.004273056983947754,STABLE_GOLD,False,[],[],0.06501547987616096,0.9457831325301205,False,"[""semantic_drift""]",SEMANTIC_DRIFT,,,,,,,,
122,75277,122:premise:fra_Latn,premise,neutral,A couple embraces on a busy street.,A couple reunites,Couple kissing on a busy street.,A couple reunites,A couple embraces on a busy street.,Couple kissing on a busy street.,0.7390960454940796,0.990990161895752,0.7390960454940796,entailment,0.3414667844772339,neutral,0.8707303404808044,0.5292635560035706,RECOVERED_TO_GOLD,False,[],[],0.22388059701492535,0.9142857142857143,False,"[""semantic_drift""]",SEMANTIC_DRIFT,,,,,,,,
124,76076,124:hypothesis:fra_Latn,hypothesis,neutral,An individual cutting up a vegetable in their kitchen with a knife.,A person making a dinner for his family.,An individual cutting up a vegetable in their kitchen with a knife.,A person who prepares a dinner for his family.,A person making a dinner for his family.,A person who prepares a dinner for his family.,0.9965971112251282,0.9953973889350891,0.9953973889350891,contradiction,0.055791862308979034,neutral,0.918009340763092,0.862217478454113,RECOVERED_TO_GOLD,False,[],[],0.18604651162790697,1.15,True,[],ACCEPTED_SCORE_BORDERLINE,,,,,,,,
126,77440,126:hypothesis:fra_Latn,hypothesis,contradiction,Two children work on a project with woman.,The woman is with her friends.,Two children work on a project with woman.,The woman's with her friends.,The woman is with her friends.,The woman's with her friends.,0.9972797632217407,0.9967783093452454,0.9967783093452454,contradiction,0.9952734112739563,contradiction,0.9963229894638062,0.0010495781898498535,STABLE_GOLD,False,[],[],0.05084745762711862,0.9666666666666667,True,[],ACCEPTED_HIGH_CONFIDENCE,,,,,,,,
126,77440,126:premise:fra_Latn,premise,contradiction,Two children work on a project with woman.,The woman is with her friends.,Two kids working on a project with a woman.,The woman is with her friends.,Two children work on a project with woman.,Two kids working on a project with a woman.,0.9967328310012817,0.9968861937522888,0.9967328310012817,contradiction,0.9952734112739563,contradiction,0.9828145503997803,-0.012458860874176025,STABLE_GOLD,False,[],[],0.15294117647058825,1.0238095238095237,True,[],ACCEPTED_HIGH_CONFIDENCE,,,,,,,,
129,79799,129:hypothesis:fra_Latn,hypothesis,neutral,A crowd of black people are gathered and one person has a backpack on.,A crowd of teenage black people are waiting for the school to open and one of them has a backpack.,A crowd of black people are gathered and one person has a backpack on.,A bunch of black teenagers are waiting for school to open and one of them has a backpack.,A crowd of teenage black people are waiting for the school to open and one of them has a backpack.,A bunch of black teenagers are waiting for school to open and one of them has a backpack.,0.9977915287017822,0.9968878626823425,0.9968878626823425,neutral,0.9991055130958557,neutral,0.9988816380500793,-0.0002238750457763672,STABLE_GOLD,False,[],[],0.17647058823529416,0.9081632653061225,True,[],ACCEPTED_HIGH_CONFIDENCE,,,,,,,,
129,79799,129:premise:fra_Latn,premise,neutral,A crowd of black people are gathered and one person has a backpack on.,A crowd of teenage black people are waiting for the school to open and one of them has a backpack.,There's a crowd of blacks gathered and a person is carrying a backpack.,A crowd of teenage black people are waiting for the school to open and one of them has a backpack.,A crowd of black people are gathered and one person has a backpack on.,There's a crowd of blacks gathered and a person is carrying a backpack.,0.9972732663154602,0.9975751042366028,0.9972732663154602,neutral,0.9991055130958557,neutral,0.9988194108009338,-0.000286102294921875,STABLE_GOLD,False,"[{""group"":""number"",""original"":{""one"":1},""candidate"":{},""field"":""premise""}]","[{""group"":""space"",""original"":{""on"":1},""candidate"":{},""field"":""premise""}]",0.276595744680851,1.0142857142857142,False,"[""hard_cue_changed""]",NUMBER_CUE,"{""one"":1}",{},NUMBER_REMOVED,,,,,
131,81737,131:premise:fra_Latn,premise,contradiction,This is an outdoor vegetable market in possibly Southeast Asia where please are selling their fruits and vegetables.,This is an outdoor market where people buy meat.,"It's an open-air vegetable market, perhaps in Southeast Asia, where they sell their fruits and vegetables.",This is an outdoor market where people buy meat.,This is an outdoor vegetable market in possibly Southeast Asia where please are selling their fruits and vegetables.,"It's an open-air vegetable market, perhaps in Southeast Asia, where they sell their fruits and vegetables.",0.9976595640182495,0.9953694939613342,0.9953694939613342,contradiction,0.9974505305290222,contradiction,0.9994657635688782,0.002015233039855957,STABLE_GOLD,False,[],[],0.23423423423423428,0.9137931034482759,True,[],ACCEPTED_HIGH_CONFIDENCE,,,,,,,,
133,83167,133:hypothesis:fra_Latn,hypothesis,contradiction,A man with long black hair wearing a black shirt and multi-color tie is using a electronic board with lights on it.,His hair is a different color than his shirt.,A man with long black hair wearing a black shirt and multi-color tie is using a electronic board with lights on it.,Her hair is a different color than her shirt.,His hair is a different color than his shirt.,Her hair is a different color than her shirt.,0.001380933914333582,0.0023670722730457783,0.001380933914333582,contradiction,0.6768379807472229,contradiction,0.9383025765419006,0.26146459579467773,STABLE_GOLD,False,[],[],0.0888888888888889,1.0,False,"[""semantic_drift""]",SEMANTIC_DRIFT,,,,,,,,
134,84582,134:hypothesis:fra_Latn,hypothesis,entailment,A man smiling while shining another man's shoes.,A human smiling,A man smiling while shining another man's shoes.,A human smile,A human smiling,A human smile,0.9916871190071106,0.9781470894813538,0.9781470894813538,entailment,0.989769697189331,entailment,0.9757924675941467,-0.013977229595184326,STABLE_GOLD,False,[],[],0.1428571428571429,0.8666666666666667,True,[],ACCEPTED_HIGH_CONFIDENCE,,,,,,,,
138,88243,138:hypothesis:fra_Latn,hypothesis,entailment,"A man with a white hard hat with a black logo in the front of the hat holding part of a sign with numbers on it, while standing on a balcony.",The balcony is fully built.,"A man with a white hard hat with a black logo in the front of the hat holding part of a sign with numbers on it, while standing on a balcony.",The balcony is completely built.,The balcony is fully built.,The balcony is completely built.,0.9968286156654358,0.9970279335975647,0.9968286156654358,neutral,0.0016793939284980297,neutral,0.0016066888347268105,-7.270509377121925e-05,VERIFIER_GOLD_DISAGREEMENT_STABLE,False,[],[],0.15254237288135597,1.1851851851851851,False,"[""label_flip""]",VERIFIER_GOLD_DISAGREEMENT,,,,,,,,
138,88243,138:premise:fra_Latn,premise,entailment,"A man with a white hard hat with a black logo in the front of the hat holding part of a sign with numbers on it, while standing on a balcony.",The balcony is fully built.,"A man in a white hat with a black logo on the front of the hat holding part of a sign with numbers on it, while he was standing on a balcony.",The balcony is fully built.,"A man with a white hard hat with a black logo in the front of the hat holding part of a sign with numbers on it, while standing on a balcony.","A man in a white hat with a black logo on the front of the hat holding part of a sign with numbers on it, while he was standing on a balcony.",0.9794948101043701,0.05383818969130516,0.05383818969130516,neutral,0.0016793939284980297,neutral,0.0015012752264738083,-0.00017811870202422142,VERIFIER_GOLD_DISAGREEMENT_STABLE,False,[],"[{""group"":""space"",""original"":{""on"":2,""front"":1,""in"":1},""candidate"":{""on"":3,""front"":1,""in"":1},""field"":""premise""}]",0.06382978723404253,1.0,False,"[""semantic_drift"",""label_flip""]",VERIFIER_GOLD_DISAGREEMENT,,,,,,,,
141,89957,141:premise:fra_Latn,premise,entailment,Two men in sleeveless shirts and shorts getting a beverage.,two men are getting a drink,Two men in shirts with no sleeves and underwear having a drink.,two men are getting a drink,Two men in sleeveless shirts and shorts getting a beverage.,Two men in shirts with no sleeves and underwear having a drink.,0.7673213481903076,0.9730194807052612,0.7673213481903076,entailment,0.9965684413909912,entailment,0.9957232475280762,-0.0008451938629150391,STABLE_GOLD,False,"[{""group"":""negation"",""original"":{},""candidate"":{""no"":1},""field"":""premise""}]",[],0.4918032786885246,1.0677966101694916,False,"[""hard_cue_changed"",""semantic_drift""]",NEGATION_CUE|SEMANTIC_DRIFT,,,,,,,,
143,93659,143:hypothesis:fra_Latn,hypothesis,contradiction,A man in a white shirt with a plate of food sits outside in folding chairs with a little girl who is writing.,The small girl is drawing a picture of the man sleeping next to her.,A man in a white shirt with a plate of food sits outside in folding chairs with a little girl who is writing.,The little girl draws a picture of the man lying next to her.,The small girl is drawing a picture of the man sleeping next to her.,The little girl draws a picture of the man lying next to her.,0.9795575737953186,0.00813203677535057,0.00813203677535057,neutral,0.05681072175502777,contradiction,0.7799949049949646,0.7231841832399368,RECOVERED_TO_GOLD,False,[],[],0.1472868217054264,0.8970588235294118,False,"[""semantic_drift"",""low_nli_confidence""]",SEMANTIC_DRIFT,,,,,,,,
143,93659,143:premise:fra_Latn,premise,contradiction,A man in a white shirt with a plate of food sits outside in folding chairs with a little girl who is writing.,The small girl is drawing a picture of the man sleeping next to her.,A man dressed in a white shirt with a plate of food is sitting outside in a folding chair with a little girl writing.,The small girl is drawing a picture of the man sleeping next to her.,A man in a white shirt with a plate of food sits outside in folding chairs with a little girl who is writing.,A man dressed in a white shirt with a plate of food is sitting outside in a folding chair with a little girl writing.,0.9954195022583008,0.9721455574035645,0.9721455574035645,neutral,0.05681072175502777,neutral,0.009932911023497581,-0.04687781073153019,VERIFIER_GOLD_DISAGREEMENT_STABLE,False,[],[],0.11504424778761058,1.073394495412844,False,"[""label_flip""]",VERIFIER_GOLD_DISAGREEMENT,,,,,,,,
144,93870,144:premise:fra_Latn,premise,entailment,This is a child in a snowy landscape sledding down a hill.,The child is sledding through the snow.,It's a child in a snowy landscape hanging on a hill.,The child is sledding through the snow.,This is a child in a snowy landscape sledding down a hill.,It's a child in a snowy landscape hanging on a hill.,0.0022901869378983974,0.00029291262035258114,0.00029291262035258114,entailment,0.9962921142578125,neutral,0.002731044078245759,-0.9935610701795667,TRUE_FLIP,False,[],"[{""group"":""space"",""original"":{""in"":1},""candidate"":{""on"":1,""in"":1},""field"":""premise""}]",0.1636363636363637,0.896551724137931,False,"[""semantic_drift"",""label_flip""]",SEMANTIC_DRIFT,,,,,,,,
145,93979,145:premise:fra_Latn,premise,contradiction,A man stands outside of a doorway on his cellphone.,A man with empty hands stands outside a doorway.,A man is standing outside a door on his cell phone.,A man with empty hands stands outside a doorway.,A man stands outside of a doorway on his cellphone.,A man is standing outside a door on his cell phone.,0.9975177049636841,0.996982991695404,0.996982991695404,contradiction,0.965035080909729,neutral,0.45711615681648254,-0.5079189240932465,TRUE_FLIP,False,[],[],0.13725490196078427,1.0,False,"[""label_flip""]",TRUE_FLIP,,,,,,,,
146,95485,146:hypothesis:fra_Latn,hypothesis,entailment,"A woman holding a girl, who wears an apple themed coat.",Woman holds a girl wearing a coat.,"A woman holding a girl, who wears an apple themed coat.",A woman holds a girl in a coat.,Woman holds a girl wearing a coat.,A woman holds a girl in a coat.,0.9959427714347839,0.9971097111701965,0.9959427714347839,entailment,0.9975709319114685,entailment,0.9963545799255371,-0.0012163519859313965,STABLE_GOLD,False,[],"[{""group"":""space"",""original"":{},""candidate"":{""in"":1},""field"":""hypothesis""}]",0.10769230769230764,0.9117647058823529,True,[],ACCEPTED_HIGH_CONFIDENCE,,,,,,,,
149,97014,149:hypothesis:fra_Latn,hypothesis,entailment,An elderly middle-eastern woman is about to smoke a pack of cigarettes.,A woman is about to harm her body.,An elderly middle-eastern woman is about to smoke a pack of cigarettes.,A woman is about to hurt her own body.,A woman is about to harm her body.,A woman is about to hurt her own body.,0.9880897402763367,0.9965435862541199,0.9880897402763367,neutral,0.14966189861297607,neutral,0.07115985453128815,-0.07850204408168793,VERIFIER_GOLD_DISAGREEMENT_STABLE,False,[],[],0.11111111111111116,1.1176470588235294,False,"[""label_flip""]",VERIFIER_GOLD_DISAGREEMENT,,,,,,,,
149,97014,149:premise:fra_Latn,premise,entailment,An elderly middle-eastern woman is about to smoke a pack of cigarettes.,A woman is about to harm her body.,An elderly woman in the Middle East is about to smoke a pack of cigarettes.,A woman is about to harm her body.,An elderly middle-eastern woman is about to smoke a pack of cigarettes.,An elderly woman in the Middle East is about to smoke a pack of cigarettes.,0.9816868305206299,0.9954832792282104,0.9816868305206299,neutral,0.14966189861297607,neutral,0.1924741119146347,0.04281221330165863,VERIFIER_GOLD_DISAGREEMENT_STABLE,False,[],"[{""group"":""space"",""original"":{},""candidate"":{""in"":1},""field"":""premise""}]",0.1643835616438356,1.056338028169014,False,"[""label_flip""]",VERIFIER_GOLD_DISAGREEMENT,,,,,,,,
152,97761,152:hypothesis:fra_Latn,hypothesis,contradiction,One child is pointing to the sky and another is trying to block the sun to look,The children are playing in the indoor playground.,One child is pointing to the sky and another is trying to block the sun to look,The children play in the courtyard.,The children are playing in the indoor playground.,The children play in the courtyard.,0.00018124542839359492,0.00018344685668125749,0.00018124542839359492,neutral,0.03674420341849327,neutral,0.3004055619239807,0.26366135850548744,VERIFIER_GOLD_DISAGREEMENT_STABLE,False,[],[],0.3176470588235294,0.7,False,"[""semantic_drift"",""label_flip""]",VERIFIER_GOLD_DISAGREEMENT,,,,,,,,
154,99704,154:hypothesis:fra_Latn,hypothesis,neutral,"Runners, some in costume, in a St Paddy's day Marathon run in the streets as people watch.",The runners are almost finished with the St. Patrick's Day race.,"Runners, some in costume, in a St Paddy's day Marathon run in the streets as people watch.",The runners almost finished the St. Patrick's race.,The runners are almost finished with the St. Patrick's Day race.,The runners almost finished the St. Patrick's race.,0.9957921504974365,0.8287786245346069,0.8287786245346069,neutral,0.9780031442642212,neutral,0.9966700673103333,0.01866692304611206,STABLE_GOLD,False,[],[],0.11304347826086958,0.796875,True,[],ACCEPTED_SCORE_BORDERLINE,,,,,,,,
154,99704,154:premise:fra_Latn,premise,neutral,"Runners, some in costume, in a St Paddy's day Marathon run in the streets as people watch.",The runners are almost finished with the St. Patrick's Day race.,"Runners, some dressed up, in a St. Paddy's marathon run through the streets as people watch.",The runners are almost finished with the St. Patrick's Day race.,"Runners, some in costume, in a St Paddy's day Marathon run in the streets as people watch.","Runners, some dressed up, in a St. Paddy's marathon run through the streets as people watch.",0.9941065311431885,0.8422937393188477,0.8422937393188477,neutral,0.9780031442642212,neutral,0.9254449605941772,-0.052558183670043945,STABLE_GOLD,False,[],"[{""group"":""space"",""original"":{""in"":3},""candidate"":{""in"":1,""through"":1},""field"":""premise""}]",0.1648351648351648,1.0222222222222221,True,[],ACCEPTED_SCORE_BORDERLINE,,,,,,,,
159,103148,159:premise:fra_Latn,premise,entailment,People hanging about in a crowded cafe.,People are in a cafe.,People in a crowded cafe.,People are in a cafe.,People hanging about in a crowded cafe.,People in a crowded cafe.,0.9958879351615906,0.6925609111785889,0.6925609111785889,entailment,0.9963744282722473,entailment,0.9970610737800598,0.0006866455078125,STABLE_GOLD,False,[],[],0.21875,0.6410256410256411,False,"[""semantic_drift""]",SEMANTIC_DRIFT,,,,,,,,
160,103393,160:hypothesis:fra_Latn,hypothesis,neutral,Three children look through a telescope in the forest.,Children are looking at the stars.,Three children look through a telescope in the forest.,The kids are looking at the stars.,Children are looking at the stars.,The kids are looking at the stars.,0.995561957359314,0.9965581297874451,0.995561957359314,entailment,0.1866908222436905,neutral,0.8153704404830933,0.6286796182394028,RECOVERED_TO_GOLD,False,[],[],0.1470588235294118,1.0,True,[],ACCEPTED_SCORE_BORDERLINE,,,,,,,,
160,103393,160:premise:fra_Latn,premise,neutral,Three children look through a telescope in the forest.,Children are looking at the stars.,Three children looking through a telescope in the forest.,Children are looking at the stars.,Three children look through a telescope in the forest.,Three children looking through a telescope in the forest.,0.9955547451972961,0.9962671399116516,0.9955547451972961,entailment,0.1866908222436905,entailment,0.14761409163475037,-0.039076730608940125,VERIFIER_GOLD_DISAGREEMENT_STABLE,False,[],[],0.027027027027026973,1.0555555555555556,False,"[""trivial_copy"",""label_flip""]",VERIFIER_GOLD_DISAGREEMENT,,,,,,,,
161,104123,161:hypothesis:fra_Latn,hypothesis,contradiction,A gloved man palms forward in front of arranged clothes.,A man jumps forward in front of dogs.,A gloved man palms forward in front of arranged clothes.,A man jumps in front of the dogs.,A man jumps forward in front of dogs.,A man jumps in front of the dogs.,0.9946364760398865,0.6385234594345093,0.6385234594345093,contradiction,0.9959993362426758,contradiction,0.9981961846351624,0.0021968483924865723,STABLE_GOLD,False,[],[],0.17142857142857137,0.8918918918918919,False,"[""semantic_drift""]",SEMANTIC_DRIFT,,,,,,,,
161,104123,161:premise:fra_Latn,premise,contradiction,A gloved man palms forward in front of arranged clothes.,A man jumps forward in front of dogs.,A man with handcuffs palms in front of a row of clothes.,A man jumps forward in front of dogs.,A gloved man palms forward in front of arranged clothes.,A man with handcuffs palms in front of a row of clothes.,0.006967732682824135,0.1349162757396698,0.006967732682824135,contradiction,0.9959993362426758,contradiction,0.9980649352073669,0.002065598964691162,STABLE_GOLD,False,[],[],0.375,1.0,False,"[""semantic_drift""]",SEMANTIC_DRIFT,,,,,,,,
162,104228,162:hypothesis:fra_Latn,hypothesis,neutral,A man is playing guitar on the otherwise empty sidewalk of a street lined with vibrant homes.,A guitar player is playing on the sidewalk in front of his house.,A man is playing guitar on the otherwise empty sidewalk of a street lined with vibrant homes.,A guitarist plays on the sidewalk outside his house.,A guitar player is playing on the sidewalk in front of his house.,A guitarist plays on the sidewalk outside his house.,0.9975798726081848,0.9949890971183777,0.9949890971183777,neutral,0.7088655233383179,neutral,0.9052524566650391,0.1963869333267212,STABLE_GOLD,False,[],"[{""group"":""space"",""original"":{""on"":1,""front"":1,""in"":1},""candidate"":{""on"":1,""outside"":1},""field"":""hypothesis""}]",0.2649572649572649,0.8,True,[],ACCEPTED_SCORE_BORDERLINE,,,,,,,,
162,104228,162:premise:fra_Latn,premise,neutral,A man is playing guitar on the otherwise empty sidewalk of a street lined with vibrant homes.,A guitar player is playing on the sidewalk in front of his house.,A man plays guitar on the empty sidewalk of a street lined with bustling houses.,A guitar player is playing on the sidewalk in front of his house.,A man is playing guitar on the otherwise empty sidewalk of a street lined with vibrant homes.,A man plays guitar on the empty sidewalk of a street lined with bustling houses.,0.9851463437080383,0.9887140393257141,0.9851463437080383,neutral,0.7088655233383179,contradiction,0.11550268530845642,-0.5933628380298615,TRUE_FLIP,False,[],[],0.17919075144508667,0.8602150537634409,False,"[""label_flip""]",TRUE_FLIP,,,,,,,,
164,105325,164:hypothesis:fra_Latn,hypothesis,neutral,Many people ride their bikes down a bike path in a city.,A group of bike riders racing.,Many people ride their bikes down a bike path in a city.,A group of cyclists in a race.,A group of bike riders racing.,A group of cyclists in a race.,0.9961932897567749,0.997761607170105,0.9961932897567749,neutral,0.8475672602653503,contradiction,0.26107269525527954,-0.5864945650100708,TRUE_FLIP,False,[],"[{""group"":""space"",""original"":{},""candidate"":{""in"":1},""field"":""hypothesis""}]",0.3666666666666667,1.0,False,"[""label_flip""]",TRUE_FLIP,,,,,,,,
165,105872,165:hypothesis:fra_Latn,hypothesis,entailment,A man shovels snow off of a roof while another stands in the contraption that allowed them to reach the high place.,One man is on the roof,A man shovels snow off of a roof while another stands in the contraption that allowed them to reach the high place.,There's a man on the roof.,One man is on the roof,There's a man on the roof.,0.9971862435340881,0.9927672147750854,0.9927672147750854,entailment,0.9701388478279114,entailment,0.9646683931350708,-0.005470454692840576,STABLE_GOLD,False,"[{""group"":""number"",""original"":{""one"":1},""candidate"":{},""field"":""hypothesis""}]",[],0.29166666666666663,1.1818181818181819,False,"[""hard_cue_changed""]",NUMBER_CUE,"{""one"":1}",{},NUMBER_REMOVED,,,,,
165,105872,165:premise:fra_Latn,premise,entailment,A man shovels snow off of a roof while another stands in the contraption that allowed them to reach the high place.,One man is on the roof,"One of them is lifting snow from the roof, while the other is standing in the machine that helped them reach the height.",One man is on the roof,A man shovels snow off of a roof while another stands in the contraption that allowed them to reach the high place.,"One of them is lifting snow from the roof, while the other is standing in the machine that helped them reach the height.",0.9982103109359741,0.987736701965332,0.987736701965332,entailment,0.9701388478279114,neutral,0.3405987024307251,-0.6295401453971863,TRUE_FLIP,False,"[{""group"":""number"",""original"":{},""candidate"":{""one"":1},""field"":""premise""}]",[],0.3702127659574468,1.0434782608695652,False,"[""hard_cue_changed"",""label_flip""]",NUMBER_CUE|TRUE_FLIP,{},"{""one"":1}",NUMBER_ADDED,,,,,
167,107232,167:hypothesis:fra_Latn,hypothesis,entailment,Children getting picked up from sports practice.,children getting done with sports practice,Children getting picked up from sports practice.,children starting to play sports,children getting done with sports practice,children starting to play sports,0.000235721527133137,9.689816943136975e-05,9.689816943136975e-05,entailment,0.9624122977256775,contradiction,0.25479546189308167,-0.7076168358325958,TRUE_FLIP,False,[],[],0.3513513513513513,0.7619047619047619,False,"[""semantic_drift"",""label_flip""]",TRUE_FLIP,,,,,,,,
170,109794,170:premise:fra_Latn,premise,contradiction,People filling a large black container with water.,people are drinking gatorade because water sucks,People are filling a big black container with water.,people are drinking gatorade because water sucks,People filling a large black container with water.,People are filling a big black container with water.,0.9972270131111145,0.996600329875946,0.996600329875946,neutral,0.06933609396219254,neutral,0.1250201314687729,0.05568403750658035,VERIFIER_GOLD_DISAGREEMENT_STABLE,False,[],[],0.0980392156862745,1.04,False,"[""label_flip""]",VERIFIER_GOLD_DISAGREEMENT,,,,,,,,
171,109896,171:premise:fra_Latn,premise,neutral,"A young Asian man wearing a conical straw hat holding straw goods, and another person in the back to the left holding straw goods.",Two young Asian men are selling their wares at a market in China.,"A young Asian wearing a conical straw hat holding straw goods, and another person in the back on the left holding straw goods.",Two young Asian men are selling their wares at a market in China.,"A young Asian man wearing a conical straw hat holding straw goods, and another person in the back to the left holding straw goods.","A young Asian wearing a conical straw hat holding straw goods, and another person in the back on the left holding straw goods.",0.990884006023407,0.10102381557226181,0.10102381557226181,neutral,0.9976940751075745,neutral,0.9972310662269592,-0.0004630088806152344,STABLE_GOLD,False,[],"[{""group"":""space"",""original"":{""in"":1,""left"":1},""candidate"":{""on"":1,""in"":1,""left"":1},""field"":""premise""}]",0.0234375,0.9692307692307692,False,"[""trivial_copy"",""semantic_drift""]",SEMANTIC_DRIFT,,,,,,,,
172,111292,172:premise:fra_Latn,premise,contradiction,A man wearing a white t-shirt looking away from the camera.,The is wearing a red t-shirt.,A man in a white T-shirt looking away from the camera.,The is wearing a red t-shirt.,A man wearing a white t-shirt looking away from the camera.,A man in a white T-shirt looking away from the camera.,0.9964724779129028,0.996738612651825,0.9964724779129028,contradiction,0.9993810653686523,contradiction,0.9993662238121033,-1.4841556549072266e-05,STABLE_GOLD,False,[],"[{""group"":""space"",""original"":{},""candidate"":{""in"":1},""field"":""premise""}]",0.04424778761061943,0.9152542372881356,True,[],ACCEPTED_HIGH_CONFIDENCE,,,,,,,,
174,112647,174:hypothesis:fra_Latn,hypothesis,contradiction,"An edited picture of a couple kissing, one is holding a bouquet of flowers.",The mom kissed her son on the forehead.,"An edited picture of a couple kissing, one is holding a bouquet of flowers.",The mother kissed her son on the forehead.,The mom kissed her son on the forehead.,The mother kissed her son on the forehead.,0.9978892207145691,0.9981451034545898,0.9978892207145691,neutral,0.024788444861769676,neutral,0.03835213929414749,0.013563694432377815,VERIFIER_GOLD_DISAGREEMENT_STABLE,False,[],[],0.06172839506172845,1.0769230769230769,False,"[""label_flip""]",VERIFIER_GOLD_DISAGREEMENT,,,,,,,,
178,115153,178:hypothesis:fra_Latn,hypothesis,contradiction,A woman in dark sunglasses checks her mobile phone while two woman walk the city crosswalk.,A girl drops her phone in a stream in the country side.,A woman in dark sunglasses checks her mobile phone while two woman walk the city crosswalk.,A girl throws her phone into a stream in the country.,A girl drops her phone in a stream in the country side.,A girl throws her phone into a stream in the country.,0.2002139836549759,0.9273743033409119,0.2002139836549759,contradiction,0.9995136260986328,contradiction,0.9996330738067627,0.00011944770812988281,STABLE_GOLD,False,[],"[{""group"":""space"",""original"":{""in"":2},""candidate"":{""in"":1},""field"":""hypothesis""}]",0.11111111111111116,0.9636363636363636,False,"[""semantic_drift""]",SEMANTIC_DRIFT,,,,,,,,
183,118210,183:hypothesis:fra_Latn,hypothesis,contradiction,"A group of African boys of different ages tending to their cattle, with bushes in the background and small wagon in the center of the picture.",The boys are slopping the hogs.,"A group of African boys of different ages tending to their cattle, with bushes in the background and small wagon in the center of the picture.",The boys are doing some damage.,The boys are slopping the hogs.,The boys are doing some damage.,0.9093137979507446,0.012981646694242954,0.012981646694242954,contradiction,0.995461642742157,neutral,0.004248559940606356,-0.9912130828015506,TRUE_FLIP,False,[],"[{""group"":""quantifier"",""original"":{},""candidate"":{""some"":1},""field"":""hypothesis""}]",0.29032258064516125,1.0,False,"[""semantic_drift"",""label_flip""]",TRUE_FLIP,,,,,,,,
183,118210,183:premise:fra_Latn,premise,contradiction,"A group of African boys of different ages tending to their cattle, with bushes in the background and small wagon in the center of the picture.",The boys are slopping the hogs.,"A group of African boys of different ages tending their livestock, with bushes in the background and a small car in the center of the image.",The boys are slopping the hogs.,"A group of African boys of different ages tending to their cattle, with bushes in the background and small wagon in the center of the picture.","A group of African boys of different ages tending their livestock, with bushes in the background and a small car in the center of the image.",0.05605527013540268,0.005921160336583853,0.005921160336583853,contradiction,0.995461642742157,neutral,0.000649689172860235,-0.9948119535692967,TRUE_FLIP,False,[],[],0.11347517730496459,0.9859154929577465,False,"[""semantic_drift"",""label_flip""]",SEMANTIC_DRIFT|TRUE_FLIP,,,,,,,,
189,124930,189:premise:fra_Latn,premise,neutral,A woman standing in front of a building as others go about their day.,I women waiting on friends outside a building.,A woman standing in front of a building while others spend their day.,I women waiting on friends outside a building.,A woman standing in front of a building as others go about their day.,A woman standing in front of a building while others spend their day.,0.9953017234802246,0.9964246153831482,0.9953017234802246,neutral,0.9968034029006958,neutral,0.9920949339866638,-0.004708468914031982,STABLE_GOLD,False,[],[],0.14492753623188404,1.0,True,[],ACCEPTED_HIGH_CONFIDENCE,,,,,,,,
191,125334,191:hypothesis:fra_Latn,hypothesis,neutral,"A woman wearing a sparkly blue costume, leaps into the air while swirling a green ribbon in her left hand.",The woman is in a play.,"A woman wearing a sparkly blue costume, leaps into the air while swirling a green ribbon in her left hand.",The woman's in a room.,The woman is in a play.,The woman's in a room.,0.004295035265386105,0.00032112281769514084,0.00032112281769514084,neutral,0.9970946311950684,contradiction,0.1681245118379593,-0.8289701193571091,TRUE_FLIP,False,[],[],0.24444444444444446,0.9565217391304348,False,"[""semantic_drift"",""label_flip""]",TRUE_FLIP,,,,,,,,
201,134613,201:hypothesis:fra_Latn,hypothesis,neutral,"A redheaded woman with a scarf in her hair, wearing a white sweater with black bows on it.",The woman is out Christmas Carolling in the winter time.,"A redheaded woman with a scarf in her hair, wearing a white sweater with black bows on it.",The woman's out singing Christmas songs in the winter.,The woman is out Christmas Carolling in the winter time.,The woman's out singing Christmas songs in the winter.,0.9958470463752747,0.7037005424499512,0.7037005424499512,neutral,0.9939762353897095,neutral,0.9975619316101074,0.0035856962203979492,STABLE_GOLD,False,[],[],0.21818181818181814,0.9642857142857143,False,"[""semantic_drift""]",SEMANTIC_DRIFT,,,,,,,,
204,136271,204:premise:fra_Latn,premise,contradiction,People riding motorbikes down the street.,People are rowing a boat on a river,People riding bicycles on the street.,People are rowing a boat on a river,People riding motorbikes down the street.,People riding bicycles on the street.,0.0010050480486825109,0.00023300055181607604,0.00023300055181607604,contradiction,0.999618649482727,contradiction,0.9995806813240051,-3.796815872192383e-05,STABLE_GOLD,False,[],"[{""group"":""space"",""original"":{},""candidate"":{""on"":1},""field"":""premise""}]",0.15384615384615385,0.9024390243902439,False,"[""semantic_drift""]",SEMANTIC_DRIFT,,,,,,,,
205,136456,205:premise:fra_Latn,premise,entailment,A painter is standing on smaller silver ladder and there is another silver ladder close by.,A man is standing on a ladder painting.,A painter is standing on a smaller silver scale and there's another silver scale nearby.,A man is standing on a ladder painting.,A painter is standing on smaller silver ladder and there is another silver ladder close by.,A painter is standing on a smaller silver scale and there's another silver scale nearby.,0.6868327856063843,0.7230885028839111,0.6868327856063843,neutral,0.1827947050333023,contradiction,0.0008762131328694522,-0.18191849190043285,NON_GOLD_TRANSITION,False,[],[],0.16201117318435754,0.967032967032967,False,"[""semantic_drift"",""label_flip""]",SEMANTIC_DRIFT,,,,,,,,
209,138332,209:premise:fra_Latn,premise,neutral,Two young boys wearing collared shirts and baseball caps have their blue-tinted tongues stuck out.,A couple of young baseball players at a park.,Two young boys wearing collared shirts and baseball caps have deep blue tongues.,A couple of young baseball players at a park.,Two young boys wearing collared shirts and baseball caps have their blue-tinted tongues stuck out.,Two young boys wearing collared shirts and baseball caps have deep blue tongues.,0.8197505474090576,0.8764408230781555,0.8197505474090576,neutral,0.9789368510246277,neutral,0.9845108985900879,0.005574047565460205,STABLE_GOLD,False,[],[],0.1348314606741573,0.8163265306122449,True,[],ACCEPTED_SCORE_BORDERLINE,,,,,,,,
210,138618,210:hypothesis:fra_Latn,hypothesis,neutral,A person riding transit (catching?) a paper bag.,A person with a paper bag.,A person riding transit (catching?) a paper bag.,A person with a paper bag.,A person with a paper bag.,A person with a paper bag.,0.9928309321403503,0.9928309321403503,0.9928309321403503,entailment,0.02366020157933235,entailment,0.02366020157933235,0.0,VERIFIER_GOLD_DISAGREEMENT_STABLE,False,[],[],0.0,1.0,False,"[""trivial_copy"",""label_flip""]",VERIFIER_GOLD_DISAGREEMENT,,,,,,,,
210,138618,210:premise:fra_Latn,premise,neutral,A person riding transit (catching?) a paper bag.,A person with a paper bag.,A person carrying (fishing?) a paper bag.,A person with a paper bag.,A person riding transit (catching?) a paper bag.,A person carrying (fishing?) a paper bag.,0.041998762637376785,0.13886603713035583,0.041998762637376785,entailment,0.02366020157933235,entailment,0.00312640774063766,-0.02053379383869469,VERIFIER_GOLD_DISAGREEMENT_STABLE,False,[],[],0.2359550561797753,0.8541666666666666,False,"[""semantic_drift"",""label_flip""]",VERIFIER_GOLD_DISAGREEMENT,,,,,,,,
212,141282,212:premise:fra_Latn,premise,neutral,"A view of large field ringed by trees, with a large group of people milling about on the field.",They are waiting for a picnic to start.,You saw a large field surrounded by trees and a large crowd of people harvesting in the field.,They are waiting for a picnic to start.,"A view of large field ringed by trees, with a large group of people milling about on the field.",You saw a large field surrounded by trees and a large crowd of people harvesting in the field.,0.19019946455955505,0.9949369430541992,0.19019946455955505,neutral,0.9989770650863647,contradiction,0.001155000296421349,-0.9978220647899434,TRUE_FLIP,False,[],"[{""group"":""space"",""original"":{""on"":1},""candidate"":{""in"":1},""field"":""premise""}]",0.28042328042328046,0.9894736842105263,False,"[""semantic_drift"",""label_flip""]",TRUE_FLIP,,,,,,,,
213,141386,213:premise:fra_Latn,premise,contradiction,A sari-garbed woman is smiling at the camera.,The woman is yelling at the photographer.,A woman in sari smiles at the camera.,The woman is yelling at the photographer.,A sari-garbed woman is smiling at the camera.,A woman in sari smiles at the camera.,0.9974420070648193,0.9907779693603516,0.9907779693603516,contradiction,0.9993948936462402,contradiction,0.999359667301178,-3.522634506225586e-05,STABLE_GOLD,False,[],"[{""group"":""space"",""original"":{},""candidate"":{""in"":1},""field"":""premise""}]",0.2682926829268293,0.8222222222222222,True,[],ACCEPTED_HIGH_CONFIDENCE,,,,,,,,
214,141712,214:hypothesis:fra_Latn,hypothesis,neutral,A man is asleep on the ground near two bank machines.,A man is asleep on the ground to take rest.,A man is asleep on the ground near two bank machines.,A man sleeps on the floor to rest.,A man is asleep on the ground to take rest.,A man sleeps on the floor to rest.,0.9945456981658936,0.995819091796875,0.9945456981658936,neutral,0.9942763447761536,neutral,0.9156171679496765,-0.07865917682647705,STABLE_GOLD,False,[],[],0.24675324675324672,0.7906976744186046,True,[],ACCEPTED_SCORE_BORDERLINE,,,,,,,,
218,143539,218:hypothesis:fra_Latn,hypothesis,entailment,A baby with its eyes closed is holding a wooden toy and biting it.,The child is chewing its toys.,A baby with its eyes closed is holding a wooden toy and biting it.,The kid chews his toys.,The child is chewing its toys.,The kid chews his toys.,0.9965233206748962,0.9970871806144714,0.9965233206748962,entailment,0.9880231618881226,entailment,0.9739134907722473,-0.014109671115875244,STABLE_GOLD,False,[],[],0.28301886792452835,0.7666666666666667,True,[],ACCEPTED_HIGH_CONFIDENCE,,,,,,,,
220,145658,220:premise:fra_Latn,premise,entailment,A group of school children looking at a group on men wearing white shirts,A group of kids are together.,A group of schoolchildren watching a group of men in white shirts,A group of kids are together.,A group of school children looking at a group on men wearing white shirts,A group of schoolchildren watching a group of men in white shirts,0.9969180822372437,0.99553382396698,0.99553382396698,entailment,0.9890698194503784,entailment,0.9921565055847168,0.003086686134338379,STABLE_GOLD,False,[],"[{""group"":""space"",""original"":{""on"":1},""candidate"":{""in"":1},""field"":""premise""}]",0.14492753623188404,0.8904109589041096,True,[],ACCEPTED_HIGH_CONFIDENCE,,,,,,,,
221,146160,221:hypothesis:fra_Latn,hypothesis,neutral,Several people walk by a rickshaw containing a sleeping cat.,People walking as a group in a tour,Several people walk by a rickshaw containing a sleeping cat.,People walk in groups on tour.,People walking as a group in a tour,People walk in groups on tour.,0.9960556030273438,0.9968529343605042,0.9960556030273438,neutral,0.8836509585380554,neutral,0.8181596994400024,-0.06549125909805298,STABLE_GOLD,False,[],"[{""group"":""space"",""original"":{""in"":1},""candidate"":{""on"":1,""in"":1},""field"":""hypothesis""}]",0.19999999999999996,0.8571428571428571,True,[],ACCEPTED_SCORE_BORDERLINE,,,,,,,,
222,146990,222:premise:fra_Latn,premise,entailment,"A cyclist in a red, yellow and black uniform, including a helmet is performing a trick on his bike.",A cyclist is preforming a bike trick.,"A cyclist in a red, yellow and black uniform, including a helmet, does something on his bike.",A cyclist is preforming a bike trick.,"A cyclist in a red, yellow and black uniform, including a helmet is performing a trick on his bike.","A cyclist in a red, yellow and black uniform, including a helmet, does something on his bike.",0.9960311055183411,0.06424711644649506,0.06424711644649506,entailment,0.4105112552642822,neutral,0.0037201540544629097,-0.4067911012098193,TRUE_FLIP,False,[],[],0.125,0.9393939393939394,False,"[""semantic_drift"",""label_flip""]",TRUE_FLIP,,,,,,,,
223,147325,223:hypothesis:fra_Latn,hypothesis,neutral,Three girls are walking along the sidewalk together and the one in the middle is bouncing a basketball.,Three girls are on their way to the park to shoot some hoops.,Three girls are walking along the sidewalk together and the one in the middle is bouncing a basketball.,Three girls are on their way to the park to shoot.,Three girls are on their way to the park to shoot some hoops.,Three girls are on their way to the park to shoot.,0.9959398508071899,0.0012342238333076239,0.0012342238333076239,neutral,0.9981417655944824,neutral,0.9981365203857422,-5.245208740234375e-06,STABLE_GOLD,False,[],"[{""group"":""quantifier"",""original"":{""some"":1},""candidate"":{},""field"":""hypothesis""}]",0.09909909909909909,0.819672131147541,False,"[""semantic_drift""]",SEMANTIC_DRIFT,,,,,,,,
223,147325,223:premise:fra_Latn,premise,neutral,Three girls are walking along the sidewalk together and the one in the middle is bouncing a basketball.,Three girls are on their way to the park to shoot some hoops.,Three girls are walking along the sidewalk and the one in the middle is jumping a basketball.,Three girls are on their way to the park to shoot some hoops.,Three girls are walking along the sidewalk together and the one in the middle is bouncing a basketball.,Three girls are walking along the sidewalk and the one in the middle is jumping a basketball.,0.9008991718292236,0.8816350698471069,0.8816350698471069,neutral,0.9981417655944824,neutral,0.9975960850715637,-0.0005456805229187012,STABLE_GOLD,False,[],[],0.08163265306122447,0.9029126213592233,True,[],ACCEPTED_SCORE_BORDERLINE,,,,,,,,
224,148216,224:hypothesis:fra_Latn,hypothesis,entailment,Man trying to guide a kit in the desert.,A man is trying to guide a kit in the desert,Man trying to guide a kit in the desert.,A man tries to guide a kit through the desert,A man is trying to guide a kit in the desert,A man tries to guide a kit through the desert,0.9931718111038208,0.9951770305633545,0.9931718111038208,entailment,0.9962587356567383,entailment,0.9941213726997375,-0.0021373629570007324,STABLE_GOLD,False,[],"[{""group"":""space"",""original"":{""in"":1},""candidate"":{""through"":1},""field"":""hypothesis""}]",0.1910112359550562,1.0227272727272727,True,[],ACCEPTED_HIGH_CONFIDENCE,,,,,,,,
225,148356,225:hypothesis:fra_Latn,hypothesis,contradiction,A man in a red shirt is interacting with a woman holding a shopping bag.,A red-haired rides a go-cart.,A man in a red shirt is interacting with a woman holding a shopping bag.,There's a red one in a go-kart.,A red-haired rides a go-cart.,There's a red one in a go-kart.,0.9921894073486328,0.9404593706130981,0.9404593706130981,contradiction,0.9984992742538452,contradiction,0.9992294311523438,0.0007301568984985352,STABLE_GOLD,False,"[{""group"":""number"",""original"":{},""candidate"":{""one"":1},""field"":""hypothesis""}]","[{""group"":""space"",""original"":{},""candidate"":{""in"":1},""field"":""hypothesis""}]",0.4666666666666667,1.0689655172413792,False,"[""hard_cue_changed""]",NUMBER_CUE,{},"{""one"":1}",NUMBER_ADDED,,,,,
229,151152,229:hypothesis:fra_Latn,hypothesis,contradiction,Several men sit with their green nets in fishing boats.,The men are standing in the boats.,Several men sit with their green nets in fishing boats.,The men are in the boats.,The men are standing in the boats.,The men are in the boats.,0.9934495091438293,0.36061519384384155,0.36061519384384155,contradiction,0.9992468357086182,entailment,0.0011137762339785695,-0.9981330594746396,TRUE_FLIP,False,[],[],0.15254237288135597,0.7352941176470589,False,"[""semantic_drift"",""label_flip""]",TRUE_FLIP,,,,,,,,
230,151395,230:hypothesis:fra_Latn,hypothesis,entailment,Eight people are on an escalator going up or down.,Group of people taking an escalator.,Eight people are on an escalator going up or down.,A group of people taking a flight of stairs.,Group of people taking an escalator.,A group of people taking a flight of stairs.,0.4246918857097626,0.00020436389604583383,0.00020436389604583383,entailment,0.9976045489311218,entailment,0.9942637085914612,-0.0033408403396606445,STABLE_GOLD,False,[],[],0.275,1.2222222222222223,False,"[""semantic_drift""]",SEMANTIC_DRIFT,,,,,,,,
230,151395,230:premise:fra_Latn,premise,entailment,Eight people are on an escalator going up or down.,Group of people taking an escalator.,Eight people are going up or down a staircase.,Group of people taking an escalator.,Eight people are on an escalator going up or down.,Eight people are going up or down a staircase.,0.06498146802186966,0.002911139279603958,0.002911139279603958,entailment,0.9976045489311218,contradiction,0.0002003294648602605,-0.9974042194662616,TRUE_FLIP,False,[],"[{""group"":""space"",""original"":{""on"":1},""candidate"":{},""field"":""premise""}]",0.29166666666666663,0.92,False,"[""semantic_drift"",""label_flip""]",TRUE_FLIP,,,,,,,,
232,158708,232:premise:fra_Latn,premise,entailment,An elderly man in a leather jacket with a scarf is holding up a sign.,A man is holding up a sign.,An old man in a leather jacket and a scarf holds a sign.,A man is holding up a sign.,An elderly man in a leather jacket with a scarf is holding up a sign.,An old man in a leather jacket and a scarf holds a sign.,0.9969950914382935,0.984447717666626,0.984447717666626,entailment,0.9985030889511108,entailment,0.9900574088096619,-0.008445680141448975,STABLE_GOLD,False,[],[],0.18400000000000005,0.8115942028985508,True,[],ACCEPTED_HIGH_CONFIDENCE,,,,,,,,
236,161674,236:premise:fra_Latn,premise,entailment,A male is leaping above white water.,A male leaps.,A male jumps on white water.,A male leaps.,A male is leaping above white water.,A male jumps on white water.,0.9839247465133667,0.8681672811508179,0.8681672811508179,entailment,0.9958277344703674,entailment,0.9943576455116272,-0.0014700889587402344,STABLE_GOLD,False,[],"[{""group"":""space"",""original"":{},""candidate"":{""on"":1},""field"":""premise""}]",0.28125,0.7777777777777778,True,[],ACCEPTED_SCORE_BORDERLINE,,,,,,,,
245,167720,245:hypothesis:fra_Latn,hypothesis,contradiction,an asian girl looking surprised in front of a brick window,There is an arabian man looking surprised.,an asian girl looking surprised in front of a brick window,There's an Arab who looks surprised.,There is an arabian man looking surprised.,There's an Arab who looks surprised.,0.9963451027870178,0.9119598269462585,0.9119598269462585,contradiction,0.9985164999961853,contradiction,0.9980865716934204,-0.0004299283027648926,STABLE_GOLD,False,[],[],0.20512820512820518,0.8571428571428571,True,[],ACCEPTED_SCORE_BORDERLINE,,,,,,,,
247,169049,247:premise:fra_Latn,premise,contradiction,Man and baby posing in front of an engine of an old train.,The baby is driving the train.,A man and a baby standing in front of an old train engine.,The baby is driving the train.,Man and baby posing in front of an engine of an old train.,A man and a baby standing in front of an old train engine.,0.9831959009170532,0.6096571087837219,0.6096571087837219,contradiction,0.9204383492469788,contradiction,0.9839630722999573,0.06352472305297852,STABLE_GOLD,False,[],[],0.2586206896551724,1.0,False,"[""semantic_drift""]",SEMANTIC_DRIFT,,,,,,,,
252,170297,252:hypothesis:fra_Latn,hypothesis,entailment,Two Latin dancers dancing with Mariachi band playing in the background with a crowd watching.,The dancers are performing for the crowd.,Two Latin dancers dancing with Mariachi band playing in the background with a crowd watching.,The dancers perform in front of the crowd.,The dancers are performing for the crowd.,The dancers perform in front of the crowd.,0.9975454211235046,0.9967758059501648,0.9967758059501648,entailment,0.8614192008972168,contradiction,0.3253037631511688,-0.536115437746048,TRUE_FLIP,False,[],"[{""group"":""space"",""original"":{},""candidate"":{""front"":1,""in"":1},""field"":""hypothesis""}]",0.15662650602409633,1.024390243902439,False,"[""label_flip""]",TRUE_FLIP,,,,,,,,
253,171597,253:premise:fra_Latn,premise,neutral,"A small South American child running on a cobblestone pathway, by a blue wall with a door.",A small girl runs along a pathway towards a house.,"A little South American boy running down a paved road, near a blue wall with a door.",A small girl runs along a pathway towards a house.,"A small South American child running on a cobblestone pathway, by a blue wall with a door.","A little South American boy running down a paved road, near a blue wall with a door.",0.2048092484474182,0.47302210330963135,0.2048092484474182,neutral,0.9969927072525024,contradiction,0.0008391512092202902,-0.9961535560432822,TRUE_FLIP,False,[],"[{""group"":""space"",""original"":{""on"":1},""candidate"":{""near"":1},""field"":""premise""}]",0.27586206896551724,0.9333333333333333,False,"[""semantic_drift"",""label_flip""]",SEMANTIC_DRIFT|TRUE_FLIP,,,,,,,,
262,177271,262:hypothesis:fra_Latn,hypothesis,entailment,"A young lady in a colorful dress, holds a white stuffed animal stands in the rain hold a plaid umbrella.",A lady wearing a colorful dress holds a plaid umbrella and a white stuffed animal in the rain.,"A young lady in a colorful dress, holds a white stuffed animal stands in the rain hold a plaid umbrella.",A lady dressed in a colorful dress holds an umbrella in her lap and a white stuffed animal in the rain.,A lady wearing a colorful dress holds a plaid umbrella and a white stuffed animal in the rain.,A lady dressed in a colorful dress holds an umbrella in her lap and a white stuffed animal in the rain.,0.012749163433909416,0.0009676161571405828,0.0009676161571405828,entailment,0.9871655702590942,neutral,0.3028518855571747,-0.6843136847019196,TRUE_FLIP,False,[],"[{""group"":""space"",""original"":{""in"":1},""candidate"":{""in"":3},""field"":""hypothesis""}]",0.14720812182741116,1.0957446808510638,False,"[""semantic_drift"",""label_flip""]",TRUE_FLIP,,,,,,,,
262,177271,262:premise:fra_Latn,premise,entailment,"A young lady in a colorful dress, holds a white stuffed animal stands in the rain hold a plaid umbrella.",A lady wearing a colorful dress holds a plaid umbrella and a white stuffed animal in the rain.,"A young woman in a colorful dress, holding a white stuffed animal, standing in the rain, holding an umbrella.",A lady wearing a colorful dress holds a plaid umbrella and a white stuffed animal in the rain.,"A young lady in a colorful dress, holds a white stuffed animal stands in the rain hold a plaid umbrella.","A young woman in a colorful dress, holding a white stuffed animal, standing in the rain, holding an umbrella.",0.9952352643013,0.0005914510693401098,0.0005914510693401098,entailment,0.9871655702590942,neutral,0.001165257766842842,-0.9860003124922514,TRUE_FLIP,False,[],[],0.12676056338028174,1.0480769230769231,False,"[""semantic_drift"",""label_flip""]",TRUE_FLIP,,,,,,,,
263,177566,263:premise:fra_Latn,premise,entailment,A little boy with a green shirt is running on a rock ledge.,A child is running.,A little boy in a green shirt runs up a cliff.,A child is running.,A little boy with a green shirt is running on a rock ledge.,A little boy in a green shirt runs up a cliff.,0.8913734555244446,0.7089256644248962,0.7089256644248962,entailment,0.9970114231109619,entailment,0.996436357498169,-0.0005750656127929688,STABLE_GOLD,False,[],"[{""group"":""space"",""original"":{""on"":1},""candidate"":{""in"":1},""field"":""premise""}]",0.2571428571428571,0.7796610169491526,False,"[""semantic_drift""]",SEMANTIC_DRIFT,,,,,,,,
265,178067,265:premise:fra_Latn,premise,entailment,A man with a red hat looking at something in a glass counter and starfish on top in a metal container.,A man is looking at an object.,A man in a red hat looking at something in a glass counter and sea stars up in a metal container.,A man is looking at an object.,A man with a red hat looking at something in a glass counter and starfish on top in a metal container.,A man in a red hat looking at something in a glass counter and sea stars up in a metal container.,0.9908041954040527,0.9903861284255981,0.9903861284255981,entailment,0.9927378296852112,entailment,0.9930031895637512,0.00026535987854003906,STABLE_GOLD,False,[],"[{""group"":""space"",""original"":{""on"":1,""in"":2},""candidate"":{""in"":3},""field"":""premise""}]",0.085427135678392,0.9509803921568627,True,[],ACCEPTED_HIGH_CONFIDENCE,,,,,,,,
268,182297,268:premise:fra_Latn,premise,neutral,A man is snowboarding over a structure on a snowy hill.,The snowboard has stripes.,A man is snowboarding on a structure on a snowy hill.,The snowboard has stripes.,A man is snowboarding over a structure on a snowy hill.,A man is snowboarding on a structure on a snowy hill.,0.9850395917892456,0.8205209970474243,0.8205209970474243,neutral,0.999229907989502,neutral,0.9991570711135864,-7.283687591552734e-05,STABLE_GOLD,False,[],"[{""group"":""space"",""original"":{""on"":1,""over"":1},""candidate"":{""on"":2},""field"":""premise""}]",0.03703703703703709,0.9636363636363636,True,[],ACCEPTED_SCORE_BORDERLINE,,,,,,,,
269,182307,269:premise:fra_Latn,premise,contradiction,"The child in white is on the monkey bars, while the one in brown stands below.",Kids walking home.,"The child in white is on the monkey bars, while the child in brown stands underneath.",Kids walking home.,"The child in white is on the monkey bars, while the one in brown stands below.","The child in white is on the monkey bars, while the child in brown stands underneath.",0.9968400001525879,0.9980705380439758,0.9968400001525879,contradiction,0.9987543821334839,contradiction,0.9987820982933044,2.771615982055664e-05,STABLE_GOLD,False,"[{""group"":""number"",""original"":{""one"":1},""candidate"":{},""field"":""premise""}]",[],0.1288343558282209,1.0897435897435896,False,"[""hard_cue_changed""]",NUMBER_CUE,"{""one"":1}",{},NUMBER_REMOVED,,,,,
271,183621,271:premise:fra_Latn,premise,entailment,two women walk down some stairs with intricate designs on the railings,The railings had designs.,Two women are descending stairs with complex patterns on bars.,The railings had designs.,two women walk down some stairs with intricate designs on the railings,Two women are descending stairs with complex patterns on bars.,0.9971461892127991,0.9949330687522888,0.9949330687522888,entailment,0.9866809844970703,entailment,0.9804971218109131,-0.0061838626861572266,STABLE_GOLD,False,[],"[{""group"":""quantifier"",""original"":{""some"":1},""candidate"":{},""field"":""premise""}]",0.40909090909090906,0.8857142857142857,True,[],ACCEPTED_HIGH_CONFIDENCE,,,,,,,,
272,184494,272:premise:fra_Latn,premise,neutral,An oriental woman in a white gabardine and dressy shoes standing outside waiting for a ride.,The woman is a bride on her way to a church.,An oriental woman in a white robe and shoes standing outside waiting for a ride.,The woman is a bride on her way to a church.,An oriental woman in a white gabardine and dressy shoes standing outside waiting for a ride.,An oriental woman in a white robe and shoes standing outside waiting for a ride.,0.9894165396690369,0.0037130427081137896,0.0037130427081137896,neutral,0.9992088675498962,neutral,0.9991957545280457,-1.3113021850585938e-05,STABLE_GOLD,False,[],[],0.09302325581395354,0.8695652173913043,False,"[""semantic_drift""]",SEMANTIC_DRIFT,,,,,,,,
274,184879,274:premise:fra_Latn,premise,neutral,A young girl expanding the time of childhood through colorful play.,The girl is painting with all the colours of the rainbow.,A young girl who expands her childhood through colorful games.,The girl is painting with all the colours of the rainbow.,A young girl expanding the time of childhood through colorful play.,A young girl who expands her childhood through colorful games.,0.9682736992835999,0.991402804851532,0.9682736992835999,neutral,0.903498113155365,contradiction,0.06301283091306686,-0.8404852822422981,TRUE_FLIP,False,[],[],0.1937984496124031,0.9253731343283582,False,"[""label_flip""]",TRUE_FLIP,,,,,,,,
277,188199,277:premise:fra_Latn,premise,entailment,A woman with a floral shirt and purse and a man with a black shirt are walking while another man walks behind them.,the woman has a purse,A woman in a shirt and a bag of flowers and a man in a black shirt are walking while another man is walking behind them.,the woman has a purse,A woman with a floral shirt and purse and a man with a black shirt are walking while another man walks behind them.,A woman in a shirt and a bag of flowers and a man in a black shirt are walking while another man is walking behind them.,0.9770575761795044,0.9929918050765991,0.9770575761795044,entailment,0.9951932430267334,contradiction,0.25612130761146545,-0.7390719354152679,TRUE_FLIP,False,[],"[{""group"":""space"",""original"":{""behind"":1},""candidate"":{""in"":2,""behind"":1},""field"":""premise""}]",0.16595744680851066,1.0434782608695652,False,"[""label_flip""]",TRUE_FLIP,,,,,,,,
278,188555,278:premise:fra_Latn,premise,entailment,Several people are holding containers of alcohol in a room.,People holding containers on alcohol.,Several people keep liquor containers in a room.,People holding containers on alcohol.,Several people are holding containers of alcohol in a room.,Several people keep liquor containers in a room.,0.9969966411590576,0.9926934242248535,0.9926934242248535,entailment,0.9568198323249817,entailment,0.9127028584480286,-0.044116973876953125,STABLE_GOLD,False,[],[],0.28971962616822433,0.8135593220338984,True,[],ACCEPTED_SCORE_BORDERLINE,,,,,,,,
283,192390,283:hypothesis:fra_Latn,hypothesis,contradiction,"A woman, fit and toned, runs in a race as a crowd of runners follow.",Everybody is walking slowly.,"A woman, fit and toned, runs in a race as a crowd of runners follow.",Everybody's walking slowly.,Everybody is walking slowly.,Everybody's walking slowly.,0.9976696372032166,0.9963260293006897,0.9963260293006897,contradiction,0.9982823133468628,contradiction,0.9983218312263489,3.9517879486083984e-05,STABLE_GOLD,False,[],[],0.054545454545454564,0.9642857142857143,True,[],ACCEPTED_HIGH_CONFIDENCE,,,,,,,,
288,196673,288:hypothesis:fra_Latn,hypothesis,entailment,A biker reaches the apex of his ramp while onlookers watch his feat.,A biker reaches the apex of his ramp.,A biker reaches the apex of his ramp while onlookers watch his feat.,A motorcyclist reaches the top of his ramp.,A biker reaches the apex of his ramp.,A motorcyclist reaches the top of his ramp.,0.99647456407547,0.9975177049636841,0.99647456407547,entailment,0.9961351156234741,entailment,0.996746301651001,0.0006111860275268555,STABLE_GOLD,False,[],[],0.25,1.162162162162162,True,[],ACCEPTED_HIGH_CONFIDENCE,,,,,,,,
291,200568,291:hypothesis:fra_Latn,hypothesis,entailment,A multicolor cat fighting with a black and brown dog in a red collar.,A cat and dog are fighting.,A multicolor cat fighting with a black and brown dog in a red collar.,A cat and a dog are fighting.,A cat and dog are fighting.,A cat and a dog are fighting.,0.9958406090736389,0.9966233968734741,0.9958406090736389,entailment,0.9974852800369263,entailment,0.9976320266723633,0.00014674663543701172,STABLE_GOLD,False,[],[],0.0357142857142857,1.0740740740740742,True,[],ACCEPTED_HIGH_CONFIDENCE,,,,,,,,
291,200568,291:premise:fra_Latn,premise,entailment,A multicolor cat fighting with a black and brown dog in a red collar.,A cat and dog are fighting.,A multicolored cat is fighting a black and brown dog with a red collar.,A cat and dog are fighting.,A multicolor cat fighting with a black and brown dog in a red collar.,A multicolored cat is fighting a black and brown dog with a red collar.,0.9966213703155518,0.9963326454162598,0.9963326454162598,entailment,0.9974852800369263,entailment,0.9976008534431458,0.00011557340621948242,STABLE_GOLD,False,[],"[{""group"":""space"",""original"":{""in"":1},""candidate"":{},""field"":""premise""}]",0.09999999999999998,1.0289855072463767,True,[],ACCEPTED_HIGH_CONFIDENCE,,,,,,,,
293,200772,293:premise:fra_Latn,premise,neutral,A wakeboarder is traveling across the water behind a ramp.,The wakeboader is a man.,A wakeboarder crosses the water behind a ramp.,The wakeboader is a man.,A wakeboarder is traveling across the water behind a ramp.,A wakeboarder crosses the water behind a ramp.,0.9957895874977112,0.9876857995986938,0.9876857995986938,neutral,0.9951594471931458,neutral,0.992108166217804,-0.003051280975341797,STABLE_GOLD,False,[],[],0.15384615384615385,0.7931034482758621,True,[],ACCEPTED_HIGH_CONFIDENCE,,,,,,,,
294,202122,294:premise:fra_Latn,premise,contradiction,"A group of people sit outdoors around a small, short table.",The dryer is broken.,A group of people are sitting outside around a small short table.,The dryer is broken.,"A group of people sit outdoors around a small, short table.",A group of people are sitting outside around a small short table.,0.9968320727348328,0.9954582452774048,0.9954582452774048,contradiction,0.7482296228408813,neutral,0.2932657301425934,-0.45496389269828796,TRUE_FLIP,False,[],"[{""group"":""space"",""original"":{},""candidate"":{""outside"":1},""field"":""premise""}]",0.12903225806451613,1.1016949152542372,False,"[""label_flip""]",TRUE_FLIP,,,,,,,,
297,204719,297:hypothesis:fra_Latn,hypothesis,contradiction,The men are waving as they are standing in snow.,A group of men are enjoying a day at the pool.,The men are waving as they are standing in snow.,A group of men enjoying a day at the pool.,A group of men are enjoying a day at the pool.,A group of men enjoying a day at the pool.,0.9959398508071899,0.995609700679779,0.995609700679779,contradiction,0.9994925260543823,contradiction,0.9994074106216431,-8.511543273925781e-05,STABLE_GOLD,False,[],[],0.045454545454545414,0.9130434782608695,True,[],ACCEPTED_HIGH_CONFIDENCE,,,,,,,,
300,206106,300:premise:fra_Latn,premise,neutral,There is a man with a red hat on his hand.,There is a sad man with a red hat on his hand.,There's a man with a red hat in his hand.,There is a sad man with a red hat on his hand.,There is a man with a red hat on his hand.,There's a man with a red hat in his hand.,0.9452794194221497,0.86262047290802,0.86262047290802,neutral,0.9984846711158752,neutral,0.9984686970710754,-1.5974044799804688e-05,STABLE_GOLD,False,[],"[{""group"":""space"",""original"":{""on"":1},""candidate"":{""in"":1},""field"":""premise""}]",0.06024096385542166,0.9761904761904762,True,[],ACCEPTED_SCORE_BORDERLINE,,,,,,,,
303,208906,303:premise:fra_Latn,premise,entailment,People at a concert wave their hands in the air as they watch the singer and guitarist perform.,People enjoying music at a concert.,"At a concert, people wave their hands in the air watching the singer and guitarist play.",People enjoying music at a concert.,People at a concert wave their hands in the air as they watch the singer and guitarist perform.,"At a concert, people wave their hands in the air watching the singer and guitarist play.",0.9975568056106567,0.9963511228561401,0.9963511228561401,entailment,0.9828024506568909,entailment,0.9828837513923645,8.130073547363281e-05,STABLE_GOLD,False,[],[],0.1912568306010929,0.9263157894736842,True,[],ACCEPTED_HIGH_CONFIDENCE,,,,,,,,
306,209775,306:hypothesis:fra_Latn,hypothesis,neutral,Eldery couple wearing hats looking at tickets on the street.,the people were on concrete,Eldery couple wearing hats looking at tickets on the street.,People were on the concrete.,the people were on concrete,People were on the concrete.,0.9959610104560852,0.9959143996238708,0.9959143996238708,neutral,0.9433273077011108,entailment,0.318083792924881,-0.6252435147762299,TRUE_FLIP,False,[],[],0.1636363636363637,1.037037037037037,False,"[""label_flip""]",TRUE_FLIP,,,,,,,,
307,211350,307:hypothesis:fra_Latn,hypothesis,entailment,Two women in military uniform are standing with other soldiers in formation.,Two women in military uniform are standing with others in formation,Two women in military uniform are standing with other soldiers in formation.,Two women in military uniform stand with others in training.,Two women in military uniform are standing with others in formation,Two women in military uniform stand with others in training.,0.7830868363380432,0.7258549332618713,0.7258549332618713,entailment,0.9833884239196777,entailment,0.8016545176506042,-0.1817339062690735,STABLE_GOLD,True,[],[],0.13385826771653542,0.8955223880597015,False,"[""semantic_drift""]",SEMANTIC_DRIFT,,,,,,,,
308,211927,308:hypothesis:fra_Latn,hypothesis,neutral,A boat floating on blue water.,The boat is about to be taken out on the water.,A boat floating on blue water.,The boat is about to be put back into the water.,The boat is about to be taken out on the water.,The boat is about to be put back into the water.,0.31591495871543884,0.9856770038604736,0.31591495871543884,neutral,0.9778068661689758,contradiction,0.09339170902967453,-0.8844151571393013,TRUE_FLIP,False,[],"[{""group"":""space"",""original"":{""on"":1},""candidate"":{},""field"":""hypothesis""}]",0.17894736842105263,1.0212765957446808,False,"[""semantic_drift"",""label_flip""]",TRUE_FLIP,,,,,,,,
310,213279,310:hypothesis:fra_Latn,hypothesis,entailment,A large duck in flight over a rocky stream.,A duck is flying over water.,A large duck in flight over a rocky stream.,A duck flies over the water.,A duck is flying over water.,A duck flies over the water.,0.997767448425293,0.9975526928901672,0.9975526928901672,entailment,0.9973948001861572,entailment,0.9965657591819763,-0.0008290410041809082,STABLE_GOLD,False,[],[],0.2142857142857143,1.0,True,[],ACCEPTED_HIGH_CONFIDENCE,,,,,,,,
313,214998,313:premise:fra_Latn,premise,neutral,A runner is sliding into home while the cathcer covers the plate in a softball game.,A runner slides home for the winning run in a softball game.,A runner slips into the house while the catcher covers the plate during a softball game.,A runner slides home for the winning run in a softball game.,A runner is sliding into home while the cathcer covers the plate in a softball game.,A runner slips into the house while the catcher covers the plate during a softball game.,0.9955270886421204,0.992384672164917,0.992384672164917,neutral,0.9977096319198608,contradiction,0.014001469127833843,-0.983708162792027,TRUE_FLIP,False,[],"[{""group"":""time"",""original"":{},""candidate"":{""during"":1},""field"":""premise""},{""group"":""space"",""original"":{""in"":1},""candidate"":{},""field"":""premise""}]",0.12790697674418605,1.0476190476190477,False,"[""label_flip""]",TRUE_FLIP,,,,,,,,
316,215759,316:premise:fra_Latn,premise,contradiction,White girl in a white dress and white bird-looking wings holding some blue ads.,A girl is wearing a yellow suit.,A white girl in a white dress and white bird wings holding blue ads.,A girl is wearing a yellow suit.,White girl in a white dress and white bird-looking wings holding some blue ads.,A white girl in a white dress and white bird wings holding blue ads.,0.9908333420753479,0.7024396061897278,0.7024396061897278,contradiction,0.9993879795074463,contradiction,0.9993298053741455,-5.817413330078125e-05,STABLE_GOLD,False,[],"[{""group"":""quantifier"",""original"":{""some"":1},""candidate"":{},""field"":""premise""}]",0.10204081632653061,0.8607594936708861,False,"[""semantic_drift""]",SEMANTIC_DRIFT,,,,,,,,
317,215835,317:hypothesis:fra_Latn,hypothesis,neutral,Soccer players in jerseys representing two teams mill around on a soccer field.,The soccer players are getting ready to play.,Soccer players in jerseys representing two teams mill around on a soccer field.,The football players are getting ready to play.,The soccer players are getting ready to play.,The football players are getting ready to play.,0.06136151775717735,0.6791723370552063,0.06136151775717735,neutral,0.995371401309967,contradiction,0.10249032825231552,-0.8928810730576515,TRUE_FLIP,False,[],[],0.13043478260869568,1.0444444444444445,False,"[""semantic_drift"",""label_flip""]",TRUE_FLIP,,,,,,,,
317,215835,317:premise:fra_Latn,premise,neutral,Soccer players in jerseys representing two teams mill around on a soccer field.,The soccer players are getting ready to play.,Football players in shirts representing two teams gather on a football field.,The soccer players are getting ready to play.,Soccer players in jerseys representing two teams mill around on a soccer field.,Football players in shirts representing two teams gather on a football field.,0.001787681831046939,0.011700085364282131,0.001787681831046939,neutral,0.995371401309967,neutral,0.9623482823371887,-0.03302311897277832,STABLE_GOLD,False,[],[],0.2948717948717948,0.9746835443037974,False,"[""semantic_drift""]",SEMANTIC_DRIFT,,,,,,,,
318,215950,318:premise:fra_Latn,premise,neutral,"A guy in a blue shirt, shorts and sandals is giving a speech with a microphone to some people sitting in the front row of an auditorium.",A man is giving his campaing speech.,"A guy in a blue shirt, pants, and sandals gives a talk with a microphone to some people sitting in the front row of an auditorium.",A man is giving his campaing speech.,"A guy in a blue shirt, shorts and sandals is giving a speech with a microphone to some people sitting in the front row of an auditorium.","A guy in a blue shirt, pants, and sandals gives a talk with a microphone to some people sitting in the front row of an auditorium.",0.017932899296283722,0.029450010508298874,0.017932899296283722,neutral,0.950130820274353,neutral,0.9566231369972229,0.006492316722869873,STABLE_GOLD,False,[],[],0.09774436090225569,0.9558823529411765,False,"[""semantic_drift""]",SEMANTIC_DRIFT,,,,,,,,
321,218103,321:premise:fra_Latn,premise,entailment,A teenage girl wearing a t-shirt and bathing suit bottom jumps into a body of water.,A girl jumps into water.,A teenage girl wearing a t-shirt and a swimsuit jumps into a water tank.,A girl jumps into water.,A teenage girl wearing a t-shirt and bathing suit bottom jumps into a body of water.,A teenage girl wearing a t-shirt and a swimsuit jumps into a water tank.,0.0028166493866592646,0.9485068917274475,0.0028166493866592646,entailment,0.9985931515693665,entailment,0.9983267188072205,-0.0002664327621459961,STABLE_GOLD,False,[],[],0.1923076923076923,0.8571428571428571,False,"[""semantic_drift""]",SEMANTIC_DRIFT,,,,,,,,
323,219803,323:premise:fra_Latn,premise,entailment,"A young man is having his picture taken in front of a picture of an Asian sports team, while a child walks in a ball cap walks in front of the picture.",A young man gets his photo taken.,"A young man is photographed in front of a photo of an Asian sports team, while a child in a ball cap is walking in front of the photo.",A young man gets his photo taken.,"A young man is having his picture taken in front of a picture of an Asian sports team, while a child walks in a ball cap walks in front of the picture.","A young man is photographed in front of a photo of an Asian sports team, while a child in a ball cap is walking in front of the photo.",0.9948893785476685,0.9946927428245544,0.9946927428245544,entailment,0.9969111084938049,entailment,0.9977287650108337,0.0008176565170288086,STABLE_GOLD,False,[],[],0.19999999999999996,0.8874172185430463,True,[],ACCEPTED_HIGH_CONFIDENCE,,,,,,,,
325,221454,325:premise:fra_Latn,premise,neutral,A girl wearing the number one LaFayette softball uniform is about to throw the ball.,Some woman are softball players.,A girl in LaFayette's softball uniform is about to throw the ball.,Some woman are softball players.,A girl wearing the number one LaFayette softball uniform is about to throw the ball.,A girl in LaFayette's softball uniform is about to throw the ball.,0.9945928454399109,0.0011756278108805418,0.0011756278108805418,entailment,0.020325278863310814,entailment,0.02114148437976837,0.0008162055164575577,VERIFIER_GOLD_DISAGREEMENT_STABLE,False,"[{""group"":""number"",""original"":{""one"":1},""candidate"":{},""field"":""premise""}]","[{""group"":""space"",""original"":{},""candidate"":{""in"":1},""field"":""premise""}]",0.1466666666666666,0.7857142857142857,False,"[""hard_cue_changed"",""semantic_drift"",""label_flip""]",NUMBER_CUE|VERIFIER_GOLD_DISAGREEMENT,"{""one"":1}",{},NUMBER_REMOVED,,,,,
326,223038,326:premise:fra_Latn,premise,neutral,A boy in a blue life jacket jumps into the water.,There is a boy jumping into the water to play.,A boy in a blue vest jumps into the water.,There is a boy jumping into the water to play.,A boy in a blue life jacket jumps into the water.,A boy in a blue vest jumps into the water.,0.3479253053665161,0.048541124910116196,0.048541124910116196,neutral,0.9921446442604065,neutral,0.9942084550857544,0.0020638108253479004,STABLE_GOLD,False,[],[],0.1208791208791209,0.8571428571428571,False,"[""semantic_drift""]",SEMANTIC_DRIFT,,,,,,,,
330,224812,330:hypothesis:fra_Latn,hypothesis,contradiction,Little girl holding a karate trophy.,A little girl is,Little girl holding a karate trophy.,A little girl is,A little girl is,A little girl is,0.9903815388679504,0.9903815388679504,0.9903815388679504,entailment,0.0018691960722208023,entailment,0.0018691960722208023,0.0,VERIFIER_GOLD_DISAGREEMENT_STABLE,False,[],[],0.0,1.0,False,"[""trivial_copy"",""label_flip""]",VERIFIER_GOLD_DISAGREEMENT,,,,,,,,
334,226575,334:hypothesis:fra_Latn,hypothesis,contradiction,Two men and a woman converse together at as EASTA meeting.,A woman is shouting a men in office.,Two men and a woman converse together at as EASTA meeting.,A woman is yelling at a man at the station.,A woman is shouting a men in office.,A woman is yelling at a man at the station.,0.017824966460466385,0.7755506038665771,0.017824966460466385,contradiction,0.6095410585403442,neutral,0.3524775803089142,-0.25706347823143005,TRUE_FLIP,False,[],"[{""group"":""space"",""original"":{""in"":1},""candidate"":{},""field"":""hypothesis""}]",0.4177215189873418,1.1944444444444444,False,"[""semantic_drift"",""label_flip""]",TRUE_FLIP,,,,,,,,
335,226981,335:hypothesis:fra_Latn,hypothesis,entailment,Two men are sitting by themselves in a cafe.,A cafe where two men sit alone.,Two men are sitting by themselves in a cafe.,A cafe where two men are alone.,A cafe where two men sit alone.,A cafe where two men are alone.,0.98058021068573,0.7841309905052185,0.7841309905052185,entailment,0.9970670342445374,entailment,0.9964174032211304,-0.0006496310234069824,STABLE_GOLD,False,[],[],0.09677419354838712,1.0,False,"[""semantic_drift""]",SEMANTIC_DRIFT,,,,,,,,
336,227619,336:hypothesis:fra_Latn,hypothesis,contradiction,Two young men are leaping exuberantly on an outdoor plaza.,The two men have just been stuck in concrete boots and are drowning in the Hudson River.,Two young men are leaping exuberantly on an outdoor plaza.,Both men are trapped in concrete boots and drowned in the Hudson River.,The two men have just been stuck in concrete boots and are drowning in the Hudson River.,Both men are trapped in concrete boots and drowned in the Hudson River.,0.9881734251976013,0.9715660214424133,0.9715660214424133,contradiction,0.9993534684181213,contradiction,0.9988000392913818,-0.000553429126739502,STABLE_GOLD,False,"[{""group"":""number"",""original"":{""two"":1},""candidate"":{},""field"":""hypothesis""}]",[],0.23270440251572322,0.8068181818181818,False,"[""hard_cue_changed""]",NUMBER_CUE,"{""two"":1}",{},NUMBER_REMOVED,,,,,
340,231324,340:premise:fra_Latn,premise,entailment,A smiling woman with dark hair is sitting at a table.,A woman sits at a table.,A smiling woman with black hair is sitting at a table.,A woman sits at a table.,A smiling woman with dark hair is sitting at a table.,A smiling woman with black hair is sitting at a table.,0.0017076443182304502,0.9893454909324646,0.0017076443182304502,entailment,0.9983744621276855,entailment,0.9983417987823486,-3.266334533691406e-05,STABLE_GOLD,False,[],[],0.04672897196261683,1.0188679245283019,False,"[""semantic_drift""]",SEMANTIC_DRIFT,,,,,,,,
346,233782,346:hypothesis:fra_Latn,hypothesis,contradiction,A bunch of police officers are standing outside a bus.,The police officers are driving in a car.,A bunch of police officers are standing outside a bus.,The cops are driving in a car.,The police officers are driving in a car.,The cops are driving in a car.,0.9985478520393372,0.9980437755584717,0.9980437755584717,contradiction,0.9995765089988708,contradiction,0.9995841383934021,7.62939453125e-06,STABLE_GOLD,False,[],[],0.21126760563380287,0.7317073170731707,True,[],ACCEPTED_HIGH_CONFIDENCE,,,,,,,,
347,233919,347:hypothesis:fra_Latn,hypothesis,entailment,A man and a woman kissing while at a show.,A man is attracted to a woman.,A man and a woman kissing while at a show.,A man is attracted to a woman.,A man is attracted to a woman.,A man is attracted to a woman.,0.997497022151947,0.997497022151947,0.997497022151947,neutral,0.4634733200073242,neutral,0.4634733200073242,0.0,VERIFIER_GOLD_DISAGREEMENT_STABLE,False,[],[],0.0,1.0,False,"[""trivial_copy"",""label_flip""]",VERIFIER_GOLD_DISAGREEMENT,,,,,,,,
348,233997,348:hypothesis:fra_Latn,hypothesis,contradiction,Blond child in red shirt standing on a plastic wreathed Christmas sleigh.,Child wearing nothing at all standing on a sleigh.,Blond child in red shirt standing on a plastic wreathed Christmas sleigh.,A child who carries nothing standing on a sled.,Child wearing nothing at all standing on a sleigh.,A child who carries nothing standing on a sled.,0.9898304343223572,0.9826257228851318,0.9826257228851318,contradiction,0.9994896650314331,neutral,0.02450018934905529,-0.9749894756823778,TRUE_FLIP,False,[],"[{""group"":""quantifier"",""original"":{""all"":1},""candidate"":{},""field"":""hypothesis""}]",0.23711340206185572,0.94,False,"[""label_flip""]",TRUE_FLIP,,,,,,,,
349,234990,349:premise:fra_Latn,premise,neutral,The man in black shorts and a green shirt with the number 25 on the back is about to kick the soccer ball.,He is aiming at a goal.,The man in black shorts and a green shirt with the number 25 on his back is about to kick the football.,He is aiming at a goal.,The man in black shorts and a green shirt with the number 25 on the back is about to kick the soccer ball.,The man in black shorts and a green shirt with the number 25 on his back is about to kick the football.,0.9461653232574463,0.8793641328811646,0.8793641328811646,neutral,0.9876989126205444,neutral,0.9871794581413269,-0.0005194544792175293,STABLE_GOLD,False,[],[],0.062200956937799035,0.9716981132075472,True,[],ACCEPTED_SCORE_BORDERLINE,,,,,,,,
350,235554,350:premise:fra_Latn,premise,neutral,The man in a red shirt just got a rebound in a basketball game.,The man in the red shirt is playing well,The man in the red shirt just bounced in a basketball game.,The man in the red shirt is playing well,The man in a red shirt just got a rebound in a basketball game.,The man in the red shirt just bounced in a basketball game.,0.9579993486404419,0.862802267074585,0.862802267074585,neutral,0.9517473578453064,neutral,0.9441512227058411,-0.007596135139465332,STABLE_GOLD,False,[],[],0.11475409836065575,0.9365079365079365,True,[],ACCEPTED_SCORE_BORDERLINE,,,,,,,,
351,236796,351:hypothesis:fra_Latn,hypothesis,neutral,"Two dancers performing in the spotlight, on stage.",The dancers are performing in front of a large audience.,"Two dancers performing in the spotlight, on stage.",The dancers perform in front of a large audience.,The dancers are performing in front of a large audience.,The dancers perform in front of a large audience.,0.9968100190162659,0.9953373670578003,0.9953373670578003,neutral,0.9989483952522278,neutral,0.9988508224487305,-9.757280349731445e-05,STABLE_GOLD,False,[],[],0.06666666666666665,0.875,True,[],ACCEPTED_HIGH_CONFIDENCE,,,,,,,,
354,238210,354:premise:fra_Latn,premise,entailment,A bearded man is wearing a redhead scarf and holding a forked green and white branch.,A man with facial hair is wearing a scarf.,A bearded man wears a scarlet-haired scarf and holds a green and white forked branch.,A man with facial hair is wearing a scarf.,A bearded man is wearing a redhead scarf and holding a forked green and white branch.,A bearded man wears a scarlet-haired scarf and holds a green and white forked branch.,0.875186562538147,0.9577591419219971,0.875186562538147,entailment,0.9970334768295288,entailment,0.9970752000808716,4.172325134277344e-05,STABLE_GOLD,False,[],[],0.23529411764705888,1.0,True,[],ACCEPTED_SCORE_BORDERLINE,,,,,,,,
355,238582,355:hypothesis:fra_Latn,hypothesis,neutral,A boy jumps off of a structure into a pool.,He is wearing swim goggles.,A boy jumps off of a structure into a pool.,He wears swimming glasses.,He is wearing swim goggles.,He wears swimming glasses.,0.9919208288192749,0.9890852570533752,0.9890852570533752,neutral,0.9994496703147888,neutral,0.9987026453018188,-0.0007470250129699707,STABLE_GOLD,False,[],[],0.3207547169811321,0.9629629629629629,True,[],ACCEPTED_HIGH_CONFIDENCE,,,,,,,,
358,243896,358:hypothesis:fra_Latn,hypothesis,entailment,A woman on a cellphone is sitting in a chair.,A woman on a phone is sitting in a chair.,A woman on a cellphone is sitting in a chair.,There's a woman on the phone sitting in a chair.,A woman on a phone is sitting in a chair.,There's a woman on the phone sitting in a chair.,0.9975772500038147,0.9976847171783447,0.9975772500038147,entailment,0.9922958612442017,entailment,0.99595046043396,0.0036545991897583008,STABLE_GOLD,False,[],[],0.1685393258426966,1.170731707317073,True,[],ACCEPTED_HIGH_CONFIDENCE,,,,,,,,
359,244500,359:premise:fra_Latn,premise,contradiction,This gentleman just finished a refreshing swim.,A man is swimming in a pool.,This gentleman just finished a refreshing swim.,A man is swimming in a pool.,This gentleman just finished a refreshing swim.,This gentleman just finished a refreshing swim.,0.9951777458190918,0.9951777458190918,0.9951777458190918,neutral,0.0031918000895529985,neutral,0.0031918000895529985,0.0,VERIFIER_GOLD_DISAGREEMENT_STABLE,False,[],[],0.0,1.0,False,"[""trivial_copy"",""label_flip""]",VERIFIER_GOLD_DISAGREEMENT,,,,,,,,
361,248126,361:premise:fra_Latn,premise,entailment,"one white little girl, riding on a brown and white saddle which is on top of brown adult horse with black hair, both outside on a sunny day.",The girl is on the horse.,"A little white girl, riding a brown and white saddle that's on top of a brown adult horse with black hair, both out on a sunny day.",The girl is on the horse.,"one white little girl, riding on a brown and white saddle which is on top of brown adult horse with black hair, both outside on a sunny day.","A little white girl, riding a brown and white saddle that's on top of a brown adult horse with black hair, both out on a sunny day.",0.9958218336105347,0.9951837658882141,0.9951837658882141,entailment,0.9901540875434875,entailment,0.9946696162223816,0.004515528678894043,STABLE_GOLD,False,"[{""group"":""number"",""original"":{""one"":1},""candidate"":{},""field"":""premise""}]","[{""group"":""space"",""original"":{""on"":3,""outside"":1},""candidate"":{""on"":2},""field"":""premise""}]",0.12915129151291516,0.9357142857142857,False,"[""hard_cue_changed""]",NUMBER_CUE,"{""one"":1}",{},NUMBER_REMOVED,,,,,
362,249816,362:hypothesis:fra_Latn,hypothesis,contradiction,A young blond-haired boy is going down a red slide.,a mother shows her kid how to slide,A young blond-haired boy is going down a red slide.,a mother teaches her child how to slip,a mother shows her kid how to slide,a mother teaches her child how to slip,0.9957243204116821,0.9975323677062988,0.9957243204116821,neutral,0.005688117351382971,neutral,0.025256378576159477,0.019568261224776506,VERIFIER_GOLD_DISAGREEMENT_STABLE,False,[],[],0.20547945205479456,1.0857142857142856,False,"[""label_flip""]",VERIFIER_GOLD_DISAGREEMENT,,,,,,,,
363,250993,363:hypothesis:fra_Latn,hypothesis,entailment,A man walks into a maroon building as a dog looks on.,A man walks into a building in front of a dog,A man walks into a maroon building as a dog looks on.,A man enters a building in front of a dog.,A man walks into a building in front of a dog,A man enters a building in front of a dog.,0.9964287877082825,0.9780905246734619,0.9780905246734619,entailment,0.9895715713500977,entailment,0.9955301880836487,0.005958616733551025,STABLE_GOLD,False,[],[],0.14942528735632188,0.9333333333333333,True,[],ACCEPTED_HIGH_CONFIDENCE,,,,,,,,
365,252089,365:premise:fra_Latn,premise,entailment,"A woman sitting at a desk labeled Programmes and Ice Cream, the stand appears to be out of ice cream.","A female is sitting at a table with two labels, and item described in one of the labels is not at the table.","A woman sitting at a desk labeled ""Programmes and Ice Cream"", the stand seems to be running out of ice.","A female is sitting at a table with two labels, and item described in one of the labels is not at the table.","A woman sitting at a desk labeled Programmes and Ice Cream, the stand appears to be out of ice cream.","A woman sitting at a desk labeled ""Programmes and Ice Cream"", the stand seems to be running out of ice.",0.007073413580656052,0.10910206288099289,0.007073413580656052,entailment,0.9895414710044861,entailment,0.9423853158950806,-0.04715615510940552,STABLE_GOLD,False,[],[],0.11764705882352944,1.0198019801980198,False,"[""semantic_drift""]",SEMANTIC_DRIFT,,,,,,,,
368,254588,368:hypothesis:fra_Latn,hypothesis,contradiction,A large group of people participate in a marathon along a city street.,One man stands alone on the city street,A large group of people participate in a marathon along a city street.,There's a man standing alone on the street in the city.,One man stands alone on the city street,There's a man standing alone on the street in the city.,0.9970529079437256,0.9928321838378906,0.9928321838378906,contradiction,0.9995304346084595,contradiction,0.9993467926979065,-0.00018364191055297852,STABLE_GOLD,False,"[{""group"":""number"",""original"":{""one"":1},""candidate"":{},""field"":""hypothesis""}]","[{""group"":""space"",""original"":{""on"":1},""candidate"":{""on"":1,""in"":1},""field"":""hypothesis""}]",0.34042553191489366,1.4102564102564104,False,"[""hard_cue_changed""]",NUMBER_CUE,"{""one"":1}",{},NUMBER_REMOVED,,,,,
369,254814,369:hypothesis:fra_Latn,hypothesis,neutral,A skateboarder performs a trick in front of a business building.,A skateboarder irritates business people by doing tricks downtown.,A skateboarder performs a trick in front of a business building.,A skateboarder irritates business people by taking tours around town.,A skateboarder irritates business people by doing tricks downtown.,A skateboarder irritates business people by taking tours around town.,0.0007166501600295305,0.001217235461808741,0.0007166501600295305,neutral,0.9837415218353271,contradiction,0.09703506529331207,-0.8867064565420151,TRUE_FLIP,False,[],[],0.14074074074074072,1.0454545454545454,False,"[""semantic_drift"",""label_flip""]",TRUE_FLIP,,,,,,,,
373,258343,373:premise:fra_Latn,premise,entailment,A man working on the construction of a large boat.,A man working on a boat.,A man working on a big ship.,A man working on a boat.,A man working on the construction of a large boat.,A man working on a big ship.,0.990748941898346,0.8380929231643677,0.8380929231643677,entailment,0.9968552589416504,entailment,0.9920852780342102,-0.0047699809074401855,STABLE_GOLD,False,[],[],0.4358974358974359,0.56,True,[],ACCEPTED_SCORE_BORDERLINE,,,,,,,,
374,258358,374:hypothesis:fra_Latn,hypothesis,contradiction,A skateboarder flies through the air over the staircase of a sleek contemporary building.,lion sleeps,A skateboarder flies through the air over the staircase of a sleek contemporary building.,The lion sleeps,lion sleeps,The lion sleeps,0.9799718260765076,0.9912618398666382,0.9799718260765076,contradiction,0.9993247985839844,contradiction,0.9995232820510864,0.00019848346710205078,STABLE_GOLD,False,[],[],0.15384615384615385,1.3636363636363635,True,[],ACCEPTED_HIGH_CONFIDENCE,,,,,,,,
375,258365,375:hypothesis:fra_Latn,hypothesis,contradiction,A woman pushing a shopping cart at a grocery store.,A woman carrying her bags to the car,A woman pushing a shopping cart at a grocery store.,There's a woman carrying her bags in the car.,A woman carrying her bags to the car,There's a woman carrying her bags in the car.,0.9822717905044556,0.9068444967269897,0.9068444967269897,contradiction,0.9980502128601074,contradiction,0.9995487332344055,0.0014985203742980957,STABLE_GOLD,False,[],"[{""group"":""space"",""original"":{},""candidate"":{""in"":1},""field"":""hypothesis""}]",0.16049382716049387,1.25,True,[],ACCEPTED_SCORE_BORDERLINE,,,,,,,,
377,259206,377:premise:fra_Latn,premise,contradiction,"The two boys, in matching red shirts, fell asleep in the same position.",The two boys were fighting and throwing punches.,"The two boys, dressed in the same red shirts, fell asleep in the same position.",The two boys were fighting and throwing punches.,"The two boys, in matching red shirts, fell asleep in the same position.","The two boys, dressed in the same red shirts, fell asleep in the same position.",0.9919643402099609,0.7604219913482666,0.7604219913482666,contradiction,0.998906135559082,contradiction,0.9988278746604919,-7.826089859008789e-05,STABLE_GOLD,False,[],[],0.1466666666666666,1.1126760563380282,False,"[""semantic_drift""]",SEMANTIC_DRIFT,,,,,,,,
378,261673,378:hypothesis:fra_Latn,hypothesis,entailment,A woman is walking by a building labeled Fisher's Popcorn.,A woman is walking by a popcorn stand,A woman is walking by a building labeled Fisher's Popcorn.,There's a woman walking by a popcorn stand.,A woman is walking by a popcorn stand,There's a woman walking by a popcorn stand.,0.9978839755058289,0.9970042109489441,0.9970042109489441,contradiction,0.011792004108428955,contradiction,0.26474300026893616,0.2529509961605072,VERIFIER_GOLD_DISAGREEMENT_STABLE,False,[],[],0.15000000000000002,1.162162162162162,False,"[""label_flip""]",VERIFIER_GOLD_DISAGREEMENT,,,,,,,,
378,261673,378:premise:fra_Latn,premise,entailment,A woman is walking by a building labeled Fisher's Popcorn.,A woman is walking by a popcorn stand,A woman walks through a building called Fisher's Popcorn.,A woman is walking by a popcorn stand,A woman is walking by a building labeled Fisher's Popcorn.,A woman walks through a building called Fisher's Popcorn.,0.001408447977155447,0.147200345993042,0.001408447977155447,contradiction,0.011792004108428955,contradiction,0.04688134044408798,0.03508933633565903,VERIFIER_GOLD_DISAGREEMENT_STABLE,False,[],"[{""group"":""space"",""original"":{},""candidate"":{""through"":1},""field"":""premise""}]",0.18260869565217386,0.9827586206896551,False,"[""semantic_drift"",""label_flip""]",VERIFIER_GOLD_DISAGREEMENT,,,,,,,,
380,262023,380:hypothesis:fra_Latn,hypothesis,contradiction,People sitting in a room talking to a panel.,The people are at a party.,People sitting in a room talking to a panel.,People are at a party.,The people are at a party.,People are at a party.,0.9967036843299866,0.9927247762680054,0.9927247762680054,contradiction,0.9921229481697083,contradiction,0.9975751042366028,0.005452156066894531,STABLE_GOLD,False,[],[],0.08333333333333337,0.8461538461538461,True,[],ACCEPTED_HIGH_CONFIDENCE,,,,,,,,
381,263405,381:premise:fra_Latn,premise,neutral,A woman is playing ice hockey.,A woman proving she can be a hockey player.,There's a woman playing ice hockey.,A woman proving she can be a hockey player.,A woman is playing ice hockey.,There's a woman playing ice hockey.,0.9978196620941162,0.9974270462989807,0.9974270462989807,neutral,0.8756958842277527,entailment,0.49615779519081116,-0.37953808903694153,TRUE_FLIP,False,[],[],0.16923076923076918,1.1666666666666667,False,"[""label_flip""]",TRUE_FLIP,,,,,,,,
382,263526,382:hypothesis:fra_Latn,hypothesis,contradiction,A Caucasian male performing a water board trick in a lake with trees in the background.,A guy sitting down beside the water surrounded by trees.,A Caucasian male performing a water board trick in a lake with trees in the background.,A guy sitting next to the water surrounded by trees.,A guy sitting down beside the water surrounded by trees.,A guy sitting next to the water surrounded by trees.,0.9975294470787048,0.9958076477050781,0.9958076477050781,contradiction,0.5959912538528442,entailment,0.005177151411771774,-0.5908141024410725,TRUE_FLIP,False,[],"[{""group"":""space"",""original"":{""beside"":1},""candidate"":{},""field"":""hypothesis""}]",0.14814814814814814,0.9285714285714286,False,"[""label_flip""]",TRUE_FLIP,,,,,,,,
383,264247,383:premise:fra_Latn,premise,entailment,One lone skier is making his way down a snowy mountain slope which has many ski track marks visible on the snow pack and a ski lift in the background.,A man is outdoors.,A single skier descends a snowy mountain slope that has many traces of ski trails visible on the snow pack and a ski lift in the background.,A man is outdoors.,One lone skier is making his way down a snowy mountain slope which has many ski track marks visible on the snow pack and a ski lift in the background.,A single skier descends a snowy mountain slope that has many traces of ski trails visible on the snow pack and a ski lift in the background.,0.9983789920806885,0.9976662397384644,0.9976662397384644,entailment,0.9920759201049805,entailment,0.925718367099762,-0.0663575530052185,STABLE_GOLD,False,"[{""group"":""number"",""original"":{""one"":1},""candidate"":{},""field"":""premise""}]",[],0.2068965517241379,0.9333333333333333,False,"[""hard_cue_changed""]",NUMBER_CUE,"{""one"":1}",{},NUMBER_REMOVED,,,,,
385,265354,385:premise:fra_Latn,premise,neutral,Young Indian children in an old stone building watching an elephant who his touching one child on the head.,Young Indian children watched an elephant.,Young Indian children in an old stone building watching an elephant touch a child's head.,Young Indian children watched an elephant.,Young Indian children in an old stone building watching an elephant who his touching one child on the head.,Young Indian children in an old stone building watching an elephant touch a child's head.,0.9951333403587341,0.8481764197349548,0.8481764197349548,entailment,0.0014291246188804507,entailment,0.0031886918004602194,0.0017595671815797687,VERIFIER_GOLD_DISAGREEMENT_STABLE,False,"[{""group"":""number"",""original"":{""one"":1},""candidate"":{},""field"":""premise""}]","[{""group"":""space"",""original"":{""on"":1,""in"":1},""candidate"":{""in"":1},""field"":""premise""}]",0.12244897959183676,0.8317757009345794,False,"[""hard_cue_changed"",""label_flip""]",NUMBER_CUE,"{""one"":1}",{},NUMBER_REMOVED,,,,,
387,268411,387:premise:fra_Latn,premise,contradiction,A man waits at a crosswalk holding a motorbike helmet.,A dog is wearing pants.,A man waits at a crossroads holding a motorcycle helmet.,A dog is wearing pants.,A man waits at a crosswalk holding a motorbike helmet.,A man waits at a crossroads holding a motorcycle helmet.,0.9259119629859924,0.6935995817184448,0.6935995817184448,contradiction,0.9916214942932129,contradiction,0.9970126152038574,0.005391120910644531,STABLE_GOLD,False,[],[],0.12727272727272732,1.037037037037037,False,"[""semantic_drift""]",SEMANTIC_DRIFT,,,,,,,,
388,268796,388:hypothesis:fra_Latn,hypothesis,entailment,Children playing on a merry-go-round on a chilly day.,Children are playing on a merry go,Children playing on a merry-go-round on a chilly day.,The kids are playing at the party.,Children are playing on a merry go,The kids are playing at the party.,0.12280598282814026,0.0006923961918801069,0.0006923961918801069,entailment,0.9902731776237488,neutral,0.0017134543741121888,-0.9885597232496366,TRUE_FLIP,False,[],"[{""group"":""space"",""original"":{""on"":1},""candidate"":{},""field"":""hypothesis""}]",0.4117647058823529,1.0,False,"[""semantic_drift"",""label_flip""]",TRUE_FLIP,,,,,,,,
391,271629,391:premise:fra_Latn,premise,entailment,"A woman with red eyes and green makeup on her face, holds up a beige colored, ornately designed fan to cover her mouth.",A women hides her mouth behind the fan.,A woman with red eyes and green makeup holds a beige fan to cover her mouth.,A women hides her mouth behind the fan.,"A woman with red eyes and green makeup on her face, holds up a beige colored, ornately designed fan to cover her mouth.",A woman with red eyes and green makeup holds a beige fan to cover her mouth.,0.9965705871582031,0.0018293894827365875,0.0018293894827365875,entailment,0.992901086807251,entailment,0.992790937423706,-0.00011014938354492188,STABLE_GOLD,False,[],"[{""group"":""space"",""original"":{""on"":1},""candidate"":{},""field"":""premise""}]",0.2205128205128205,0.6386554621848739,False,"[""semantic_drift""]",SEMANTIC_DRIFT,,,,,,,,
392,272383,392:premise:fra_Latn,premise,neutral,A lacrosse player wearing a red uniform with the number 33 on the back looks skyward while a player in a green uniform with yellow trim is visible in the background.,A lacrosse player is catching a ball.,A lacrosse player wearing a red uniform with the number 33 on the back looks up into the sky while a player in a green uniform with a yellow decor is visible in the background.,A lacrosse player is catching a ball.,A lacrosse player wearing a red uniform with the number 33 on the back looks skyward while a player in a green uniform with yellow trim is visible in the background.,A lacrosse player wearing a red uniform with the number 33 on the back looks up into the sky while a player in a green uniform with a yellow decor is visible in the background.,0.9850854277610779,0.9932225942611694,0.9850854277610779,neutral,0.9304444193840027,neutral,0.837451696395874,-0.09299272298812866,STABLE_GOLD,False,[],[],0.07331378299120239,1.0666666666666667,True,[],ACCEPTED_SCORE_BORDERLINE,,,,,,,,
396,276768,396:hypothesis:fra_Latn,hypothesis,entailment,"Three men and one woman standing next to each other, all wearing aprons and pouring something into each others cups at the same time.","3 males and 1 female are standing vertical, next to each other wearing an apron and motioning of moving something inside a cup","Three men and one woman standing next to each other, all wearing aprons and pouring something into each others cups at the same time.","Three males and one female standing upright, one next to the other carrying a tablecloth and signaling something to move inside a cup","3 males and 1 female are standing vertical, next to each other wearing an apron and motioning of moving something inside a cup","Three males and one female standing upright, one next to the other carrying a tablecloth and signaling something to move inside a cup",0.3173242509365082,0.9501873254776001,0.3173242509365082,entailment,0.5891239047050476,entailment,0.5261794328689575,-0.06294447183609009,STABLE_GOLD,False,"[{""group"":""number"",""original"":{""3"":1,""1"":1},""candidate"":{""one"":2,""three"":1},""field"":""hypothesis""}]",[],0.3127413127413128,1.0555555555555556,False,"[""hard_cue_changed"",""semantic_drift"",""low_nli_confidence""]",NUMBER_CUE,"{""3"":1,""1"":1}","{""one"":2,""three"":1}",POSSIBLE_VALUE_CHANGE,,,,,
396,276768,396:premise:fra_Latn,premise,entailment,"Three men and one woman standing next to each other, all wearing aprons and pouring something into each others cups at the same time.","3 males and 1 female are standing vertical, next to each other wearing an apron and motioning of moving something inside a cup","Three men and a woman stood next to each other, all dressed in robes and pouring something into each other's cup at the same time.","3 males and 1 female are standing vertical, next to each other wearing an apron and motioning of moving something inside a cup","Three men and one woman standing next to each other, all wearing aprons and pouring something into each others cups at the same time.","Three men and a woman stood next to each other, all dressed in robes and pouring something into each other's cup at the same time.",0.9291571378707886,0.46960344910621643,0.46960344910621643,entailment,0.5891239047050476,entailment,0.8205232620239258,0.23139935731887817,STABLE_GOLD,False,"[{""group"":""number"",""original"":{""one"":1,""three"":1},""candidate"":{""three"":1},""field"":""premise""}]","[{""group"":""space"",""original"":{},""candidate"":{""in"":1},""field"":""premise""}]",0.11026615969581754,0.9774436090225563,False,"[""hard_cue_changed"",""semantic_drift""]",NUMBER_CUE,"{""one"":1,""three"":1}","{""three"":1}",POSSIBLE_VALUE_CHANGE,,,,,
399,277522,399:premise:fra_Latn,premise,entailment,An Indian man is writing on something in a crowd of women and children.,An Indian man is writing on something.,An Indian writes about something in a crowd of women and children.,An Indian man is writing on something.,An Indian man is writing on something in a crowd of women and children.,An Indian writes about something in a crowd of women and children.,0.9948257207870483,0.03430822119116783,0.03430822119116783,entailment,0.9959806203842163,contradiction,0.18989624083042145,-0.8060843795537949,TRUE_FLIP,False,[],"[{""group"":""space"",""original"":{""on"":1,""in"":1},""candidate"":{""in"":1},""field"":""premise""}]",0.12408759124087587,0.9295774647887324,False,"[""semantic_drift"",""label_flip""]",TRUE_FLIP,,,,,,,,
401,277858,401:premise:fra_Latn,premise,neutral,A guy sitting in a chair is getting a shave.,A guy is in a barbershop.,A guy sitting on a chair shaves.,A guy is in a barbershop.,A guy sitting in a chair is getting a shave.,A guy sitting on a chair shaves.,0.9771324992179871,0.9906015396118164,0.9771324992179871,entailment,0.2226981371641159,entailment,0.16678757965564728,-0.05591055750846863,VERIFIER_GOLD_DISAGREEMENT_STABLE,False,[],"[{""group"":""space"",""original"":{""in"":1},""candidate"":{""on"":1},""field"":""premise""}]",0.21052631578947367,0.7272727272727273,False,"[""label_flip""]",VERIFIER_GOLD_DISAGREEMENT,,,,,,,,
403,278462,403:hypothesis:fra_Latn,hypothesis,neutral,a boy swings on the swing.,A boy swings on the swing his mother built.,a boy swings on the swing.,A boy is swinging on the momentum his mother built.,A boy swings on the swing his mother built.,A boy is swinging on the momentum his mother built.,0.8897193074226379,0.8854062557220459,0.8854062557220459,neutral,0.9988318085670471,neutral,0.9886006712913513,-0.0102311372756958,STABLE_GOLD,False,[],[],0.19148936170212771,1.186046511627907,True,[],ACCEPTED_SCORE_BORDERLINE,,,,,,,,
404,278595,404:hypothesis:fra_Latn,hypothesis,neutral,A couple and child are watching people walk by.,The family is on the way to a movie.,A couple and child are watching people walk by.,The family goes to the movies.,The family is on the way to a movie.,The family goes to the movies.,0.9832474589347839,0.8109484314918518,0.8109484314918518,neutral,0.9951677322387695,contradiction,0.0007518204511143267,-0.9944159117876552,TRUE_FLIP,False,[],"[{""group"":""space"",""original"":{""on"":1},""candidate"":{},""field"":""hypothesis""}]",0.24242424242424243,0.8333333333333334,False,"[""label_flip""]",TRUE_FLIP,,,,,,,,
406,279199,406:hypothesis:fra_Latn,hypothesis,entailment,Several people on a stage with a blue background.,The humans are on the ground.,Several people on a stage with a blue background.,Humans are on the ground.,The humans are on the ground.,Humans are on the ground.,0.996039628982544,0.9855560660362244,0.9855560660362244,contradiction,0.0006258350913412869,contradiction,0.010408025234937668,0.009782190143596381,VERIFIER_GOLD_DISAGREEMENT_STABLE,False,[],[],0.07407407407407407,0.8620689655172413,False,"[""label_flip""]",VERIFIER_GOLD_DISAGREEMENT,,,,,,,,
406,279199,406:premise:fra_Latn,premise,entailment,Several people on a stage with a blue background.,The humans are on the ground.,Several people on a stage with a blue background.,The humans are on the ground.,Several people on a stage with a blue background.,Several people on a stage with a blue background.,0.9940193891525269,0.9940193891525269,0.9940193891525269,contradiction,0.0006258350913412869,contradiction,0.0006258350913412869,0.0,VERIFIER_GOLD_DISAGREEMENT_STABLE,False,[],[],0.0,1.0,False,"[""trivial_copy"",""label_flip""]",VERIFIER_GOLD_DISAGREEMENT,,,,,,,,
408,280508,408:premise:fra_Latn,premise,contradiction,Men are working on scaffolding outside of a building while other men watch.,Men are working indoors.,Some men are working on scaffolding in front of a building while others are watching.,Men are working indoors.,Men are working on scaffolding outside of a building while other men watch.,Some men are working on scaffolding in front of a building while others are watching.,0.9882823824882507,0.8928003907203674,0.8928003907203674,contradiction,0.9995068311691284,contradiction,0.9993184804916382,-0.00018835067749023438,STABLE_GOLD,False,[],"[{""group"":""quantifier"",""original"":{},""candidate"":{""some"":1},""field"":""premise""},{""group"":""space"",""original"":{""on"":1,""outside"":1},""candidate"":{""on"":1,""front"":1,""in"":1},""field"":""premise""}]",0.15000000000000002,1.1333333333333333,True,[],ACCEPTED_SCORE_BORDERLINE,,,,,,,,
410,281436,410:hypothesis:fra_Latn,hypothesis,contradiction,"A young boy, dressed in a karate gee and wearing a yellow belt, stands ready to defend himself inside a gym.",A young boy is ready to defend himself from a flying spaghetti monster.,"A young boy, dressed in a karate gee and wearing a yellow belt, stands ready to defend himself inside a gym.",A young boy is ready to defend himself against a flying spaghetti monster.,A young boy is ready to defend himself from a flying spaghetti monster.,A young boy is ready to defend himself against a flying spaghetti monster.,0.9965757727622986,0.9964961409568787,0.9964961409568787,neutral,0.012061081826686859,neutral,0.010692691430449486,-0.0013683903962373734,VERIFIER_GOLD_DISAGREEMENT_STABLE,False,[],[],0.07586206896551728,1.0422535211267605,False,"[""label_flip""]",VERIFIER_GOLD_DISAGREEMENT,,,,,,,,
410,281436,410:premise:fra_Latn,premise,contradiction,"A young boy, dressed in a karate gee and wearing a yellow belt, stands ready to defend himself inside a gym.",A young boy is ready to defend himself from a flying spaghetti monster.,"A young boy, dressed in a karate suit and wearing a yellow belt, stands ready to defend himself inside a gym.",A young boy is ready to defend himself from a flying spaghetti monster.,"A young boy, dressed in a karate gee and wearing a yellow belt, stands ready to defend himself inside a gym.","A young boy, dressed in a karate suit and wearing a yellow belt, stands ready to defend himself inside a gym.",0.963702380657196,0.9563705325126648,0.9563705325126648,neutral,0.012061081826686859,neutral,0.00959824863821268,-0.0024628331884741783,VERIFIER_GOLD_DISAGREEMENT_STABLE,False,[],[],0.032258064516129004,1.0092592592592593,False,"[""label_flip""]",VERIFIER_GOLD_DISAGREEMENT,,,,,,,,
413,282686,413:hypothesis:fra_Latn,hypothesis,neutral,Horrific artwork displayed at the local hipster bar.,Local hipster bar is ripped off when ordering artwork and displays it anyways.,Horrific artwork displayed at the local hipster bar.,The local hipster bar gets stolen when you order artwork and still show it.,Local hipster bar is ripped off when ordering artwork and displays it anyways.,The local hipster bar gets stolen when you order artwork and still show it.,0.9964118599891663,0.9967895150184631,0.9964118599891663,neutral,0.9957476258277893,contradiction,0.04765590280294418,-0.9480917230248451,TRUE_FLIP,False,[],[],0.33333333333333337,0.9615384615384616,False,"[""label_flip""]",TRUE_FLIP,,,,,,,,
416,285462,416:hypothesis:fra_Latn,hypothesis,contradiction,A person in a dark wetsuit is surfing.,A person in a white wetsuit surfing,A person in a dark wetsuit is surfing.,A person in a surfing white suit,A person in a white wetsuit surfing,A person in a surfing white suit,0.9851273894309998,0.8707824945449829,0.8707824945449829,contradiction,0.9990559220314026,contradiction,0.9988835453987122,-0.0001723766326904297,STABLE_GOLD,False,[],[],0.3731343283582089,0.9142857142857143,True,[],ACCEPTED_SCORE_BORDERLINE,,,,,,,,
418,287124,418:premise:fra_Latn,premise,neutral,Two female rollerskaters competing.,The women are great skaters.,Two skaters competing.,The women are great skaters.,Two female rollerskaters competing.,Two skaters competing.,0.9962598085403442,0.0003776468802243471,0.0003776468802243471,neutral,0.9989724159240723,neutral,0.9989675283432007,-4.887580871582031e-06,STABLE_GOLD,False,[],[],0.22807017543859653,0.6285714285714286,False,"[""semantic_drift""]",SEMANTIC_DRIFT,,,,,,,,
420,290260,420:premise:fra_Latn,premise,entailment,Children playing on the beach.,Kids were having fun.,Kids playing on the beach.,Kids were having fun.,Children playing on the beach.,Kids playing on the beach.,0.9978693723678589,0.9973598122596741,0.9973598122596741,entailment,0.9478506445884705,entailment,0.9174636006355286,-0.030387043952941895,STABLE_GOLD,False,[],[],0.1428571428571429,0.8666666666666667,True,[],ACCEPTED_SCORE_BORDERLINE,,,,,,,,
421,290629,421:hypothesis:fra_Latn,hypothesis,entailment,A man is standing next to a vehicle in a city setting.,Someone is standing by a car,A man is standing next to a vehicle in a city setting.,Someone's standing by a car.,Someone is standing by a car,Someone's standing by a car.,0.9959728121757507,0.9937547445297241,0.9937547445297241,entailment,0.995399534702301,entailment,0.9966723918914795,0.0012728571891784668,STABLE_GOLD,False,[],[],0.0714285714285714,1.0,True,[],ACCEPTED_HIGH_CONFIDENCE,,,,,,,,
423,291507,423:hypothesis:fra_Latn,hypothesis,neutral,The young boy is jumping into the pool on his belly.,The people around the pool are afraid of getting wet after the belly flop is finished.,The young boy is jumping into the pool on his belly.,People around the pool are afraid of getting wet after a stomach flop.,The people around the pool are afraid of getting wet after the belly flop is finished.,People around the pool are afraid of getting wet after a stomach flop.,0.9891351461410522,0.9548061490058899,0.9548061490058899,neutral,0.994611382484436,neutral,0.8398936986923218,-0.15471768379211426,STABLE_GOLD,True,[],[],0.1923076923076923,0.813953488372093,True,[],ACCEPTED_SCORE_BORDERLINE,,,,,,,,
425,292713,425:premise:fra_Latn,premise,neutral,a young girl in a pick shirt swinging up in the air on a swing set,The girl is having fun on the playground at recess.,a girl in a pick-up shirt swinging in the air on a swinging game,The girl is having fun on the playground at recess.,a young girl in a pick shirt swinging up in the air on a swing set,a girl in a pick-up shirt swinging in the air on a swinging game,0.9771396517753601,0.023735415190458298,0.023735415190458298,neutral,0.9370590448379517,neutral,0.9906231760978699,0.05356413125991821,STABLE_GOLD,False,[],[],0.15384615384615385,0.9696969696969697,False,"[""semantic_drift""]",SEMANTIC_DRIFT,,,,,,,,
426,292795,426:hypothesis:fra_Latn,hypothesis,contradiction,Woman looking out the window at a man.,The woman is standing outdoors.,Woman looking out the window at a man.,The woman's outside.,The woman is standing outdoors.,The woman's outside.,0.998063862323761,0.8776220083236694,0.8776220083236694,contradiction,0.9976373910903931,contradiction,0.9921920895576477,-0.005445301532745361,STABLE_GOLD,False,[],"[{""group"":""space"",""original"":{},""candidate"":{""outside"":1},""field"":""hypothesis""}]",0.37254901960784315,0.6451612903225806,True,[],ACCEPTED_SCORE_BORDERLINE,,,,,,,,
430,293560,430:hypothesis:fra_Latn,hypothesis,neutral,Two men in orange outfits clean up garbage spilled on the street.,Two men are cleaning up garbage that was spilled after a block party.,Two men in orange outfits clean up garbage spilled on the street.,Two men are cleaning up the garbage that was spilled after a neighborhood party.,Two men are cleaning up garbage that was spilled after a block party.,Two men are cleaning up the garbage that was spilled after a neighborhood party.,0.9570658802986145,0.6379044651985168,0.6379044651985168,neutral,0.9995211362838745,neutral,0.9995205402374268,-5.960464477539062e-07,STABLE_GOLD,False,[],[],0.11409395973154357,1.1594202898550725,False,"[""semantic_drift""]",SEMANTIC_DRIFT,,,,,,,,
432,294178,432:premise:fra_Latn,premise,entailment,"A basketball player in a white jersey with the word price on it, posting up against another player in a blue uniform.",a player dressed in white,"A basketball player in a white shirt with the word prize on it, standing up against another player in a blue uniform.",a player dressed in white,"A basketball player in a white jersey with the word price on it, posting up against another player in a blue uniform.","A basketball player in a white shirt with the word prize on it, standing up against another player in a blue uniform.",0.648705780506134,0.7230148911476135,0.648705780506134,entailment,0.9962751865386963,entailment,0.9924820065498352,-0.003793179988861084,STABLE_GOLD,False,[],[],0.06837606837606836,1.0,False,"[""semantic_drift""]",SEMANTIC_DRIFT,,,,,,,,
433,294223,433:hypothesis:fra_Latn,hypothesis,contradiction,A photographer capturing a skateboarder mid trick.,No cameras are around when the skateboard performs his trick.,A photographer capturing a skateboarder mid trick.,There's no cameras when the skateboard does its thing.,No cameras are around when the skateboard performs his trick.,There's no cameras when the skateboard does its thing.,0.995091438293457,0.729493260383606,0.729493260383606,contradiction,0.9997392296791077,contradiction,0.9995564818382263,-0.00018274784088134766,STABLE_GOLD,False,[],[],0.30434782608695654,0.8852459016393442,False,"[""semantic_drift""]",SEMANTIC_DRIFT,,,,,,,,
436,295609,436:hypothesis:fra_Latn,hypothesis,contradiction,a beige dog running on the grass with a tennis ball in his mouth,Nobody is running,a beige dog running on the grass with a tennis ball in his mouth,No one 's running .,Nobody is running,No one 's running .,0.9956642985343933,0.9936521053314209,0.9936521053314209,contradiction,0.9993450045585632,contradiction,0.9948248863220215,-0.004520118236541748,STABLE_GOLD,False,"[{""group"":""negation"",""original"":{""nobody"":1},""candidate"":{""no"":1},""field"":""hypothesis""},{""group"":""number"",""original"":{},""candidate"":{""one"":1},""field"":""hypothesis""}]",[],0.2777777777777778,1.1176470588235294,False,"[""hard_cue_changed""]",NEGATION_CUE|NUMBER_CUE,{},"{""one"":1}",NUMBER_ADDED,,,,,
439,298065,439:hypothesis:fra_Latn,hypothesis,entailment,Three dogs are together outdoors checking out a fountain.,Animals by a fountain.,Three dogs are together outdoors checking out a fountain.,Animals near a fountain.,Animals by a fountain.,Animals near a fountain.,0.995875895023346,0.9956047534942627,0.9956047534942627,entailment,0.979134202003479,entailment,0.988664448261261,0.009530246257781982,STABLE_GOLD,False,[],"[{""group"":""space"",""original"":{},""candidate"":{""near"":1},""field"":""hypothesis""}]",0.13043478260869568,1.0909090909090908,True,[],ACCEPTED_HIGH_CONFIDENCE,,,,,,,,
440,298894,440:hypothesis:fra_Latn,hypothesis,entailment,A professional wrestler takes a flying leap onto another wrestler.,Pro wrestlers put on a show.,A professional wrestler takes a flying leap onto another wrestler.,The professional wrestlers have put on a show.,Pro wrestlers put on a show.,The professional wrestlers have put on a show.,0.9934645295143127,0.9971230626106262,0.9934645295143127,neutral,0.17749445140361786,neutral,0.0026333630084991455,-0.1748610883951187,VERIFIER_GOLD_DISAGREEMENT_STABLE,False,[],[],0.2432432432432432,1.6428571428571428,False,"[""label_flip""]",VERIFIER_GOLD_DISAGREEMENT,,,,,,,,
440,298894,440:premise:fra_Latn,premise,entailment,A professional wrestler takes a flying leap onto another wrestler.,Pro wrestlers put on a show.,A professional wrestler makes a flying jump on another wrestler.,Pro wrestlers put on a show.,A professional wrestler takes a flying leap onto another wrestler.,A professional wrestler makes a flying jump on another wrestler.,0.9981552958488464,0.9979342222213745,0.9979342222213745,neutral,0.17749445140361786,neutral,0.1513342410326004,-0.026160210371017456,VERIFIER_GOLD_DISAGREEMENT_STABLE,False,[],"[{""group"":""space"",""original"":{},""candidate"":{""on"":1},""field"":""premise""}]",0.07692307692307687,0.9696969696969697,False,"[""label_flip""]",VERIFIER_GOLD_DISAGREEMENT,,,,,,,,
442,299206,442:premise:fra_Latn,premise,entailment,Two people are carrying a large bag filled with a red substance down a ally as a figure in red walks behind them.,Three people are walking down the alley.,Two people carrying a big bag full of a red substance on an ally like a red figure walking behind them.,Three people are walking down the alley.,Two people are carrying a large bag filled with a red substance down a ally as a figure in red walks behind them.,Two people carrying a big bag full of a red substance on an ally like a red figure walking behind them.,0.9787868857383728,0.9919519424438477,0.9787868857383728,contradiction,0.08436109870672226,contradiction,0.022699721157550812,-0.06166137754917145,VERIFIER_GOLD_DISAGREEMENT_STABLE,False,[],"[{""group"":""space"",""original"":{""in"":1,""behind"":1},""candidate"":{""on"":1,""behind"":1},""field"":""premise""}]",0.20370370370370372,0.911504424778761,False,"[""label_flip""]",VERIFIER_GOLD_DISAGREEMENT,,,,,,,,
444,300966,444:hypothesis:fra_Latn,hypothesis,contradiction,Two people with hard hats on standing on a brick wall.,No one is wearing protective gear.,Two people with hard hats on standing on a brick wall.,No one's wearing protective gear.,No one is wearing protective gear.,No one's wearing protective gear.,0.9970301389694214,0.996060311794281,0.996060311794281,contradiction,0.9995579123497009,contradiction,0.9995715022087097,1.3589859008789062e-05,STABLE_GOLD,False,"[{""group"":""number"",""original"":{""one"":1},""candidate"":{},""field"":""hypothesis""}]",[],0.04477611940298509,0.9705882352941176,False,"[""hard_cue_changed""]",NUMBER_CUE,"{""one"":1}",{},NUMBER_REMOVED,,,,,
444,300966,444:premise:fra_Latn,premise,contradiction,Two people with hard hats on standing on a brick wall.,No one is wearing protective gear.,Two people in hard hats standing on a brick wall.,No one is wearing protective gear.,Two people with hard hats on standing on a brick wall.,Two people in hard hats standing on a brick wall.,0.9969555139541626,0.9962604641914368,0.9962604641914368,contradiction,0.9995579123497009,contradiction,0.9995512366294861,-6.67572021484375e-06,STABLE_GOLD,False,[],"[{""group"":""space"",""original"":{""on"":2},""candidate"":{""on"":1,""in"":1},""field"":""premise""}]",0.06796116504854366,0.9074074074074074,True,[],ACCEPTED_HIGH_CONFIDENCE,,,,,,,,
447,302107,447:hypothesis:fra_Latn,hypothesis,neutral,Men share an item on mini trains.,men at a mini train convention,Men share an item on mini trains.,men at a mini train conference,men at a mini train convention,men at a mini train conference,0.9915362596511841,0.9917383790016174,0.9915362596511841,neutral,0.9811827540397644,neutral,0.9111950397491455,-0.0699877142906189,STABLE_GOLD,False,[],[],0.16666666666666663,1.0,True,[],ACCEPTED_SCORE_BORDERLINE,,,,,,,,
447,302107,447:premise:fra_Latn,premise,neutral,Men share an item on mini trains.,men at a mini train convention,The men are sharing an article about mini trains.,men at a mini train convention,Men share an item on mini trains.,The men are sharing an article about mini trains.,0.4490463137626648,0.9863227605819702,0.4490463137626648,neutral,0.9811827540397644,contradiction,0.08368851244449615,-0.8974942415952682,TRUE_FLIP,False,[],"[{""group"":""space"",""original"":{""on"":1},""candidate"":{},""field"":""premise""}]",0.3414634146341463,1.4848484848484849,False,"[""semantic_drift"",""label_flip""]",TRUE_FLIP,,,,,,,,
448,302885,448:hypothesis:fra_Latn,hypothesis,neutral,A man wearing black and white stripes is trying to stop a horse.,A man is trying to keep the horse from running into the crowd.,A man wearing black and white stripes is trying to stop a horse.,A man tries to stop the horse from running into the crowd.,A man is trying to keep the horse from running into the crowd.,A man tries to stop the horse from running into the crowd.,0.9981523156166077,0.9979250431060791,0.9979250431060791,neutral,0.9989733695983887,neutral,0.9989742040634155,8.344650268554688e-07,STABLE_GOLD,False,[],[],0.1166666666666667,0.9354838709677419,True,[],ACCEPTED_HIGH_CONFIDENCE,,,,,,,,
453,307679,453:hypothesis:fra_Latn,hypothesis,neutral,An older man in a white shirt is playing a saxaphone.,The man owns the saxophone.,An older man in a white shirt is playing a saxaphone.,The man has the saxophone.,The man owns the saxophone.,The man has the saxophone.,0.9970284104347229,0.9948294758796692,0.9948294758796692,neutral,0.9948171973228455,entailment,0.005569200497120619,-0.9892479968257248,TRUE_FLIP,False,[],[],0.09433962264150941,0.9629629629629629,False,"[""label_flip""]",TRUE_FLIP,,,,,,,,
458,310358,458:hypothesis:fra_Latn,hypothesis,neutral,a woman is walking beside a subway.,The woman is in a rush.,a woman is walking beside a subway.,The woman's in a hurry.,The woman is in a rush.,The woman's in a hurry.,0.9971675276756287,0.9959562420845032,0.9959562420845032,neutral,0.9990717172622681,neutral,0.9988240599632263,-0.00024765729904174805,STABLE_GOLD,False,[],[],0.21739130434782605,1.0,True,[],ACCEPTED_HIGH_CONFIDENCE,,,,,,,,
459,310401,459:hypothesis:fra_Latn,hypothesis,entailment,A man using a wheelchair is talking in a field to a couple women.,The man is sitting,A man using a wheelchair is talking in a field to a couple women.,The man is sitting.,The man is sitting,The man is sitting.,0.9972254037857056,0.9959428906440735,0.9959428906440735,contradiction,0.013580731116235256,contradiction,0.01729464903473854,0.0037139179185032845,VERIFIER_GOLD_DISAGREEMENT_STABLE,False,[],[],0.027027027027026973,1.0555555555555556,False,"[""trivial_copy"",""label_flip""]",VERIFIER_GOLD_DISAGREEMENT,,,,,,,,
459,310401,459:premise:fra_Latn,premise,entailment,A man using a wheelchair is talking in a field to a couple women.,The man is sitting,A man in a wheelchair is talking to a couple of women in a field.,The man is sitting,A man using a wheelchair is talking in a field to a couple women.,A man in a wheelchair is talking to a couple of women in a field.,0.9955214262008667,0.997425377368927,0.9955214262008667,contradiction,0.013580731116235256,contradiction,0.1562785655260086,0.14269783440977335,VERIFIER_GOLD_DISAGREEMENT_STABLE,False,[],"[{""group"":""space"",""original"":{""in"":1},""candidate"":{""in"":2},""field"":""premise""}]",0.2153846153846154,1.0,False,"[""label_flip""]",VERIFIER_GOLD_DISAGREEMENT,,,,,,,,
460,310705,460:premise:fra_Latn,premise,neutral,Two girls are astonished at the sight of planes.,The two girls have never seen planes before.,Two girls are surprised to see planes.,The two girls have never seen planes before.,Two girls are astonished at the sight of planes.,Two girls are surprised to see planes.,0.9972357153892517,0.9964815378189087,0.9964815378189087,neutral,0.9504566788673401,neutral,0.9077513217926025,-0.04270535707473755,STABLE_GOLD,False,[],[],0.2790697674418605,0.7916666666666666,True,[],ACCEPTED_SCORE_BORDERLINE,,,,,,,,
461,311121,461:hypothesis:fra_Latn,hypothesis,contradiction,A woman in shorts and a white top is taking a picture with a digital camera as a young man watches.,A woman in shorts and a white top is talking on her cellphone to a close friend.,A woman in shorts and a white top is taking a picture with a digital camera as a young man watches.,A woman in shorts and a white shirt is talking on her cell phone to a close friend.,A woman in shorts and a white top is talking on her cellphone to a close friend.,A woman in shorts and a white shirt is talking on her cell phone to a close friend.,0.8501358032226562,0.9614531993865967,0.8501358032226562,contradiction,0.9721757173538208,contradiction,0.9911296367645264,0.018953919410705566,STABLE_GOLD,False,[],[],0.042944785276073594,1.0375,True,[],ACCEPTED_SCORE_BORDERLINE,,,,,,,,
461,311121,461:premise:fra_Latn,premise,contradiction,A woman in shorts and a white top is taking a picture with a digital camera as a young man watches.,A woman in shorts and a white top is talking on her cellphone to a close friend.,A woman in shorts and a white shirt takes a photo with a digital camera while a young man watches.,A woman in shorts and a white top is talking on her cellphone to a close friend.,A woman in shorts and a white top is taking a picture with a digital camera as a young man watches.,A woman in shorts and a white shirt takes a photo with a digital camera while a young man watches.,0.8998230695724487,0.9870741367340088,0.8998230695724487,contradiction,0.9721757173538208,contradiction,0.9824005365371704,0.01022481918334961,STABLE_GOLD,False,[],[],0.14720812182741116,0.98989898989899,True,[],ACCEPTED_SCORE_BORDERLINE,,,,,,,,
463,311574,463:hypothesis:fra_Latn,hypothesis,entailment,A woman preparing to serve a meal on the beach.,It is mealtime.,A woman preparing to serve a meal on the beach.,It's time for dinner.,It is mealtime.,It's time for dinner.,0.18855831027030945,0.9839170575141907,0.18855831027030945,entailment,0.9395235180854797,neutral,0.06361930817365646,-0.8759042099118233,TRUE_FLIP,False,[],[],0.5,1.4,False,"[""semantic_drift"",""label_flip""]",TRUE_FLIP,,,,,,,,
464,311616,464:hypothesis:fra_Latn,hypothesis,neutral,"Two people, a man and a woman, are on a stage at a band.",They are in a band.,"Two people, a man and a woman, are on a stage at a band.",They're in a group.,They are in a band.,They're in a group.,0.981261670589447,0.019419783726334572,0.019419783726334572,neutral,0.5196446180343628,entailment,0.0730779692530632,-0.4465666487812996,TRUE_FLIP,False,[],[],0.3157894736842105,1.0,False,"[""semantic_drift"",""label_flip""]",TRUE_FLIP,,,,,,,,
465,312572,465:premise:fra_Latn,premise,neutral,A middle-aged man riding his black motorcycle through a neighborhood.,The man is headed home on his motorcycle.,A middle-aged man drives his black motorcycle through a neighborhood.,The man is headed home on his motorcycle.,A middle-aged man riding his black motorcycle through a neighborhood.,A middle-aged man drives his black motorcycle through a neighborhood.,0.9950773119926453,0.9945645332336426,0.9945645332336426,neutral,0.997475802898407,neutral,0.9977675676345825,0.0002917647361755371,STABLE_GOLD,False,[],[],0.05797101449275366,1.0,True,[],ACCEPTED_HIGH_CONFIDENCE,,,,,,,,
468,314343,468:hypothesis:fra_Latn,hypothesis,entailment,"A group of people sit in folding chairs in a small area under two umbrellas outdoors, with a few cars parked in the background.",A group of people are sitting outdoors.,"A group of people sit in folding chairs in a small area under two umbrellas outdoors, with a few cars parked in the background.",There's a group of people sitting outside.,A group of people are sitting outdoors.,There's a group of people sitting outside.,0.9987244009971619,0.9983591437339783,0.9983591437339783,entailment,0.9987090826034546,entailment,0.9987885355949402,7.94529914855957e-05,STABLE_GOLD,False,[],"[{""group"":""space"",""original"":{},""candidate"":{""outside"":1},""field"":""hypothesis""}]",0.23456790123456794,1.0769230769230769,True,[],ACCEPTED_HIGH_CONFIDENCE,,,,,,,,
469,314877,469:hypothesis:fra_Latn,hypothesis,neutral,A middle-aged man and woman are holding hands walking in a street with people behind them.,A middle-aged couple running down the bridge.,A middle-aged man and woman are holding hands walking in a street with people behind them.,A middle-aged couple runs the bridge.,A middle-aged couple running down the bridge.,A middle-aged couple runs the bridge.,0.9799410700798035,0.7510921955108643,0.7510921955108643,contradiction,0.01505334209650755,contradiction,0.00669662281870842,-0.00835671927779913,VERIFIER_GOLD_DISAGREEMENT_STABLE,False,[],[],0.12195121951219512,0.8222222222222222,False,"[""semantic_drift"",""label_flip""]",SEMANTIC_DRIFT,,,,,,,,
471,316194,471:premise:fra_Latn,premise,entailment,Three children and three adults are outside in the yard of a home and they have a basket sitting on the lawn.,Three children and three adults have a basket.,Three children and three adults are outside in the yard of a house with a basket sitting on the lawn.,Three children and three adults have a basket.,Three children and three adults are outside in the yard of a home and they have a basket sitting on the lawn.,Three children and three adults are outside in the yard of a house with a basket sitting on the lawn.,0.995521068572998,0.9965529441833496,0.995521068572998,entailment,0.9957183003425598,entailment,0.9945477843284607,-0.001170516014099121,STABLE_GOLD,False,[],[],0.07619047619047614,0.926605504587156,True,[],ACCEPTED_HIGH_CONFIDENCE,,,,,,,,
476,321140,476:premise:fra_Latn,premise,contradiction,"A couple smiling, sitting at an event with other adults and children doing the same.",Adults and children get sleepy listening to a dull speaker at an event.,"A smiling couple, sitting at an event with other adults and children doing the same.",Adults and children get sleepy listening to a dull speaker at an event.,"A couple smiling, sitting at an event with other adults and children doing the same.","A smiling couple, sitting at an event with other adults and children doing the same.",0.9903777837753296,0.9908684492111206,0.9903777837753296,neutral,0.008544355630874634,neutral,0.0061957500874996185,-0.0023486055433750153,VERIFIER_GOLD_DISAGREEMENT_STABLE,False,[],[],0.08333333333333337,1.0,False,"[""label_flip""]",VERIFIER_GOLD_DISAGREEMENT,,,,,,,,
477,321435,477:hypothesis:fra_Latn,hypothesis,neutral,A dog leaps to catch a ball in a field.,A dog caught a ball in a field but then dropped it.,A dog leaps to catch a ball in a field.,"A dog caught a bullet in a field, but then dropped it.",A dog caught a ball in a field but then dropped it.,"A dog caught a bullet in a field, but then dropped it.",0.0005954766529612243,0.0012677906779572368,0.0005954766529612243,neutral,0.9985753297805786,contradiction,0.0021144510246813297,-0.9964608787558973,TRUE_FLIP,False,[],[],0.04761904761904767,1.0588235294117647,False,"[""semantic_drift"",""label_flip""]",TRUE_FLIP,,,,,,,,
477,321435,477:premise:fra_Latn,premise,neutral,A dog leaps to catch a ball in a field.,A dog caught a ball in a field but then dropped it.,A dog jumps to catch a bullet in a field.,A dog caught a ball in a field but then dropped it.,A dog leaps to catch a ball in a field.,A dog jumps to catch a bullet in a field.,0.00041385460644960403,0.0009237885242328048,0.00041385460644960403,neutral,0.9985753297805786,contradiction,0.01792147569358349,-0.9806538540869951,TRUE_FLIP,False,[],[],0.125,1.0512820512820513,False,"[""semantic_drift"",""label_flip""]",TRUE_FLIP,,,,,,,,
479,322299,479:hypothesis:fra_Latn,hypothesis,neutral,A group of men playing and singing music while a crowd watches.,A boy band is performing a concert for a crowd.,A group of men playing and singing music while a crowd watches.,A group of boys playing a concert for a crowd.,A boy band is performing a concert for a crowd.,A group of boys playing a concert for a crowd.,0.9970644116401672,0.9886667728424072,0.9886667728424072,neutral,0.9721665978431702,entailment,0.07786738872528076,-0.8942992091178894,TRUE_FLIP,False,[],[],0.26881720430107525,0.9787234042553191,False,"[""label_flip""]",TRUE_FLIP,,,,,,,,
480,322472,480:hypothesis:fra_Latn,hypothesis,entailment,A big group of people are enjoying a public event.,People are enjoying a public event.,A big group of people are enjoying a public event.,People enjoy a public event.,People are enjoying a public event.,People enjoy a public event.,0.9958913326263428,0.9801331758499146,0.9801331758499146,entailment,0.9966208934783936,entailment,0.9933515191078186,-0.003269374370574951,STABLE_GOLD,False,[],[],0.11111111111111116,0.8,True,[],ACCEPTED_HIGH_CONFIDENCE,,,,,,,,
484,326312,484:premise:fra_Latn,premise,entailment,A dog peeks out of a red play tunnel.,a dog playing,A dog looks out of a red game tunnel.,a dog playing,A dog peeks out of a red play tunnel.,A dog looks out of a red game tunnel.,0.9718157052993774,0.989054799079895,0.9718157052993774,entailment,0.8506692051887512,neutral,0.07055690139532089,-0.7801123037934303,TRUE_FLIP,False,[],[],0.16216216216216217,1.0,False,"[""label_flip""]",TRUE_FLIP,,,,,,,,
490,330719,490:premise:fra_Latn,premise,contradiction,Small dog running through a field.,A cat is playing with yarn.,A little dog running in a field.,A cat is playing with yarn.,Small dog running through a field.,A little dog running in a field.,0.9961934089660645,0.9949984550476074,0.9949984550476074,contradiction,0.9995431900024414,contradiction,0.9996077418327332,6.455183029174805e-05,STABLE_GOLD,False,[],"[{""group"":""space"",""original"":{""through"":1},""candidate"":{""in"":1},""field"":""premise""}]",0.24242424242424243,0.9411764705882353,True,[],ACCEPTED_HIGH_CONFIDENCE,,,,,,,,
491,331133,491:hypothesis:fra_Latn,hypothesis,contradiction,A man in pants scaling the side of a cliff.,A woman climbs the side of a building.,A man in pants scaling the side of a cliff.,A woman climbs onto the side of a building.,A woman climbs the side of a building.,A woman climbs onto the side of a building.,0.9936922788619995,0.9969977140426636,0.9936922788619995,contradiction,0.9995423555374146,contradiction,0.999553382396698,1.1026859283447266e-05,STABLE_GOLD,False,[],[],0.06172839506172845,1.131578947368421,True,[],ACCEPTED_HIGH_CONFIDENCE,,,,,,,,
491,331133,491:premise:fra_Latn,premise,contradiction,A man in pants scaling the side of a cliff.,A woman climbs the side of a building.,A man in pants climbs the side of a cliff.,A woman climbs the side of a building.,A man in pants scaling the side of a cliff.,A man in pants climbs the side of a cliff.,0.9962688684463501,0.9876625537872314,0.9876625537872314,contradiction,0.9995423555374146,contradiction,0.9993491768836975,-0.00019317865371704102,STABLE_GOLD,False,[],[],0.08235294117647063,0.9767441860465116,True,[],ACCEPTED_HIGH_CONFIDENCE,,,,,,,,
493,332168,493:hypothesis:fra_Latn,hypothesis,contradiction,A man is leaning his head on a fancy coffin in a church.,A man is leaning his head against a pulpit.,A man is leaning his head on a fancy coffin in a church.,A man bows his head against a pulpit.,A man is leaning his head against a pulpit.,A man bows his head against a pulpit.,0.7805790305137634,0.9789268374443054,0.7805790305137634,contradiction,0.9978678226470947,contradiction,0.994005560874939,-0.0038622617721557617,STABLE_GOLD,False,[],[],0.15000000000000002,0.8604651162790697,False,"[""semantic_drift""]",SEMANTIC_DRIFT,,,,,,,,
496,334987,496:hypothesis:fra_Latn,hypothesis,entailment,"A man, woman, and two girls walk on the beach barefoot.",The group walks outside.,"A man, woman, and two girls walk on the beach barefoot.",The group's leaving.,The group walks outside.,The group's leaving.,0.08887294679880142,0.11017628014087677,0.08887294679880142,entailment,0.9904142022132874,neutral,0.006483699660748243,-0.9839305025525391,TRUE_FLIP,False,[],"[{""group"":""space"",""original"":{""outside"":1},""candidate"":{},""field"":""hypothesis""}]",0.40909090909090906,0.8333333333333334,False,"[""semantic_drift"",""label_flip""]",TRUE_FLIP,,,,,,,,
497,335668,497:hypothesis:fra_Latn,hypothesis,contradiction,A cloudy sky above a busy city street.,Cars are driving on clouds.,A cloudy sky above a busy city street.,Cars are running on the clouds.,Cars are driving on clouds.,Cars are running on the clouds.,0.9965381622314453,0.996408998966217,0.996408998966217,neutral,0.008738375268876553,neutral,0.013988614082336426,0.005250238813459873,VERIFIER_GOLD_DISAGREEMENT_STABLE,False,[],[],0.1724137931034483,1.1481481481481481,False,"[""label_flip""]",VERIFIER_GOLD_DISAGREEMENT,,,,,,,,
497,335668,497:premise:fra_Latn,premise,contradiction,A cloudy sky above a busy city street.,Cars are driving on clouds.,A cloudy sky over a busy city street.,Cars are driving on clouds.,A cloudy sky above a busy city street.,A cloudy sky over a busy city street.,0.9961073994636536,0.995646059513092,0.995646059513092,neutral,0.008738375268876553,neutral,0.006014927756041288,-0.002723447512835264,VERIFIER_GOLD_DISAGREEMENT_STABLE,False,[],"[{""group"":""space"",""original"":{},""candidate"":{""over"":1},""field"":""premise""}]",0.040000000000000036,0.9736842105263158,False,"[""label_flip""]",VERIFIER_GOLD_DISAGREEMENT,,,,,,,,
503,338736,503:premise:fra_Latn,premise,entailment,A black dog leaps in the air above the snow.,The dog has snow on his fur.,A black dog jumps in the air over the snow.,The dog has snow on his fur.,A black dog leaps in the air above the snow.,A black dog jumps in the air over the snow.,0.997917115688324,0.9975888729095459,0.9975888729095459,neutral,0.005293507594615221,neutral,0.00742563558742404,0.002132127992808819,VERIFIER_GOLD_DISAGREEMENT_STABLE,False,[],"[{""group"":""space"",""original"":{""in"":1},""candidate"":{""in"":1,""over"":1},""field"":""premise""}]",0.10344827586206895,0.9772727272727273,False,"[""label_flip""]",VERIFIER_GOLD_DISAGREEMENT,,,,,,,,
507,339454,507:premise:fra_Latn,premise,contradiction,"Ow, my head, you silly a-hole watch what you are doing next time.","Ow, you just punched me in the shoulder.","Oh, my head, you stupid hole watch what you do next time.","Ow, you just punched me in the shoulder.","Ow, my head, you silly a-hole watch what you are doing next time.","Oh, my head, you stupid hole watch what you do next time.",0.9956257343292236,0.9808783531188965,0.9808783531188965,contradiction,0.9319962859153748,neutral,0.2999144494533539,-0.6320818364620209,TRUE_FLIP,False,[],[],0.14754098360655743,0.8769230769230769,False,"[""label_flip""]",TRUE_FLIP,,,,,,,,
509,340830,509:hypothesis:fra_Latn,hypothesis,neutral,"Two individuals, in full fencing attire, with their masks on and the swords in their hands, fencing in the gym.","Two men, in full fencing attire, with their masks on and the swords in their hands, fencing in the gym.","Two individuals, in full fencing attire, with their masks on and the swords in their hands, fencing in the gym.","Two men, scaffolded, masked and with swords in their hands, scaffolded in the gym.","Two men, in full fencing attire, with their masks on and the swords in their hands, fencing in the gym.","Two men, scaffolded, masked and with swords in their hands, scaffolded in the gym.",0.020364345982670784,0.050524935126304626,0.020364345982670784,neutral,0.9497272968292236,contradiction,0.10988522320985794,-0.8398420736193657,TRUE_FLIP,False,[],"[{""group"":""space"",""original"":{""on"":1,""in"":3},""candidate"":{""in"":2},""field"":""hypothesis""}]",0.39459459459459456,0.7961165048543689,False,"[""semantic_drift"",""label_flip""]",TRUE_FLIP,,,,,,,,
509,340830,509:premise:fra_Latn,premise,neutral,"Two individuals, in full fencing attire, with their masks on and the swords in their hands, fencing in the gym.","Two men, in full fencing attire, with their masks on and the swords in their hands, fencing in the gym.","Two individuals, dressed in full scaffolding, with their masks and swords in their hands, scaffolding in the gym.","Two men, in full fencing attire, with their masks on and the swords in their hands, fencing in the gym.","Two individuals, in full fencing attire, with their masks on and the swords in their hands, fencing in the gym.","Two individuals, dressed in full scaffolding, with their masks and swords in their hands, scaffolding in the gym.",0.0002952157228719443,0.002126586390659213,0.0002952157228719443,neutral,0.9497272968292236,contradiction,0.009770754724740982,-0.9399565421044827,TRUE_FLIP,False,[],"[{""group"":""space"",""original"":{""on"":1,""in"":3},""candidate"":{""in"":3},""field"":""premise""}]",0.1875,1.018018018018018,False,"[""semantic_drift"",""label_flip""]",TRUE_FLIP,,,,,,,,
514,342956,514:hypothesis:fra_Latn,hypothesis,entailment,"A male wearing a strange helmet covering face and head is seated on the accordion case in a street apparently blocked off, perhaps for a block party, while onlookers walk behind and listeners are seated in front in lawn chairs.",a boy in a head covering is next to a blocked road that's near a crowd of people sitting on chairs,"A male wearing a strange helmet covering face and head is seated on the accordion case in a street apparently blocked off, perhaps for a block party, while onlookers walk behind and listeners are seated in front in lawn chairs.",A boy in a head covering is next to a blocked road that's next to a crowd of people sitting in chairs,a boy in a head covering is next to a blocked road that's near a crowd of people sitting on chairs,A boy in a head covering is next to a blocked road that's next to a crowd of people sitting in chairs,0.8787874579429626,0.9802541136741638,0.8787874579429626,entailment,0.9977397918701172,entailment,0.9974316954612732,-0.00030809640884399414,STABLE_GOLD,False,[],"[{""group"":""space"",""original"":{""on"":1,""in"":1,""near"":1},""candidate"":{""in"":2},""field"":""hypothesis""}]",0.045226130653266305,1.030612244897959,True,[],ACCEPTED_SCORE_BORDERLINE,,,,,,,,
516,343889,516:premise:fra_Latn,premise,neutral,A man catches a ball in front of a large crowd.,The football player caught the pass.,A man takes a bullet in front of a large crowd.,The football player caught the pass.,A man catches a ball in front of a large crowd.,A man takes a bullet in front of a large crowd.,0.00020345253869891167,0.00013643827696796507,0.00013643827696796507,neutral,0.9960468411445618,contradiction,0.00023205261095426977,-0.9958147885336075,TRUE_FLIP,False,[],[],0.1063829787234043,1.0,False,"[""semantic_drift"",""label_flip""]",TRUE_FLIP,,,,,,,,
521,346374,521:premise:fra_Latn,premise,contradiction,"Two boys, one in a red and one in a white uniform, fight for control over the ball during a soccer match.",Two boys are playing basketball.,"Two boys, one in red and the other in white, are fighting for control of the ball during a football game.",Two boys are playing basketball.,"Two boys, one in a red and one in a white uniform, fight for control over the ball during a soccer match.","Two boys, one in red and the other in white, are fighting for control of the ball during a football game.",0.023720720782876015,0.08619310706853867,0.023720720782876015,contradiction,0.9993866682052612,contradiction,0.9992979764938354,-8.869171142578125e-05,STABLE_GOLD,False,"[{""group"":""number"",""original"":{""one"":2,""two"":1},""candidate"":{""one"":1,""two"":1},""field"":""premise""}]","[{""group"":""space"",""original"":{""in"":2,""over"":1},""candidate"":{""in"":2},""field"":""premise""}]",0.23809523809523814,1.0,False,"[""hard_cue_changed"",""semantic_drift""]",NUMBER_CUE|SEMANTIC_DRIFT,"{""one"":2,""two"":1}","{""one"":1,""two"":1}",POSSIBLE_VALUE_CHANGE,,,,,
526,350091,526:premise:fra_Latn,premise,neutral,"Three girls dressed alike in plaid skirts and hats, green sweaters, and blue knee socks walk together.",The three girls are twins.,"Three girls, dressed in skirts and hats, green sweaters and blue socks, are walking together.",The three girls are twins.,"Three girls dressed alike in plaid skirts and hats, green sweaters, and blue knee socks walk together.","Three girls, dressed in skirts and hats, green sweaters and blue socks, are walking together.",0.9930718541145325,0.0015895282849669456,0.0015895282849669456,neutral,0.9834451079368591,neutral,0.9926804900169373,0.009235382080078125,STABLE_GOLD,False,[],[],0.1384615384615384,0.9117647058823529,False,"[""semantic_drift""]",SEMANTIC_DRIFT,,,,,,,,
528,351322,528:hypothesis:fra_Latn,hypothesis,contradiction,"There are two men on a ladder one is at the top handing down to the other guy the number ""O"" as this what they do for a living.",Two men are at office desks.,"There are two men on a ladder one is at the top handing down to the other guy the number ""O"" as this what they do for a living.",There's two men in the office.,Two men are at office desks.,There's two men in the office.,0.9958407282829285,0.03330496698617935,0.03330496698617935,contradiction,0.9997043013572693,contradiction,0.9988497495651245,-0.0008545517921447754,STABLE_GOLD,False,[],"[{""group"":""space"",""original"":{},""candidate"":{""in"":1},""field"":""hypothesis""}]",0.4137931034482759,1.0714285714285714,False,"[""semantic_drift""]",SEMANTIC_DRIFT,,,,,,,,
534,353921,534:premise:fra_Latn,premise,contradiction,Two men wearing dark pants and red shirts are leaping in-synch in front of a white building.,They crawl along,Two men in black pants and red shirts jump in sync in front of a white building.,They crawl along,Two men wearing dark pants and red shirts are leaping in-synch in front of a white building.,Two men in black pants and red shirts jump in sync in front of a white building.,0.7758718729019165,0.9967371821403503,0.7758718729019165,contradiction,0.9994876384735107,contradiction,0.9993069171905518,-0.00018072128295898438,STABLE_GOLD,False,[],"[{""group"":""space"",""original"":{""front"":1,""in"":2},""candidate"":{""front"":1,""in"":3},""field"":""premise""}]",0.15116279069767447,0.8695652173913043,False,"[""semantic_drift""]",SEMANTIC_DRIFT,,,,,,,,
535,354675,535:hypothesis:fra_Latn,hypothesis,contradiction,A person sits outside at a table and rests their head in their hand.,A person is standing with the crowd at the festival concert.,A person sits outside at a table and rests their head in their hand.,One person stands with the crowd at the festival concert.,A person is standing with the crowd at the festival concert.,One person stands with the crowd at the festival concert.,0.9972858428955078,0.9977275729179382,0.9972858428955078,contradiction,0.9996658563613892,contradiction,0.9995438456535339,-0.00012201070785522461,STABLE_GOLD,False,"[{""group"":""number"",""original"":{},""candidate"":{""one"":1},""field"":""hypothesis""}]",[],0.09401709401709402,0.95,False,"[""hard_cue_changed""]",NUMBER_CUE,{},"{""one"":1}",NUMBER_ADDED,,,,,
536,355209,536:premise:fra_Latn,premise,contradiction,A girl dressed in black with a purse on her arm is smiling at a man in a room with lots of desserts on the table.,There is a girl dressed in light colored clothing frowning at a man.,A girl dressed in black with a handbag smiles at a man in a room with lots of desserts on the table.,There is a girl dressed in light colored clothing frowning at a man.,A girl dressed in black with a purse on her arm is smiling at a man in a room with lots of desserts on the table.,A girl dressed in black with a handbag smiles at a man in a room with lots of desserts on the table.,0.9928709864616394,0.9028308987617493,0.9028308987617493,contradiction,0.9995692372322083,contradiction,0.9995601773262024,-9.059906005859375e-06,STABLE_GOLD,False,[],"[{""group"":""space"",""original"":{""on"":2,""in"":2},""candidate"":{""on"":1,""in"":2},""field"":""premise""}]",0.12676056338028174,0.8849557522123894,True,[],ACCEPTED_SCORE_BORDERLINE,,,,,,,,
538,356013,538:premise:fra_Latn,premise,entailment,Three women in old-fashioned clothing stand in the street with a dog.,Women are standing.,Three women dressed in old clothes stand in the street with a dog.,Women are standing.,Three women in old-fashioned clothing stand in the street with a dog.,Three women dressed in old clothes stand in the street with a dog.,0.9970671534538269,0.9954392313957214,0.9954392313957214,entailment,0.9944912195205688,entailment,0.994654655456543,0.0001634359359741211,STABLE_GOLD,False,[],[],0.1703703703703704,0.9565217391304348,True,[],ACCEPTED_HIGH_CONFIDENCE,,,,,,,,
541,358703,541:premise:fra_Latn,premise,neutral,The woman in a green sweater and the man with a cap are on the side of the road.,A husband and wife next to a road.,The woman in the green sweater and the man in the hat are on the side of the road.,A husband and wife next to a road.,The woman in a green sweater and the man with a cap are on the side of the road.,The woman in the green sweater and the man in the hat are on the side of the road.,0.9062414765357971,0.9641406536102295,0.9062414765357971,entailment,0.009694141335785389,entailment,0.009351144544780254,-0.0003429967910051346,VERIFIER_GOLD_DISAGREEMENT_STABLE,False,[],"[{""group"":""space"",""original"":{""on"":1,""in"":1},""candidate"":{""on"":1,""in"":2},""field"":""premise""}]",0.0864197530864198,1.025,False,"[""label_flip""]",VERIFIER_GOLD_DISAGREEMENT,,,,,,,,
542,358861,542:hypothesis:fra_Latn,hypothesis,contradiction,"The football players wear purple pants, gold helmets and white jerseys.",The people are racing cars.,"The football players wear purple pants, gold helmets and white jerseys.",People are racing cars.,The people are racing cars.,People are racing cars.,0.9944032430648804,0.9874803423881531,0.9874803423881531,contradiction,0.9996488094329834,contradiction,0.9996237754821777,-2.5033950805664062e-05,STABLE_GOLD,False,[],[],0.07999999999999996,0.8518518518518519,True,[],ACCEPTED_HIGH_CONFIDENCE,,,,,,,,
548,361621,548:premise:fra_Latn,premise,neutral,A woman wearing sunglasses and a black shirt is running on the beach.,A woman runs away from a lobster.,A woman wearing sunglasses and a black shirt runs to the beach.,A woman runs away from a lobster.,A woman wearing sunglasses and a black shirt is running on the beach.,A woman wearing sunglasses and a black shirt runs to the beach.,0.9593701362609863,0.9857174158096313,0.9593701362609863,neutral,0.9944227337837219,contradiction,0.009680444374680519,-0.9847422894090414,TRUE_FLIP,False,[],"[{""group"":""space"",""original"":{""on"":1},""candidate"":{},""field"":""premise""}]",0.0757575757575758,0.9130434782608695,False,"[""label_flip""]",TRUE_FLIP,,,,,,,,
557,369982,557:premise:fra_Latn,premise,neutral,two wrestlers fighting in a rink with a referee in the backgroud,Some wrestlers are wrestling in a backyard championship match.,Two wrestlers are fighting in a rink with a referee in the background.,Some wrestlers are wrestling in a backyard championship match.,two wrestlers fighting in a rink with a referee in the backgroud,Two wrestlers are fighting in a rink with a referee in the background.,0.9965797066688538,0.9961419701576233,0.9961419701576233,neutral,0.5404543280601501,contradiction,0.02031390555202961,-0.5201404225081205,TRUE_FLIP,False,[],[],0.04477611940298509,1.09375,False,"[""label_flip""]",TRUE_FLIP,,,,,,,,
558,371082,558:premise:fra_Latn,premise,neutral,This is two black children dressed the same hugging.,Funny humans dressed,They're two black kids wearing the same blanket.,Funny humans dressed,This is two black children dressed the same hugging.,They're two black kids wearing the same blanket.,0.003097985638305545,0.13452652096748352,0.003097985638305545,neutral,0.7027095556259155,entailment,0.4699835777282715,-0.23272597789764404,TRUE_FLIP,False,[],[],0.42000000000000004,0.9230769230769231,False,"[""semantic_drift"",""label_flip""]",SEMANTIC_DRIFT|TRUE_FLIP,,,,,,,,
559,371632,559:hypothesis:fra_Latn,hypothesis,entailment,A group of five people have picture taken while jumping in the air.,The people jump in the air when the picture is taken.,A group of five people have picture taken while jumping in the air.,People jump in the air when the photo is taken.,The people jump in the air when the picture is taken.,People jump in the air when the photo is taken.,0.9908002018928528,0.9870651960372925,0.9870651960372925,entailment,0.6213229298591614,entailment,0.8156472444534302,0.1943243145942688,STABLE_GOLD,False,[],[],0.12,0.8867924528301887,True,[],ACCEPTED_SCORE_BORDERLINE,,,,,,,,
561,372611,561:premise:fra_Latn,premise,entailment,A brown dog carries a multiple colored toy in the grass.,A dog is carrying colored toys.,A brown dog carries a multicolored toy in the grass.,A dog is carrying colored toys.,A brown dog carries a multiple colored toy in the grass.,A brown dog carries a multicolored toy in the grass.,0.7073532342910767,0.9938173890113831,0.7073532342910767,entailment,0.9933757185935974,entailment,0.9943689703941345,0.0009932518005371094,STABLE_GOLD,False,[],[],0.03703703703703709,0.9285714285714286,False,"[""semantic_drift""]",SEMANTIC_DRIFT,,,,,,,,
565,374596,565:hypothesis:fra_Latn,hypothesis,neutral,A group of people sitting in white plastic chairs are having a picnic.,All arrived at the picnic on foot.,A group of people sitting in white plastic chairs are having a picnic.,Everyone walked to the picnic.,All arrived at the picnic on foot.,Everyone walked to the picnic.,0.9970443844795227,0.9960249662399292,0.9960249662399292,neutral,0.9979286193847656,contradiction,0.08286979049444199,-0.9150588288903236,TRUE_FLIP,False,[],"[{""group"":""quantifier"",""original"":{""all"":1},""candidate"":{},""field"":""hypothesis""},{""group"":""space"",""original"":{""on"":1},""candidate"":{},""field"":""hypothesis""}]",0.4375,0.8823529411764706,False,"[""label_flip""]",TRUE_FLIP,,,,,,,,
566,374679,566:hypothesis:fra_Latn,hypothesis,neutral,A man leaning into a hole in the counter.,A man standing at the counter.,A man leaning into a hole in the counter.,A man standing at the counter.,A man standing at the counter.,A man standing at the counter.,0.9950606226921082,0.9950606226921082,0.9950606226921082,contradiction,0.004422362428158522,contradiction,0.004422362428158522,0.0,VERIFIER_GOLD_DISAGREEMENT_STABLE,False,[],[],0.0,1.0,False,"[""trivial_copy"",""label_flip""]",VERIFIER_GOLD_DISAGREEMENT,,,,,,,,
573,378043,573:premise:fra_Latn,premise,contradiction,A surfer in the distance is at the base of the wave close to the shore.,A man surfs the internet at home.,A remote surfer is at the base of the wave near the coast.,A man surfs the internet at home.,A surfer in the distance is at the base of the wave close to the shore.,A remote surfer is at the base of the wave near the coast.,0.994019627571106,0.9931647181510925,0.9931647181510925,contradiction,0.9996732473373413,contradiction,0.9996594190597534,-1.3828277587890625e-05,STABLE_GOLD,False,[],"[{""group"":""space"",""original"":{""in"":1},""candidate"":{""near"":1},""field"":""premise""}]",0.3178294573643411,0.8169014084507042,True,[],ACCEPTED_HIGH_CONFIDENCE,,,,,,,,
578,383277,578:hypothesis:fra_Latn,hypothesis,neutral,A man in a white shirt is playing a saxophone on a stage.,the guy in the white shirt is playing music on this sax that he is renting,A man in a white shirt is playing a saxophone on a stage.,The guy in the white shirt plays music on this saxophone he rents.,the guy in the white shirt is playing music on this sax that he is renting,The guy in the white shirt plays music on this saxophone he rents.,0.9958563446998596,0.9954991936683655,0.9954991936683655,neutral,0.9988007545471191,neutral,0.998736560344696,-6.41942024230957e-05,STABLE_GOLD,False,[],[],0.17142857142857137,0.8918918918918919,True,[],ACCEPTED_HIGH_CONFIDENCE,,,,,,,,
581,385656,581:premise:fra_Latn,premise,neutral,A man playing drums on upside down jugs.,The jugs the man is playing on are very big.,A man playing drums on pots upside down.,The jugs the man is playing on are very big.,A man playing drums on upside down jugs.,A man playing drums on pots upside down.,0.9822284579277039,0.8701163530349731,0.8701163530349731,neutral,0.9992802739143372,neutral,0.9992371797561646,-4.309415817260742e-05,STABLE_GOLD,False,[],[],0.125,1.0,True,[],ACCEPTED_SCORE_BORDERLINE,,,,,,,,
582,387067,582:premise:fra_Latn,premise,neutral,"A woman is running on a gravel path, while another woman in a green shirt is cheering.",A woman in shorts is running.,"One woman runs down a gravel road, while another woman in a green shirt applauds.",A woman in shorts is running.,"A woman is running on a gravel path, while another woman in a green shirt is cheering.","One woman runs down a gravel road, while another woman in a green shirt applauds.",0.9973567724227905,0.997847318649292,0.9973567724227905,neutral,0.9974660873413086,neutral,0.9777950048446655,-0.019671082496643066,STABLE_GOLD,False,"[{""group"":""number"",""original"":{},""candidate"":{""one"":1},""field"":""premise""}]","[{""group"":""space"",""original"":{""on"":1,""in"":1},""candidate"":{""in"":1},""field"":""premise""}]",0.22155688622754488,0.9418604651162791,False,"[""hard_cue_changed""]",NUMBER_CUE,{},"{""one"":1}",NUMBER_ADDED,,,,,
584,389488,584:hypothesis:fra_Latn,hypothesis,entailment,three children in a field with white flowers,Three people sit in the grass.,three children in a field with white flowers,Three people are sitting in the grass.,Three people sit in the grass.,Three people are sitting in the grass.,0.9968938827514648,0.9975587129592896,0.9968938827514648,contradiction,0.018055835738778114,contradiction,0.016690997406840324,-0.00136483833193779,VERIFIER_GOLD_DISAGREEMENT_STABLE,False,[],[],0.11764705882352944,1.2666666666666666,False,"[""label_flip""]",VERIFIER_GOLD_DISAGREEMENT,,,,,,,,
585,389577,585:hypothesis:fra_Latn,hypothesis,entailment,A man in a nun costume has a cigarette in his mouth.,A person wear a costume.,A man in a nun costume has a cigarette in his mouth.,A person wears a suit.,A person wear a costume.,A person wears a suit.,0.0007080300711095333,0.01725461147725582,0.0007080300711095333,entailment,0.9969184398651123,contradiction,0.00026148324832320213,-0.9966569566167891,TRUE_FLIP,False,[],[],0.17391304347826086,0.9166666666666666,False,"[""semantic_drift"",""label_flip""]",TRUE_FLIP,,,,,,,,
586,390330,586:hypothesis:fra_Latn,hypothesis,contradiction,"A woman in a white shirt, with a red bandanna holding the end of a sign post.",A woman with a red shirt and a bandana is shopping at the mall.,"A woman in a white shirt, with a red bandanna holding the end of a sign post.",A woman in a red shirt and a bandana is shopping in the mall.,A woman with a red shirt and a bandana is shopping at the mall.,A woman in a red shirt and a bandana is shopping in the mall.,0.9965723752975464,0.9974811673164368,0.9965723752975464,contradiction,0.9977604150772095,contradiction,0.9974457025527954,-0.0003147125244140625,STABLE_GOLD,False,[],"[{""group"":""space"",""original"":{},""candidate"":{""in"":2},""field"":""hypothesis""}]",0.06451612903225812,0.9682539682539683,True,[],ACCEPTED_HIGH_CONFIDENCE,,,,,,,,
586,390330,586:premise:fra_Latn,premise,contradiction,"A woman in a white shirt, with a red bandanna holding the end of a sign post.",A woman with a red shirt and a bandana is shopping at the mall.,"A woman in a white shirt, with a red band holding the tip of a signpost.",A woman with a red shirt and a bandana is shopping at the mall.,"A woman in a white shirt, with a red bandanna holding the end of a sign post.","A woman in a white shirt, with a red band holding the tip of a signpost.",0.975739598274231,0.03926221281290054,0.03926221281290054,contradiction,0.9977604150772095,contradiction,0.999049961566925,0.0012895464897155762,STABLE_GOLD,False,[],[],0.0738255033557047,0.935064935064935,False,"[""semantic_drift""]",SEMANTIC_DRIFT,,,,,,,,
588,394495,588:hypothesis:fra_Latn,hypothesis,neutral,Men and women competing in a marathon.,The men and women are at the end of the marathon.,Men and women competing in a marathon.,Men and women are at the end of the marathon.,The men and women are at the end of the marathon.,Men and women are at the end of the marathon.,0.995166540145874,0.9882241487503052,0.9882241487503052,contradiction,0.1128077581524849,contradiction,0.10199511796236038,-0.010812640190124512,VERIFIER_GOLD_DISAGREEMENT_STABLE,False,[],[],0.04255319148936165,0.9183673469387755,False,"[""label_flip""]",VERIFIER_GOLD_DISAGREEMENT,,,,,,,,
588,394495,588:premise:fra_Latn,premise,neutral,Men and women competing in a marathon.,The men and women are at the end of the marathon.,Men and women competing in marathons.,The men and women are at the end of the marathon.,Men and women competing in a marathon.,Men and women competing in marathons.,0.992697536945343,0.9934003353118896,0.992697536945343,contradiction,0.1128077581524849,contradiction,0.15529610216617584,0.04248834401369095,VERIFIER_GOLD_DISAGREEMENT_STABLE,False,[],[],0.040000000000000036,0.9736842105263158,False,"[""label_flip""]",VERIFIER_GOLD_DISAGREEMENT,,,,,,,,
589,394608,589:hypothesis:fra_Latn,hypothesis,contradiction,A lady in a yellow shirt adjusts her sunglasses.,The lady is adjusting her hat.,A lady in a yellow shirt adjusts her sunglasses.,The lady's adjusting her hat.,The lady is adjusting her hat.,The lady's adjusting her hat.,0.9982879757881165,0.9982849955558777,0.9982849955558777,contradiction,0.9979939460754395,contradiction,0.9981948733329773,0.0002009272575378418,STABLE_GOLD,False,[],[],0.05084745762711862,0.9666666666666667,True,[],ACCEPTED_HIGH_CONFIDENCE,,,,,,,,
592,396269,592:hypothesis:fra_Latn,hypothesis,entailment,A man tends to his laptop in what appears to be a slideshow of sorts.,A man runs a slideshow.,A man tends to his laptop in what appears to be a slideshow of sorts.,There's a man running a slide show.,A man runs a slideshow.,There's a man running a slide show.,0.9963726997375488,0.9947399497032166,0.9947399497032166,entailment,0.9610706567764282,entailment,0.8981715440750122,-0.06289911270141602,STABLE_GOLD,False,[],[],0.24137931034482762,1.5217391304347827,True,[],ACCEPTED_SCORE_BORDERLINE,,,,,,,,
593,396554,593:premise:fra_Latn,premise,entailment,"A child in a coat and hat is standing in a yellow doorway, and a woman in a coat and hat is standing outside, holding a cup.",The door is open.,"A boy in a yellow robe and hat stood at a gate, and a woman in a robe and hat stood outside, holding a cup.",The door is open.,"A child in a coat and hat is standing in a yellow doorway, and a woman in a coat and hat is standing outside, holding a cup.","A boy in a yellow robe and hat stood at a gate, and a woman in a robe and hat stood outside, holding a cup.",0.0008137804688885808,0.0923345685005188,0.0008137804688885808,entailment,0.8252729177474976,contradiction,0.0009805683512240648,-0.8242923493962735,TRUE_FLIP,False,[],"[{""group"":""space"",""original"":{""in"":3,""outside"":1},""candidate"":{""in"":2,""outside"":1},""field"":""premise""}]",0.34199134199134196,0.8629032258064516,False,"[""semantic_drift"",""label_flip""]",SEMANTIC_DRIFT,,,,,,,,
595,398189,595:hypothesis:fra_Latn,hypothesis,contradiction,"A person is standing at the top of a large, rolling sand dune.",She was stranded in the desert.,"A person is standing at the top of a large, rolling sand dune.",She was stuck in the desert.,She was stranded in the desert.,She was stuck in the desert.,0.9893890023231506,0.9779791235923767,0.9779791235923767,neutral,0.004748709965497255,neutral,0.009846862405538559,0.005098152440041304,VERIFIER_GOLD_DISAGREEMENT_STABLE,False,[],[],0.15254237288135597,0.9032258064516129,False,"[""label_flip""]",VERIFIER_GOLD_DISAGREEMENT,,,,,,,,
597,399855,597:hypothesis:fra_Latn,hypothesis,entailment,A girl blows into a large yellow balloon.,a girl has a balloon,A girl blows into a large yellow balloon.,a girl has a ball,a girl has a balloon,a girl has a ball,0.940924882888794,0.68727707862854,0.68727707862854,entailment,0.8535900115966797,contradiction,0.010619518347084522,-0.8429704932495952,TRUE_FLIP,False,[],[],0.08108108108108103,0.85,False,"[""semantic_drift"",""label_flip""]",SEMANTIC_DRIFT|TRUE_FLIP,,,,,,,,
599,400731,599:hypothesis:fra_Latn,hypothesis,entailment,A group of children is performing a concert outside.,A group of children is performing outside.,A group of children is performing a concert outside.,A group of kids playing outside.,A group of children is performing outside.,A group of kids playing outside.,0.34325066208839417,0.2610834836959839,0.2610834836959839,entailment,0.9974445104598999,contradiction,0.011049571447074413,-0.9863949390128255,TRUE_FLIP,False,[],[],0.2432432432432432,0.7619047619047619,False,"[""semantic_drift"",""label_flip""]",TRUE_FLIP,,,,,,,,
600,400864,600:hypothesis:fra_Latn,hypothesis,neutral,A person has just thrown a snowball and hit someone in the back.,A person was outside playing a threw something.,A person has just thrown a snowball and hit someone in the back.,Someone was out there playing a throwing something.,A person was outside playing a threw something.,Someone was out there playing a throwing something.,0.9973796606063843,0.9975676536560059,0.9973796606063843,neutral,0.9583387970924377,entailment,0.375914603471756,-0.5824241936206818,TRUE_FLIP,False,[],"[{""group"":""space"",""original"":{""outside"":1},""candidate"":{},""field"":""hypothesis""}]",0.22448979591836737,1.0851063829787233,False,"[""label_flip""]",TRUE_FLIP,,,,,,,,
602,403554,602:hypothesis:fra_Latn,hypothesis,neutral,A man in checkered pants rides a unicycle down the street while juggling for a crowd.,A man in clown make-up performs stunts for a crowd.,A man in checkered pants rides a unicycle down the street while juggling for a crowd.,A man in clown make-up makes stunts for a crowd.,A man in clown make-up performs stunts for a crowd.,A man in clown make-up makes stunts for a crowd.,0.9969485402107239,0.9883297681808472,0.9883297681808472,neutral,0.9148843288421631,neutral,0.8087426424026489,-0.10614168643951416,STABLE_GOLD,False,[],[],0.09090909090909094,0.9411764705882353,True,[],ACCEPTED_SCORE_BORDERLINE,,,,,,,,
602,403554,602:premise:fra_Latn,premise,neutral,A man in checkered pants rides a unicycle down the street while juggling for a crowd.,A man in clown make-up performs stunts for a crowd.,A man in chess pants drives a single-seat car down the street juggling for a crowd.,A man in clown make-up performs stunts for a crowd.,A man in checkered pants rides a unicycle down the street while juggling for a crowd.,A man in chess pants drives a single-seat car down the street juggling for a crowd.,8.673829142935574e-05,0.00011662462202366441,8.673829142935574e-05,neutral,0.9148843288421631,neutral,0.8517856001853943,-0.0630987286567688,STABLE_GOLD,False,[],[],0.20238095238095233,0.9764705882352941,False,"[""semantic_drift""]",SEMANTIC_DRIFT,,,,,,,,
605,405381,605:hypothesis:fra_Latn,hypothesis,contradiction,"A child in a red jacket, sitting atop a slide.",A child is sliding down a waterslide,"A child in a red jacket, sitting atop a slide.",A child slips into a water slide.,A child is sliding down a waterslide,A child slips into a water slide.,0.05927019938826561,0.9629731178283691,0.05927019938826561,neutral,0.21296705305576324,neutral,0.1072230264544487,-0.10574402660131454,VERIFIER_GOLD_DISAGREEMENT_STABLE,False,[],[],0.21739130434782605,0.9166666666666666,False,"[""semantic_drift"",""label_flip""]",VERIFIER_GOLD_DISAGREEMENT,,,,,,,,
608,411654,608:premise:fra_Latn,premise,entailment,"A group of people are sitting around a large white banner that says ""From New York.""",There is a group of people sitting around a large white banner.,"A bunch of people are sitting around a big white flag that says ""New York"".",There is a group of people sitting around a large white banner.,"A group of people are sitting around a large white banner that says ""From New York.""","A bunch of people are sitting around a big white flag that says ""New York"".",0.9942077398300171,0.9084454774856567,0.9084454774856567,entailment,0.9978271126747131,entailment,0.9983940720558167,0.0005669593811035156,STABLE_GOLD,False,[],[],0.1823899371069182,0.8928571428571429,True,[],ACCEPTED_SCORE_BORDERLINE,,,,,,,,
609,412899,609:premise:fra_Latn,premise,contradiction,A child holding some shoes.,The child is tying the shoelaces on his shoes.,A child holding shoes.,The child is tying the shoelaces on his shoes.,A child holding some shoes.,A child holding shoes.,0.9950147271156311,0.9248716235160828,0.9248716235160828,neutral,0.0013670887565240264,neutral,0.0008918515522964299,-0.0004752372042275965,VERIFIER_GOLD_DISAGREEMENT_STABLE,False,[],"[{""group"":""quantifier"",""original"":{""some"":1},""candidate"":{},""field"":""premise""}]",0.10204081632653061,0.8148148148148148,False,"[""label_flip""]",VERIFIER_GOLD_DISAGREEMENT,,,,,,,,
621,423518,621:hypothesis:fra_Latn,hypothesis,neutral,A magician performs with a burning bar placed in his front on the floor while the crowd watches closely.,The magician burns himself.,A magician performs with a burning bar placed in his front on the floor while the crowd watches closely.,The magician burns himself.,The magician burns himself.,The magician burns himself.,0.9977005124092102,0.9977005124092102,0.9977005124092102,contradiction,0.44881385564804077,contradiction,0.44881385564804077,0.0,VERIFIER_GOLD_DISAGREEMENT_STABLE,False,[],[],0.0,1.0,False,"[""trivial_copy"",""label_flip""]",VERIFIER_GOLD_DISAGREEMENT,,,,,,,,
621,423518,621:premise:fra_Latn,premise,neutral,A magician performs with a burning bar placed in his front on the floor while the crowd watches closely.,The magician burns himself.,A magician plays with a burning rod placed on the floor in front of him while the crowd looks closely.,The magician burns himself.,A magician performs with a burning bar placed in his front on the floor while the crowd watches closely.,A magician plays with a burning rod placed on the floor in front of him while the crowd looks closely.,0.9846915602684021,0.9457213282585144,0.9457213282585144,contradiction,0.44881385564804077,neutral,0.8751282095909119,0.4263143539428711,RECOVERED_TO_GOLD,False,[],[],0.2524271844660194,0.9807692307692307,True,[],ACCEPTED_SCORE_BORDERLINE,,,,,,,,
623,424612,623:hypothesis:fra_Latn,hypothesis,contradiction,Two female bikers pose on a bridge as other riders travel by in a marathon.,"The two woman are repelling down a rock face, attempting to get to the bottom of the rock wall.",Two female bikers pose on a bridge as other riders travel by in a marathon.,"The two women push back a rocky face, trying to reach the bottom of the rock wall.","The two woman are repelling down a rock face, attempting to get to the bottom of the rock wall.","The two women push back a rocky face, trying to reach the bottom of the rock wall.",0.7336173057556152,0.8735899925231934,0.7336173057556152,contradiction,0.9991752505302429,contradiction,0.7813566327095032,-0.21781861782073975,STABLE_GOLD,True,[],[],0.2542372881355932,0.8631578947368421,False,"[""semantic_drift"",""low_nli_confidence""]",SEMANTIC_DRIFT,,,,,,,,
625,426181,625:premise:fra_Latn,premise,entailment,Lady wearing spectacles points camera with some trepidation.,A lady is holding a camera.,A woman with glasses is pointing at the camera with a little fear.,A lady is holding a camera.,Lady wearing spectacles points camera with some trepidation.,A woman with glasses is pointing at the camera with a little fear.,0.9977458119392395,0.9979544878005981,0.9977458119392395,entailment,0.9818992614746094,entailment,0.8931990265846252,-0.08870023488998413,STABLE_GOLD,False,[],"[{""group"":""quantifier"",""original"":{""some"":1},""candidate"":{},""field"":""premise""}]",0.5555555555555556,1.1,True,[],ACCEPTED_SCORE_BORDERLINE,,,,,,,,
628,426839,628:hypothesis:fra_Latn,hypothesis,entailment,Two women on the patio having drinks.,Two women have drinks on the deck.,Two women on the patio having drinks.,Two women have drinks on the bridge.,Two women have drinks on the deck.,Two women have drinks on the bridge.,0.04854520410299301,0.6282788515090942,0.04854520410299301,entailment,0.9848479628562927,contradiction,0.002748325001448393,-0.9820996378548443,TRUE_FLIP,False,[],[],0.08571428571428574,1.0588235294117647,False,"[""semantic_drift"",""label_flip""]",TRUE_FLIP,,,,,,,,
630,428056,630:hypothesis:fra_Latn,hypothesis,contradiction,A construction worker in a neon vest is working with electrical equipment while sparks fly.,A construction worker is on his lunch break,A construction worker in a neon vest is working with electrical equipment while sparks fly.,A construction worker is on lunch break.,A construction worker is on his lunch break,A construction worker is on lunch break.,0.9963529109954834,0.9185500741004944,0.9185500741004944,contradiction,0.9827812314033508,contradiction,0.9988133907318115,0.016032159328460693,STABLE_GOLD,False,[],[],0.06024096385542166,0.9302325581395349,True,[],ACCEPTED_SCORE_BORDERLINE,,,,,,,,
633,431648,633:premise:fra_Latn,premise,contradiction,"A young woman in a striped sweater, knitted hat and jeans and wearing a black winter coat is ice skating at a rink with several other young women.",The woman in the sweater was rollerblading.,"A young woman in a striped sweater, a knitted hat and jeans and a black winter patin coat with several other young women.",The woman in the sweater was rollerblading.,"A young woman in a striped sweater, knitted hat and jeans and wearing a black winter coat is ice skating at a rink with several other young women.","A young woman in a striped sweater, a knitted hat and jeans and a black winter patin coat with several other young women.",0.8904975652694702,0.0014100878033787012,0.0014100878033787012,contradiction,0.9991962313652039,neutral,0.0032154174987226725,-0.9959808138664812,TRUE_FLIP,False,[],[],0.15355805243445697,0.8287671232876712,False,"[""semantic_drift"",""label_flip""]",TRUE_FLIP,,,,,,,,
639,437702,639:premise:fra_Latn,premise,entailment,A person swims in a pool by a waterfall.,A person is near the waterfall.,A person swims in a pool near a waterfall.,A person is near the waterfall.,A person swims in a pool by a waterfall.,A person swims in a pool near a waterfall.,0.9968609809875488,0.9956569671630859,0.9956569671630859,entailment,0.9935575127601624,entailment,0.9910968542098999,-0.002460658550262451,STABLE_GOLD,False,[],"[{""group"":""space"",""original"":{""in"":1},""candidate"":{""in"":1,""near"":1},""field"":""premise""}]",0.07317073170731703,1.05,True,[],ACCEPTED_HIGH_CONFIDENCE,,,,,,,,
641,439665,641:premise:fra_Latn,premise,contradiction,"A man dressed in a red t-shirt and blue jeans eats food he's holding in his hand, as he walks along a busy sidewalk, with an antique-style sign advertising wedding rings on the right-hand side of the picture.",A man in a suit holds a briefcase as he walks along an empty sidewalk.,"A man dressed in a red t-shirt and blue jeans eats the food he holds in his hand, as he walks down a busy sidewalk, with an antique-style sign announcing wedding rings on the right side of",A man in a suit holds a briefcase as he walks along an empty sidewalk.,"A man dressed in a red t-shirt and blue jeans eats food he's holding in his hand, as he walks along a busy sidewalk, with an antique-style sign advertising wedding rings on the right-hand side of the picture.","A man dressed in a red t-shirt and blue jeans eats the food he holds in his hand, as he walks down a busy sidewalk, with an antique-style sign announcing wedding rings on the right side of",0.9720630049705505,0.8792370557785034,0.8792370557785034,contradiction,0.9996262788772583,contradiction,0.9995633959770203,-6.288290023803711e-05,STABLE_GOLD,False,[],[],0.11616161616161613,0.9038461538461539,True,[],ACCEPTED_SCORE_BORDERLINE,,,,,,,,
645,441649,645:hypothesis:fra_Latn,hypothesis,entailment,A small boy in a white shirt is jumping with a sword in his hand.,Boys holding sword,A small boy in a white shirt is jumping with a sword in his hand.,Boys with Swords,Boys holding sword,Boys with Swords,0.9353086352348328,0.97098708152771,0.9353086352348328,entailment,0.9400140047073364,neutral,0.2515324354171753,-0.6884815692901611,TRUE_FLIP,False,[],[],0.2941176470588235,0.8888888888888888,False,"[""label_flip""]",TRUE_FLIP,,,,,,,,
650,445694,650:premise:fra_Latn,premise,neutral,A person riding a horse trying to rope a calf that is running from them.,A person is competing at a rodeo.,A person on a horse trying to tie up a calf that runs away.,A person is competing at a rodeo.,A person riding a horse trying to rope a calf that is running from them.,A person on a horse trying to tie up a calf that runs away.,0.9973955154418945,0.9959956407546997,0.9959956407546997,neutral,0.9665780663490295,neutral,0.876724123954773,-0.08985394239425659,STABLE_GOLD,False,[],"[{""group"":""space"",""original"":{},""candidate"":{""on"":1},""field"":""premise""}]",0.26717557251908397,0.8194444444444444,True,[],ACCEPTED_SCORE_BORDERLINE,,,,,,,,
653,447248,653:premise:fra_Latn,premise,entailment,An Asian man makes calligraphy on a green table with newspaper on it.,A man is drawing.,An Asian guy is doing calligraphy on a green table with a newspaper on it.,A man is drawing.,An Asian man makes calligraphy on a green table with newspaper on it.,An Asian guy is doing calligraphy on a green table with a newspaper on it.,0.9977184534072876,0.9977251887321472,0.9977184534072876,entailment,0.8958956003189087,entailment,0.9053764343261719,0.009480834007263184,STABLE_GOLD,False,[],[],0.14685314685314688,1.0724637681159421,True,[],ACCEPTED_SCORE_BORDERLINE,,,,,,,,
654,448081,654:hypothesis:fra_Latn,hypothesis,neutral,There is a husband and wife outside of a small shop taking pictures of a baby camel.,The baby camel is inside of the shop.,There is a husband and wife outside of a small shop taking pictures of a baby camel.,The baby camel is inside the store.,The baby camel is inside of the shop.,The baby camel is inside the store.,0.9963551759719849,0.9935959577560425,0.9935959577560425,contradiction,0.0010648334864526987,contradiction,0.0009154833969660103,-0.00014935008948668838,VERIFIER_GOLD_DISAGREEMENT_STABLE,False,[],[],0.11111111111111116,0.9459459459459459,False,"[""label_flip""]",VERIFIER_GOLD_DISAGREEMENT,,,,,,,,
657,448551,657:premise:fra_Latn,premise,neutral,The bull is running with a yellow fence behind him.,A bull is running through an open field chasing a cow.,The bull runs with a yellow fence behind it.,A bull is running through an open field chasing a cow.,The bull is running with a yellow fence behind him.,The bull runs with a yellow fence behind it.,0.9816581010818481,0.9928431510925293,0.9816581010818481,contradiction,0.0026514967903494835,contradiction,0.0019518908811733127,-0.0006996059091761708,VERIFIER_GOLD_DISAGREEMENT_STABLE,False,[],[],0.11578947368421055,0.8627450980392157,False,"[""label_flip""]",VERIFIER_GOLD_DISAGREEMENT,,,,,,,,
659,450435,659:hypothesis:fra_Latn,hypothesis,neutral,People ordering food from a lunch cart outside.,The lunch cart is mexican food.,People ordering food from a lunch cart outside.,The basket is Mexican food.,The lunch cart is mexican food.,The basket is Mexican food.,0.984822154045105,0.005872607231140137,0.005872607231140137,neutral,0.9985629916191101,neutral,0.9984880685806274,-7.492303848266602e-05,STABLE_GOLD,False,[],[],0.2068965517241379,0.8709677419354839,False,"[""semantic_drift""]",SEMANTIC_DRIFT,,,,,,,,
660,450767,660:hypothesis:fra_Latn,hypothesis,contradiction,A young woman dances to the delight of a group of children.,A woman is holding 3 children.,A young woman dances to the delight of a group of children.,A woman has three children.,A woman is holding 3 children.,A woman has three children.,0.9453848600387573,0.02171463891863823,0.02171463891863823,neutral,0.04492338374257088,neutral,0.003009438281878829,-0.04191394546069205,VERIFIER_GOLD_DISAGREEMENT_STABLE,False,"[{""group"":""number"",""original"":{""3"":1},""candidate"":{""three"":1},""field"":""hypothesis""}]",[],0.26315789473684215,0.9,False,"[""hard_cue_changed"",""semantic_drift"",""label_flip""]",NUMBER_CUE|SEMANTIC_DRIFT|VERIFIER_GOLD_DISAGREEMENT,"{""3"":1}","{""three"":1}",LEXICAL_NORMALIZATION,,,,,
662,450940,662:premise:fra_Latn,premise,neutral,A boy in a sports uniform chasing a soccer ball,A boy is playing.,A boy in sports uniform chasing a football,A boy is playing.,A boy in a sports uniform chasing a soccer ball,A boy in sports uniform chasing a football,0.005747403018176556,0.011424372904002666,0.005747403018176556,entailment,0.040212780237197876,entailment,0.11436805874109268,0.0741552785038948,VERIFIER_GOLD_DISAGREEMENT_STABLE,False,[],[],0.1235955056179775,0.8936170212765957,False,"[""semantic_drift"",""label_flip""]",VERIFIER_GOLD_DISAGREEMENT,,,,,,,,
667,456266,667:hypothesis:fra_Latn,hypothesis,neutral,A guy lifts some heavy weights while an older man assists him.,A man helping another man bench press.,A guy lifts some heavy weights while an older man assists him.,A man who helps another man.,A man helping another man bench press.,A man who helps another man.,0.9925277233123779,0.0019984429236501455,0.0019984429236501455,neutral,0.9930018782615662,entailment,0.0071129994466900826,-0.9858888788148761,TRUE_FLIP,False,[],[],0.303030303030303,0.7368421052631579,False,"[""semantic_drift"",""label_flip""]",TRUE_FLIP,,,,,,,,
669,456772,669:premise:fra_Latn,premise,contradiction,Two large white dogs and one large tan dog in a red collar run along a beach.,Three dogs are lying in the grass in the shade.,Two big white dogs and a big brown dog with a red collar running along a beach.,Three dogs are lying in the grass in the shade.,Two large white dogs and one large tan dog in a red collar run along a beach.,Two big white dogs and a big brown dog with a red collar running along a beach.,0.02404751069843769,0.05313854664564133,0.02404751069843769,contradiction,0.9734965562820435,contradiction,0.9968219995498657,0.023325443267822266,STABLE_GOLD,False,"[{""group"":""number"",""original"":{""one"":1,""two"":1},""candidate"":{""two"":1},""field"":""premise""}]","[{""group"":""space"",""original"":{""in"":1},""candidate"":{},""field"":""premise""}]",0.21794871794871795,1.025974025974026,False,"[""hard_cue_changed"",""semantic_drift""]",NUMBER_CUE,"{""one"":1,""two"":1}","{""two"":1}",POSSIBLE_VALUE_CHANGE,,,,,
673,458628,673:hypothesis:fra_Latn,hypothesis,contradiction,Two young girls one blond one brunette are puckering there lips and showing a peace sign with there fingers.,The girls have no fingers.,Two young girls one blond one brunette are puckering there lips and showing a peace sign with there fingers.,Girls don't have fingers.,The girls have no fingers.,Girls don't have fingers.,0.9971713423728943,0.9845578074455261,0.9845578074455261,contradiction,0.9996150732040405,contradiction,0.9995885491371155,-2.6524066925048828e-05,STABLE_GOLD,False,"[{""group"":""negation"",""original"":{""no"":1},""candidate"":{""n't"":1},""field"":""hypothesis""}]",[],0.2549019607843137,0.9615384615384616,False,"[""hard_cue_changed""]",NEGATION_CUE,,,,,,,,
673,458628,673:premise:fra_Latn,premise,contradiction,Two young girls one blond one brunette are puckering there lips and showing a peace sign with there fingers.,The girls have no fingers.,"Two young girls, a blonde and a brown, cut each other's lips and showed a sign of peace with their fingers.",The girls have no fingers.,Two young girls one blond one brunette are puckering there lips and showing a peace sign with there fingers.,"Two young girls, a blonde and a brown, cut each other's lips and showed a sign of peace with their fingers.",0.0437086820602417,0.9682371020317078,0.0437086820602417,contradiction,0.9996150732040405,contradiction,0.9996254444122314,1.0371208190917969e-05,STABLE_GOLD,False,"[{""group"":""number"",""original"":{""one"":2,""two"":1},""candidate"":{""two"":1},""field"":""premise""}]",[],0.3023255813953488,0.9907407407407407,False,"[""hard_cue_changed"",""semantic_drift""]",NUMBER_CUE,"{""one"":2,""two"":1}","{""two"":1}",POSSIBLE_VALUE_CHANGE,,,,,
674,459828,674:hypothesis:fra_Latn,hypothesis,entailment,Young girl jumping off a swing.,Someone is jumping.,Young girl jumping off a swing.,Somebody's going to jump.,Someone is jumping.,Somebody's going to jump.,0.9948240518569946,0.9834798574447632,0.9834798574447632,entailment,0.9872714877128601,entailment,0.893547773361206,-0.09372371435165405,STABLE_GOLD,False,[],[],0.40909090909090906,1.3157894736842106,True,[],ACCEPTED_SCORE_BORDERLINE,,,,,,,,
675,461143,675:premise:fra_Latn,premise,contradiction,A woman in a white shirt sitting on a gray bench in front of a wall with graffiti written on it.,A person in a white shirt swimming in a lake.,A woman in a white shirt sitting on a gray bench in front of a wall with graffiti on it.,A person in a white shirt swimming in a lake.,A woman in a white shirt sitting on a gray bench in front of a wall with graffiti written on it.,A woman in a white shirt sitting on a gray bench in front of a wall with graffiti on it.,0.985937774181366,0.8445373773574829,0.8445373773574829,contradiction,0.999292254447937,contradiction,0.9992856383323669,-6.616115570068359e-06,STABLE_GOLD,False,[],[],0.04347826086956519,0.9166666666666666,True,[],ACCEPTED_SCORE_BORDERLINE,,,,,,,,
678,463572,678:hypothesis:fra_Latn,hypothesis,neutral,A man is selling water and lemonade at a stand.,a vendor is selling lemonade.,A man is selling water and lemonade at a stand.,There's a salesman selling a lemonade.,a vendor is selling lemonade.,There's a salesman selling a lemonade.,0.9711782932281494,0.9970901012420654,0.9711782932281494,entailment,0.003943721763789654,entailment,0.09220928698778152,0.08826556522399187,VERIFIER_GOLD_DISAGREEMENT_STABLE,False,[],[],0.34328358208955223,1.3103448275862069,False,"[""label_flip""]",VERIFIER_GOLD_DISAGREEMENT,,,,,,,,
683,466557,683:premise:fra_Latn,premise,neutral,Woman walking on a puddle of water.,A woman with wet Nike sneakers.,A woman walking on a pond of water.,A woman with wet Nike sneakers.,Woman walking on a puddle of water.,A woman walking on a pond of water.,0.6160669326782227,0.9336166381835938,0.6160669326782227,neutral,0.9988013505935669,neutral,0.9983158111572266,-0.00048553943634033203,STABLE_GOLD,False,[],[],0.11428571428571432,1.0,False,"[""semantic_drift""]",SEMANTIC_DRIFT,,,,,,,,
685,467865,685:hypothesis:fra_Latn,hypothesis,entailment,Two players in red white and blue football uniforms squat down on the field.,Two players in red white and blue football uniforms squat down on the field and holding their helmets.,Two players in red white and blue football uniforms squat down on the field.,"Two players in red, white, and blue football uniforms crouched on the field and held their helmets.",Two players in red white and blue football uniforms squat down on the field and holding their helmets.,"Two players in red, white, and blue football uniforms crouched on the field and held their helmets.",0.9955844283103943,0.9927789568901062,0.9927789568901062,neutral,0.0009828354232013226,neutral,0.0010568262077867985,7.399078458547592e-05,VERIFIER_GOLD_DISAGREEMENT_STABLE,False,[],[],0.10447761194029848,0.9705882352941176,False,"[""label_flip""]",VERIFIER_GOLD_DISAGREEMENT,,,,,,,,
685,467865,685:premise:fra_Latn,premise,entailment,Two players in red white and blue football uniforms squat down on the field.,Two players in red white and blue football uniforms squat down on the field and holding their helmets.,"Two players in red, white and blue uniforms crouched on the field.",Two players in red white and blue football uniforms squat down on the field and holding their helmets.,Two players in red white and blue football uniforms squat down on the field.,"Two players in red, white and blue uniforms crouched on the field.",0.990484356880188,0.023900244385004044,0.023900244385004044,neutral,0.0009828354232013226,neutral,0.003290856257081032,0.0023080208338797092,VERIFIER_GOLD_DISAGREEMENT_STABLE,False,[],[],0.16901408450704225,0.868421052631579,False,"[""semantic_drift"",""label_flip""]",SEMANTIC_DRIFT|VERIFIER_GOLD_DISAGREEMENT,,,,,,,,
686,468548,686:hypothesis:fra_Latn,hypothesis,contradiction,A class of students all doing different actions.,A class of students working on one math problem.,A class of students all doing different actions.,A class of students working on a math problem.,A class of students working on one math problem.,A class of students working on a math problem.,0.9961857199668884,0.9821627736091614,0.9821627736091614,contradiction,0.9828447103500366,neutral,0.028826437890529633,-0.954018272459507,TRUE_FLIP,False,"[{""group"":""number"",""original"":{""one"":1},""candidate"":{},""field"":""hypothesis""}]",[],0.04255319148936165,0.9583333333333334,False,"[""hard_cue_changed"",""label_flip""]",NUMBER_CUE|TRUE_FLIP,"{""one"":1}",{},NUMBER_REMOVED,,,,,
690,472747,690:hypothesis:fra_Latn,hypothesis,entailment,Young boy delivers a jumping martial arts kick.,The boy practices martial arts.,Young boy delivers a jumping martial arts kick.,The boy is practicing martial arts.,The boy practices martial arts.,The boy is practicing martial arts.,0.9967722296714783,0.9980065226554871,0.9967722296714783,entailment,0.9079321026802063,neutral,0.45691928267478943,-0.45101282000541687,TRUE_FLIP,False,[],[],0.12121212121212122,1.1290322580645162,False,"[""label_flip""]",TRUE_FLIP,,,,,,,,
693,474441,693:hypothesis:fra_Latn,hypothesis,neutral,A baby decides to pack himself away in a suitcase.,A baby ends up in a suitcase and is promptly discovered.,A baby decides to pack himself away in a suitcase.,A baby is found in a suitcase and soon discovered.,A baby ends up in a suitcase and is promptly discovered.,A baby is found in a suitcase and soon discovered.,0.9920554757118225,0.9914163947105408,0.9914163947105408,neutral,0.7920781970024109,contradiction,0.007997969165444374,-0.7840802278369665,TRUE_FLIP,False,[],[],0.2075471698113207,0.8928571428571429,False,"[""label_flip""]",TRUE_FLIP,,,,,,,,
697,475671,697:hypothesis:fra_Latn,hypothesis,neutral,The people are standing outside after a wedding.,It was a wedding for two Indian people,The people are standing outside after a wedding.,It was a wedding for two Indians.,It was a wedding for two Indian people,It was a wedding for two Indians.,0.9948550462722778,0.9882633686065674,0.9882633686065674,neutral,0.9995456337928772,neutral,0.9995220899581909,-2.3543834686279297e-05,STABLE_GOLD,False,[],[],0.12676056338028174,0.868421052631579,True,[],ACCEPTED_HIGH_CONFIDENCE,,,,,,,,
697,475671,697:premise:fra_Latn,premise,neutral,The people are standing outside after a wedding.,It was a wedding for two Indian people,People are out after a wedding.,It was a wedding for two Indian people,The people are standing outside after a wedding.,People are out after a wedding.,0.9977636337280273,0.6395142078399658,0.6395142078399658,neutral,0.9995456337928772,neutral,0.999492883682251,-5.27501106262207e-05,STABLE_GOLD,False,[],"[{""group"":""space"",""original"":{""outside"":1},""candidate"":{},""field"":""premise""}]",0.21518987341772156,0.6458333333333334,False,"[""semantic_drift""]",SEMANTIC_DRIFT,,,,,,,,
699,477223,699:premise:fra_Latn,premise,contradiction,A guy is jumping in the air while a group of people stand around and ignore him.,A guy is really an alien from Neptune.,A guy jumps into the air while a group of people are watching him and ignoring him.,A guy is really an alien from Neptune.,A guy is jumping in the air while a group of people stand around and ignore him.,A guy jumps into the air while a group of people are watching him and ignoring him.,0.9400045275688171,0.9338051676750183,0.9338051676750183,neutral,0.02035682462155819,neutral,0.13933111727237701,0.11897429265081882,VERIFIER_GOLD_DISAGREEMENT_STABLE,False,[],"[{""group"":""space"",""original"":{""in"":1},""candidate"":{},""field"":""premise""}]",0.21472392638036808,1.0375,False,"[""label_flip""]",VERIFIER_GOLD_DISAGREEMENT,,,,,,,,
700,477332,700:premise:fra_Latn,premise,entailment,People are in a restaurant eating.,A group of individuals eating in a restaurant.,People eat in a restaurant.,A group of individuals eating in a restaurant.,People are in a restaurant eating.,People eat in a restaurant.,0.9982477426528931,0.9967717528343201,0.9967717528343201,entailment,0.9973662495613098,entailment,0.9959357976913452,-0.0014304518699645996,STABLE_GOLD,False,[],[],0.180327868852459,0.7941176470588235,True,[],ACCEPTED_HIGH_CONFIDENCE,,,,,,,,
701,477877,701:premise:fra_Latn,premise,entailment,A man wearing yellow riding a bike.,A man steering a bike.,A man in yellow on a bicycle.,A man steering a bike.,A man wearing yellow riding a bike.,A man in yellow on a bicycle.,0.9968135952949524,0.9981999397277832,0.9968135952949524,entailment,0.6500997543334961,neutral,0.19898614287376404,-0.45111361145973206,TRUE_FLIP,False,[],"[{""group"":""space"",""original"":{},""candidate"":{""on"":1,""in"":1},""field"":""premise""}]",0.25,0.8285714285714286,False,"[""label_flip""]",TRUE_FLIP,,,,,,,,
702,477962,702:premise:fra_Latn,premise,entailment,Three teenage girls walking down the sidewalk together on a nice day,Girls are walking in the daytime.,Three teenage girls walking together on the sidewalk one beautiful day.,Girls are walking in the daytime.,Three teenage girls walking down the sidewalk together on a nice day,Three teenage girls walking together on the sidewalk one beautiful day.,0.9812445044517517,0.9853001236915588,0.9812445044517517,entailment,0.9773757457733154,entailment,0.9673606157302856,-0.010015130043029785,STABLE_GOLD,False,"[{""group"":""number"",""original"":{""three"":1},""candidate"":{""one"":1,""three"":1},""field"":""premise""}]",[],0.237410071942446,1.0441176470588236,False,"[""hard_cue_changed""]",NUMBER_CUE,"{""three"":1}","{""one"":1,""three"":1}",POSSIBLE_VALUE_CHANGE,,,,,
703,478194,703:hypothesis:fra_Latn,hypothesis,entailment,Beautiful day to play fetch with dog while relaxing on the dock at the lake.,The sun shines upon the lake.,Beautiful day to play fetch with dog while relaxing on the dock at the lake.,The sun shines on the lake.,The sun shines upon the lake.,The sun shines on the lake.,0.9978622794151306,0.9976809024810791,0.9976809024810791,neutral,0.04148516803979874,neutral,0.0158125851303339,-0.025672582909464836,VERIFIER_GOLD_DISAGREEMENT_STABLE,False,[],"[{""group"":""space"",""original"":{},""candidate"":{""on"":1},""field"":""hypothesis""}]",0.0357142857142857,0.9310344827586207,False,"[""label_flip""]",VERIFIER_GOLD_DISAGREEMENT,,,,,,,,
703,478194,703:premise:fra_Latn,premise,entailment,Beautiful day to play fetch with dog while relaxing on the dock at the lake.,The sun shines upon the lake.,"It's a nice day to play dog hike, relaxing on the lakefront.",The sun shines upon the lake.,Beautiful day to play fetch with dog while relaxing on the dock at the lake.,"It's a nice day to play dog hike, relaxing on the lakefront.",0.9654338955879211,0.23657476902008057,0.23657476902008057,neutral,0.04148516803979874,neutral,0.003123530186712742,-0.038361637853085995,VERIFIER_GOLD_DISAGREEMENT_STABLE,False,[],[],0.36764705882352944,0.7894736842105263,False,"[""semantic_drift"",""label_flip""]",VERIFIER_GOLD_DISAGREEMENT,,,,,,,,
704,482019,704:hypothesis:fra_Latn,hypothesis,neutral,A man in glasses talks to a woman while shopping for orange juice.,There is a man shopping while avoiding a women,A man in glasses talks to a woman while shopping for orange juice.,There's a man who goes shopping and avoids a woman.,There is a man shopping while avoiding a women,There's a man who goes shopping and avoids a woman.,0.9974527955055237,0.9930570125579834,0.9930570125579834,contradiction,0.0003453452081885189,contradiction,0.00035528207081370056,9.936862625181675e-06,VERIFIER_GOLD_DISAGREEMENT_STABLE,False,[],[],0.27835051546391754,1.108695652173913,False,"[""label_flip""]",VERIFIER_GOLD_DISAGREEMENT,,,,,,,,
705,482758,705:hypothesis:fra_Latn,hypothesis,contradiction,A man bundled up in a coat displaying with his arms a bunch of clothes.,The man was about to go outside,A man bundled up in a coat displaying with his arms a bunch of clothes.,The man was about to leave.,The man was about to go outside,The man was about to leave.,0.9931220412254333,0.1707870215177536,0.1707870215177536,neutral,0.0007495016325265169,neutral,0.0004578545340336859,-0.000291647098492831,VERIFIER_GOLD_DISAGREEMENT_STABLE,False,[],"[{""group"":""space"",""original"":{""outside"":1},""candidate"":{},""field"":""hypothesis""}]",0.24137931034482762,0.8709677419354839,False,"[""semantic_drift"",""label_flip""]",VERIFIER_GOLD_DISAGREEMENT,,,,,,,,
705,482758,705:premise:fra_Latn,premise,contradiction,A man bundled up in a coat displaying with his arms a bunch of clothes.,The man was about to go outside,"A man in a coat, showing off a bunch of clothes with his arms.",The man was about to go outside,A man bundled up in a coat displaying with his arms a bunch of clothes.,"A man in a coat, showing off a bunch of clothes with his arms.",0.9965674877166748,0.9783732891082764,0.9783732891082764,neutral,0.0007495016325265169,neutral,0.001500170212239027,0.0007506685797125101,VERIFIER_GOLD_DISAGREEMENT_STABLE,False,[],[],0.3834586466165414,0.8732394366197183,False,"[""label_flip""]",VERIFIER_GOLD_DISAGREEMENT,,,,,,,,
706,484972,706:premise:fra_Latn,premise,entailment,Four cheerleaders at a basketball game dance at half-court during a break in the game.,Four cheerleaders dance during a break in the game.,Four women coaches at a basketball game are dancing half-shots during a break in the game.,Four cheerleaders dance during a break in the game.,Four cheerleaders at a basketball game dance at half-court during a break in the game.,Four women coaches at a basketball game are dancing half-shots during a break in the game.,0.0016381171299144626,0.0008583380840718746,0.0008583380840718746,entailment,0.9965575933456421,contradiction,0.0005351767176762223,-0.9960224166279659,TRUE_FLIP,False,[],[],0.19318181818181823,1.0465116279069768,False,"[""semantic_drift"",""label_flip""]",SEMANTIC_DRIFT|TRUE_FLIP,,,,,,,,
709,485598,709:hypothesis:fra_Latn,hypothesis,neutral,There are 2 shirtless boys jumping up from some water looking at a soccer ball.,Two boys are playing with a soccer ball in a pool.,There are 2 shirtless boys jumping up from some water looking at a soccer ball.,Two boys playing with a football in a pool.,Two boys are playing with a soccer ball in a pool.,Two boys playing with a football in a pool.,0.0016579232178628445,0.0022210371680557728,0.0016579232178628445,contradiction,0.253395140171051,contradiction,0.14841771125793457,-0.10497742891311646,VERIFIER_GOLD_DISAGREEMENT_STABLE,False,[],[],0.13978494623655913,0.86,False,"[""semantic_drift"",""label_flip""]",VERIFIER_GOLD_DISAGREEMENT,,,,,,,,
709,485598,709:premise:fra_Latn,premise,neutral,There are 2 shirtless boys jumping up from some water looking at a soccer ball.,Two boys are playing with a soccer ball in a pool.,There are two boys without a shirt jumping out of the water and looking at a football.,Two boys are playing with a soccer ball in a pool.,There are 2 shirtless boys jumping up from some water looking at a soccer ball.,There are two boys without a shirt jumping out of the water and looking at a football.,0.36919111013412476,0.902924656867981,0.36919111013412476,contradiction,0.253395140171051,contradiction,0.02597236819565296,-0.22742277197539806,VERIFIER_GOLD_DISAGREEMENT_STABLE,False,"[{""group"":""negation"",""original"":{},""candidate"":{""without"":1},""field"":""premise""},{""group"":""number"",""original"":{""2"":1},""candidate"":{""two"":1},""field"":""premise""}]","[{""group"":""quantifier"",""original"":{""some"":1},""candidate"":{},""field"":""premise""}]",0.32121212121212117,1.0886075949367089,False,"[""hard_cue_changed"",""semantic_drift"",""label_flip""]",NEGATION_CUE|NUMBER_CUE,"{""2"":1}","{""two"":1}",LEXICAL_NORMALIZATION,,,,,
714,487685,714:hypothesis:fra_Latn,hypothesis,neutral,There are three people sitting on a bench outside a building and one man standing next to it looking at a newspaper.,The people are talking.,There are three people sitting on a bench outside a building and one man standing next to it looking at a newspaper.,People are talking.,The people are talking.,People are talking.,0.9953835606575012,0.9916812777519226,0.9916812777519226,neutral,0.9925249814987183,neutral,0.9757763743400574,-0.01674860715866089,STABLE_GOLD,False,[],[],0.09523809523809523,0.8260869565217391,True,[],ACCEPTED_HIGH_CONFIDENCE,,,,,,,,
714,487685,714:premise:fra_Latn,premise,neutral,There are three people sitting on a bench outside a building and one man standing next to it looking at a newspaper.,The people are talking.,There are three people sitting on a bench in front of a building and a man standing next to them looking at a newspaper.,The people are talking.,There are three people sitting on a bench outside a building and one man standing next to it looking at a newspaper.,There are three people sitting on a bench in front of a building and a man standing next to them looking at a newspaper.,0.9925878643989563,0.9943948984146118,0.9925878643989563,neutral,0.9925249814987183,neutral,0.9930607080459595,0.0005357265472412109,STABLE_GOLD,False,"[{""group"":""number"",""original"":{""one"":1,""three"":1},""candidate"":{""three"":1},""field"":""premise""}]","[{""group"":""space"",""original"":{""on"":1,""outside"":1},""candidate"":{""on"":1,""front"":1,""in"":1},""field"":""premise""}]",0.09322033898305082,1.0344827586206897,False,"[""hard_cue_changed""]",NUMBER_CUE,"{""one"":1,""three"":1}","{""three"":1}",POSSIBLE_VALUE_CHANGE,,,,,
715,488220,715:hypothesis:fra_Latn,hypothesis,entailment,A lady with a blue coat is seen riding a bike in front of a store.,A lady with a blue coat is getting exercise.,A lady with a blue coat is seen riding a bike in front of a store.,A lady in a blue coat exercises.,A lady with a blue coat is getting exercise.,A lady in a blue coat exercises.,0.9972336888313293,0.996183454990387,0.996183454990387,neutral,0.25752824544906616,neutral,0.1828233152627945,-0.07470493018627167,VERIFIER_GOLD_DISAGREEMENT_STABLE,False,[],"[{""group"":""space"",""original"":{},""candidate"":{""in"":1},""field"":""hypothesis""}]",0.21052631578947367,0.7272727272727273,False,"[""label_flip""]",VERIFIER_GOLD_DISAGREEMENT,,,,,,,,
715,488220,715:premise:fra_Latn,premise,entailment,A lady with a blue coat is seen riding a bike in front of a store.,A lady with a blue coat is getting exercise.,You see a lady in a blue coat on a bike outside a store.,A lady with a blue coat is getting exercise.,A lady with a blue coat is seen riding a bike in front of a store.,You see a lady in a blue coat on a bike outside a store.,0.9975398778915405,0.9973172545433044,0.9973172545433044,neutral,0.25752824544906616,entailment,0.8703693747520447,0.6128411293029785,RECOVERED_TO_GOLD,False,[],"[{""group"":""space"",""original"":{""front"":1,""in"":1},""candidate"":{""on"":1,""in"":1,""outside"":1},""field"":""premise""}]",0.34426229508196726,0.8484848484848485,True,[],ACCEPTED_SCORE_BORDERLINE,,,,,,,,
718,489327,718:hypothesis:fra_Latn,hypothesis,contradiction,A person wearing a red vest climbs up a steep rock.,A person is repelling down the mountain.,A person wearing a red vest climbs up a steep rock.,Someone's pushing the mountain back.,A person is repelling down the mountain.,Someone's pushing the mountain back.,0.03815215453505516,0.0015577459707856178,0.0015577459707856178,contradiction,0.9981104135513306,neutral,0.3317374289035797,-0.6663729846477509,TRUE_FLIP,False,[],[],0.4736842105263158,0.9,False,"[""semantic_drift"",""label_flip""]",TRUE_FLIP,,,,,,,,
719,489352,719:premise:fra_Latn,premise,contradiction,A young man is taking his hat off while walking from his graduation.,A student is sitting after graduating.,A young man takes off his hat as he graduates.,A student is sitting after graduating.,A young man is taking his hat off while walking from his graduation.,A young man takes off his hat as he graduates.,0.9957420229911804,0.04492584243416786,0.04492584243416786,contradiction,0.9989909529685974,neutral,0.2821812927722931,-0.7168096601963043,TRUE_FLIP,False,[],[],0.368421052631579,0.6764705882352942,False,"[""semantic_drift"",""label_flip""]",TRUE_FLIP,,,,,,,,
722,491039,722:premise:fra_Latn,premise,entailment,A young lady is being videotaped while she's sitting in her stroller in front of a Sysco truck on the sidewalk.,a young woman is being filmed while she sits in her stroller on the sidewalk in front of a truck,A young woman is filmed as she sits in her stroller in front of a Sysco truck on the sidewalk.,a young woman is being filmed while she sits in her stroller on the sidewalk in front of a truck,A young lady is being videotaped while she's sitting in her stroller in front of a Sysco truck on the sidewalk.,A young woman is filmed as she sits in her stroller in front of a Sysco truck on the sidewalk.,0.9970609545707703,0.9981203675270081,0.9970609545707703,entailment,0.996351957321167,entailment,0.9976656436920166,0.0013136863708496094,STABLE_GOLD,False,[],[],0.18048780487804883,0.8468468468468469,True,[],ACCEPTED_HIGH_CONFIDENCE,,,,,,,,
725,494996,725:hypothesis:fra_Latn,hypothesis,entailment,Greyhound dogs wearing racing stripes are running out of a gate on a track.,Dogs wearing racing stripes are running out of a gate on a track.,Greyhound dogs wearing racing stripes are running out of a gate on a track.,Dogs with treadmills run through a door on a track.,Dogs wearing racing stripes are running out of a gate on a track.,Dogs with treadmills run through a door on a track.,0.00027107709320262074,0.0002128634077962488,0.0002128634077962488,entailment,0.9933224320411682,contradiction,0.00033853991772048175,-0.9929838921234477,TRUE_FLIP,False,[],"[{""group"":""space"",""original"":{""on"":1},""candidate"":{""on"":1,""through"":1},""field"":""hypothesis""}]",0.4482758620689655,0.7846153846153846,False,"[""semantic_drift"",""label_flip""]",TRUE_FLIP,,,,,,,,
725,494996,725:premise:fra_Latn,premise,entailment,Greyhound dogs wearing racing stripes are running out of a gate on a track.,Dogs wearing racing stripes are running out of a gate on a track.,Garou dogs carrying racetracks come out of a door on a track.,Dogs wearing racing stripes are running out of a gate on a track.,Greyhound dogs wearing racing stripes are running out of a gate on a track.,Garou dogs carrying racetracks come out of a door on a track.,0.011801044456660748,0.01840841770172119,0.011801044456660748,entailment,0.9933224320411682,contradiction,0.052352916449308395,-0.9409695155918598,TRUE_FLIP,False,[],[],0.32352941176470584,0.8133333333333334,False,"[""semantic_drift"",""label_flip""]",TRUE_FLIP,,,,,,,,
726,495730,726:hypothesis:fra_Latn,hypothesis,neutral,A woman in a park wearing a hat and holding a scarf over her face.,A woman is in a city park.,A woman in a park wearing a hat and holding a scarf over her face.,There's a woman in a city park.,A woman is in a city park.,There's a woman in a city park.,0.9975016713142395,0.9974460601806641,0.9974460601806641,neutral,0.9978094696998596,neutral,0.9972084164619446,-0.0006010532379150391,STABLE_GOLD,False,[],[],0.19298245614035092,1.1923076923076923,True,[],ACCEPTED_HIGH_CONFIDENCE,,,,,,,,
727,495795,727:premise:fra_Latn,premise,entailment,A man is walking on a trail in the woods while a young girl is attempting to climb some boards of wood.,A man walks in the woods while a young girl climbs.,"A man walks on a path in the forest, while a girl tries to climb wooden planks.",A man walks in the woods while a young girl climbs.,A man is walking on a trail in the woods while a young girl is attempting to climb some boards of wood.,"A man walks on a path in the forest, while a girl tries to climb wooden planks.",0.9985197186470032,0.986273467540741,0.986273467540741,entailment,0.9974374771118164,neutral,0.39963650703430176,-0.5978009700775146,TRUE_FLIP,False,[],"[{""group"":""quantifier"",""original"":{""some"":1},""candidate"":{},""field"":""premise""}]",0.3626373626373627,0.7669902912621359,False,"[""label_flip""]",TRUE_FLIP,,,,,,,,
729,499937,729:hypothesis:fra_Latn,hypothesis,contradiction,They blow their trumpets.,The trumpeters are playing fiddles.,They blow their trumpets.,The trumpets play violins.,The trumpeters are playing fiddles.,The trumpets play violins.,0.9897913932800293,0.9909977912902832,0.9897913932800293,contradiction,0.9990154504776001,contradiction,0.9890896677970886,-0.009925782680511475,STABLE_GOLD,False,[],[],0.3114754098360656,0.7428571428571429,True,[],ACCEPTED_HIGH_CONFIDENCE,,,,,,,,
732,501926,732:hypothesis:fra_Latn,hypothesis,contradiction,A man in a plaid shirt exhales smoke on a crowded city street.,A firetruck goes down the street.,A man in a plaid shirt exhales smoke on a crowded city street.,There's a fire truck down the street.,A firetruck goes down the street.,There's a fire truck down the street.,0.9969772100448608,0.9950998425483704,0.9950998425483704,contradiction,0.8559443354606628,neutral,0.003983394708484411,-0.8519609407521784,TRUE_FLIP,False,[],[],0.19999999999999996,1.121212121212121,False,"[""label_flip""]",TRUE_FLIP,,,,,,,,
732,501926,732:premise:fra_Latn,premise,contradiction,A man in a plaid shirt exhales smoke on a crowded city street.,A firetruck goes down the street.,A man in a plain shirt is breathing smoke in a crowded street in the city.,A firetruck goes down the street.,A man in a plaid shirt exhales smoke on a crowded city street.,A man in a plain shirt is breathing smoke in a crowded street in the city.,0.00098683952819556,0.00023430769215337932,0.00023430769215337932,contradiction,0.8559443354606628,neutral,0.06799910962581635,-0.7879452258348465,TRUE_FLIP,False,[],"[{""group"":""space"",""original"":{""on"":1,""in"":1},""candidate"":{""in"":3},""field"":""premise""}]",0.2647058823529411,1.1935483870967742,False,"[""semantic_drift"",""label_flip""]",TRUE_FLIP,,,,,,,,
735,503039,735:premise:fra_Latn,premise,neutral,Girl poses on couch on suburban lawn.,A girl posing for a photo shoot on a couch.,There's a girl lying on the couch on the lawn in the suburbs.,A girl posing for a photo shoot on a couch.,Girl poses on couch on suburban lawn.,There's a girl lying on the couch on the lawn in the suburbs.,0.8636803030967712,0.6167238354682922,0.6167238354682922,neutral,0.9980321526527405,neutral,0.9899832010269165,-0.008048951625823975,STABLE_GOLD,False,[],"[{""group"":""space"",""original"":{""on"":2},""candidate"":{""on"":2,""in"":1},""field"":""premise""}]",0.4897959183673469,1.6486486486486487,False,"[""semantic_drift""]",SEMANTIC_DRIFT,,,,,,,,
738,506005,738:hypothesis:fra_Latn,hypothesis,neutral,A woman with gray hair is sitting next to a little boy who is holding onto the handles of a stroller and a little girl who is sitting in a different stroller.,An older lady is resting with a couple of children.,A woman with gray hair is sitting next to a little boy who is holding onto the handles of a stroller and a little girl who is sitting in a different stroller.,An elderly woman is resting with two children.,An older lady is resting with a couple of children.,An elderly woman is resting with two children.,0.936682403087616,0.99843829870224,0.936682403087616,entailment,0.009751401841640472,entailment,0.15986742079257965,0.15011601895093918,VERIFIER_GOLD_DISAGREEMENT_STABLE,False,"[{""group"":""number"",""original"":{""couple"":1},""candidate"":{""two"":1},""field"":""hypothesis""}]","[{""group"":""quantifier"",""original"":{""couple"":1},""candidate"":{},""field"":""hypothesis""}]",0.23711340206185572,0.9019607843137255,False,"[""hard_cue_changed"",""label_flip""]",NUMBER_CUE,"{""couple"":1}","{""two"":1}",LEXICAL_NORMALIZATION,,,,,
738,506005,738:premise:fra_Latn,premise,neutral,A woman with gray hair is sitting next to a little boy who is holding onto the handles of a stroller and a little girl who is sitting in a different stroller.,An older lady is resting with a couple of children.,A gray-haired woman is sitting next to a little boy holding a handful and a little girl sitting in a different handful.,An older lady is resting with a couple of children.,A woman with gray hair is sitting next to a little boy who is holding onto the handles of a stroller and a little girl who is sitting in a different stroller.,A gray-haired woman is sitting next to a little boy holding a handful and a little girl sitting in a different handful.,0.0004719091230072081,0.0005494949873536825,0.0004719091230072081,entailment,0.009751401841640472,entailment,0.010485327802598476,0.000733925960958004,VERIFIER_GOLD_DISAGREEMENT_STABLE,False,[],[],0.29241877256317694,0.7531645569620253,False,"[""semantic_drift"",""label_flip""]",SEMANTIC_DRIFT,,,,,,,,
741,509169,741:hypothesis:fra_Latn,hypothesis,neutral,A couple hug in a crowded place.,A man hugs his boyfriend at a protest.,A couple hug in a crowded place.,A man kisses his boyfriend at a demonstration.,A man hugs his boyfriend at a protest.,A man kisses his boyfriend at a demonstration.,0.0009054492111317813,0.00655590882524848,0.0009054492111317813,neutral,0.9978508949279785,contradiction,0.28124603629112244,-0.7166048586368561,TRUE_FLIP,False,[],[],0.26190476190476186,1.2105263157894737,False,"[""semantic_drift"",""label_flip""]",TRUE_FLIP,,,,,,,,
741,509169,741:premise:fra_Latn,premise,neutral,A couple hug in a crowded place.,A man hugs his boyfriend at a protest.,A hug in a crowded place.,A man hugs his boyfriend at a protest.,A couple hug in a crowded place.,A hug in a crowded place.,0.9927375912666321,0.0007369605591520667,0.0007369605591520667,neutral,0.9978508949279785,neutral,0.9984250068664551,0.0005741119384765625,STABLE_GOLD,False,"[{""group"":""number"",""original"":{""couple"":1},""candidate"":{},""field"":""premise""}]","[{""group"":""quantifier"",""original"":{""couple"":1},""candidate"":{},""field"":""premise""}]",0.1228070175438597,0.78125,False,"[""hard_cue_changed"",""semantic_drift""]",NUMBER_CUE,"{""couple"":1}",{},NUMBER_REMOVED,,,,,
746,511280,746:premise:fra_Latn,premise,contradiction,A mottled black and gray dog in a blue collar jumping over a fallen tree.,A white dog in a red collar jumping over a tree.,"A black gray dog with a blue collar, jumping on a fallen tree.",A white dog in a red collar jumping over a tree.,A mottled black and gray dog in a blue collar jumping over a fallen tree.,"A black gray dog with a blue collar, jumping on a fallen tree.",0.9450488686561584,0.0329962819814682,0.0329962819814682,contradiction,0.9994698166847229,contradiction,0.999652624130249,0.00018280744552612305,STABLE_GOLD,False,[],"[{""group"":""space"",""original"":{""in"":1,""over"":1},""candidate"":{""on"":1},""field"":""premise""}]",0.15555555555555556,0.8493150684931506,False,"[""semantic_drift""]",SEMANTIC_DRIFT,,,,,,,,
748,512053,748:hypothesis:fra_Latn,hypothesis,contradiction,"Man performing stunt, lady breaking block on his stomach with sludge hammer.",Nobody is performing.,"Man performing stunt, lady breaking block on his stomach with sludge hammer.",No one's playing.,Nobody is performing.,No one's playing.,0.9962934851646423,0.9958156943321228,0.9958156943321228,contradiction,0.9995456337928772,contradiction,0.9997307658195496,0.00018513202667236328,STABLE_GOLD,False,"[{""group"":""negation"",""original"":{""nobody"":1},""candidate"":{""no"":1},""field"":""hypothesis""}]",[],0.4736842105263158,0.8095238095238095,False,"[""hard_cue_changed""]",NEGATION_CUE,,,,,,,,
750,512695,750:hypothesis:fra_Latn,hypothesis,entailment,A young girl in a pink shirt creates a painting on paper.,A young girl draws.,A young girl in a pink shirt creates a painting on paper.,A young girl is drawing.,A young girl draws.,A young girl is drawing.,0.9963566064834595,0.9977096319198608,0.9963566064834595,entailment,0.9232550859451294,entailment,0.8768647313117981,-0.0463903546333313,STABLE_GOLD,False,[],[],0.16279069767441856,1.263157894736842,True,[],ACCEPTED_SCORE_BORDERLINE,,,,,,,,
751,512778,751:premise:fra_Latn,premise,contradiction,"A man riding a four-wheel ATV in the dessert, kicking up sand in his wake.",The man is riding his atv on the city road.,"A four-wheeled man in dessert, climbing sand after him.",The man is riding his atv on the city road.,"A man riding a four-wheel ATV in the dessert, kicking up sand in his wake.","A four-wheeled man in dessert, climbing sand after him.",0.9231176972389221,0.008820603601634502,0.008820603601634502,contradiction,0.9979509711265564,contradiction,0.8099085688591003,-0.18804240226745605,STABLE_GOLD,True,[],"[{""group"":""time"",""original"":{},""candidate"":{""after"":1},""field"":""premise""},{""group"":""space"",""original"":{""in"":2},""candidate"":{""in"":1},""field"":""premise""}]",0.3643410852713178,0.7432432432432432,False,"[""semantic_drift""]",SEMANTIC_DRIFT,,,,,,,,
753,513720,753:hypothesis:fra_Latn,hypothesis,entailment,"Three women in white mini dresses, carrying white umbrellas and drinks, walking in an unknown desert location.",Three women are waiting in the desert while wearing short dresses.,"Three women in white mini dresses, carrying white umbrellas and drinks, walking in an unknown desert location.","Three women waiting in the desert, wearing short robes.",Three women are waiting in the desert while wearing short dresses.,"Three women waiting in the desert, wearing short robes.",0.0011277464218437672,0.0009439386194571853,0.0009439386194571853,entailment,0.6185972690582275,contradiction,0.0002743826189544052,-0.6183228864392731,TRUE_FLIP,False,[],[],0.14049586776859502,0.8333333333333334,False,"[""semantic_drift"",""label_flip""]",TRUE_FLIP,,,,,,,,
753,513720,753:premise:fra_Latn,premise,entailment,"Three women in white mini dresses, carrying white umbrellas and drinks, walking in an unknown desert location.",Three women are waiting in the desert while wearing short dresses.,"Three women in white mini-clothes, wearing white umbrellas and drinks, walking in an unknown desert.",Three women are waiting in the desert while wearing short dresses.,"Three women in white mini dresses, carrying white umbrellas and drinks, walking in an unknown desert location.","Three women in white mini-clothes, wearing white umbrellas and drinks, walking in an unknown desert.",0.5176159739494324,0.7017638087272644,0.5176159739494324,entailment,0.6185972690582275,contradiction,0.009773902595043182,-0.6088233664631844,TRUE_FLIP,False,[],[],0.12380952380952381,0.9090909090909091,False,"[""semantic_drift"",""label_flip""]",TRUE_FLIP,,,,,,,,
754,513835,754:hypothesis:fra_Latn,hypothesis,contradiction,A man in a black hooded sweater stands behind a rich variety of fruits and vegetables.,A fruit salad on the rung from the cops.,A man in a black hooded sweater stands behind a rich variety of fruits and vegetables.,A fruit salad on the police stairs.,A fruit salad on the rung from the cops.,A fruit salad on the police stairs.,0.9477350115776062,0.9682194590568542,0.9477350115776062,contradiction,0.48422348499298096,contradiction,0.8064451813697815,0.32222169637680054,STABLE_GOLD,False,[],[],0.30666666666666664,0.875,True,[],ACCEPTED_SCORE_BORDERLINE,,,,,,,,
754,513835,754:premise:fra_Latn,premise,contradiction,A man in a black hooded sweater stands behind a rich variety of fruits and vegetables.,A fruit salad on the rung from the cops.,A man in a black hoodie stands behind a rich variety of fruits and vegetables.,A fruit salad on the rung from the cops.,A man in a black hooded sweater stands behind a rich variety of fruits and vegetables.,A man in a black hoodie stands behind a rich variety of fruits and vegetables.,0.9851740002632141,0.9573166966438293,0.9573166966438293,contradiction,0.48422348499298096,neutral,0.3753882348537445,-0.10883525013923645,TRUE_FLIP,False,[],[],0.060975609756097615,0.9069767441860465,False,"[""label_flip""]",TRUE_FLIP,,,,,,,,
755,514380,755:premise:fra_Latn,premise,neutral,"A woman, with a drink in hand, is leaning against a silver car parked along the street, while looking at the camera.",A female is going to take a picture of a car that she is trying to sell.,"A woman, holding a glass in her hand, leans on a silver car parked along the street, looking at the camera.",A female is going to take a picture of a car that she is trying to sell.,"A woman, with a drink in hand, is leaning against a silver car parked along the street, while looking at the camera.","A woman, holding a glass in her hand, leans on a silver car parked along the street, looking at the camera.",0.6113067269325256,0.9963390827178955,0.6113067269325256,neutral,0.9921820759773254,neutral,0.9939801692962646,0.001798093318939209,STABLE_GOLD,False,[],"[{""group"":""space"",""original"":{""in"":1},""candidate"":{""on"":1,""in"":1},""field"":""premise""}]",0.2017937219730942,0.9224137931034483,False,"[""semantic_drift""]",SEMANTIC_DRIFT,,,,,,,,
757,516128,757:hypothesis:fra_Latn,hypothesis,entailment,A man in a green striped shirt drums furiously.,The man is playing drums.,A man in a green striped shirt drums furiously.,The man plays drums.,The man is playing drums.,The man plays drums.,0.9978145360946655,0.9962206482887268,0.9962206482887268,entailment,0.9933412671089172,entailment,0.9952353835105896,0.0018941164016723633,STABLE_GOLD,False,[],[],0.15555555555555556,0.8,True,[],ACCEPTED_HIGH_CONFIDENCE,,,,,,,,
757,516128,757:premise:fra_Latn,premise,entailment,A man in a green striped shirt drums furiously.,The man is playing drums.,A man in a green striped shirt is beating furiously.,The man is playing drums.,A man in a green striped shirt drums furiously.,A man in a green striped shirt is beating furiously.,0.9952417612075806,0.9938812255859375,0.9938812255859375,entailment,0.9933412671089172,neutral,0.30313485860824585,-0.6902064085006714,TRUE_FLIP,False,[],[],0.13131313131313127,1.1063829787234043,False,"[""label_flip""]",TRUE_FLIP,,,,,,,,
760,518638,760:premise:fra_Latn,premise,contradiction,A man on a cellphone stands outside of a building with pictures of women in black shirts behind him.,The woman is late for her appointment,A man on a cell phone stands in front of a building with pictures of women in black shirts behind him.,The woman is late for her appointment,A man on a cellphone stands outside of a building with pictures of women in black shirts behind him.,A man on a cell phone stands in front of a building with pictures of women in black shirts behind him.,0.9947490096092224,0.9936699271202087,0.9936699271202087,neutral,0.018417591229081154,neutral,0.014051154255867004,-0.0043664369732141495,VERIFIER_GOLD_DISAGREEMENT_STABLE,False,[],"[{""group"":""space"",""original"":{""on"":1,""in"":1,""outside"":1,""behind"":1},""candidate"":{""on"":1,""front"":1,""in"":2,""behind"":1},""field"":""premise""}]",0.05940594059405946,1.02,False,"[""label_flip""]",VERIFIER_GOLD_DISAGREEMENT,,,,,,,,
761,519201,761:hypothesis:fra_Latn,hypothesis,contradiction,A white ice cream truck stopped on the side of the road and a man stopped to buy some.,A green ice cream truck stopped on the side of the road and a woman stopped to buy some.,A white ice cream truck stopped on the side of the road and a man stopped to buy some.,A green ice truck stopped by the side of the road and a woman stopped to buy one.,A green ice cream truck stopped on the side of the road and a woman stopped to buy some.,A green ice truck stopped by the side of the road and a woman stopped to buy one.,0.4827346205711365,0.016939643770456314,0.016939643770456314,contradiction,0.9991689920425415,contradiction,0.9993900060653687,0.00022101402282714844,STABLE_GOLD,False,"[{""group"":""number"",""original"":{},""candidate"":{""one"":1},""field"":""hypothesis""}]","[{""group"":""quantifier"",""original"":{""some"":1},""candidate"":{},""field"":""hypothesis""},{""group"":""space"",""original"":{""on"":1},""candidate"":{},""field"":""hypothesis""}]",0.07692307692307687,0.9204545454545454,False,"[""hard_cue_changed"",""semantic_drift""]",NUMBER_CUE,{},"{""one"":1}",NUMBER_ADDED,,,,,
761,519201,761:premise:fra_Latn,premise,contradiction,A white ice cream truck stopped on the side of the road and a man stopped to buy some.,A green ice cream truck stopped on the side of the road and a woman stopped to buy some.,A truck of white ice stopped by the side of the road and a man stopped to buy one.,A green ice cream truck stopped on the side of the road and a woman stopped to buy some.,A white ice cream truck stopped on the side of the road and a man stopped to buy some.,A truck of white ice stopped by the side of the road and a man stopped to buy one.,0.5529099106788635,0.017106734216213226,0.017106734216213226,contradiction,0.9991689920425415,contradiction,0.9993847608566284,0.00021576881408691406,STABLE_GOLD,False,"[{""group"":""number"",""original"":{},""candidate"":{""one"":1},""field"":""premise""}]","[{""group"":""quantifier"",""original"":{""some"":1},""candidate"":{},""field"":""premise""},{""group"":""space"",""original"":{""on"":1},""candidate"":{},""field"":""premise""}]",0.16666666666666663,0.9534883720930233,False,"[""hard_cue_changed"",""semantic_drift""]",NUMBER_CUE,{},"{""one"":1}",NUMBER_ADDED,,,,,
764,520042,764:hypothesis:fra_Latn,hypothesis,contradiction,A Team USA player passing the ball to another player.,The people do not have a ball.,A Team USA player passing the ball to another player.,People don't have a ball.,The people do not have a ball.,People don't have a ball.,0.9963858127593994,0.9909985065460205,0.9909985065460205,contradiction,0.9994644522666931,contradiction,0.9993721842765808,-9.226799011230469e-05,STABLE_GOLD,False,"[{""group"":""negation"",""original"":{""not"":1},""candidate"":{""n't"":1},""field"":""hypothesis""}]",[],0.12727272727272732,0.8333333333333334,False,"[""hard_cue_changed""]",NEGATION_CUE,,,,,,,,
765,520786,765:premise:fra_Latn,premise,entailment,Man with gray hair telling a story to a group of younger people on a bench.,The man is entertaining people,A gray-haired man tells a story to a group of young people on a bench.,The man is entertaining people,Man with gray hair telling a story to a group of younger people on a bench.,A gray-haired man tells a story to a group of young people on a bench.,0.9963304400444031,0.9952487349510193,0.9952487349510193,entailment,0.6452615857124329,neutral,0.3855891227722168,-0.25967246294021606,TRUE_FLIP,False,[],[],0.1448275862068965,0.9333333333333333,False,"[""label_flip""]",TRUE_FLIP,,,,,,,,
769,524089,769:hypothesis:fra_Latn,hypothesis,entailment,A brunette with a lei around her head.,A person with a lei around their head.,A brunette with a lei around her head.,A person with a law around his head.,A person with a lei around their head.,A person with a law around his head.,0.010588658042252064,0.0012290002778172493,0.0012290002778172493,entailment,0.9881415367126465,contradiction,0.0009279523510485888,-0.9872135843615979,TRUE_FLIP,False,[],[],0.10810810810810811,0.9473684210526315,False,"[""semantic_drift"",""label_flip""]",TRUE_FLIP,,,,,,,,
769,524089,769:premise:fra_Latn,premise,entailment,A brunette with a lei around her head.,A person with a lei around their head.,A brunette with a law around her head.,A person with a lei around their head.,A brunette with a lei around her head.,A brunette with a law around her head.,0.09877017885446548,0.003161299740895629,0.003161299740895629,entailment,0.9881415367126465,contradiction,0.0016448568785563111,-0.9864966798340902,TRUE_FLIP,False,[],[],0.052631578947368474,1.0,False,"[""semantic_drift"",""label_flip""]",TRUE_FLIP,,,,,,,,
773,524854,773:premise:fra_Latn,premise,neutral,A little girl smiling and holding a small object.,A girl is proud of her object.,A little girl smiling and holding a little object.,A girl is proud of her object.,A little girl smiling and holding a small object.,A little girl smiling and holding a little object.,0.9966844916343689,0.9933592677116394,0.9933592677116394,neutral,0.9924572706222534,neutral,0.9914785027503967,-0.0009787678718566895,STABLE_GOLD,False,[],[],0.07070707070707072,1.0204081632653061,True,[],ACCEPTED_HIGH_CONFIDENCE,,,,,,,,
774,527833,774:hypothesis:fra_Latn,hypothesis,entailment,These two people are eating.,Two humans are having a meal.,These two people are eating.,Two humans are eating.,Two humans are having a meal.,Two humans are eating.,0.9966002106666565,0.9967319965362549,0.9966002106666565,entailment,0.9979883432388306,entailment,0.9966503977775574,-0.0013379454612731934,STABLE_GOLD,False,[],[],0.21568627450980393,0.7586206896551724,True,[],ACCEPTED_HIGH_CONFIDENCE,,,,,,,,
783,539080,783:hypothesis:fra_Latn,hypothesis,entailment,Two asian women are sitting in the shade under a tree.,Two women are relaxing.,Two asian women are sitting in the shade under a tree.,Two women relaxing.,Two women are relaxing.,Two women relaxing.,0.9961273074150085,0.9934000968933105,0.9934000968933105,entailment,0.5564167499542236,entailment,0.8587633967399597,0.3023466467857361,STABLE_GOLD,False,[],[],0.09523809523809523,0.8260869565217391,True,[],ACCEPTED_SCORE_BORDERLINE,,,,,,,,
784,539243,784:hypothesis:fra_Latn,hypothesis,contradiction,Two men wearing sandals walking.,the men are asleep in the motel,Two men wearing sandals walking.,The men are sleeping in the motel.,the men are asleep in the motel,The men are sleeping in the motel.,0.9967309236526489,0.9972422122955322,0.9967309236526489,contradiction,0.9995550513267517,contradiction,0.9996082186698914,5.316734313964844e-05,STABLE_GOLD,False,[],[],0.07692307692307687,1.096774193548387,True,[],ACCEPTED_HIGH_CONFIDENCE,,,,,,,,
785,539998,785:hypothesis:fra_Latn,hypothesis,neutral,A small black girl in a bathing suit,The girl is visiting her grandmother who lives on Martha's Vineyard.,A small black girl in a bathing suit,The girl visits her grandmother who lives on Martha's Vineyard.,The girl is visiting her grandmother who lives on Martha's Vineyard.,The girl visits her grandmother who lives on Martha's Vineyard.,0.9977996945381165,0.9960625767707825,0.9960625767707825,neutral,0.9986940026283264,neutral,0.9981491565704346,-0.0005448460578918457,STABLE_GOLD,False,[],[],0.05343511450381677,0.9264705882352942,True,[],ACCEPTED_HIGH_CONFIDENCE,,,,,,,,
786,540283,786:premise:fra_Latn,premise,neutral,"A horse pulls a wagon with a bale of hay on top, while a man sits on top of the bale with his hand in the air.",A man wears a hat.,"A horse pulls a chariot with a hay ball on top, while a man sits on the ball with his hand up in the air.",A man wears a hat.,"A horse pulls a wagon with a bale of hay on top, while a man sits on top of the bale with his hand in the air.","A horse pulls a chariot with a hay ball on top, while a man sits on the ball with his hand up in the air.",0.0010390996467322111,0.01280529610812664,0.0010390996467322111,neutral,0.9991987347602844,neutral,0.9983988404273987,-0.0007998943328857422,STABLE_GOLD,False,[],[],0.15348837209302324,0.9545454545454546,False,"[""semantic_drift""]",SEMANTIC_DRIFT,,,,,,,,
788,541031,788:hypothesis:fra_Latn,hypothesis,contradiction,A woman and a man holding a small boy smile while standing in front of a decorated christmas tree with gifts under it.,The family is celebrating its last Channukah.,A woman and a man holding a small boy smile while standing in front of a decorated christmas tree with gifts under it.,The family celebrates their last Chanukah.,The family is celebrating its last Channukah.,The family celebrates their last Chanukah.,0.997225821018219,0.9970506429672241,0.9970506429672241,neutral,0.019637037068605423,neutral,0.39876866340637207,0.37913162633776665,VERIFIER_GOLD_DISAGREEMENT_STABLE,False,[],[],0.1954022988505747,0.9333333333333333,False,"[""label_flip""]",VERIFIER_GOLD_DISAGREEMENT,,,,,,,,
790,542263,790:hypothesis:fra_Latn,hypothesis,neutral,A girl in a floral bathing suit jumping on the beach in front of the waves.,A five year old girl is on vacation with her family.,A girl in a floral bathing suit jumping on the beach in front of the waves.,A five-year-old girl is on vacation with her family.,A five year old girl is on vacation with her family.,A five-year-old girl is on vacation with her family.,0.9968736171722412,0.9966367483139038,0.9966367483139038,neutral,0.9982169270515442,neutral,0.9981293082237244,-8.761882781982422e-05,STABLE_GOLD,False,[],[],0.038461538461538436,1.0,True,[],ACCEPTED_HIGH_CONFIDENCE,,,,,,,,
791,542646,791:premise:fra_Latn,premise,contradiction,A sports team is lined up outside.,The sports team is laying down on the field.,There's a sports team outside.,The sports team is laying down on the field.,A sports team is lined up outside.,There's a sports team outside.,0.9963721036911011,0.015959948301315308,0.015959948301315308,contradiction,0.9995792508125305,neutral,0.008430393412709236,-0.9911488573998213,TRUE_FLIP,False,[],[],0.3125,0.8823529411764706,False,"[""semantic_drift"",""label_flip""]",TRUE_FLIP,,,,,,,,
792,543160,792:premise:fra_Latn,premise,entailment,A man has a pan and what looks like a block of dirt.,A man with a pan.,A man has a pot and what looks like a block of earth.,A man with a pan.,A man has a pan and what looks like a block of dirt.,A man has a pot and what looks like a block of earth.,0.9734148383140564,0.8912726044654846,0.8912726044654846,entailment,0.993747353553772,contradiction,0.04224377125501633,-0.9515035822987556,TRUE_FLIP,False,[],[],0.08571428571428574,1.0192307692307692,False,"[""label_flip""]",TRUE_FLIP,,,,,,,,
793,545706,793:hypothesis:fra_Latn,hypothesis,neutral,A middle-aged solo musician performs by singing and playing the guitar.,The muscisian is on stage.,A middle-aged solo musician performs by singing and playing the guitar.,The musician's on stage.,The muscisian is on stage.,The musician's on stage.,0.7178903222084045,0.8020919561386108,0.7178903222084045,neutral,0.682070255279541,entailment,0.13047128915786743,-0.5515989661216736,TRUE_FLIP,False,[],[],0.12,0.9230769230769231,False,"[""semantic_drift"",""label_flip""]",SEMANTIC_DRIFT|TRUE_FLIP,,,,,,,,
797,549041,797:premise:fra_Latn,premise,contradiction,"A man in a purple hat, white shirt, wearing earbuds, listening to music, sitting outside a city building.",He is taking shelter from the hurricane.,"A man in a purple hat, wearing a white shirt, wearing headphones, listening to music, sitting in front of a building in the city.",He is taking shelter from the hurricane.,"A man in a purple hat, white shirt, wearing earbuds, listening to music, sitting outside a city building.","A man in a purple hat, wearing a white shirt, wearing headphones, listening to music, sitting in front of a building in the city.",0.990440845489502,0.9814194440841675,0.9814194440841675,neutral,0.000980344251729548,neutral,0.0010651531629264355,8.480891119688749e-05,VERIFIER_GOLD_DISAGREEMENT_STABLE,False,[],"[{""group"":""space"",""original"":{""in"":1,""outside"":1},""candidate"":{""front"":1,""in"":3},""field"":""premise""}]",0.2136752136752137,1.2285714285714286,False,"[""label_flip""]",VERIFIER_GOLD_DISAGREEMENT,,,,,,,,
