calibration_index,source_index,premise,hypothesis,gold_label,original_nli_predicted_label,original_nli_gold_probability,original_entailment_probability,original_neutral_probability,original_contradiction_probability,original_matches_gold,verifier_model_revision
0,21,"A man with blond-hair, and a brown shirt drinking out of a public water fountain.",A blond man getting a drink of water from a fountain in the park.,1,neutral,0.9951857924461365,0.004551888443529606,0.9951857924461365,0.0002622702741064131,True,6f5cf0a2b59cabb106aca4c287eed12e357e90eb
1,90,"A woman is walking across the street eating a banana, while a man is following with his briefcase.",Nobody has food.,2,contradiction,0.9988769888877869,0.00023550327750854194,0.0008875180501490831,0.9988769888877869,True,6f5cf0a2b59cabb106aca4c287eed12e357e90eb
2,707,a motorcyclist does a nose wheelie.,A motorcyclist doing a wheelie,0,entailment,0.993026852607727,0.993026852607727,0.005777290556579828,0.001195860793814063,True,6f5cf0a2b59cabb106aca4c287eed12e357e90eb
3,760,A soccer game played by a blue team and a red team on a perfectly manicured field at dusk.,People are playing soccer for a competition.,1,neutral,0.5028151869773865,0.4942902624607086,0.5028151869773865,0.002894597128033638,True,6f5cf0a2b59cabb106aca4c287eed12e357e90eb
4,941,A woman talks to two other women and a man with notepads in an office building with large windows.,a man talks to ducks in a pond,2,contradiction,0.9978331923484802,3.72241556760855e-05,0.0021296455524861813,0.9978331923484802,True,6f5cf0a2b59cabb106aca4c287eed12e357e90eb
5,2169,A woman is holding a bird while sitting in a flowering tree.,a woman puts her bird ina a tree,1,entailment,0.043892089277505875,0.9468750953674316,0.043892089277505875,0.009232874028384686,False,6f5cf0a2b59cabb106aca4c287eed12e357e90eb
6,2194,Two people are planting small bushes near a grassy area.,Two people are planting bushes for charity.,1,neutral,0.9989271759986877,0.0005733670550398529,0.9989271759986877,0.0004994466435164213,True,6f5cf0a2b59cabb106aca4c287eed12e357e90eb
7,3208,A boat captain steering a large green wheel.,A guy is at the green helm of a boat.,0,entailment,0.9686083197593689,0.9686083197593689,0.0289930310100317,0.0023986902087926865,True,6f5cf0a2b59cabb106aca4c287eed12e357e90eb
8,3931,Band playing in front of a small crowd outside.,There are thousands of people watching them perform.,2,contradiction,0.9816632270812988,0.0004157533112447709,0.017921045422554016,0.9816632270812988,True,6f5cf0a2b59cabb106aca4c287eed12e357e90eb
9,4111,Tattooed man getting a tattoo.,A tattooed man is getting a tattoo of a Chinese character.,1,neutral,0.9993659853935242,0.000382932455977425,0.9993659853935242,0.00025114783784374595,True,6f5cf0a2b59cabb106aca4c287eed12e357e90eb
10,4403,A man in a unique costume is playing the bagpipes while some people stare at him.,A man in a unique costume is playing the bagpipes  for monetary gain.,1,neutral,0.9945354461669922,0.0009897699346765876,0.9945354461669922,0.004474892746657133,True,6f5cf0a2b59cabb106aca4c287eed12e357e90eb
11,4548,"Four musicians playing reed instruments with one playing a clarinet and three playing saxophones, being watched by a young child on a bicycle.",some musicians sleep,2,neutral,0.01081023272126913,0.003105170326307416,0.986084520816803,0.01081023272126913,False,6f5cf0a2b59cabb106aca4c287eed12e357e90eb
12,5321,"Two young adults at a rodeo, one is helping the other to fix an injury to his arm after a brief ride.",Two young adults are at a rodeo.,0,entailment,0.9977225661277771,0.9977225661277771,0.0017620029393583536,0.0005154552054591477,True,6f5cf0a2b59cabb106aca4c287eed12e357e90eb
13,5450,A heavyset man is standing next to a building.,The man works in the building.,1,neutral,0.9031684994697571,0.0007855634903535247,0.9031684994697571,0.09604597091674805,True,6f5cf0a2b59cabb106aca4c287eed12e357e90eb
14,5560,A group of young students are hanging out together in a university.,Students sit together by the Student Union building.,1,neutral,0.9966065883636475,0.002562662586569786,0.9966065883636475,0.0008307644748128951,True,6f5cf0a2b59cabb106aca4c287eed12e357e90eb
15,5704,A blond singer is performing as people dance behind her.,Gwen Stefani sings while fans dance.,1,neutral,0.9921020865440369,0.00725846691057086,0.9921020865440369,0.0006395249511115253,True,6f5cf0a2b59cabb106aca4c287eed12e357e90eb
16,6279,"A man in sunglasses, a red striped sweater, and a leather jacket smiles and points his finger.",A black man in sunglasses and a leather jacket is smiling while pointing a finger,1,neutral,0.995549201965332,0.003865598700940609,0.995549201965332,0.0005851908936165273,True,6f5cf0a2b59cabb106aca4c287eed12e357e90eb
17,7321,A person picking garbanzo beans with her bear hands.,A person picks garbanzo beans with bear paws for hands.,1,entailment,0.1327843815088272,0.8205242156982422,0.1327843815088272,0.046691395342350006,False,6f5cf0a2b59cabb106aca4c287eed12e357e90eb
18,8269,A dog running fast with ears flying.,The dog is running fast.,0,entailment,0.9953662157058716,0.9953662157058716,0.004053138662129641,0.0005806832923553884,True,6f5cf0a2b59cabb106aca4c287eed12e357e90eb
19,8435,A young boy sit alone in a wagon and holds on tightly to two cattle as they follow his mother's wagon down a dusty dirt road.,A boy and his mother are moving.,1,entailment,0.014348148368299007,0.9557139277458191,0.014348148368299007,0.029937999323010445,False,6f5cf0a2b59cabb106aca4c287eed12e357e90eb
20,9707,A woman in a white jacket is standing next to an older woman while reviewing a subway map.,Two two women are going to take the subway into town.,1,neutral,0.9943884015083313,0.0036980481818318367,0.9943884015083313,0.0019135347101837397,True,6f5cf0a2b59cabb106aca4c287eed12e357e90eb
21,10680,Two girls looking in microscopes.,the two girls are listening to music while in science class instead of doing their homework,2,contradiction,0.9993793964385986,9.070375381270424e-05,0.0005298848263919353,0.9993793964385986,True,6f5cf0a2b59cabb106aca4c287eed12e357e90eb
22,11003,Two men in suits laugh together.,The two guys in suits are talking and smiling.,1,neutral,0.7599707841873169,0.17309468984603882,0.7599707841873169,0.0669345036149025,True,6f5cf0a2b59cabb106aca4c287eed12e357e90eb
23,12969,"Two men walk in the park, one with a shaggy dog on a leash and a device for cleaning up canine droppings.",The dog isn't shaggy,2,contradiction,0.9983012080192566,0.0003382095310371369,0.0013605759013444185,0.9983012080192566,True,6f5cf0a2b59cabb106aca4c287eed12e357e90eb
24,13229,A woman wearing a black stands in front of a counter while she holds a piece of meat.,The woman is naked while holding a salad.,2,contradiction,0.999629020690918,6.49751746095717e-05,0.00030594391864724457,0.999629020690918,True,6f5cf0a2b59cabb106aca4c287eed12e357e90eb
25,13559,"Two teams, one wearing blue and white, the other in red and white, are playing football.",There are people playing a game.,0,entailment,0.9929476976394653,0.9929476976394653,0.005339500494301319,0.0017128518084064126,True,6f5cf0a2b59cabb106aca4c287eed12e357e90eb
26,13833,"A balding man in a dark suit and maroon tie, with a mustache and beard, plays bagpipes, as a young blond woman standing next to him in a light blue crop top and skirt listens and sticks her tongue out.",a balding man with facial hair wearing a dark suit and tie plays bagpipes as a young blonde woman stands next to him in a blue shirt and skirt sticking her tongue out.,0,entailment,0.9894185662269592,0.9894185662269592,0.00718291150406003,0.003398529253900051,True,6f5cf0a2b59cabb106aca4c287eed12e357e90eb
27,14934,Man riding a yellow machine on a dirt field at an event,a man is driving a piece of equipment on the grounds of a venue.,0,entailment,0.9978760480880737,0.9978760480880737,0.001889170496724546,0.00023483936092816293,True,6f5cf0a2b59cabb106aca4c287eed12e357e90eb
28,16601,A lot of motorcycles lined up in Asia.,The vehicles are parked.,1,entailment,0.0920761227607727,0.8998029232025146,0.0920761227607727,0.00812093261629343,False,6f5cf0a2b59cabb106aca4c287eed12e357e90eb
29,17575,A football player lands on his head.,The football player damaged his neck.,1,neutral,0.996729850769043,0.0009340301039628685,0.996729850769043,0.0023360655177384615,True,6f5cf0a2b59cabb106aca4c287eed12e357e90eb
30,18456,A person plays with a mega joule contraption consisting of wire tracks and colored balls.,The peson has a strange life with jouls and contraptions.,1,neutral,0.9564386606216431,0.035277996212244034,0.9564386606216431,0.008283334784209728,True,6f5cf0a2b59cabb106aca4c287eed12e357e90eb
31,18505,A man in jeans is lying on a wooden floor.,A man and woman is holding hands.,2,contradiction,0.6059726476669312,0.00047665685997344553,0.3935506343841553,0.6059726476669312,True,6f5cf0a2b59cabb106aca4c287eed12e357e90eb
32,18686,A girl in pink is holding onto a young boy wearing red.,A sister is holding onto her brother in all black.,2,contradiction,0.999019980430603,0.0001898931514006108,0.0007901198696345091,0.999019980430603,True,6f5cf0a2b59cabb106aca4c287eed12e357e90eb
33,18790,A squirrel jumps in the snow.,A squirrel is attacking a small child.,2,neutral,0.08828672021627426,0.0004629952891264111,0.9112503528594971,0.08828672021627426,False,6f5cf0a2b59cabb106aca4c287eed12e357e90eb
34,19294,A shirtless man with sunglasses looks at the camera during a beach party.,the man is a model,1,neutral,0.9983038902282715,0.0003442075976636261,0.9983038902282715,0.0013518821215257049,True,6f5cf0a2b59cabb106aca4c287eed12e357e90eb
35,19844,A young blond boy looking at a white robot on a green table.,A young blond person looking at a white robot on a green table.,0,entailment,0.9864567518234253,0.9864567518234253,0.011618180200457573,0.0019251498160883784,True,6f5cf0a2b59cabb106aca4c287eed12e357e90eb
36,22740,A man wearing an orange vest is standing on the street with a bulldozer behind him.,Guy in front of a bulldozer.,0,contradiction,0.1826387196779251,0.1826387196779251,0.01658380776643753,0.8007774949073792,False,6f5cf0a2b59cabb106aca4c287eed12e357e90eb
37,26244,A boy in a swimsuit sitting on top of a circular fountain.,A funny person sitting,1,neutral,0.9370047450065613,0.060641270130872726,0.9370047450065613,0.0023539585527032614,True,6f5cf0a2b59cabb106aca4c287eed12e357e90eb
38,27041,A man wearing a flannel shirt picking oranges in a farmer's market.,The man is near some oranges.,0,entailment,0.9932605624198914,0.9932605624198914,0.005249026231467724,0.0014904001727700233,True,6f5cf0a2b59cabb106aca4c287eed12e357e90eb
39,27080,"A man wearing a gray hooded sweatshirt, blue jeans, and white and gray socks is putting his foot on top of his head.",A man moves his foot,0,entailment,0.9898721575737,0.9898721575737,0.008802102878689766,0.001325760968029499,True,6f5cf0a2b59cabb106aca4c287eed12e357e90eb
40,28431,"A young man performs yoga, inspired by a beautiful day on the beach.",A karate battle in the woods,2,contradiction,0.9995118379592896,4.265347888576798e-05,0.00044545813580043614,0.9995118379592896,True,6f5cf0a2b59cabb106aca4c287eed12e357e90eb
41,28875,Boys in Africa are outside playing soccer and enjoying themselves.,The kids play baseball.,2,contradiction,0.9995566010475159,0.00010698893311200663,0.0003363798023201525,0.9995566010475159,True,6f5cf0a2b59cabb106aca4c287eed12e357e90eb
42,29218,A man lying down with a maroon cloth over his eyes and someone standing over him wearing flip-flops.,The man is lying down.,0,entailment,0.9970688223838806,0.9970688223838806,0.002258558291941881,0.0006726784049533308,True,6f5cf0a2b59cabb106aca4c287eed12e357e90eb
43,29415,"A man is operating a weed eater behind a building, and there is a red van nearby.",A man is working inside.,2,contradiction,0.9534854888916016,0.024138139560818672,0.022376319393515587,0.9534854888916016,True,6f5cf0a2b59cabb106aca4c287eed12e357e90eb
44,29765,A man on a bicycle rides up the side of a tree.,A man on a skateboard.,2,contradiction,0.9991926550865173,0.00011486090807011351,0.0006925281486473978,0.9991926550865173,True,6f5cf0a2b59cabb106aca4c287eed12e357e90eb
45,30056,A man with glasses and a white shirt playing a red guitar.,Billy decided to wear his white shirt with his new glasses for his guitar recital.,1,neutral,0.9971179962158203,0.0014145760796964169,0.9971179962158203,0.0014673913829028606,True,6f5cf0a2b59cabb106aca4c287eed12e357e90eb
46,32175,A child shows other kids his still packaged toy.,A child has a Buzz Lightyear doll.,1,neutral,0.9993520379066467,0.0003084497293457389,0.9993520379066467,0.00033956015249714255,True,6f5cf0a2b59cabb106aca4c287eed12e357e90eb
47,32579,"Two musicians are carrying speakers, guitars, and musical equipment.",The musicians are going to band practice.,1,neutral,0.9976015686988831,0.0004057292826473713,0.9976015686988831,0.0019927318207919598,True,6f5cf0a2b59cabb106aca4c287eed12e357e90eb
48,32673,A man sits in the floor slapping something while another woman watches and one stands in the kitchen talking.,Noone is watching the man.,2,contradiction,0.9993467926979065,0.00019109650747850537,0.0004621604166459292,0.9993467926979065,True,6f5cf0a2b59cabb106aca4c287eed12e357e90eb
49,34221,Two men fix a bicycle on a trail.,Two men are out in the mountains.,1,neutral,0.9715840220451355,0.02519683726131916,0.9715840220451355,0.0032190969213843346,True,6f5cf0a2b59cabb106aca4c287eed12e357e90eb
50,34858,Wolf-like dog chasing white wiffle ball through a green field.,The dog is in the field.,1,entailment,0.014200634323060513,0.9813302159309387,0.014200634323060513,0.004469139501452446,False,6f5cf0a2b59cabb106aca4c287eed12e357e90eb
51,37727,"A person holding up a red, yellow and purple striped flag on a street.",The person holds the flag of their home country.,1,neutral,0.999016284942627,0.0005999712739139795,0.999016284942627,0.0003836754185613245,True,6f5cf0a2b59cabb106aca4c287eed12e357e90eb
52,38085,"Two young girls are playing on swings, and one is holding the other girls swing ""still.""",A girl is telling her friend it is her turn to swing.,1,contradiction,0.4574742615222931,0.003701641457155347,0.4574742615222931,0.5388240814208984,False,6f5cf0a2b59cabb106aca4c287eed12e357e90eb
53,38101,A girl running through uneven sand with some withered grass.,The girl is not wearing shoes.,1,neutral,0.9979598522186279,0.0016329371137544513,0.9979598522186279,0.0004072603478562087,True,6f5cf0a2b59cabb106aca4c287eed12e357e90eb
54,38352,A baby that is smiling big.,A kid is crying.,2,contradiction,0.999405026435852,0.00015560281462967396,0.00043932863627560437,0.999405026435852,True,6f5cf0a2b59cabb106aca4c287eed12e357e90eb
55,40045,Former First Lady Laura Bush wearing a peach colored dress speaks at a conference.,Laura Bush reads a newspaper while eating an orange.,2,contradiction,0.9992152452468872,4.659642218030058e-05,0.0007381707546301186,0.9992152452468872,True,6f5cf0a2b59cabb106aca4c287eed12e357e90eb
56,40130,A man sitting on a rock in a grass field talking on his cellphone.,The man is outside talking on his cellphone.,0,entailment,0.9957807064056396,0.9957807064056396,0.0037336789537221193,0.00048564429744146764,True,6f5cf0a2b59cabb106aca4c287eed12e357e90eb
57,40441,"two men, one in a red shirt, running towards a Frisbee.",Two guys trying to catch the same Frisbee,1,neutral,0.9077663421630859,0.09104789793491364,0.9077663421630859,0.0011856559431180358,True,6f5cf0a2b59cabb106aca4c287eed12e357e90eb
58,41993,A man wearing glasses sitting at a desk with a large pile of papers.,The office worker is thinking.,1,neutral,0.9612749218940735,0.038018614053726196,0.9612749218940735,0.0007065168465487659,True,6f5cf0a2b59cabb106aca4c287eed12e357e90eb
59,42372,Young asian boy sits down and reads a book at a book fair as a female looks on.,The boy is Asian.,0,entailment,0.991329550743103,0.991329550743103,0.008149031549692154,0.000521391280926764,True,6f5cf0a2b59cabb106aca4c287eed12e357e90eb
60,43495,A man with black gloves sits on someone's shoulders to take a picture.,The man is short.,1,neutral,0.9977750182151794,0.0005582249141298234,0.9977750182151794,0.0016667171148583293,True,6f5cf0a2b59cabb106aca4c287eed12e357e90eb
61,43588,Two women are wearing sunglasses and eating food.,Two men are playing baseball.,2,contradiction,0.9984758496284485,4.57439455203712e-05,0.001478406018577516,0.9984758496284485,True,6f5cf0a2b59cabb106aca4c287eed12e357e90eb
62,43604,Two women eating food with sunglasses on.,Two women are working on a puzzle.,2,contradiction,0.9991143345832825,5.279356992105022e-05,0.0008329180418513715,0.9991143345832825,True,6f5cf0a2b59cabb106aca4c287eed12e357e90eb
63,44726,A boy is checking a system on the computer.,A boy is using a computer.,0,entailment,0.9923093318939209,0.9923093318939209,0.006791130639612675,0.0008995035896077752,True,6f5cf0a2b59cabb106aca4c287eed12e357e90eb
64,45940,A dog runs while holding an object in its mouth.,The dog brings the ball back to his owner.,1,neutral,0.9955845475196838,0.00045467016752809286,0.9955845475196838,0.003960777074098587,True,6f5cf0a2b59cabb106aca4c287eed12e357e90eb
65,46018,Two boys in yellow shirts walk in a field.,The boys are wearing soccer jerseys.,1,neutral,0.9923380017280579,0.0008022651309147477,0.9923380017280579,0.00685978215187788,True,6f5cf0a2b59cabb106aca4c287eed12e357e90eb
66,46166,Lovers kiss before they part.,lovers are kissing,0,entailment,0.9831985831260681,0.9831985831260681,0.014656546525657177,0.0021448852494359016,True,6f5cf0a2b59cabb106aca4c287eed12e357e90eb
67,46771,"Girl with glasses wearing a black horizontally striped shirt, a blue tuque, and jeans sitting on a cobblestone sidewalk and street.",A girl is waiting for her ride,1,neutral,0.9970301389694214,0.002059288090094924,0.9970301389694214,0.0009105265489779413,True,6f5cf0a2b59cabb106aca4c287eed12e357e90eb
68,48670,Two children are sitting shirtless on a trampoline.,The children are outside.,0,entailment,0.9531211256980896,0.9531211256980896,0.04496161267161369,0.0019171956228092313,True,6f5cf0a2b59cabb106aca4c287eed12e357e90eb
69,48793,A man in a jean jacket walking through town.,Man takes a walk.,0,entailment,0.9964689016342163,0.9964689016342163,0.0030403307173401117,0.0004906854592263699,True,6f5cf0a2b59cabb106aca4c287eed12e357e90eb
70,48999,A person does a jump on a bike in a natural setting.,A person is jumping over a bench on a bike.,1,neutral,0.9978662133216858,0.0008020802051760256,0.9978662133216858,0.0013316883705556393,True,6f5cf0a2b59cabb106aca4c287eed12e357e90eb
71,49580,A young boy looks out the window while traveling.,a child is in a moving vehicle,0,entailment,0.9956674575805664,0.9956674575805664,0.003920066170394421,0.000412497844081372,True,6f5cf0a2b59cabb106aca4c287eed12e357e90eb
72,49929,A crowd full of people are holding flags and signs.,A crowd of protesters hold anti abortion signs.,1,neutral,0.9992507100105286,0.00029294638079591095,0.9992507100105286,0.00045631182729266584,True,6f5cf0a2b59cabb106aca4c287eed12e357e90eb
73,50615,A ballet dancer poses at a photo shoot.,A football player taking a hit,2,contradiction,0.9993504881858826,4.674668161896989e-05,0.0006027129711583257,0.9993504881858826,True,6f5cf0a2b59cabb106aca4c287eed12e357e90eb
74,51049,A young girl and an older man are checking out at the food store.,The two people have just bought some food.,0,neutral,0.002839494263753295,0.002839494263753295,0.9951620697975159,0.0019984645769000053,False,6f5cf0a2b59cabb106aca4c287eed12e357e90eb
75,52691,A street which is lined with many motorcycles.,There is a parade of motorcycles.,1,neutral,0.7990950345993042,0.19556763768196106,0.7990950345993042,0.005337312817573547,True,6f5cf0a2b59cabb106aca4c287eed12e357e90eb
76,52808,A warehouse manager assisting an employee.,The manager is about to fire the employee.,2,contradiction,0.9609857797622681,0.00015161266492214054,0.0388626754283905,0.9609857797622681,True,6f5cf0a2b59cabb106aca4c287eed12e357e90eb
77,53250,Man lining up a putt while playing mini-golf.,A man plays in the PGA tournament.,2,contradiction,0.7928719520568848,0.004051995929330587,0.2030760794878006,0.7928719520568848,True,6f5cf0a2b59cabb106aca4c287eed12e357e90eb
78,53773,A man looks across a city street at night.,A man looks for criminal activity in the dark streets.,1,neutral,0.9984604120254517,0.0005713974824175239,0.9984604120254517,0.0009682084782980382,True,6f5cf0a2b59cabb106aca4c287eed12e357e90eb
79,54712,A man breakdances as a crowd watches.,A man dances in front of a crowd.,0,entailment,0.9964410662651062,0.9964410662651062,0.0029956114012748003,0.000563325360417366,True,6f5cf0a2b59cabb106aca4c287eed12e357e90eb
80,54941,The girl in the pink California Santa Cruz sweatshirt was cutting cheese for the picnic.,A girl cuts the cheese.,0,entailment,0.9970095157623291,0.9970095157623291,0.0024821197148412466,0.0005083343712612987,True,6f5cf0a2b59cabb106aca4c287eed12e357e90eb
81,55266,"A man wearing a cowboy hat, overalls, and a white shirt is pointing at his music sheet and looking at someone in confusion.",The man is naked,2,contradiction,0.9994255304336548,0.00014253074186854064,0.00043191114673390985,0.9994255304336548,True,6f5cf0a2b59cabb106aca4c287eed12e357e90eb
82,55448,A woman with blond-hair and a pink shirt holds a young boy who appears to be sad.,A woman and a young boy are laughing.,2,contradiction,0.9992283582687378,0.00013831521209795028,0.0006333112251013517,0.9992283582687378,True,6f5cf0a2b59cabb106aca4c287eed12e357e90eb
83,56475,The dog is running around the cow.,An animal is moving.,0,entailment,0.9951796531677246,0.9951796531677246,0.0044084289111196995,0.0004119106160942465,True,6f5cf0a2b59cabb106aca4c287eed12e357e90eb
84,56607,A man dressed in all green with his face covered by a bandanna is working outdoors with heavy machinery.,A man with a bandanna is outside.,0,entailment,0.9977753758430481,0.9977753758430481,0.0017866245470941067,0.00043795749661512673,True,6f5cf0a2b59cabb106aca4c287eed12e357e90eb
85,56660,A woman with a drink and a toy.,a woman is lifting weights at the olympics,2,contradiction,0.9584112763404846,0.001838592579588294,0.039750080555677414,0.9584112763404846,True,6f5cf0a2b59cabb106aca4c287eed12e357e90eb
86,56738,A woman scuba diving with a large sea turtle.,A woman captures an eel for her aquarium.,2,contradiction,0.9975811243057251,4.9834809033200145e-05,0.002369026653468609,0.9975811243057251,True,6f5cf0a2b59cabb106aca4c287eed12e357e90eb
87,58153,A group of runners on a road outside wearing short-sleeved shirts and shorts run towards the camera while a group of bystanders lining the street watch.,the camera photographs a race,1,entailment,0.06744325906038284,0.929970383644104,0.06744325906038284,0.0025864271447062492,False,6f5cf0a2b59cabb106aca4c287eed12e357e90eb
88,58539,"A man washing his shirt, in a fountain in a park.",The man is living out of his car since losing his job 5 months ago.,1,neutral,0.8265563249588013,0.00039266361272893846,0.8265563249588013,0.17305104434490204,True,6f5cf0a2b59cabb106aca4c287eed12e357e90eb
89,58989,A man in a blue shirt is taking a picture.,A man is taking a picture of a pretty lady.,1,neutral,0.9991987347602844,0.00031998238409869373,0.9991987347602844,0.00048136140685528517,True,6f5cf0a2b59cabb106aca4c287eed12e357e90eb
90,60384,Two basketball players from duke are looking upward.,Two teammates are checking the scoreboard.,1,entailment,0.25070178508758545,0.7480008006095886,0.25070178508758545,0.0012974618002772331,False,6f5cf0a2b59cabb106aca4c287eed12e357e90eb
91,60930,A man with black hair is wearing a red and yellow shirt and has a yellow clown nose and face makeup on.,A man is dressed up like a clown.,0,entailment,0.9757490158081055,0.9757490158081055,0.02211962267756462,0.0021313545294106007,True,6f5cf0a2b59cabb106aca4c287eed12e357e90eb
92,61057,A woman and three children are picking something out of a blue trashcan.,A woman and kids are picking up trash.,1,entailment,0.009554263204336166,0.9894681572914124,0.009554263204336166,0.0009775487706065178,False,6f5cf0a2b59cabb106aca4c287eed12e357e90eb
93,62478,A dog is standing in the snow watching the camera,The dog is experiencing cold weather.,0,entailment,0.978808581829071,0.978808581829071,0.020419323816895485,0.0007721203728578985,True,6f5cf0a2b59cabb106aca4c287eed12e357e90eb
94,62874,"A man in glasses and a dust mask makes chains under a sign reading ""laut jaya.""",A man is indoors watching TV.,2,contradiction,0.998729407787323,0.00010779884905787185,0.0011627840576693416,0.998729407787323,True,6f5cf0a2b59cabb106aca4c287eed12e357e90eb
95,62914,A man in a blue shirt playing the drums and singing.,A man is playing drums and singing at the same time.,0,entailment,0.9800764918327332,0.9800764918327332,0.018157579004764557,0.001765927649103105,True,6f5cf0a2b59cabb106aca4c287eed12e357e90eb
96,63473,This African-American man is talking on the phone.,A man is communicating,0,entailment,0.996439516544342,0.996439516544342,0.0032230678480118513,0.00033735274337232113,True,6f5cf0a2b59cabb106aca4c287eed12e357e90eb
97,63627,The cylinder's pattern could be described as red chevron.,The cylinder was painted by someone.,0,neutral,0.0033191582188010216,0.0033191582188010216,0.9961122870445251,0.0005685059004463255,False,6f5cf0a2b59cabb106aca4c287eed12e357e90eb
98,64203,A child sleeps under a pink pillow.,The child is asleep,0,entailment,0.9869613647460938,0.9869613647460938,0.010761748999357224,0.0022768815979361534,True,6f5cf0a2b59cabb106aca4c287eed12e357e90eb
99,64354,two men working in a bakery,Two men checking books out of a library.,2,contradiction,0.9987892508506775,8.578070264775306e-05,0.0011249642120674253,0.9987892508506775,True,6f5cf0a2b59cabb106aca4c287eed12e357e90eb
100,64378,Four people swinging on a swing set.,The four people are siblings.,1,neutral,0.999464213848114,0.00025035967701114714,0.999464213848114,0.00028544943779706955,True,6f5cf0a2b59cabb106aca4c287eed12e357e90eb
101,64777,Two girls look through a microscope.,Girls are looking through an instrument,0,entailment,0.9922377467155457,0.9922377467155457,0.006920359097421169,0.0008419562363997102,True,6f5cf0a2b59cabb106aca4c287eed12e357e90eb
102,66214,These are very well groomed animals.,These are animals.,0,entailment,0.9888596534729004,0.9888596534729004,0.00905528012663126,0.0020851180888712406,True,6f5cf0a2b59cabb106aca4c287eed12e357e90eb
103,66385,A boy in his pajamas getting ready to play something on his guitar.,A boy sits in his pajamas with a guitar on his lap.,0,entailment,0.6718241572380066,0.6718241572380066,0.3137364387512207,0.014439395628869534,True,6f5cf0a2b59cabb106aca4c287eed12e357e90eb
104,66614,A man playing a guitar on stage while a man plays drums in the background.,"Two men play on stage, hoping to get discovered by someone in the crowd.",1,neutral,0.99798583984375,0.0007622931734658778,0.99798583984375,0.0012519246665760875,True,6f5cf0a2b59cabb106aca4c287eed12e357e90eb
105,66664,A group of people clapping as they watch a band together.,A group of people are clapping as they watch a rubber band.,2,neutral,0.004201808478683233,0.005317308474332094,0.9904809594154358,0.004201808478683233,False,6f5cf0a2b59cabb106aca4c287eed12e357e90eb
106,67736,A dog is running through the ocean.,A dog is in the ocean.,0,entailment,0.9864975810050964,0.9864975810050964,0.010289848782122135,0.003212602809071541,True,6f5cf0a2b59cabb106aca4c287eed12e357e90eb
107,67883,A guy catches or prepares to throw a football with various teammates and staff in the background at what looks like a school.,Students play lacrosse at a school.,2,contradiction,0.9496590495109558,0.0021110305096954107,0.04822998493909836,0.9496590495109558,True,6f5cf0a2b59cabb106aca4c287eed12e357e90eb
108,68719,A person is doing a back flip while other people and cars go by in the background.,The person knows how to do a flip.,0,entailment,0.6130655407905579,0.6130655407905579,0.3841037154197693,0.0028306921012699604,True,6f5cf0a2b59cabb106aca4c287eed12e357e90eb
109,69474,A man wearing black jacket poses with a smile.,A man is smiling.,0,entailment,0.991447925567627,0.991447925567627,0.007529356982558966,0.001022737822495401,True,6f5cf0a2b59cabb106aca4c287eed12e357e90eb
110,69925,"There are two men engaged in a karate match, the man on the left kicks the man on the right in the face while the man on the right kicks the man on the left in the groin.",The men are in a torunament.,1,entailment,0.1910664588212967,0.5636187195777893,0.1910664588212967,0.245314821600914,False,6f5cf0a2b59cabb106aca4c287eed12e357e90eb
111,69975,A man in a white shirt and shorts prepares to serve a tennis ball.,A man in a white shirt and shorts is ready to serve the beef wellington.,2,contradiction,0.9975041747093201,0.00017512752674520016,0.002320657018572092,0.9975041747093201,True,6f5cf0a2b59cabb106aca4c287eed12e357e90eb
112,71150,A man stands by a building playing a wooden electric guitar.,A man is standing.,0,entailment,0.9967435002326965,0.9967435002326965,0.002668344648554921,0.0005881142569705844,True,6f5cf0a2b59cabb106aca4c287eed12e357e90eb
113,71585,Two people in blue shirts are selling shoes in an outside market.,The shoes are being sold by the girls.,1,neutral,0.9097729921340942,0.003103087190538645,0.9097729921340942,0.08712392300367355,True,6f5cf0a2b59cabb106aca4c287eed12e357e90eb
114,71825,A boy rides a game machine.,A boy is riding a toy pony.,2,contradiction,0.9992719292640686,0.00013375993876252323,0.0005943160504102707,0.9992719292640686,True,6f5cf0a2b59cabb106aca4c287eed12e357e90eb
115,72005,A group of people playing a game with a tennis ball on a beach.,People running from a tsunami.,2,contradiction,0.999542236328125,5.23054477525875e-05,0.0004055456374771893,0.999542236328125,True,6f5cf0a2b59cabb106aca4c287eed12e357e90eb
116,73032,A man wearing blue jeans is standing outside carrying a wide assortment of items and has a large dish on his head.,The man is walking a tight rope between two sky scrapers.,2,contradiction,0.9949851036071777,8.005701965885237e-05,0.004934795666486025,0.9949851036071777,True,6f5cf0a2b59cabb106aca4c287eed12e357e90eb
117,73520,The woman is holding the harness that the brown and white dog is wearing.,The woman is walking the brown and white dog.,1,neutral,0.5820712447166443,0.02186550572514534,0.5820712447166443,0.39606326818466187,True,6f5cf0a2b59cabb106aca4c287eed12e357e90eb
118,73554,"A man in a neon shirt, khakis, and an orange hard hat walks by a mulch machine.",A man is walking.,0,entailment,0.9978938698768616,0.9978938698768616,0.001643035444431007,0.0004630961630027741,True,6f5cf0a2b59cabb106aca4c287eed12e357e90eb
119,73820,"A young boy wearing a yellow shirt and green pants pushing a baby stroller in front of houses with red and white roofs, red doors, white railing and red floor planks.",A boy walking outdoors.,0,entailment,0.9603135585784912,0.9603135585784912,0.02947203256189823,0.010214406065642834,True,6f5cf0a2b59cabb106aca4c287eed12e357e90eb
120,74358,A group examines a run down house.,A woman feeds a tiger.,2,contradiction,0.9986496567726135,8.348486153408885e-05,0.0012668604031205177,0.9986496567726135,True,6f5cf0a2b59cabb106aca4c287eed12e357e90eb
121,75090,A runner is leaping over hurdles.,a runner leaps,0,entailment,0.989556610584259,0.989556610584259,0.007951267994940281,0.0024920939467847347,True,6f5cf0a2b59cabb106aca4c287eed12e357e90eb
122,75277,A couple embraces on a busy street.,A couple reunites,1,entailment,0.3414667844772339,0.6531631350517273,0.3414667844772339,0.0053700609132647514,False,6f5cf0a2b59cabb106aca4c287eed12e357e90eb
123,75708,"A baseball pitcher wearing a blue, red and white uniform is about to throw a baseball.",A baseball player prepares to throw a ball at a batter.,1,entailment,0.010257628746330738,0.9891825318336487,0.010257628746330738,0.0005598445422947407,False,6f5cf0a2b59cabb106aca4c287eed12e357e90eb
124,76076,An individual cutting up a vegetable in their kitchen with a knife.,A person making a dinner for his family.,1,contradiction,0.055791862308979034,0.0018251062138006091,0.055791862308979034,0.9423831105232239,False,6f5cf0a2b59cabb106aca4c287eed12e357e90eb
125,76517,One climber helps another in the snow.,The two men are walking unobstructed in the snow.,2,contradiction,0.9916326403617859,0.0004995734780095518,0.007867823354899883,0.9916326403617859,True,6f5cf0a2b59cabb106aca4c287eed12e357e90eb
126,77440,Two children work on a project with woman.,The woman is with her friends.,2,contradiction,0.9952734112739563,0.00027596220024861395,0.004450613632798195,0.9952734112739563,True,6f5cf0a2b59cabb106aca4c287eed12e357e90eb
127,78138,a woman bends down to reach in a plastic bag.,A woman is putting a box on a shelf.,2,contradiction,0.9995710253715515,8.215035632019863e-05,0.0003468272334430367,0.9995710253715515,True,6f5cf0a2b59cabb106aca4c287eed12e357e90eb
128,78367,"Two people sit in handicapped seats, one touching her ear while the other touches her eyes.",two individuals run around with guns,2,contradiction,0.9994749426841736,7.470929267583415e-05,0.00045039207907393575,0.9994749426841736,True,6f5cf0a2b59cabb106aca4c287eed12e357e90eb
129,79799,A crowd of black people are gathered and one person has a backpack on.,A crowd of teenage black people are waiting for the school to open and one of them has a backpack.,1,neutral,0.9991055130958557,0.0006774499779567122,0.9991055130958557,0.0002170031366404146,True,6f5cf0a2b59cabb106aca4c287eed12e357e90eb
130,80395,A girl at a park cooking lunch.,A girl is making a hot dog for lunch.,1,neutral,0.9992133378982544,0.0003617402689997107,0.9992133378982544,0.0004248491022735834,True,6f5cf0a2b59cabb106aca4c287eed12e357e90eb
131,81737,This is an outdoor vegetable market in possibly Southeast Asia where please are selling their fruits and vegetables.,This is an outdoor market where people buy meat.,2,contradiction,0.9974505305290222,0.00012312781473156065,0.002426348626613617,0.9974505305290222,True,6f5cf0a2b59cabb106aca4c287eed12e357e90eb
132,82658,A blond woman dressed in black and red is running.,"A young woman is working out at her local high-school's track, running laps.",1,neutral,0.9973611235618591,0.0011675370624288917,0.9973611235618591,0.0014713180717080832,True,6f5cf0a2b59cabb106aca4c287eed12e357e90eb
133,83167,A man with long black hair wearing a black shirt and multi-color tie is using a electronic board with lights on it.,His hair is a different color than his shirt.,2,contradiction,0.6768379807472229,0.24861925840377808,0.07454279810190201,0.6768379807472229,True,6f5cf0a2b59cabb106aca4c287eed12e357e90eb
134,84582,A man smiling while shining another man's shoes.,A human smiling,0,entailment,0.989769697189331,0.989769697189331,0.0089999008923769,0.001230433932505548,True,6f5cf0a2b59cabb106aca4c287eed12e357e90eb
135,87146,"A man with glasses is reading a book while lying in a red, orange and yellow striped hammock next to a sidewalk.",A person reading,0,entailment,0.9956616759300232,0.9956616759300232,0.0031216179486364126,0.0012167509412392974,True,6f5cf0a2b59cabb106aca4c287eed12e357e90eb
136,87701,A girl wearing a white coat standing in a fountain.,A girl wearing a white coat standing.,0,entailment,0.9937132000923157,0.9937132000923157,0.005375544540584087,0.000911197392269969,True,6f5cf0a2b59cabb106aca4c287eed12e357e90eb
137,88157,Children people run and play near a fountain.,People are going into the restaurant.,2,contradiction,0.9995681643486023,6.706233398290351e-05,0.0003648156125564128,0.9995681643486023,True,6f5cf0a2b59cabb106aca4c287eed12e357e90eb
138,88243,"A man with a white hard hat with a black logo in the front of the hat holding part of a sign with numbers on it, while standing on a balcony.",The balcony is fully built.,0,neutral,0.0016793939284980297,0.0016793939284980297,0.9950032830238342,0.0033172292169183493,False,6f5cf0a2b59cabb106aca4c287eed12e357e90eb
139,88424,Two young women are writing on a banner.,Two women are writing.,0,entailment,0.9955462217330933,0.9955462217330933,0.003791076596826315,0.0006627186085097492,True,6f5cf0a2b59cabb106aca4c287eed12e357e90eb
140,88539,A group of adults viewing a presentation in a school gymnasium.,adults learning something,1,neutral,0.9424294829368591,0.04881860688328743,0.9424294829368591,0.008751888759434223,True,6f5cf0a2b59cabb106aca4c287eed12e357e90eb
141,89957,Two men in sleeveless shirts and shorts getting a beverage.,two men are getting a drink,0,entailment,0.9965684413909912,0.9965684413909912,0.00309746409766376,0.00033407213049940765,True,6f5cf0a2b59cabb106aca4c287eed12e357e90eb
142,90459,A possible woman dressed as a belly dancer holds out a cloth with beads on it.,Maybe a woman is wearing a weird outfit and dances.,0,entailment,0.9747342467308044,0.9747342467308044,0.024865495041012764,0.00040016116690821946,True,6f5cf0a2b59cabb106aca4c287eed12e357e90eb
143,93659,A man in a white shirt with a plate of food sits outside in folding chairs with a little girl who is writing.,The small girl is drawing a picture of the man sleeping next to her.,2,neutral,0.05681072175502777,0.0011297875316813588,0.9420595765113831,0.05681072175502777,False,6f5cf0a2b59cabb106aca4c287eed12e357e90eb
144,93870,This is a child in a snowy landscape sledding down a hill.,The child is sledding through the snow.,0,entailment,0.9962921142578125,0.9962921142578125,0.003133166814222932,0.0005747314426116645,True,6f5cf0a2b59cabb106aca4c287eed12e357e90eb
145,93979,A man stands outside of a doorway on his cellphone.,A man with empty hands stands outside a doorway.,2,contradiction,0.965035080909729,0.0015436311950907111,0.033421289175748825,0.965035080909729,True,6f5cf0a2b59cabb106aca4c287eed12e357e90eb
146,95485,"A woman holding a girl, who wears an apple themed coat.",Woman holds a girl wearing a coat.,0,entailment,0.9975709319114685,0.9975709319114685,0.00200430816039443,0.00042473102803342044,True,6f5cf0a2b59cabb106aca4c287eed12e357e90eb
147,95970,Many two-person kayaks fill a river surrounded by trees.,People are in a stadium.,2,contradiction,0.9995597004890442,8.76149715622887e-05,0.00035269829095341265,0.9995597004890442,True,6f5cf0a2b59cabb106aca4c287eed12e357e90eb
148,96110,A man stands on stage with a fireworks going off beside of him.,The man is sitting on the stage.,2,contradiction,0.9996128678321838,0.00012774918286595494,0.00025941411149688065,0.9996128678321838,True,6f5cf0a2b59cabb106aca4c287eed12e357e90eb
149,97014,An elderly middle-eastern woman is about to smoke a pack of cigarettes.,A woman is about to harm her body.,0,neutral,0.14966189861297607,0.14966189861297607,0.8475385904312134,0.002799533773213625,False,6f5cf0a2b59cabb106aca4c287eed12e357e90eb
150,97491,The small dog wearing a tutu stands on its hind legs.,There is a dog laying down,2,contradiction,0.9993540644645691,0.0001524324034107849,0.0004934725584462285,0.9993540644645691,True,6f5cf0a2b59cabb106aca4c287eed12e357e90eb
151,97760,"The backs of two Asian girls, wearing red tops and holding red flags.",Two girls are holding red flags.,0,entailment,0.9952333569526672,0.9952333569526672,0.003974550403654575,0.0007920964853838086,True,6f5cf0a2b59cabb106aca4c287eed12e357e90eb
152,97761,One child is pointing to the sky and another is trying to block the sun to look,The children are playing in the indoor playground.,2,neutral,0.03674420341849327,0.000764420663472265,0.9624913930892944,0.03674420341849327,False,6f5cf0a2b59cabb106aca4c287eed12e357e90eb
153,99482,A large brown dog is digging in the sand.,A dog is digging outside.,0,entailment,0.9888398051261902,0.9888398051261902,0.01031846646219492,0.0008417450590059161,True,6f5cf0a2b59cabb106aca4c287eed12e357e90eb
154,99704,"Runners, some in costume, in a St Paddy's day Marathon run in the streets as people watch.",The runners are almost finished with the St. Patrick's Day race.,1,neutral,0.9780031442642212,0.01680954173207283,0.9780031442642212,0.005187293980270624,True,6f5cf0a2b59cabb106aca4c287eed12e357e90eb
155,99871,A woman sitting at a desk staring at a computer screen.,A woman is at work.,0,entailment,0.950347900390625,0.950347900390625,0.048074521124362946,0.001577606308273971,True,6f5cf0a2b59cabb106aca4c287eed12e357e90eb
156,101119,A man with two dogs on a beach,A man is with two deer on a beach.,2,contradiction,0.9979627132415771,0.00024590801331214607,0.001791363931261003,0.9979627132415771,True,6f5cf0a2b59cabb106aca4c287eed12e357e90eb
157,101993,A woman adjusts her sunglasses.,A woman wears sunglasses.,0,entailment,0.9964518547058105,0.9964518547058105,0.002968575106933713,0.0005795671604573727,True,6f5cf0a2b59cabb106aca4c287eed12e357e90eb
158,103011,A group of people surrounding the American flag.,People are around a Russian flag,2,contradiction,0.9994148015975952,0.0001094393664970994,0.00047579206875525415,0.9994148015975952,True,6f5cf0a2b59cabb106aca4c287eed12e357e90eb
159,103148,People hanging about in a crowded cafe.,People are in a cafe.,0,entailment,0.9963744282722473,0.9963744282722473,0.002999910619109869,0.0006256203632801771,True,6f5cf0a2b59cabb106aca4c287eed12e357e90eb
160,103393,Three children look through a telescope in the forest.,Children are looking at the stars.,1,entailment,0.1866908222436905,0.8061630725860596,0.1866908222436905,0.007146129384636879,False,6f5cf0a2b59cabb106aca4c287eed12e357e90eb
161,104123,A gloved man palms forward in front of arranged clothes.,A man jumps forward in front of dogs.,2,contradiction,0.9959993362426758,0.00021589650714304298,0.0037848239298909903,0.9959993362426758,True,6f5cf0a2b59cabb106aca4c287eed12e357e90eb
162,104228,A man is playing guitar on the otherwise empty sidewalk of a street lined with vibrant homes.,A guitar player is playing on the sidewalk in front of his house.,1,neutral,0.7088655233383179,0.010951969772577286,0.7088655233383179,0.28018248081207275,True,6f5cf0a2b59cabb106aca4c287eed12e357e90eb
163,104604,Two people are sitting at an outdoor cafe in front of an old building.,There are people sitting in a building.,0,contradiction,0.08479130268096924,0.08479130268096924,0.014105130918323994,0.9011035561561584,False,6f5cf0a2b59cabb106aca4c287eed12e357e90eb
164,105325,Many people ride their bikes down a bike path in a city.,A group of bike riders racing.,1,neutral,0.8475672602653503,0.050187744200229645,0.8475672602653503,0.10224499553442001,True,6f5cf0a2b59cabb106aca4c287eed12e357e90eb
165,105872,A man shovels snow off of a roof while another stands in the contraption that allowed them to reach the high place.,One man is on the roof,0,entailment,0.9701388478279114,0.9701388478279114,0.01793256588280201,0.011928552761673927,True,6f5cf0a2b59cabb106aca4c287eed12e357e90eb
166,107185,A dad is entertaining his family by playing the guitar.,The dad plays country music under the starry night.,1,neutral,0.9985231757164001,0.00038952508475631475,0.9985231757164001,0.0010873310966417193,True,6f5cf0a2b59cabb106aca4c287eed12e357e90eb
167,107232,Children getting picked up from sports practice.,children getting done with sports practice,0,entailment,0.9624122977256775,0.9624122977256775,0.0315011590719223,0.006086572539061308,True,6f5cf0a2b59cabb106aca4c287eed12e357e90eb
168,108589,A group of people are dressed in multicolored clothes while performing an act.,One of the people is wearing green,1,neutral,0.9991293549537659,0.00034701518598012626,0.9991293549537659,0.0005235502030700445,True,6f5cf0a2b59cabb106aca4c287eed12e357e90eb
169,108810,"A man wearing white pants stretches out his arms as he stands on a podium, while two men and a woman are looking the other way.",A man is stretching by a podium.,0,contradiction,0.15644428133964539,0.15644428133964539,0.02122930809855461,0.8223264217376709,False,6f5cf0a2b59cabb106aca4c287eed12e357e90eb
170,109794,People filling a large black container with water.,people are drinking gatorade because water sucks,2,neutral,0.06933609396219254,0.001539156655780971,0.9291248321533203,0.06933609396219254,False,6f5cf0a2b59cabb106aca4c287eed12e357e90eb
171,109896,"A young Asian man wearing a conical straw hat holding straw goods, and another person in the back to the left holding straw goods.",Two young Asian men are selling their wares at a market in China.,1,neutral,0.9976940751075745,0.0006733108311891556,0.9976940751075745,0.001632591593079269,True,6f5cf0a2b59cabb106aca4c287eed12e357e90eb
172,111292,A man wearing a white t-shirt looking away from the camera.,The is wearing a red t-shirt.,2,contradiction,0.9993810653686523,0.00012552128464449197,0.0004933816962875426,0.9993810653686523,True,6f5cf0a2b59cabb106aca4c287eed12e357e90eb
173,111766,A dog is running on the sand whilst chasing a ball.,the dog is on the couch in the living room,2,contradiction,0.9996414184570312,8.792607695795596e-05,0.00027060857973992825,0.9996414184570312,True,6f5cf0a2b59cabb106aca4c287eed12e357e90eb
174,112647,"An edited picture of a couple kissing, one is holding a bouquet of flowers.",The mom kissed her son on the forehead.,2,neutral,0.024788444861769676,0.0004299871507100761,0.9747816324234009,0.024788444861769676,False,6f5cf0a2b59cabb106aca4c287eed12e357e90eb
175,113130,A person wearing a red shirt sitting in the middle of fresh fruit and vegetables.,A person is surrounded by food.,0,entailment,0.9926517605781555,0.9926517605781555,0.006539802998304367,0.0008084143628366292,True,6f5cf0a2b59cabb106aca4c287eed12e357e90eb
176,113482,"Construction worker, welding on high beam.",The worker gets paid,1,neutral,0.9866539835929871,0.012617070227861404,0.9866539835929871,0.0007289752829819918,True,6f5cf0a2b59cabb106aca4c287eed12e357e90eb
177,114570,A man in a green parks looks over his shoulder at a policeman who is helping an injured bicyclist lying in the street.,man looks at policeman,0,entailment,0.9921407103538513,0.9921407103538513,0.006151300854980946,0.0017079744720831513,True,6f5cf0a2b59cabb106aca4c287eed12e357e90eb
178,115153,A woman in dark sunglasses checks her mobile phone while two woman walk the city crosswalk.,A girl drops her phone in a stream in the country side.,2,contradiction,0.9995136260986328,4.830032048630528e-05,0.0004380816244520247,0.9995136260986328,True,6f5cf0a2b59cabb106aca4c287eed12e357e90eb
179,117040,A group of ladies with computers sit behind a table while people on the other side purchase something.,People are purchasing necessary items.,1,neutral,0.9944433569908142,0.0046151382848620415,0.9944433569908142,0.0009414961677975953,True,6f5cf0a2b59cabb106aca4c287eed12e357e90eb
180,117167,An old man in front of an Iron Man truck.,The man is working on the engine of the Iron Man truck.,1,neutral,0.9954442977905273,0.0004116144555155188,0.9954442977905273,0.004144094418734312,True,6f5cf0a2b59cabb106aca4c287eed12e357e90eb
181,117651,A dog taking a poop in the street.,A dog is pooping.,0,entailment,0.9940306544303894,0.9940306544303894,0.005019506439566612,0.0009497732971794903,True,6f5cf0a2b59cabb106aca4c287eed12e357e90eb
182,118176,A young girl in a red shirt hitting a tennis ball with a pink racket,The girl is winning the tennis match.,1,neutral,0.9991245865821838,0.0004349362861830741,0.9991245865821838,0.00044042887748219073,True,6f5cf0a2b59cabb106aca4c287eed12e357e90eb
183,118210,"A group of African boys of different ages tending to their cattle, with bushes in the background and small wagon in the center of the picture.",The boys are slopping the hogs.,2,contradiction,0.995461642742157,0.0002992216031998396,0.004239083733409643,0.995461642742157,True,6f5cf0a2b59cabb106aca4c287eed12e357e90eb
184,118275,A group of people digging a large hole.,A bulldozer digging a hole.,2,contradiction,0.9990719556808472,0.00011008713772753254,0.0008179721771739423,0.9990719556808472,True,6f5cf0a2b59cabb106aca4c287eed12e357e90eb
185,119934,A man is bending down repairing a house.,The man is near the house.,0,entailment,0.8969429731369019,0.8969429731369019,0.09565317630767822,0.007403799332678318,True,6f5cf0a2b59cabb106aca4c287eed12e357e90eb
186,121762,A dog walking through the water at the ocean.,A cat walking through the water at the ocean.,2,contradiction,0.9989398121833801,0.0001659445697441697,0.0008942042477428913,0.9989398121833801,True,6f5cf0a2b59cabb106aca4c287eed12e357e90eb
187,123524,Factory workers standing in uniform next to their product.,The factory workers are sitting.,2,contradiction,0.999640703201294,0.00011109888146165758,0.0002481989795342088,0.999640703201294,True,6f5cf0a2b59cabb106aca4c287eed12e357e90eb
188,123536,The black and white dog is running on the grass.,The black and white dog is running.,0,entailment,0.9976263642311096,0.9976263642311096,0.0019584959372878075,0.0004151764733251184,True,6f5cf0a2b59cabb106aca4c287eed12e357e90eb
189,124930,A woman standing in front of a building as others go about their day.,I women waiting on friends outside a building.,1,neutral,0.9968034029006958,0.0013082859804853797,0.9968034029006958,0.0018882640870288014,True,6f5cf0a2b59cabb106aca4c287eed12e357e90eb
190,125168,"Two cyclists competing in road race, one in front of the other.",Two people are racing.,0,entailment,0.9974320530891418,0.9974320530891418,0.0019837627187371254,0.0005841227248311043,True,6f5cf0a2b59cabb106aca4c287eed12e357e90eb
191,125334,"A woman wearing a sparkly blue costume, leaps into the air while swirling a green ribbon in her left hand.",The woman is in a play.,1,neutral,0.9970946311950684,0.0024072686210274696,0.9970946311950684,0.0004981110105291009,True,6f5cf0a2b59cabb106aca4c287eed12e357e90eb
192,126619,Five men wearing black shorts are leaving the starting blocks in a track competition with few spectators.,Five men are racing.,0,entailment,0.9909670948982239,0.9909670948982239,0.007625948637723923,0.001406923751346767,True,6f5cf0a2b59cabb106aca4c287eed12e357e90eb
193,126867,A woman in a brown coat is reading a book.,A woman reading the first published copy of her new book.,1,neutral,0.9978771209716797,0.000752256833948195,0.9978771209716797,0.0013706469908356667,True,6f5cf0a2b59cabb106aca4c287eed12e357e90eb
194,129375,"A woman holding a microphone wearing a brown jacket, in front of a sign which says ""comedians you should know.""",A woman is advertising for a sign promoting comedians.,1,entailment,0.3181914985179901,0.673994779586792,0.3181914985179901,0.007813697680830956,False,6f5cf0a2b59cabb106aca4c287eed12e357e90eb
195,129526,People walking past a fashion shops.,People are eating in a restaurant,2,contradiction,0.9995163679122925,5.785208486486226e-05,0.00042583642061799765,0.9995163679122925,True,6f5cf0a2b59cabb106aca4c287eed12e357e90eb
196,129767,A young long-haired girl is out skipping on the sidewalk on a sunny day.,The boy is rolling a can down the street in the rain.,2,contradiction,0.9996949434280396,4.6414195821853355e-05,0.00025869719684123993,0.9996949434280396,True,6f5cf0a2b59cabb106aca4c287eed12e357e90eb
197,130156,A person is suspended by wires and poles against a blue sky.,There is a highwire act that is too high and it suspended between two buildings.,1,contradiction,0.2507120966911316,0.0021042325533926487,0.2507120966911316,0.7471836805343628,False,6f5cf0a2b59cabb106aca4c287eed12e357e90eb
198,132011,"A woman and a man sit on a stone bench, with tall buildings behind them.",Two people sitting on a bench.,0,entailment,0.9983224272727966,0.9983224272727966,0.0012931515229865909,0.00038434084854088724,True,6f5cf0a2b59cabb106aca4c287eed12e357e90eb
199,133213,"A shirtless man, wearing sunglasses and yellow shorts is making a heart sign towards the camera.",Grocery stores are busy with shoppers hoping to win a free turkey.,2,neutral,0.025369610637426376,0.031114978715777397,0.943515419960022,0.025369610637426376,False,6f5cf0a2b59cabb106aca4c287eed12e357e90eb
200,134525,People on the sideline of a soccer match.,People are watching a college basketball game.,2,contradiction,0.9990488886833191,7.87769167800434e-05,0.0008723100181668997,0.9990488886833191,True,6f5cf0a2b59cabb106aca4c287eed12e357e90eb
201,134613,"A redheaded woman with a scarf in her hair, wearing a white sweater with black bows on it.",The woman is out Christmas Carolling in the winter time.,1,neutral,0.9939762353897095,0.003829153021797538,0.9939762353897095,0.0021945766638964415,True,6f5cf0a2b59cabb106aca4c287eed12e357e90eb
202,135071,"A man wearing a belt, a tan jacket and brown shoes is walking next to a woman with a brown purse, a black outfit, and sunglasses on a sidewalk.",People are walking outdoors.,0,entailment,0.996249258518219,0.996249258518219,0.0033591792453080416,0.0003915862471330911,True,6f5cf0a2b59cabb106aca4c287eed12e357e90eb
203,135294,A father and his son and daughter play by the waters edge.,A father is spending his saturday with his kids,1,neutral,0.9925383925437927,0.006382923573255539,0.9925383925437927,0.0010787529172375798,True,6f5cf0a2b59cabb106aca4c287eed12e357e90eb
204,136271,People riding motorbikes down the street.,People are rowing a boat on a river,2,contradiction,0.999618649482727,7.32836197130382e-05,0.00030809626332484186,0.999618649482727,True,6f5cf0a2b59cabb106aca4c287eed12e357e90eb
205,136456,A painter is standing on smaller silver ladder and there is another silver ladder close by.,A man is standing on a ladder painting.,0,neutral,0.1827947050333023,0.1827947050333023,0.7276893854141235,0.08951591700315475,False,6f5cf0a2b59cabb106aca4c287eed12e357e90eb
206,137962,The rugby players play on a field.,A group of rugby players practices outside.,1,entailment,0.10230439156293869,0.8960449695587158,0.10230439156293869,0.0016506906831637025,False,6f5cf0a2b59cabb106aca4c287eed12e357e90eb
207,138010,A lady wearing a bonnet is sitting down with her hands on her lap.,A man is standing in a field.,2,contradiction,0.9993240833282471,4.5617671275977045e-05,0.0006303029949776828,0.9993240833282471,True,6f5cf0a2b59cabb106aca4c287eed12e357e90eb
208,138280,Person in a red hat walking on a sidewalk on a snowy day.,The lady wore a red hat while she walked on the snowy sidewalk.,0,entailment,0.9822002649307251,0.9822002649307251,0.01730918325483799,0.0004905465757474303,True,6f5cf0a2b59cabb106aca4c287eed12e357e90eb
209,138332,Two young boys wearing collared shirts and baseball caps have their blue-tinted tongues stuck out.,A couple of young baseball players at a park.,1,neutral,0.9789368510246277,0.019111501052975655,0.9789368510246277,0.0019516386091709137,True,6f5cf0a2b59cabb106aca4c287eed12e357e90eb
210,138618,A person riding transit (catching?) a paper bag.,A person with a paper bag.,1,entailment,0.02366020157933235,0.9710869193077087,0.02366020157933235,0.005252887960523367,False,6f5cf0a2b59cabb106aca4c287eed12e357e90eb
211,138993,A group of girls in leotards.,Some women in jumpsuits.,2,contradiction,0.9970999956130981,0.0008865552954375744,0.002013487508520484,0.9970999956130981,True,6f5cf0a2b59cabb106aca4c287eed12e357e90eb
212,141282,"A view of large field ringed by trees, with a large group of people milling about on the field.",They are waiting for a picnic to start.,1,neutral,0.9989770650863647,0.0003617205948103219,0.9989770650863647,0.0006612992729060352,True,6f5cf0a2b59cabb106aca4c287eed12e357e90eb
213,141386,A sari-garbed woman is smiling at the camera.,The woman is yelling at the photographer.,2,contradiction,0.9993948936462402,0.00011115061352029443,0.0004940057406201959,0.9993948936462402,True,6f5cf0a2b59cabb106aca4c287eed12e357e90eb
214,141712,A man is asleep on the ground near two bank machines.,A man is asleep on the ground to take rest.,1,neutral,0.9942763447761536,0.004654265474528074,0.9942763447761536,0.0010693147778511047,True,6f5cf0a2b59cabb106aca4c287eed12e357e90eb
215,141719,"A boy watches his classmates play in a courtyard, looking from above.",A boy watches his classmates play.,0,entailment,0.9976316690444946,0.9976316690444946,0.0018133912235498428,0.0005549265188165009,True,6f5cf0a2b59cabb106aca4c287eed12e357e90eb
216,142281,Men wearing black and white striped shirts and red scarves carry a shrine on their shoulders.,Men are carrying a shrine on their shoulders.,0,entailment,0.9963710308074951,0.9963710308074951,0.0030386466532945633,0.0005902652628719807,True,6f5cf0a2b59cabb106aca4c287eed12e357e90eb
217,143023,"A group of women in pink dresses, walking across a street.",A group of women are walking to a wedding they're attending.,1,neutral,0.9986427426338196,0.00037157899350859225,0.9986427426338196,0.0009857217082753778,True,6f5cf0a2b59cabb106aca4c287eed12e357e90eb
218,143539,A baby with its eyes closed is holding a wooden toy and biting it.,The child is chewing its toys.,0,entailment,0.9880231618881226,0.9880231618881226,0.0106967743486166,0.0012800267431885004,True,6f5cf0a2b59cabb106aca4c287eed12e357e90eb
219,145395,Old woman with lots of ornate clothing and jewelry.,A grandmother is have a garage sale getting rid of her Clothing and jewelry since she has too many,1,neutral,0.9980498552322388,0.0013951469445601106,0.9980498552322388,0.0005550066707655787,True,6f5cf0a2b59cabb106aca4c287eed12e357e90eb
220,145658,A group of school children looking at a group on men wearing white shirts,A group of kids are together.,0,entailment,0.9890698194503784,0.9890698194503784,0.009931032545864582,0.0009991469560191035,True,6f5cf0a2b59cabb106aca4c287eed12e357e90eb
221,146160,Several people walk by a rickshaw containing a sleeping cat.,People walking as a group in a tour,1,neutral,0.8836509585380554,0.10993920266628265,0.8836509585380554,0.00640989700332284,True,6f5cf0a2b59cabb106aca4c287eed12e357e90eb
222,146990,"A cyclist in a red, yellow and black uniform, including a helmet is performing a trick on his bike.",A cyclist is preforming a bike trick.,0,entailment,0.4105112552642822,0.4105112552642822,0.2466856986284256,0.342803031206131,True,6f5cf0a2b59cabb106aca4c287eed12e357e90eb
223,147325,Three girls are walking along the sidewalk together and the one in the middle is bouncing a basketball.,Three girls are on their way to the park to shoot some hoops.,1,neutral,0.9981417655944824,0.0012508385116234422,0.9981417655944824,0.0006074433331377804,True,6f5cf0a2b59cabb106aca4c287eed12e357e90eb
224,148216,Man trying to guide a kit in the desert.,A man is trying to guide a kit in the desert,0,entailment,0.9962587356567383,0.9962587356567383,0.003382887225598097,0.00035847665276378393,True,6f5cf0a2b59cabb106aca4c287eed12e357e90eb
225,148356,A man in a red shirt is interacting with a woman holding a shopping bag.,A red-haired rides a go-cart.,2,contradiction,0.9984992742538452,0.00011953673674724996,0.0013812409015372396,0.9984992742538452,True,6f5cf0a2b59cabb106aca4c287eed12e357e90eb
226,150141,The woman in glasses is smiling with the ocean in the background,The woman is mad that her glasses are broken.,2,contradiction,0.9988874793052673,7.415034633595496e-05,0.0010383576154708862,0.9988874793052673,True,6f5cf0a2b59cabb106aca4c287eed12e357e90eb
227,150619,A person in a yellow coat is carrying a bag of three oranges.,A man  in a yellow coat is carrying a bag of three oranges.,1,neutral,0.9591143727302551,0.03766784444451332,0.9591143727302551,0.003217751160264015,True,6f5cf0a2b59cabb106aca4c287eed12e357e90eb
228,150697,a woman holding a small ball chasing after a small boy.,The woman is sleeping in bed.,2,contradiction,0.9997050166130066,6.623526132898405e-05,0.00022868615633342415,0.9997050166130066,True,6f5cf0a2b59cabb106aca4c287eed12e357e90eb
229,151152,Several men sit with their green nets in fishing boats.,The men are standing in the boats.,2,contradiction,0.9992468357086182,0.00024407682940363884,0.0005090603372082114,0.9992468357086182,True,6f5cf0a2b59cabb106aca4c287eed12e357e90eb
230,151395,Eight people are on an escalator going up or down.,Group of people taking an escalator.,0,entailment,0.9976045489311218,0.9976045489311218,0.002118839183822274,0.00027660169871523976,True,6f5cf0a2b59cabb106aca4c287eed12e357e90eb
231,155127,A skateboarder riding up to a slope.,There is someone on the skateboard.,0,entailment,0.9953990578651428,0.9953990578651428,0.003974641673266888,0.000626243301667273,True,6f5cf0a2b59cabb106aca4c287eed12e357e90eb
232,158708,An elderly man in a leather jacket with a scarf is holding up a sign.,A man is holding up a sign.,0,entailment,0.9985030889511108,0.9985030889511108,0.0011650898959487677,0.0003318780509289354,True,6f5cf0a2b59cabb106aca4c287eed12e357e90eb
233,159279,playing the guitar in front of the color purple.,some instruments can only be played with particular colours,2,neutral,0.003936246037483215,0.15041960775852203,0.8456441164016724,0.003936246037483215,False,6f5cf0a2b59cabb106aca4c287eed12e357e90eb
234,159758,A man in a white shirt black tie looks out of the elevator shaft of a parking garage.,A woman cries of happiness.,2,contradiction,0.9987940788269043,3.5319440939929336e-05,0.0011705528013408184,0.9987940788269043,True,6f5cf0a2b59cabb106aca4c287eed12e357e90eb
235,160952,Hikers walking up red clay path.,Hikers follow a path to get to a waterfall.,1,neutral,0.9956961870193481,0.0015072254464030266,0.9956961870193481,0.002796600107103586,True,6f5cf0a2b59cabb106aca4c287eed12e357e90eb
236,161674,A male is leaping above white water.,A male leaps.,0,entailment,0.9958277344703674,0.9958277344703674,0.003224804997444153,0.0009474726975895464,True,6f5cf0a2b59cabb106aca4c287eed12e357e90eb
237,163028,A smiling young girl in braids is playing ball.,A child kicking a ball while playing.,1,neutral,0.9936975836753845,0.005136554129421711,0.9936975836753845,0.0011659160954877734,True,6f5cf0a2b59cabb106aca4c287eed12e357e90eb
238,163640,Old man is fixing overturned bike.,Man is fixing a bike.,0,entailment,0.9966333508491516,0.9966333508491516,0.002703208476305008,0.0006634562159888446,True,6f5cf0a2b59cabb106aca4c287eed12e357e90eb
239,164057,A man holding a sign and a man playing a guitar are speaking in front of a crowd.,A woman holding a sign is begging for money near her husband pretending to be a guitar player.,2,contradiction,0.9996358156204224,4.69541919301264e-05,0.00031726996530778706,0.9996358156204224,True,6f5cf0a2b59cabb106aca4c287eed12e357e90eb
240,164421,An older man with white hair and beard reading a map as he's walking through an unfamiliar city.,The man is sitting on a park bench.,2,contradiction,0.998278021812439,6.547290831804276e-05,0.0016564741963520646,0.998278021812439,True,6f5cf0a2b59cabb106aca4c287eed12e357e90eb
241,165214,Two women making decorations on a wall.,Two women are sleeping.,2,contradiction,0.999692440032959,7.483245281036943e-05,0.00023279880406334996,0.999692440032959,True,6f5cf0a2b59cabb106aca4c287eed12e357e90eb
242,166345,A young girl is drawing with an orange crayon.,watched by a group,1,neutral,0.9992368221282959,0.0005440128734335303,0.9992368221282959,0.00021915898832958192,True,6f5cf0a2b59cabb106aca4c287eed12e357e90eb
243,167082,"Four women, two with id badges.",Two women have badges.,0,entailment,0.9906911253929138,0.9906911253929138,0.0065078758634626865,0.0028009891975671053,True,6f5cf0a2b59cabb106aca4c287eed12e357e90eb
244,167459,A construction worker assembles a scaffold.,The scaffold was assembled by the worker.,0,entailment,0.994358241558075,0.994358241558075,0.004931136034429073,0.0007106858538463712,True,6f5cf0a2b59cabb106aca4c287eed12e357e90eb
245,167720,an asian girl looking surprised in front of a brick window,There is an arabian man looking surprised.,2,contradiction,0.9985164999961853,6.012811718392186e-05,0.0014233546098694205,0.9985164999961853,True,6f5cf0a2b59cabb106aca4c287eed12e357e90eb
246,168963,A man is on a casual bike ride during the day into town.,A woman is wearing roller skates near the beach.,2,contradiction,0.9943495392799377,6.5845568315126e-05,0.005584655795246363,0.9943495392799377,True,6f5cf0a2b59cabb106aca4c287eed12e357e90eb
247,169049,Man and baby posing in front of an engine of an old train.,The baby is driving the train.,2,contradiction,0.9204383492469788,0.0005750221316702664,0.07898661494255066,0.9204383492469788,True,6f5cf0a2b59cabb106aca4c287eed12e357e90eb
248,169137,Two people riding a bike are riding towards a stop sign.,A couple ride a bike together.,1,entailment,0.04006044194102287,0.9590968489646912,0.04006044194102287,0.0008427443681284785,False,6f5cf0a2b59cabb106aca4c287eed12e357e90eb
249,169167,Skater does a trick on a rail.,The skater is performing for a cameraman.,1,neutral,0.9992984533309937,0.0004712075460702181,0.9992984533309937,0.00023026083363220096,True,6f5cf0a2b59cabb106aca4c287eed12e357e90eb
250,169975,A street vendor is sitting on the ground in front of the shirts he is selling.,The street vendor looks tired.,1,neutral,0.9970142841339111,0.00278079672716558,0.9970142841339111,0.0002048905153060332,True,6f5cf0a2b59cabb106aca4c287eed12e357e90eb
251,170191,A game of dominoes is being played.,Two men are playing a card game.,2,contradiction,0.6918863654136658,0.000808663317002356,0.3073049485683441,0.6918863654136658,True,6f5cf0a2b59cabb106aca4c287eed12e357e90eb
252,170297,Two Latin dancers dancing with Mariachi band playing in the background with a crowd watching.,The dancers are performing for the crowd.,0,entailment,0.8614192008972168,0.8614192008972168,0.13628233969211578,0.0022985266987234354,True,6f5cf0a2b59cabb106aca4c287eed12e357e90eb
253,171597,"A small South American child running on a cobblestone pathway, by a blue wall with a door.",A small girl runs along a pathway towards a house.,1,neutral,0.9969927072525024,0.001156371203251183,0.9969927072525024,0.001850820379331708,True,6f5cf0a2b59cabb106aca4c287eed12e357e90eb
254,172675,a sparsely-populated arcade with many brightly lit games and a few people sprinkled around.,The arcade is closed.,2,contradiction,0.9987307190895081,0.00012309668818488717,0.0011461225803941488,0.9987307190895081,True,6f5cf0a2b59cabb106aca4c287eed12e357e90eb
255,172947,Three young boys on a beach in swimsuits- two standing facing the water and one sitting on a rock- are in a rocky area with yellow wildflowers in the foreground while in the background many people recreate on a sandy shore.,Three boys play nintendo.,2,neutral,0.22028616070747375,0.000817467865999788,0.7788963913917542,0.22028616070747375,False,6f5cf0a2b59cabb106aca4c287eed12e357e90eb
256,173016,A man bending over holding a tennis ball and playing with his dog.,The man and his dog are playing basketball at the gym.,2,contradiction,0.9907602071762085,0.0002088879409711808,0.009030945599079132,0.9907602071762085,True,6f5cf0a2b59cabb106aca4c287eed12e357e90eb
257,173774,"In China, workers in the field carry out their tasks as the sun sets.",Workers in China carry out tasks as the sun sets.,0,entailment,0.9941110014915466,0.9941110014915466,0.004960574209690094,0.0009284159750677645,True,6f5cf0a2b59cabb106aca4c287eed12e357e90eb
258,175645,Kids jump their bikes off of dirt ramps near a waterfront.,Humans jumping,0,entailment,0.8402102589607239,0.8402102589607239,0.10156429558992386,0.058225445449352264,True,6f5cf0a2b59cabb106aca4c287eed12e357e90eb
259,176277,people in white shirts and backpacks looking around one of them holding a small camera.,Some people are dressed in formal wear at the museum.,2,neutral,0.07760533690452576,0.0017187027260661125,0.9206759333610535,0.07760533690452576,False,6f5cf0a2b59cabb106aca4c287eed12e357e90eb
260,176740,"Five children are sitting and standing in front of an open green tent, holding food with a trashcan and table that had food on it behind them.",Five kids are standing in front of a tent.,0,entailment,0.9948134422302246,0.9948134422302246,0.0027120846789330244,0.0024745063856244087,True,6f5cf0a2b59cabb106aca4c287eed12e357e90eb
261,176956,A woman in a magazine stand.,The magazine stand has a wide variety of material.,1,neutral,0.9977352619171143,0.0016240272670984268,0.9977352619171143,0.0006406882312148809,True,6f5cf0a2b59cabb106aca4c287eed12e357e90eb
262,177271,"A young lady in a colorful dress, holds a white stuffed animal stands in the rain hold a plaid umbrella.",A lady wearing a colorful dress holds a plaid umbrella and a white stuffed animal in the rain.,0,entailment,0.9871655702590942,0.9871655702590942,0.011600622907280922,0.0012338393134996295,True,6f5cf0a2b59cabb106aca4c287eed12e357e90eb
263,177566,A little boy with a green shirt is running on a rock ledge.,A child is running.,0,entailment,0.9970114231109619,0.9970114231109619,0.0026120326947420835,0.00037647163844667375,True,6f5cf0a2b59cabb106aca4c287eed12e357e90eb
264,177718,Three women are rollerskating in full roller derby attire.,Three women are rollerskating,0,entailment,0.9934461712837219,0.9934461712837219,0.0058643571101129055,0.0006894816760905087,True,6f5cf0a2b59cabb106aca4c287eed12e357e90eb
265,178067,A man with a red hat looking at something in a glass counter and starfish on top in a metal container.,A man is looking at an object.,0,entailment,0.9927378296852112,0.9927378296852112,0.006161980330944061,0.001100068911910057,True,6f5cf0a2b59cabb106aca4c287eed12e357e90eb
266,178078,Young African people drum in the streets.,Asian girls dancing in the streets.,2,contradiction,0.999232292175293,3.921264215023257e-05,0.0007284753955900669,0.999232292175293,True,6f5cf0a2b59cabb106aca4c287eed12e357e90eb
267,180986,Two white dogs play together on a slightly snowy patch of green grass.,dog chasing man on snow,2,contradiction,0.9983012676239014,0.00010915908205788583,0.0015895826509222388,0.9983012676239014,True,6f5cf0a2b59cabb106aca4c287eed12e357e90eb
268,182297,A man is snowboarding over a structure on a snowy hill.,The snowboard has stripes.,1,neutral,0.999229907989502,0.00020535680232569575,0.999229907989502,0.0005647899815812707,True,6f5cf0a2b59cabb106aca4c287eed12e357e90eb
269,182307,"The child in white is on the monkey bars, while the one in brown stands below.",Kids walking home.,2,contradiction,0.9987543821334839,0.0001491596340201795,0.001096452702768147,0.9987543821334839,True,6f5cf0a2b59cabb106aca4c287eed12e357e90eb
270,182879,A girl with a purple shirt with a heart on it is making an electrical switch.,A student is working in her technology education class.,1,neutral,0.9945294260978699,0.004850893281400204,0.9945294260978699,0.0006197314360179007,True,6f5cf0a2b59cabb106aca4c287eed12e357e90eb
271,183621,two women walk down some stairs with intricate designs on the railings,The railings had designs.,0,entailment,0.9866809844970703,0.9866809844970703,0.012084577232599258,0.001234467956237495,True,6f5cf0a2b59cabb106aca4c287eed12e357e90eb
272,184494,An oriental woman in a white gabardine and dressy shoes standing outside waiting for a ride.,The woman is a bride on her way to a church.,1,neutral,0.9992088675498962,0.00025286286836490035,0.9992088675498962,0.0005382726667448878,True,6f5cf0a2b59cabb106aca4c287eed12e357e90eb
273,184671,A person in a yellow safety vest kneeling in the street.,A plane is taking off on a stormy day.,2,contradiction,0.9985999464988708,9.11362367332913e-05,0.0013089675921946764,0.9985999464988708,True,6f5cf0a2b59cabb106aca4c287eed12e357e90eb
274,184879,A young girl expanding the time of childhood through colorful play.,The girl is painting with all the colours of the rainbow.,1,neutral,0.903498113155365,0.0017396373441442847,0.903498113155365,0.0947621613740921,True,6f5cf0a2b59cabb106aca4c287eed12e357e90eb
275,185263,A man and two young girls in a forest.,A man and his two daughters eat ice cream indoors.,2,contradiction,0.999330997467041,8.518694085069001e-05,0.0005838720826432109,0.999330997467041,True,6f5cf0a2b59cabb106aca4c287eed12e357e90eb
276,188183,group of people by the ocean holding a net,A group of people are near the ocean.,0,entailment,0.9974859952926636,0.9974859952926636,0.0022969243582338095,0.00021702692902181298,True,6f5cf0a2b59cabb106aca4c287eed12e357e90eb
277,188199,A woman with a floral shirt and purse and a man with a black shirt are walking while another man walks behind them.,the woman has a purse,0,entailment,0.9951932430267334,0.9951932430267334,0.004116922151297331,0.0006899285945110023,True,6f5cf0a2b59cabb106aca4c287eed12e357e90eb
278,188555,Several people are holding containers of alcohol in a room.,People holding containers on alcohol.,0,entailment,0.9568198323249817,0.9568198323249817,0.028137318789958954,0.015042871236801147,True,6f5cf0a2b59cabb106aca4c287eed12e357e90eb
279,188590,A man wearing a business suit and a newsie cap clicks his heels in excitement.,An excited businessman clicks up his heels,0,entailment,0.958608090877533,0.958608090877533,0.040736254304647446,0.000655600568279624,True,6f5cf0a2b59cabb106aca4c287eed12e357e90eb
280,188599,A man with an olive green shirt and messy hair plays a colorful drum set.,A man plays the drums.,0,entailment,0.9969025254249573,0.9969025254249573,0.0025091180577874184,0.0005883220001123846,True,6f5cf0a2b59cabb106aca4c287eed12e357e90eb
281,188981,A man in a black sweatshirt and jeans holds a black acoustic guitar and converses with a passerby.,A man holds his guitar and talks to a man who just gave him a tip.,1,neutral,0.9979447722434998,0.00026193057419732213,0.9979447722434998,0.0017932434566318989,True,6f5cf0a2b59cabb106aca4c287eed12e357e90eb
282,189281,a group sitting at a table discussing a subject.,peoples are tested by group discussion.,1,neutral,0.9900975227355957,0.007743385154753923,0.9900975227355957,0.002159101190045476,True,6f5cf0a2b59cabb106aca4c287eed12e357e90eb
283,192390,"A woman, fit and toned, runs in a race as a crowd of runners follow.",Everybody is walking slowly.,2,contradiction,0.9982823133468628,0.0001335665729129687,0.0015841491986066103,0.9982823133468628,True,6f5cf0a2b59cabb106aca4c287eed12e357e90eb
284,192973,Several people are washing themselves off using showers at the beach.,some people are in beach,1,entailment,0.006981702987104654,0.992331862449646,0.006981702987104654,0.0006865086033940315,False,6f5cf0a2b59cabb106aca4c287eed12e357e90eb
285,194020,A man on a laptop at a table.,A man using a computer.,0,entailment,0.9940350651741028,0.9940350651741028,0.005325163248926401,0.0006397845572791994,True,6f5cf0a2b59cabb106aca4c287eed12e357e90eb
286,195461,A group of children wearing colorful hats are smiling at the camera.,Some children are getting their picture taken.,0,entailment,0.9918997287750244,0.9918997287750244,0.007334533613175154,0.0007657858077436686,True,6f5cf0a2b59cabb106aca4c287eed12e357e90eb
287,195920,A single man sits on the ground with a cup in front of him.,The man is all alone on the ground.,0,entailment,0.9821902513504028,0.9821902513504028,0.016782449558377266,0.0010273449588567019,True,6f5cf0a2b59cabb106aca4c287eed12e357e90eb
288,196673,A biker reaches the apex of his ramp while onlookers watch his feat.,A biker reaches the apex of his ramp.,0,entailment,0.9961351156234741,0.9961351156234741,0.00298099871724844,0.0008839481743052602,True,6f5cf0a2b59cabb106aca4c287eed12e357e90eb
289,197235,A man is fishing on an inlet in the ocean.,A man fishing in the ocean.,0,entailment,0.9972240924835205,0.9972240924835205,0.0021284695249050856,0.0006474151159636676,True,6f5cf0a2b59cabb106aca4c287eed12e357e90eb
290,199215,"Ready and set as two hockey players on the ice wait with sticks out in front of them, anticipating the puck.",The hckey game is about to begin.,1,neutral,0.9846817255020142,0.010186513885855675,0.9846817255020142,0.005131762474775314,True,6f5cf0a2b59cabb106aca4c287eed12e357e90eb
291,200568,A multicolor cat fighting with a black and brown dog in a red collar.,A cat and dog are fighting.,0,entailment,0.9974852800369263,0.9974852800369263,0.0018935975385829806,0.0006210463470779359,True,6f5cf0a2b59cabb106aca4c287eed12e357e90eb
292,200662,A man in a hat is walking across a lawn from a small truck to a van with a satellite.,A man is wearing a secret service outfit.,1,neutral,0.9472551941871643,0.024727705866098404,0.9472551941871643,0.02801715023815632,True,6f5cf0a2b59cabb106aca4c287eed12e357e90eb
293,200772,A wakeboarder is traveling across the water behind a ramp.,The wakeboader is a man.,1,neutral,0.9951594471931458,0.003816314972937107,0.9951594471931458,0.0010242800926789641,True,6f5cf0a2b59cabb106aca4c287eed12e357e90eb
294,202122,"A group of people sit outdoors around a small, short table.",The dryer is broken.,2,contradiction,0.7482296228408813,0.001450241543352604,0.250320166349411,0.7482296228408813,True,6f5cf0a2b59cabb106aca4c287eed12e357e90eb
295,203055,A person in a colorful wig is wiping white cream on a woman's face.,a rabbit runs,2,contradiction,0.9988422989845276,0.00011046163126593456,0.0010473113507032394,0.9988422989845276,True,6f5cf0a2b59cabb106aca4c287eed12e357e90eb
296,204391,A smiling man on a horse in front of brush and woods.,A man enjoys a day in the woods with his horse.,1,entailment,0.43807297945022583,0.5604321360588074,0.43807297945022583,0.001494843978434801,False,6f5cf0a2b59cabb106aca4c287eed12e357e90eb
297,204719,The men are waving as they are standing in snow.,A group of men are enjoying a day at the pool.,2,contradiction,0.9994925260543823,0.00014106559683568776,0.00036643704515881836,0.9994925260543823,True,6f5cf0a2b59cabb106aca4c287eed12e357e90eb
298,204800,Two women with stethoscopes and a man with a blue hairnet on working tedious over an unknown object or person.,Two women are running.,2,contradiction,0.9993088245391846,0.00011729342804756016,0.000573821656871587,0.9993088245391846,True,6f5cf0a2b59cabb106aca4c287eed12e357e90eb
299,205153,The men standing on the edge of a torn down building.,The men are wearing safety gear.,1,neutral,0.9993688464164734,0.000365013926057145,0.9993688464164734,0.0002661221951711923,True,6f5cf0a2b59cabb106aca4c287eed12e357e90eb
300,206106,There is a man with a red hat on his hand.,There is a sad man with a red hat on his hand.,1,neutral,0.9984846711158752,0.001224227948114276,0.9984846711158752,0.00029113548225723207,True,6f5cf0a2b59cabb106aca4c287eed12e357e90eb
301,207276,This dish is very tasty and I enjoy this dish,There is food in the dish.,0,entailment,0.9787431359291077,0.9787431359291077,0.02048594132065773,0.0007708636694587767,True,6f5cf0a2b59cabb106aca4c287eed12e357e90eb
302,207574,A man surfing on big waves with a watch on.,He is in a surfing tournament.,1,neutral,0.9989433884620667,0.0006025013863109052,0.9989433884620667,0.0004542045935522765,True,6f5cf0a2b59cabb106aca4c287eed12e357e90eb
303,208906,People at a concert wave their hands in the air as they watch the singer and guitarist perform.,People enjoying music at a concert.,0,entailment,0.9828024506568909,0.9828024506568909,0.01667528599500656,0.0005223316256888211,True,6f5cf0a2b59cabb106aca4c287eed12e357e90eb
304,209139,A kid is riding on a skateboard.,A kid is riding a skateboard,0,entailment,0.9976319074630737,0.9976319074630737,0.0019197918009012938,0.00044820556649938226,True,6f5cf0a2b59cabb106aca4c287eed12e357e90eb
305,209684,"A man sits back on an elegant sofa, sticking his feet up on the coffee table.",The man is sitting down.,0,entailment,0.9918839931488037,0.9918839931488037,0.005139670800417662,0.0029763272032141685,True,6f5cf0a2b59cabb106aca4c287eed12e357e90eb
306,209775,Eldery couple wearing hats looking at tickets on the street.,the people were on concrete,1,neutral,0.9433273077011108,0.03742947056889534,0.9433273077011108,0.019243204966187477,True,6f5cf0a2b59cabb106aca4c287eed12e357e90eb
307,211350,Two women in military uniform are standing with other soldiers in formation.,Two women in military uniform are standing with others in formation,0,entailment,0.9833884239196777,0.9833884239196777,0.01512786652892828,0.0014837919734418392,True,6f5cf0a2b59cabb106aca4c287eed12e357e90eb
308,211927,A boat floating on blue water.,The boat is about to be taken out on the water.,1,neutral,0.9778068661689758,0.0029285510536283255,0.9778068661689758,0.019264573231339455,True,6f5cf0a2b59cabb106aca4c287eed12e357e90eb
309,213001,Two girls play in the shower with their clothes on.,Two girls have their clothes on in the shower.,0,entailment,0.9962660670280457,0.9962660670280457,0.0031402790918946266,0.0005937492824159563,True,6f5cf0a2b59cabb106aca4c287eed12e357e90eb
310,213279,A large duck in flight over a rocky stream.,A duck is flying over water.,0,entailment,0.9973948001861572,0.9973948001861572,0.002152077853679657,0.00045310836867429316,True,6f5cf0a2b59cabb106aca4c287eed12e357e90eb
311,213566,A little boy in a cowboy hat eating something.,The boy is eating his birthday cake with the other party guests.,1,neutral,0.9986898303031921,0.00024622827186249197,0.9986898303031921,0.0010640241671353579,True,6f5cf0a2b59cabb106aca4c287eed12e357e90eb
312,214226,A man sitting on the back of a truck underneath an umbrella.,a mouse eating chees,2,contradiction,0.9993904829025269,0.00010321159788873047,0.000506349781062454,0.9993904829025269,True,6f5cf0a2b59cabb106aca4c287eed12e357e90eb
313,214998,A runner is sliding into home while the cathcer covers the plate in a softball game.,A runner slides home for the winning run in a softball game.,1,neutral,0.9977096319198608,0.0013035848969593644,0.9977096319198608,0.0009868121705949306,True,6f5cf0a2b59cabb106aca4c287eed12e357e90eb
314,215221,A waveboarder skims through the surf at sunset.,A person is in a waveboader competition.,1,neutral,0.9949972629547119,0.0023413831368088722,0.9949972629547119,0.002661271719262004,True,6f5cf0a2b59cabb106aca4c287eed12e357e90eb
315,215707,A man with black hair sits in a restaurant with a glass of beer.,There is a man with a drink.,0,entailment,0.9966287016868591,0.9966287016868591,0.0027541229501366615,0.0006172449793666601,True,6f5cf0a2b59cabb106aca4c287eed12e357e90eb
316,215759,White girl in a white dress and white bird-looking wings holding some blue ads.,A girl is wearing a yellow suit.,2,contradiction,0.9993879795074463,0.00010461205965839326,0.0005074376240372658,0.9993879795074463,True,6f5cf0a2b59cabb106aca4c287eed12e357e90eb
317,215835,Soccer players in jerseys representing two teams mill around on a soccer field.,The soccer players are getting ready to play.,1,neutral,0.995371401309967,0.003957309294492006,0.995371401309967,0.0006711925962008536,True,6f5cf0a2b59cabb106aca4c287eed12e357e90eb
318,215950,"A guy in a blue shirt, shorts and sandals is giving a speech with a microphone to some people sitting in the front row of an auditorium.",A man is giving his campaing speech.,1,neutral,0.950130820274353,0.037834953516721725,0.950130820274353,0.012034287676215172,True,6f5cf0a2b59cabb106aca4c287eed12e357e90eb
319,216738,A woman is taking a man's blood pressure in a kitchen.,The woman is checking the man's health indoors.,0,entailment,0.9933400750160217,0.9933400750160217,0.006197649985551834,0.00046230628504417837,True,6f5cf0a2b59cabb106aca4c287eed12e357e90eb
320,217803,Many people stand on an overpass looking over.,People are looking at something.,0,entailment,0.9786309003829956,0.9786309003829956,0.0203049685806036,0.0010640458203852177,True,6f5cf0a2b59cabb106aca4c287eed12e357e90eb
321,218103,A teenage girl wearing a t-shirt and bathing suit bottom jumps into a body of water.,A girl jumps into water.,0,entailment,0.9985931515693665,0.9985931515693665,0.0011126302415505052,0.0002941234561149031,True,6f5cf0a2b59cabb106aca4c287eed12e357e90eb
322,218557,A boy is flying in midair while snowboarding in a hilly and wooded area.,the boy is competing in a snowboard competition,1,neutral,0.9811787009239197,0.018383949995040894,0.9811787009239197,0.0004373880219645798,True,6f5cf0a2b59cabb106aca4c287eed12e357e90eb
323,219803,"A young man is having his picture taken in front of a picture of an Asian sports team, while a child walks in a ball cap walks in front of the picture.",A young man gets his photo taken.,0,entailment,0.9969111084938049,0.9969111084938049,0.0017343586077913642,0.0013545691035687923,True,6f5cf0a2b59cabb106aca4c287eed12e357e90eb
324,221452,A girl in a baseball uniform getting ready to throw the ball at a game.,The girl prepares to throw the ball.,0,entailment,0.9964659214019775,0.9964659214019775,0.0031011251267045736,0.0004329575167503208,True,6f5cf0a2b59cabb106aca4c287eed12e357e90eb
325,221454,A girl wearing the number one LaFayette softball uniform is about to throw the ball.,Some woman are softball players.,1,entailment,0.020325278863310814,0.978686511516571,0.020325278863310814,0.0009882185840979218,False,6f5cf0a2b59cabb106aca4c287eed12e357e90eb
326,223038,A boy in a blue life jacket jumps into the water.,There is a boy jumping into the water to play.,1,neutral,0.9921446442604065,0.0070776608772575855,0.9921446442604065,0.0007775947451591492,True,6f5cf0a2b59cabb106aca4c287eed12e357e90eb
327,223113,Two men stand in front of a building.,two men stand,0,entailment,0.9944513440132141,0.9944513440132141,0.00479716993868351,0.0007514508906751871,True,6f5cf0a2b59cabb106aca4c287eed12e357e90eb
328,224071,Three people are walking down the beach.,Three men riding their motorcycles.,2,contradiction,0.9996057152748108,7.127784920157865e-05,0.0003230750735383481,0.9996057152748108,True,6f5cf0a2b59cabb106aca4c287eed12e357e90eb
329,224732,Shoppers look for Christmas gifts at Harrod's department store.,The shoppers are finding good deals.,1,neutral,0.9989604949951172,0.000705679995007813,0.9989604949951172,0.00033376223291270435,True,6f5cf0a2b59cabb106aca4c287eed12e357e90eb
330,224812,Little girl holding a karate trophy.,A little girl is,2,entailment,0.0018691960722208023,0.9481759071350098,0.04995489865541458,0.0018691960722208023,False,6f5cf0a2b59cabb106aca4c287eed12e357e90eb
331,226116,Two females walking down the street with shopping bags.,they just finished shopping,1,neutral,0.9838452339172363,0.0016291519859805703,0.9838452339172363,0.01452554203569889,True,6f5cf0a2b59cabb106aca4c287eed12e357e90eb
332,226394,A black bird in the air with leaves in its mouth.,A black bird is making a nest.,1,neutral,0.9641255736351013,0.0036509300116449594,0.9641255736351013,0.03222344070672989,True,6f5cf0a2b59cabb106aca4c287eed12e357e90eb
333,226504,Two people raise their arms on a snowy hill in the mountains.,the child was happy,1,neutral,0.9831127524375916,0.0036937533877789974,0.9831127524375916,0.013193508610129356,True,6f5cf0a2b59cabb106aca4c287eed12e357e90eb
334,226575,Two men and a woman converse together at as EASTA meeting.,A woman is shouting a men in office.,2,contradiction,0.6095410585403442,0.0030208213720470667,0.3874380886554718,0.6095410585403442,True,6f5cf0a2b59cabb106aca4c287eed12e357e90eb
335,226981,Two men are sitting by themselves in a cafe.,A cafe where two men sit alone.,0,entailment,0.9970670342445374,0.9970670342445374,0.002560818800702691,0.0003720957029145211,True,6f5cf0a2b59cabb106aca4c287eed12e357e90eb
336,227619,Two young men are leaping exuberantly on an outdoor plaza.,The two men have just been stuck in concrete boots and are drowning in the Hudson River.,2,contradiction,0.9993534684181213,2.734691952355206e-05,0.0006191315478645265,0.9993534684181213,True,6f5cf0a2b59cabb106aca4c287eed12e357e90eb
337,229906,A dark-skinned security officer smiles.,A security officer is angry and scowling.,2,contradiction,0.9996108412742615,7.60386828915216e-05,0.0003131869016215205,0.9996108412742615,True,6f5cf0a2b59cabb106aca4c287eed12e357e90eb
338,230044,A man with a guitar and a woman with a microphone perform.,They are performing in a club,1,neutral,0.9994099140167236,0.0003221777733415365,0.9994099140167236,0.0002679949102457613,True,6f5cf0a2b59cabb106aca4c287eed12e357e90eb
339,230599,"Two men are kayaking, one in front of the other.",The people are sitting on the beach.,2,contradiction,0.999735414981842,6.675333861494437e-05,0.0001978153013624251,0.999735414981842,True,6f5cf0a2b59cabb106aca4c287eed12e357e90eb
340,231324,A smiling woman with dark hair is sitting at a table.,A woman sits at a table.,0,entailment,0.9983744621276855,0.9983744621276855,0.0012608255492523313,0.0003646689874585718,True,6f5cf0a2b59cabb106aca4c287eed12e357e90eb
341,232434,"Male figure wearing black, and surfing on a surfboard.",Male in black mugs a lady on the street.,2,neutral,0.14099769294261932,0.0041398764587938786,0.8548624515533447,0.14099769294261932,False,6f5cf0a2b59cabb106aca4c287eed12e357e90eb
342,232796,A guy and a girl having a conversation.,Two people talking.,0,entailment,0.997729480266571,0.997729480266571,0.001910919090732932,0.0003596796013880521,True,6f5cf0a2b59cabb106aca4c287eed12e357e90eb
343,232922,A person standing outside is using an umbrella in the heavy rain.,Someone is outside.,0,entailment,0.998066246509552,0.998066246509552,0.0016642274567857385,0.00026951590552926064,True,6f5cf0a2b59cabb106aca4c287eed12e357e90eb
344,233399,Man swiftly riding a horse.,The man is riding the horse in a race.,1,neutral,0.9986662864685059,0.0009701612289063632,0.9986662864685059,0.00036359106888994575,True,6f5cf0a2b59cabb106aca4c287eed12e357e90eb
345,233423,A gentleman in jeans and a black sweatshirt is excitedly speaking on a cellphone.,A man talking with his wife on the phone.,1,neutral,0.9983159303665161,0.0007402414339594543,0.9983159303665161,0.000943798862863332,True,6f5cf0a2b59cabb106aca4c287eed12e357e90eb
346,233782,A bunch of police officers are standing outside a bus.,The police officers are driving in a car.,2,contradiction,0.9995765089988708,8.659072773298249e-05,0.0003368899051565677,0.9995765089988708,True,6f5cf0a2b59cabb106aca4c287eed12e357e90eb
347,233919,A man and a woman kissing while at a show.,A man is attracted to a woman.,0,neutral,0.4634733200073242,0.4634733200073242,0.5349635481834412,0.0015632105059921741,False,6f5cf0a2b59cabb106aca4c287eed12e357e90eb
348,233997,Blond child in red shirt standing on a plastic wreathed Christmas sleigh.,Child wearing nothing at all standing on a sleigh.,2,contradiction,0.9994896650314331,0.00012007012992398813,0.0003903001779690385,0.9994896650314331,True,6f5cf0a2b59cabb106aca4c287eed12e357e90eb
349,234990,The man in black shorts and a green shirt with the number 25 on the back is about to kick the soccer ball.,He is aiming at a goal.,1,neutral,0.9876989126205444,0.01170339249074459,0.9876989126205444,0.0005976285319775343,True,6f5cf0a2b59cabb106aca4c287eed12e357e90eb
350,235554,The man in a red shirt just got a rebound in a basketball game.,The man in the red shirt is playing well,1,neutral,0.9517473578453064,0.04692293703556061,0.9517473578453064,0.0013296842807903886,True,6f5cf0a2b59cabb106aca4c287eed12e357e90eb
351,236796,"Two dancers performing in the spotlight, on stage.",The dancers are performing in front of a large audience.,1,neutral,0.9989483952522278,0.000720146344974637,0.9989483952522278,0.00033148188958875835,True,6f5cf0a2b59cabb106aca4c287eed12e357e90eb
352,237247,Two boys are standing in a kitchen.,Two boys are inside a house inside a kitchen wearing pink aprons.,1,neutral,0.9985515475273132,0.00098588562104851,0.9985515475273132,0.0004625644360203296,True,6f5cf0a2b59cabb106aca4c287eed12e357e90eb
353,237389,A woman and a small child laying in bed.,two people are in bed,0,entailment,0.9922115802764893,0.9922115802764893,0.006641465239226818,0.0011470246827229857,True,6f5cf0a2b59cabb106aca4c287eed12e357e90eb
354,238210,A bearded man is wearing a redhead scarf and holding a forked green and white branch.,A man with facial hair is wearing a scarf.,0,entailment,0.9970334768295288,0.9970334768295288,0.0026158196851611137,0.0003507574729155749,True,6f5cf0a2b59cabb106aca4c287eed12e357e90eb
355,238582,A boy jumps off of a structure into a pool.,He is wearing swim goggles.,1,neutral,0.9994496703147888,0.00024318991927430034,0.9994496703147888,0.0003071764367632568,True,6f5cf0a2b59cabb106aca4c287eed12e357e90eb
356,238747,A man sitting on a metal fence overlooking the water and skyline.,A man sits on a fence to hide from the soldiers.,1,neutral,0.995519757270813,0.00042479351395741105,0.995519757270813,0.004055449739098549,True,6f5cf0a2b59cabb106aca4c287eed12e357e90eb
357,241686,A black and white dog is jumping into the water.,A dog is sleeping in the owner's backyard.,2,contradiction,0.9996954202651978,5.913313725613989e-05,0.0002454977366141975,0.9996954202651978,True,6f5cf0a2b59cabb106aca4c287eed12e357e90eb
358,243896,A woman on a cellphone is sitting in a chair.,A woman on a phone is sitting in a chair.,0,entailment,0.9922958612442017,0.9922958612442017,0.005332835949957371,0.002371366834267974,True,6f5cf0a2b59cabb106aca4c287eed12e357e90eb
359,244500,This gentleman just finished a refreshing swim.,A man is swimming in a pool.,2,neutral,0.0031918000895529985,0.08797536790370941,0.9088327288627625,0.0031918000895529985,False,6f5cf0a2b59cabb106aca4c287eed12e357e90eb
360,246031,A blond woman in a gray dress crossing the street.,The woman is black.,2,contradiction,0.9990297555923462,0.00022494187578558922,0.0007453250582329929,0.9990297555923462,True,6f5cf0a2b59cabb106aca4c287eed12e357e90eb
361,248126,"one white little girl, riding on a brown and white saddle which is on top of brown adult horse with black hair, both outside on a sunny day.",The girl is on the horse.,0,entailment,0.9901540875434875,0.9901540875434875,0.007280315738171339,0.002565611619502306,True,6f5cf0a2b59cabb106aca4c287eed12e357e90eb
362,249816,A young blond-haired boy is going down a red slide.,a mother shows her kid how to slide,2,neutral,0.005688117351382971,0.003676340449601412,0.9906355738639832,0.005688117351382971,False,6f5cf0a2b59cabb106aca4c287eed12e357e90eb
363,250993,A man walks into a maroon building as a dog looks on.,A man walks into a building in front of a dog,0,entailment,0.9895715713500977,0.9895715713500977,0.008788719773292542,0.0016397690633311868,True,6f5cf0a2b59cabb106aca4c287eed12e357e90eb
364,251441,A sign on a store in and urban neighborhood.,A banna is nailed to the wall.,2,contradiction,0.9952608942985535,0.0002582263550721109,0.004480886738747358,0.9952608942985535,True,6f5cf0a2b59cabb106aca4c287eed12e357e90eb
365,252089,"A woman sitting at a desk labeled Programmes and Ice Cream, the stand appears to be out of ice cream.","A female is sitting at a table with two labels, and item described in one of the labels is not at the table.",0,entailment,0.9895414710044861,0.9895414710044861,0.007509928196668625,0.0029485926497727633,True,6f5cf0a2b59cabb106aca4c287eed12e357e90eb
366,252148,A white female sitting behind a programmes and ice cream stand.,A woman waits for a friend behind a programmes and ice cream stand.,1,neutral,0.9980823993682861,0.0005616531707346439,0.9980823993682861,0.001355921383947134,True,6f5cf0a2b59cabb106aca4c287eed12e357e90eb
367,253837,A young man in a gray t-shirt and dark pants is mowing a lawn outside a white clapboard building.,there is a bee following the man,1,neutral,0.9993672966957092,0.00015544002235401422,0.9993672966957092,0.000477243127534166,True,6f5cf0a2b59cabb106aca4c287eed12e357e90eb
368,254588,A large group of people participate in a marathon along a city street.,One man stands alone on the city street,2,contradiction,0.9995304346084595,4.572270336211659e-05,0.0004238241526763886,0.9995304346084595,True,6f5cf0a2b59cabb106aca4c287eed12e357e90eb
369,254814,A skateboarder performs a trick in front of a business building.,A skateboarder irritates business people by doing tricks downtown.,1,neutral,0.9837415218353271,0.009767433628439903,0.9837415218353271,0.006491056177765131,True,6f5cf0a2b59cabb106aca4c287eed12e357e90eb
370,256030,Two men on a snowy and rocky mountainside cook a meal while their teammates sit a little way away.,The men are inside watching TV.,2,contradiction,0.9997174143791199,5.385766417020932e-05,0.0002286490926053375,0.9997174143791199,True,6f5cf0a2b59cabb106aca4c287eed12e357e90eb
371,257881,A man on a bike is seen among a crowd of people at an outdoor event.,A large group of people are gathered outdoors.,0,entailment,0.9957120418548584,0.9957120418548584,0.0040068244561553,0.00028123953961767256,True,6f5cf0a2b59cabb106aca4c287eed12e357e90eb
372,258168,"Two men are swimming in a body of water, near which is an area of land covered in vegetation.",the men are divers,1,neutral,0.9986109733581543,0.0005766198737546802,0.9986109733581543,0.0008123575244098902,True,6f5cf0a2b59cabb106aca4c287eed12e357e90eb
373,258343,A man working on the construction of a large boat.,A man working on a boat.,0,entailment,0.9968552589416504,0.9968552589416504,0.0025108386762440205,0.0006338237435556948,True,6f5cf0a2b59cabb106aca4c287eed12e357e90eb
374,258358,A skateboarder flies through the air over the staircase of a sleek contemporary building.,lion sleeps,2,contradiction,0.9993247985839844,9.955140558304265e-05,0.0005756780155934393,0.9993247985839844,True,6f5cf0a2b59cabb106aca4c287eed12e357e90eb
375,258365,A woman pushing a shopping cart at a grocery store.,A woman carrying her bags to the car,2,contradiction,0.9980502128601074,8.978747064247727e-05,0.0018599871546030045,0.9980502128601074,True,6f5cf0a2b59cabb106aca4c287eed12e357e90eb
376,259128,A greyhound running on a track.,Dog running.,0,entailment,0.9862813353538513,0.9862813353538513,0.012237008661031723,0.001481674611568451,True,6f5cf0a2b59cabb106aca4c287eed12e357e90eb
377,259206,"The two boys, in matching red shirts, fell asleep in the same position.",The two boys were fighting and throwing punches.,2,contradiction,0.998906135559082,9.675156616140157e-05,0.0009970833780243993,0.998906135559082,True,6f5cf0a2b59cabb106aca4c287eed12e357e90eb
378,261673,A woman is walking by a building labeled Fisher's Popcorn.,A woman is walking by a popcorn stand,0,contradiction,0.011792004108428955,0.011792004108428955,0.02329166792333126,0.9649162888526917,False,6f5cf0a2b59cabb106aca4c287eed12e357e90eb
379,261954,"Two girls, one with brown hair and one with red, make toy cars.",Two girls make toys together.,0,entailment,0.9570333361625671,0.9570333361625671,0.041858408600091934,0.0011082659475505352,True,6f5cf0a2b59cabb106aca4c287eed12e357e90eb
380,262023,People sitting in a room talking to a panel.,The people are at a party.,2,contradiction,0.9921229481697083,0.0002553240046836436,0.007621726952493191,0.9921229481697083,True,6f5cf0a2b59cabb106aca4c287eed12e357e90eb
381,263405,A woman is playing ice hockey.,A woman proving she can be a hockey player.,1,neutral,0.8756958842277527,0.12288696318864822,0.8756958842277527,0.0014171235961839557,True,6f5cf0a2b59cabb106aca4c287eed12e357e90eb
382,263526,A Caucasian male performing a water board trick in a lake with trees in the background.,A guy sitting down beside the water surrounded by trees.,2,contradiction,0.5959912538528442,0.3293789327144623,0.07462982088327408,0.5959912538528442,True,6f5cf0a2b59cabb106aca4c287eed12e357e90eb
383,264247,One lone skier is making his way down a snowy mountain slope which has many ski track marks visible on the snow pack and a ski lift in the background.,A man is outdoors.,0,entailment,0.9920759201049805,0.9920759201049805,0.006262967828661203,0.0016611909959465265,True,6f5cf0a2b59cabb106aca4c287eed12e357e90eb
384,264764,Two children are on a fairground ride.,children are at the fair,0,entailment,0.9822264909744263,0.9822264909744263,0.01634173095226288,0.0014317372115328908,True,6f5cf0a2b59cabb106aca4c287eed12e357e90eb
385,265354,Young Indian children in an old stone building watching an elephant who his touching one child on the head.,Young Indian children watched an elephant.,1,entailment,0.0014291246188804507,0.9981191754341125,0.0014291246188804507,0.0004516644694376737,False,6f5cf0a2b59cabb106aca4c287eed12e357e90eb
386,266636,People in snowy climate prepare to eat food on plates.,People in a snow covered area preparing to eat a meal.,0,entailment,0.9957369565963745,0.9957369565963745,0.003940496128052473,0.00032250062213279307,True,6f5cf0a2b59cabb106aca4c287eed12e357e90eb
387,268411,A man waits at a crosswalk holding a motorbike helmet.,A dog is wearing pants.,2,contradiction,0.9916214942932129,0.00010615902283461764,0.008272347040474415,0.9916214942932129,True,6f5cf0a2b59cabb106aca4c287eed12e357e90eb
388,268796,Children playing on a merry-go-round on a chilly day.,Children are playing on a merry go,0,entailment,0.9902731776237488,0.9902731776237488,0.007584364619106054,0.0021424819715321064,True,6f5cf0a2b59cabb106aca4c287eed12e357e90eb
389,270886,A man standing by a building corner and reading a newspaper.,A man is standing by a building corner and reading a book.,2,contradiction,0.9982922673225403,0.0007369546219706535,0.0009708338184282184,0.9982922673225403,True,6f5cf0a2b59cabb106aca4c287eed12e357e90eb
390,271518,A group of white water rafters.,The group has been rafting all day.,1,neutral,0.9988983869552612,0.0007183378911577165,0.9988983869552612,0.00038315830170176923,True,6f5cf0a2b59cabb106aca4c287eed12e357e90eb
391,271629,"A woman with red eyes and green makeup on her face, holds up a beige colored, ornately designed fan to cover her mouth.",A women hides her mouth behind the fan.,0,entailment,0.992901086807251,0.992901086807251,0.006364591419696808,0.000734363216906786,True,6f5cf0a2b59cabb106aca4c287eed12e357e90eb
392,272383,A lacrosse player wearing a red uniform with the number 33 on the back looks skyward while a player in a green uniform with yellow trim is visible in the background.,A lacrosse player is catching a ball.,1,neutral,0.9304444193840027,0.0009095717105083168,0.9304444193840027,0.06864605098962784,True,6f5cf0a2b59cabb106aca4c287eed12e357e90eb
393,272751,Two young women have fallen asleep at a public eating area.,Sleeping women.,0,entailment,0.9847090244293213,0.9847090244293213,0.013246065005660057,0.00204483768902719,True,6f5cf0a2b59cabb106aca4c287eed12e357e90eb
394,272787,"A young boy, arms and legs splayed wide, is leaping into the water on a rocky shoreline.",A young boy is spitting.,2,contradiction,0.9873722791671753,0.00039792293682694435,0.012229789979755878,0.9873722791671753,True,6f5cf0a2b59cabb106aca4c287eed12e357e90eb
395,274036,"Woman in shorts and bikini top, yellow jacket, walking.",It is snowing.,2,neutral,0.382181853055954,0.0025434382259845734,0.6152747273445129,0.382181853055954,False,6f5cf0a2b59cabb106aca4c287eed12e357e90eb
396,276768,"Three men and one woman standing next to each other, all wearing aprons and pouring something into each others cups at the same time.","3 males and 1 female are standing vertical, next to each other wearing an apron and motioning of moving something inside a cup",0,entailment,0.5891239047050476,0.5891239047050476,0.4076688587665558,0.0032072763424366713,True,6f5cf0a2b59cabb106aca4c287eed12e357e90eb
397,276879,"two kids, one with green pants and the other with a white shirt and jeans are running down a street.",There are children running after someone outside.,1,neutral,0.8986939787864685,0.0980861634016037,0.8986939787864685,0.0032198417466133833,True,6f5cf0a2b59cabb106aca4c287eed12e357e90eb
398,277346,A young male holding a fishing pole.,A man carries his fishing rod.,0,entailment,0.993519127368927,0.993519127368927,0.0059913466684520245,0.0004895455786027014,True,6f5cf0a2b59cabb106aca4c287eed12e357e90eb
399,277522,An Indian man is writing on something in a crowd of women and children.,An Indian man is writing on something.,0,entailment,0.9959806203842163,0.9959806203842163,0.003238306613638997,0.0007810029201209545,True,6f5cf0a2b59cabb106aca4c287eed12e357e90eb
400,277576,A golfer wearing a striped red polo shirt and white pants watches his drive after swinging.,The golfer is preparing food for dinner.,2,contradiction,0.9994262456893921,4.554382394417189e-05,0.0005281851626932621,0.9994262456893921,True,6f5cf0a2b59cabb106aca4c287eed12e357e90eb
401,277858,A guy sitting in a chair is getting a shave.,A guy is in a barbershop.,1,entailment,0.2226981371641159,0.7726426124572754,0.2226981371641159,0.004659219644963741,False,6f5cf0a2b59cabb106aca4c287eed12e357e90eb
402,277982,A man with a black hat is standing and shading his eyes.,A man is standing.,0,entailment,0.9980227947235107,0.9980227947235107,0.001561039942316711,0.0004161827964708209,True,6f5cf0a2b59cabb106aca4c287eed12e357e90eb
403,278462,a boy swings on the swing.,A boy swings on the swing his mother built.,1,neutral,0.9988318085670471,0.0004810921964235604,0.9988318085670471,0.0006871098885312676,True,6f5cf0a2b59cabb106aca4c287eed12e357e90eb
404,278595,A couple and child are watching people walk by.,The family is on the way to a movie.,1,neutral,0.9951677322387695,0.00041967222932726145,0.9951677322387695,0.004412527196109295,True,6f5cf0a2b59cabb106aca4c287eed12e357e90eb
405,278717,A woman playing tennis at a tennis game.,A woman trying to win the final match for the title.,1,neutral,0.9971383810043335,0.0006061024614609778,0.9971383810043335,0.0022555794566869736,True,6f5cf0a2b59cabb106aca4c287eed12e357e90eb
406,279199,Several people on a stage with a blue background.,The humans are on the ground.,0,contradiction,0.0006258350913412869,0.0006258350913412869,0.0008086463785730302,0.9985654950141907,False,6f5cf0a2b59cabb106aca4c287eed12e357e90eb
407,280193,"A child with a stethoscope, preparing to listen to his mother heart.",A child is listening to his mother's heart beat.,0,entailment,0.970066487789154,0.970066487789154,0.024666262790560722,0.005267303436994553,True,6f5cf0a2b59cabb106aca4c287eed12e357e90eb
408,280508,Men are working on scaffolding outside of a building while other men watch.,Men are working indoors.,2,contradiction,0.9995068311691284,0.00013487416435964406,0.0003583267971407622,0.9995068311691284,True,6f5cf0a2b59cabb106aca4c287eed12e357e90eb
409,280977,A airline stewardess serving passengers on a plane.,The stewardess is a woman,0,neutral,0.43110230565071106,0.43110230565071106,0.5677995085716248,0.001098215114325285,False,6f5cf0a2b59cabb106aca4c287eed12e357e90eb
410,281436,"A young boy, dressed in a karate gee and wearing a yellow belt, stands ready to defend himself inside a gym.",A young boy is ready to defend himself from a flying spaghetti monster.,2,neutral,0.012061081826686859,0.0003270481538493186,0.9876118302345276,0.012061081826686859,False,6f5cf0a2b59cabb106aca4c287eed12e357e90eb
411,282246,Four band members singing and playing.,They play a gig at a bar,1,neutral,0.9989783763885498,0.0005846552085131407,0.9989783763885498,0.00043702684342861176,True,6f5cf0a2b59cabb106aca4c287eed12e357e90eb
412,282259,A woman in a black jacket is walking down the street with a red umbrella.,A fat woman in a black jacket is walking down the street with a red umbrella.,1,neutral,0.9989448189735413,0.0008496785303577781,0.9989448189735413,0.0002055781806120649,True,6f5cf0a2b59cabb106aca4c287eed12e357e90eb
413,282686,Horrific artwork displayed at the local hipster bar.,Local hipster bar is ripped off when ordering artwork and displays it anyways.,1,neutral,0.9957476258277893,0.0026139053516089916,0.9957476258277893,0.0016383911715820432,True,6f5cf0a2b59cabb106aca4c287eed12e357e90eb
414,282806,Two kids in a green tree.,The kids are above the ground.,0,entailment,0.9870772361755371,0.9870772361755371,0.011329124681651592,0.0015936270356178284,True,6f5cf0a2b59cabb106aca4c287eed12e357e90eb
415,284212,A man doing a trick on a bicycle in a wooded area.,A man does a trick,0,entailment,0.9963716268539429,0.9963716268539429,0.0029553640633821487,0.0006729707238264382,True,6f5cf0a2b59cabb106aca4c287eed12e357e90eb
416,285462,A person in a dark wetsuit is surfing.,A person in a white wetsuit surfing,2,contradiction,0.9990559220314026,0.00012318517838139087,0.000820876273792237,0.9990559220314026,True,6f5cf0a2b59cabb106aca4c287eed12e357e90eb
417,286692,"A woman wearing a white shirt and a short, black skirt is in motion on a green, artificial surface.",There is a dog playing catch.,2,contradiction,0.9989489912986755,4.046473986818455e-05,0.0010105251567438245,0.9989489912986755,True,6f5cf0a2b59cabb106aca4c287eed12e357e90eb
418,287124,Two female rollerskaters competing.,The women are great skaters.,1,neutral,0.9989724159240723,0.0007919425261206925,0.9989724159240723,0.00023563833383377641,True,6f5cf0a2b59cabb106aca4c287eed12e357e90eb
419,287246,Two people walk in opposite directions across a brick road.,The road was made with bricks.,0,entailment,0.9839695692062378,0.9839695692062378,0.015250100754201412,0.000780366943217814,True,6f5cf0a2b59cabb106aca4c287eed12e357e90eb
420,290260,Children playing on the beach.,Kids were having fun.,0,entailment,0.9478506445884705,0.9478506445884705,0.0515911802649498,0.0005581382429227233,True,6f5cf0a2b59cabb106aca4c287eed12e357e90eb
421,290629,A man is standing next to a vehicle in a city setting.,Someone is standing by a car,0,entailment,0.995399534702301,0.995399534702301,0.0043105073273181915,0.0002900499675888568,True,6f5cf0a2b59cabb106aca4c287eed12e357e90eb
422,290839,The man in the red shirt pretends to play the violin with an umbrella.,The man is wearing a red shirt.,0,entailment,0.9982421398162842,0.9982421398162842,0.0014475074131041765,0.0003103206108789891,True,6f5cf0a2b59cabb106aca4c287eed12e357e90eb
423,291507,The young boy is jumping into the pool on his belly.,The people around the pool are afraid of getting wet after the belly flop is finished.,1,neutral,0.994611382484436,0.0007770171505399048,0.994611382484436,0.004611683078110218,True,6f5cf0a2b59cabb106aca4c287eed12e357e90eb
424,291984,A woman dressed in black boots and a black trench coat is walking down the middle of the street.,The woman walking down the street trips and falls.,1,neutral,0.9989538192749023,0.000273741374257952,0.9989538192749023,0.000772337312810123,True,6f5cf0a2b59cabb106aca4c287eed12e357e90eb
425,292713,a young girl in a pick shirt swinging up in the air on a swing set,The girl is having fun on the playground at recess.,1,neutral,0.9370590448379517,0.019650151953101158,0.9370590448379517,0.0432908721268177,True,6f5cf0a2b59cabb106aca4c287eed12e357e90eb
426,292795,Woman looking out the window at a man.,The woman is standing outdoors.,2,contradiction,0.9976373910903931,0.0005804141401313245,0.0017822440713644028,0.9976373910903931,True,6f5cf0a2b59cabb106aca4c287eed12e357e90eb
427,292908,A man in a black hat holds a small girl on his shoulders.,A man carries his son.,2,contradiction,0.9989691972732544,0.00010062166256830096,0.0009301524260081351,0.9989691972732544,True,6f5cf0a2b59cabb106aca4c287eed12e357e90eb
428,292986,Man in black and white playing tennis.,A man is inside eating dinner,2,contradiction,0.9995042085647583,7.828418893041089e-05,0.00041750670061446726,0.9995042085647583,True,6f5cf0a2b59cabb106aca4c287eed12e357e90eb
429,293493,"A Frisbee team huddles around a Frisbee, each holding a part of it.",A frisbee team does a chant before their game in a circle.,1,neutral,0.9949700236320496,0.0014488764572888613,0.9949700236320496,0.0035810857079923153,True,6f5cf0a2b59cabb106aca4c287eed12e357e90eb
430,293560,Two men in orange outfits clean up garbage spilled on the street.,Two men are cleaning up garbage that was spilled after a block party.,1,neutral,0.9995211362838745,0.00025690553593449295,0.9995211362838745,0.000221991038415581,True,6f5cf0a2b59cabb106aca4c287eed12e357e90eb
431,293833,A young girl with red-hair blows bubbles in clear water.,A red headed girl is making bubbles.,0,entailment,0.9926329255104065,0.9926329255104065,0.006493203807622194,0.0008739022305235267,True,6f5cf0a2b59cabb106aca4c287eed12e357e90eb
432,294178,"A basketball player in a white jersey with the word price on it, posting up against another player in a blue uniform.",a player dressed in white,0,entailment,0.9962751865386963,0.9962751865386963,0.0027210449334234,0.0010037729516625404,True,6f5cf0a2b59cabb106aca4c287eed12e357e90eb
433,294223,A photographer capturing a skateboarder mid trick.,No cameras are around when the skateboard performs his trick.,2,contradiction,0.9997392296791077,5.424705523182638e-05,0.00020647286146413535,0.9997392296791077,True,6f5cf0a2b59cabb106aca4c287eed12e357e90eb
434,295019,three people standing in line.,Some people are standing.,0,entailment,0.9927035570144653,0.9927035570144653,0.0066036926582455635,0.0006927137728780508,True,6f5cf0a2b59cabb106aca4c287eed12e357e90eb
435,295231,A restaurant in downtown Korea.,The restaurant in downtown Korea has Korean food.,1,neutral,0.9941619038581848,0.005501344334334135,0.9941619038581848,0.0003366934834048152,True,6f5cf0a2b59cabb106aca4c287eed12e357e90eb
436,295609,a beige dog running on the grass with a tennis ball in his mouth,Nobody is running,2,contradiction,0.9993450045585632,0.0001587749138707295,0.0004962077946402133,0.9993450045585632,True,6f5cf0a2b59cabb106aca4c287eed12e357e90eb
437,295641,A wedding party scene with the bride throwing the bouquet of flowers to onlooking women.,A bride throws the flowers to her sister.,1,neutral,0.9709680080413818,0.0020663838367909193,0.9709680080413818,0.026965731754899025,True,6f5cf0a2b59cabb106aca4c287eed12e357e90eb
438,297956,A man in a gray shirt is pouring a drink into a flute.,A woman in a gray shirt is pouring a drink into a flute.,2,contradiction,0.999309778213501,0.00018890047795139253,0.0005013512563891709,0.999309778213501,True,6f5cf0a2b59cabb106aca4c287eed12e357e90eb
439,298065,Three dogs are together outdoors checking out a fountain.,Animals by a fountain.,0,entailment,0.979134202003479,0.979134202003479,0.01995733752846718,0.000908452202565968,True,6f5cf0a2b59cabb106aca4c287eed12e357e90eb
440,298894,A professional wrestler takes a flying leap onto another wrestler.,Pro wrestlers put on a show.,0,neutral,0.17749445140361786,0.17749445140361786,0.8174161911010742,0.005089319311082363,False,6f5cf0a2b59cabb106aca4c287eed12e357e90eb
441,299161,A couple of boys are in a gym with partially assembled bicycles.,The boys are working on their bikes inside.,0,entailment,0.9670435786247253,0.9670435786247253,0.031446121633052826,0.0015102456090971828,True,6f5cf0a2b59cabb106aca4c287eed12e357e90eb
442,299206,Two people are carrying a large bag filled with a red substance down a ally as a figure in red walks behind them.,Three people are walking down the alley.,0,contradiction,0.08436109870672226,0.08436109870672226,0.1185954213142395,0.7970434427261353,False,6f5cf0a2b59cabb106aca4c287eed12e357e90eb
443,299336,A group of surgeons wearing scrubs are performing a surgery.,The group of surgeons are having a board meeting.,2,contradiction,0.9993523955345154,8.018947846721858e-05,0.0005674705607816577,0.9993523955345154,True,6f5cf0a2b59cabb106aca4c287eed12e357e90eb
444,300966,Two people with hard hats on standing on a brick wall.,No one is wearing protective gear.,2,contradiction,0.9995579123497009,0.0001783432817319408,0.0002637736906763166,0.9995579123497009,True,6f5cf0a2b59cabb106aca4c287eed12e357e90eb
445,301270,A young woman wearing sunglasses and a blue shirt is holding a white sheet while a little girl in pigtails writes on it with a marker.,The little girl is coloring on a white sheet.,0,entailment,0.9921446442604065,0.9921446442604065,0.006763248238712549,0.0010920987697318196,True,6f5cf0a2b59cabb106aca4c287eed12e357e90eb
446,301629,A male surfer catching a nice wave.,A woman is surfing.,2,contradiction,0.9994062185287476,0.00011523559805937111,0.00047855498269200325,0.9994062185287476,True,6f5cf0a2b59cabb106aca4c287eed12e357e90eb
447,302107,Men share an item on mini trains.,men at a mini train convention,1,neutral,0.9811827540397644,0.013629305176436901,0.9811827540397644,0.005187924951314926,True,6f5cf0a2b59cabb106aca4c287eed12e357e90eb
448,302885,A man wearing black and white stripes is trying to stop a horse.,A man is trying to keep the horse from running into the crowd.,1,neutral,0.9989733695983887,0.0009007829939946532,0.9989733695983887,0.00012591046106535941,True,6f5cf0a2b59cabb106aca4c287eed12e357e90eb
449,303583,a lone skier walking cross a snowy bank with trees in the background,A person is out in the outdoors.,0,entailment,0.9936717748641968,0.9936717748641968,0.005746227223426104,0.0005819702637381852,True,6f5cf0a2b59cabb106aca4c287eed12e357e90eb
450,304578,A girl sits at a desk and reads a paper.,A boy sitting at his desk is reading a large book.,2,contradiction,0.998870313167572,3.257129355915822e-05,0.001097134780138731,0.998870313167572,True,6f5cf0a2b59cabb106aca4c287eed12e357e90eb
451,306358,An asian lady in a red jacket taking a photo,A tall human in a jacket.,1,neutral,0.5532588958740234,0.43596041202545166,0.5532588958740234,0.010780718177556992,True,6f5cf0a2b59cabb106aca4c287eed12e357e90eb
452,307182,A lady pouring tea into tea cups with flower print on them.,a lady pouring wine for guests,2,contradiction,0.9989594221115112,0.00015029098722152412,0.0008903117850422859,0.9989594221115112,True,6f5cf0a2b59cabb106aca4c287eed12e357e90eb
453,307679,An older man in a white shirt is playing a saxaphone.,The man owns the saxophone.,1,neutral,0.9948171973228455,0.004496200475841761,0.9948171973228455,0.0006866395124234259,True,6f5cf0a2b59cabb106aca4c287eed12e357e90eb
454,308436,A group of people hold on to a long skinny object.,No one is holding on to an object,2,contradiction,0.9996567964553833,0.00010779024160001427,0.00023539397807326168,0.9996567964553833,True,6f5cf0a2b59cabb106aca4c287eed12e357e90eb
455,309108,A woman in a brown sweater is sewing on her machine.,The woman doesn't have a sewing machine.,2,contradiction,0.9996144771575928,0.00012394158693496138,0.00026150376652367413,0.9996144771575928,True,6f5cf0a2b59cabb106aca4c287eed12e357e90eb
456,309756,a couple looking at food out in the cold.,Two people are looking at food,0,entailment,0.9947905540466309,0.9947905540466309,0.004649213049560785,0.0005601706216111779,True,6f5cf0a2b59cabb106aca4c287eed12e357e90eb
457,310001,A bearded man with glasses does a toe-touch.,A man is moving.,0,entailment,0.9659766554832458,0.9659766554832458,0.03189149126410484,0.0021318013314157724,True,6f5cf0a2b59cabb106aca4c287eed12e357e90eb
458,310358,a woman is walking beside a subway.,The woman is in a rush.,1,neutral,0.9990717172622681,0.0005109115736559033,0.9990717172622681,0.00041727570351213217,True,6f5cf0a2b59cabb106aca4c287eed12e357e90eb
459,310401,A man using a wheelchair is talking in a field to a couple women.,The man is sitting,0,contradiction,0.013580731116235256,0.013580731116235256,0.02037942036986351,0.9660398364067078,False,6f5cf0a2b59cabb106aca4c287eed12e357e90eb
460,310705,Two girls are astonished at the sight of planes.,The two girls have never seen planes before.,1,neutral,0.9504566788673401,0.048817116767168045,0.9504566788673401,0.0007261910941451788,True,6f5cf0a2b59cabb106aca4c287eed12e357e90eb
461,311121,A woman in shorts and a white top is taking a picture with a digital camera as a young man watches.,A woman in shorts and a white top is talking on her cellphone to a close friend.,2,contradiction,0.9721757173538208,8.327703835675493e-05,0.027741018682718277,0.9721757173538208,True,6f5cf0a2b59cabb106aca4c287eed12e357e90eb
462,311315,"A single man, riding his bike on the pier at sunset.",The man is riding his bike,0,entailment,0.9945887327194214,0.9945887327194214,0.004874458536505699,0.0005368873826228082,True,6f5cf0a2b59cabb106aca4c287eed12e357e90eb
463,311574,A woman preparing to serve a meal on the beach.,It is mealtime.,0,entailment,0.9395235180854797,0.9395235180854797,0.05727921426296234,0.0031972231809049845,True,6f5cf0a2b59cabb106aca4c287eed12e357e90eb
464,311616,"Two people, a man and a woman, are on a stage at a band.",They are in a band.,1,neutral,0.5196446180343628,0.42714470624923706,0.5196446180343628,0.05321069061756134,True,6f5cf0a2b59cabb106aca4c287eed12e357e90eb
465,312572,A middle-aged man riding his black motorcycle through a neighborhood.,The man is headed home on his motorcycle.,1,neutral,0.997475802898407,0.0020870575681328773,0.997475802898407,0.0004371505347080529,True,6f5cf0a2b59cabb106aca4c287eed12e357e90eb
466,313598,A scuba diving class taking a picture during class time.,Some people are taking ski lessons.,2,contradiction,0.9991825222969055,8.498749957652763e-05,0.0007324553444050252,0.9991825222969055,True,6f5cf0a2b59cabb106aca4c287eed12e357e90eb
467,313693,"One of the buses is marked ""Linea Express"" while the other is marked ""Metropolitan Transit System"". ",Two buses,1,entailment,0.05977814272046089,0.8954442143440247,0.05977814272046089,0.04477773979306221,False,6f5cf0a2b59cabb106aca4c287eed12e357e90eb
468,314343,"A group of people sit in folding chairs in a small area under two umbrellas outdoors, with a few cars parked in the background.",A group of people are sitting outdoors.,0,entailment,0.9987090826034546,0.9987090826034546,0.0009685124387033284,0.00032237000414170325,True,6f5cf0a2b59cabb106aca4c287eed12e357e90eb
469,314877,A middle-aged man and woman are holding hands walking in a street with people behind them.,A middle-aged couple running down the bridge.,1,contradiction,0.01505334209650755,0.001021543052047491,0.01505334209650755,0.9839251041412354,False,6f5cf0a2b59cabb106aca4c287eed12e357e90eb
470,315586,"Two older women smiling and standing in front of large trees, one woman is fixing her hair.",The women are skateboarding down a busy street.,2,contradiction,0.9994572997093201,5.6787528592394665e-05,0.0004859039036091417,0.9994572997093201,True,6f5cf0a2b59cabb106aca4c287eed12e357e90eb
471,316194,Three children and three adults are outside in the yard of a home and they have a basket sitting on the lawn.,Three children and three adults have a basket.,0,entailment,0.9957183003425598,0.9957183003425598,0.0034448762889951468,0.0008368634735234082,True,6f5cf0a2b59cabb106aca4c287eed12e357e90eb
472,316876,A young girl holds a crying infant.,A blonde girl holds her baby sister.,1,neutral,0.9991544485092163,0.00035442219814285636,0.9991544485092163,0.0004910794668830931,True,6f5cf0a2b59cabb106aca4c287eed12e357e90eb
473,318353,Workers enjoy coffee and treats at conference table.,the workers are underpaid,1,neutral,0.9985153079032898,0.00022439825988840312,0.9985153079032898,0.0012602609349414706,True,6f5cf0a2b59cabb106aca4c287eed12e357e90eb
474,319482,"Two boys are looking upwards with their arms streteched to the sky, the boy on the left is wearing a blue vest jacket with a gray long-sleeved shirt and black jogging pants, and black tennis shoes and a hat, and the boy on the right is wearing a silver vest jacket, with blue long-sleeved undershirt, gray pants, and black tennis shoes and has black short hair and glasses.",Two boys stretching for the sky,0,entailment,0.9409997463226318,0.9409997463226318,0.03636991232633591,0.02263041026890278,True,6f5cf0a2b59cabb106aca4c287eed12e357e90eb
475,319797,A woman in a gray and blue shirt smiles as she unwraps and cuts into a calzone.,The woman is cutting into her arm.,2,contradiction,0.9991596937179565,0.0001918189664138481,0.0006485028425231576,0.9991596937179565,True,6f5cf0a2b59cabb106aca4c287eed12e357e90eb
476,321140,"A couple smiling, sitting at an event with other adults and children doing the same.",Adults and children get sleepy listening to a dull speaker at an event.,2,neutral,0.008544355630874634,0.0007620554533787072,0.9906935095787048,0.008544355630874634,False,6f5cf0a2b59cabb106aca4c287eed12e357e90eb
477,321435,A dog leaps to catch a ball in a field.,A dog caught a ball in a field but then dropped it.,1,neutral,0.9985753297805786,0.00046421942533925176,0.9985753297805786,0.0009604129591025412,True,6f5cf0a2b59cabb106aca4c287eed12e357e90eb
478,322012,The lady is holding her glasses.,A lady is cleaning her glasses.,1,contradiction,0.410565584897995,0.004333226475864649,0.410565584897995,0.5851011276245117,False,6f5cf0a2b59cabb106aca4c287eed12e357e90eb
479,322299,A group of men playing and singing music while a crowd watches.,A boy band is performing a concert for a crowd.,1,neutral,0.9721665978431702,0.0257098488509655,0.9721665978431702,0.0021235181484371424,True,6f5cf0a2b59cabb106aca4c287eed12e357e90eb
480,322472,A big group of people are enjoying a public event.,People are enjoying a public event.,0,entailment,0.9966208934783936,0.9966208934783936,0.0029078067746013403,0.00047129837912507355,True,6f5cf0a2b59cabb106aca4c287eed12e357e90eb
481,323424,Two hockey players one in yellow and one in white competing against each other to gain control of the hockey puck.,Two friends are playing basketball.,2,contradiction,0.9996150732040405,5.237490404397249e-05,0.0003325729048810899,0.9996150732040405,True,6f5cf0a2b59cabb106aca4c287eed12e357e90eb
482,324702,The woman talks on her cellular phone while walking on a city street.,The streets are crowded.,1,neutral,0.9991064667701721,0.0005922033451497555,0.9991064667701721,0.0003013528767041862,True,6f5cf0a2b59cabb106aca4c287eed12e357e90eb
483,325880,A man in a black shirt and blue jeans crawls on a table.,A man wearing a black shirt.,0,entailment,0.9979004859924316,0.9979004859924316,0.0016717456746846437,0.00042774531175382435,True,6f5cf0a2b59cabb106aca4c287eed12e357e90eb
484,326312,A dog peeks out of a red play tunnel.,a dog playing,0,entailment,0.8506692051887512,0.8506692051887512,0.13558797538280487,0.013742879033088684,True,6f5cf0a2b59cabb106aca4c287eed12e357e90eb
485,326894,People in orange shirts roll carts while people watch them.,A group of workers in matching oranage shirts push carts outside as others watch them.,1,entailment,0.3044968247413635,0.6911941170692444,0.3044968247413635,0.004309102427214384,False,6f5cf0a2b59cabb106aca4c287eed12e357e90eb
486,327111,A child is holding an Aquafina water bottle.,The man has a beer.,2,contradiction,0.9890542030334473,0.00012459559366106987,0.010821192525327206,0.9890542030334473,True,6f5cf0a2b59cabb106aca4c287eed12e357e90eb
487,327544,Two people are having a conversation as they sit at the bar.,They are going to Mars,2,neutral,0.28055551648139954,0.0007196558872237802,0.7187248468399048,0.28055551648139954,False,6f5cf0a2b59cabb106aca4c287eed12e357e90eb
488,327733,A little boy in red stands on top of a rock with a smile and outstretched arms.,A little boy in red is outdoors.,0,entailment,0.9723532199859619,0.9723532199859619,0.026417413726449013,0.0012294086627662182,True,6f5cf0a2b59cabb106aca4c287eed12e357e90eb
489,328469,A group of well-dressed young people stand in front of a congregation.,There are several people in the room.,0,entailment,0.9788185358047485,0.9788185358047485,0.0198798980563879,0.0013016022276133299,True,6f5cf0a2b59cabb106aca4c287eed12e357e90eb
490,330719,Small dog running through a field.,A cat is playing with yarn.,2,contradiction,0.9995431900024414,4.4338550651445985e-05,0.0004124576516915113,0.9995431900024414,True,6f5cf0a2b59cabb106aca4c287eed12e357e90eb
491,331133,A man in pants scaling the side of a cliff.,A woman climbs the side of a building.,2,contradiction,0.9995423555374146,7.459998596459627e-05,0.0003830583009403199,0.9995423555374146,True,6f5cf0a2b59cabb106aca4c287eed12e357e90eb
492,331212,"A little girl in a red shirt is suspended in midair on a contraption, as a man wearing white shorts looks up at her.",A man and girl are swimming in the ocean,2,contradiction,0.9990647435188293,9.864030289463699e-05,0.0008366924594156444,0.9990647435188293,True,6f5cf0a2b59cabb106aca4c287eed12e357e90eb
493,332168,A man is leaning his head on a fancy coffin in a church.,A man is leaning his head against a pulpit.,2,contradiction,0.9978678226470947,0.00036068804911337793,0.001771467155776918,0.9978678226470947,True,6f5cf0a2b59cabb106aca4c287eed12e357e90eb
494,333591,"A female and a male put a long, oblong box away in an area full of boxes.",A couple remove a box from an area full of boxes.,2,contradiction,0.9984228610992432,0.0005585333565250039,0.0010186039144173265,0.9984228610992432,True,6f5cf0a2b59cabb106aca4c287eed12e357e90eb
495,334203,A girl with red-hair is jumping on a sand dune.,A girl is outdoors.,0,entailment,0.9887679219245911,0.9887679219245911,0.010225298814475536,0.0010068051051348448,True,6f5cf0a2b59cabb106aca4c287eed12e357e90eb
496,334987,"A man, woman, and two girls walk on the beach barefoot.",The group walks outside.,0,entailment,0.9904142022132874,0.9904142022132874,0.008532116189599037,0.0010537926573306322,True,6f5cf0a2b59cabb106aca4c287eed12e357e90eb
497,335668,A cloudy sky above a busy city street.,Cars are driving on clouds.,2,neutral,0.008738375268876553,0.40434688329696655,0.5869147181510925,0.008738375268876553,False,6f5cf0a2b59cabb106aca4c287eed12e357e90eb
498,336330,"The woman carrying a backpack is facing the camera, while the man is turned away.",The woman has a backpack,0,entailment,0.9959520101547241,0.9959520101547241,0.003374640131369233,0.0006732475594617426,True,6f5cf0a2b59cabb106aca4c287eed12e357e90eb
499,336368,People are ice-skating and walking across a frozen surface with the Adobe building in the background.,The people are skating.,0,entailment,0.9930877089500427,0.9930877089500427,0.005501669831573963,0.0014105672016739845,True,6f5cf0a2b59cabb106aca4c287eed12e357e90eb
500,337152,A group of young men in colorful shirts with their number on them walk down a street.,They are camping out in the wilderness,2,contradiction,0.9988101720809937,0.00012318094377405941,0.0010666386224329472,0.9988101720809937,True,6f5cf0a2b59cabb106aca4c287eed12e357e90eb
501,337655,A boy in an orange shirt holds hands with an adult as he walks with a group of other children down a street.,Two runners in blue t-shirts hold hands.,2,contradiction,0.9923047423362732,0.00011636941053438932,0.007578858640044928,0.9923047423362732,True,6f5cf0a2b59cabb106aca4c287eed12e357e90eb
502,338139,A mom and a young boy on a seesaw.,Some high school kids smoking cigarettes outside school.,2,contradiction,0.995822548866272,0.00035827065585181117,0.0038192037027329206,0.995822548866272,True,6f5cf0a2b59cabb106aca4c287eed12e357e90eb
503,338736,A black dog leaps in the air above the snow.,The dog has snow on his fur.,0,neutral,0.005293507594615221,0.005293507594615221,0.9939759373664856,0.0007306064362637699,False,6f5cf0a2b59cabb106aca4c287eed12e357e90eb
504,338834,A very excited man on top of a mountain jumping into the air.,A man is showing his excitement on the mountain.,0,entailment,0.9916649460792542,0.9916649460792542,0.00788479670882225,0.00045023602433502674,True,6f5cf0a2b59cabb106aca4c287eed12e357e90eb
505,338871,A snowboarder rides a snowboard down a railing beside a flight of steps.,A man is watching t.v. at home.,2,contradiction,0.9933318495750427,0.0006073461845517159,0.006060764659196138,0.9933318495750427,True,6f5cf0a2b59cabb106aca4c287eed12e357e90eb
506,339401,Several people are in an enclosed garden space while a young Black boy and another person hold onto a wooden frame of a raised plant bed.,There is only one person present.,2,contradiction,0.9997408986091614,5.268811582936905e-05,0.00020637773559428751,0.9997408986091614,True,6f5cf0a2b59cabb106aca4c287eed12e357e90eb
507,339454,"Ow, my head, you silly a-hole watch what you are doing next time.","Ow, you just punched me in the shoulder.",2,contradiction,0.9319962859153748,0.0006743346457369626,0.06732939928770065,0.9319962859153748,True,6f5cf0a2b59cabb106aca4c287eed12e357e90eb
508,340397,A man in a white outfit sings into a microphone.,The man is wearing a green outfit.,2,contradiction,0.9993459582328796,9.933653200278059e-05,0.0005547036416828632,0.9993459582328796,True,6f5cf0a2b59cabb106aca4c287eed12e357e90eb
509,340830,"Two individuals, in full fencing attire, with their masks on and the swords in their hands, fencing in the gym.","Two men, in full fencing attire, with their masks on and the swords in their hands, fencing in the gym.",1,neutral,0.9497272968292236,0.04573167860507965,0.9497272968292236,0.0045409612357616425,True,6f5cf0a2b59cabb106aca4c287eed12e357e90eb
510,341229,Two woman with white head coverings are gazing at a cellphone.,Two men with black head coverings are gazing at a cellphone.,2,contradiction,0.9993318915367126,8.136683754855767e-05,0.0005867484142072499,0.9993318915367126,True,6f5cf0a2b59cabb106aca4c287eed12e357e90eb
511,341509,"Two men dressed in matching blue uniforms, celebrate a victory.",the men are are their house sleeping,2,contradiction,0.9995684027671814,9.66925363172777e-05,0.00033489218913018703,0.9995684027671814,True,6f5cf0a2b59cabb106aca4c287eed12e357e90eb
512,341844,Several men traveling down a hill riding donkeys.,the men are at the restaurant eating,2,contradiction,0.9994044303894043,7.763507892377675e-05,0.0005179367726668715,0.9994044303894043,True,6f5cf0a2b59cabb106aca4c287eed12e357e90eb
513,342089,Children stand around water pipes awaiting clean water.,The men broke the water pipes and are waiting for the repairman.,2,contradiction,0.9993013143539429,3.93817899748683e-05,0.0006592935533262789,0.9993013143539429,True,6f5cf0a2b59cabb106aca4c287eed12e357e90eb
514,342956,"A male wearing a strange helmet covering face and head is seated on the accordion case in a street apparently blocked off, perhaps for a block party, while onlookers walk behind and listeners are seated in front in lawn chairs.",a boy in a head covering is next to a blocked road that's near a crowd of people sitting on chairs,0,entailment,0.9977397918701172,0.9977397918701172,0.0018350603058934212,0.0004251932550687343,True,6f5cf0a2b59cabb106aca4c287eed12e357e90eb
515,343438,A large amount of people using sleeping bags to sleep in front of a building.,A large amount of people sleeping.,0,entailment,0.9928386807441711,0.9928386807441711,0.006329979747533798,0.000831326877232641,True,6f5cf0a2b59cabb106aca4c287eed12e357e90eb
516,343889,A man catches a ball in front of a large crowd.,The football player caught the pass.,1,neutral,0.9960468411445618,0.0017497919034212828,0.9960468411445618,0.0022032628767192364,True,6f5cf0a2b59cabb106aca4c287eed12e357e90eb
517,344181,A boy contorts his face while holding an electronic device.,A boy has a cell phone.,1,neutral,0.9988605976104736,0.00048405007692053914,0.9988605976104736,0.0006554108113050461,True,6f5cf0a2b59cabb106aca4c287eed12e357e90eb
518,344451,A street performer smiles at two potential customers.,An upturned hat half filled with coins sits next to the street performer.,1,neutral,0.994032084941864,0.002691421890631318,0.994032084941864,0.00327644613571465,True,6f5cf0a2b59cabb106aca4c287eed12e357e90eb
519,344802,Three Asian women having a conversation.,Three white men are talking to each other.,2,contradiction,0.9996844530105591,5.7628320064395666e-05,0.00025796054978854954,0.9996844530105591,True,6f5cf0a2b59cabb106aca4c287eed12e357e90eb
520,344964,A man in a white shirt is sitting on a curb and reading a newspaper.,The man is going up an escalator.,2,contradiction,0.9995288848876953,4.821012407774106e-05,0.00042286282405257225,0.9995288848876953,True,6f5cf0a2b59cabb106aca4c287eed12e357e90eb
521,346374,"Two boys, one in a red and one in a white uniform, fight for control over the ball during a soccer match.",Two boys are playing basketball.,2,contradiction,0.9993866682052612,0.00024863972794264555,0.00036466901656240225,0.9993866682052612,True,6f5cf0a2b59cabb106aca4c287eed12e357e90eb
522,347590,A child is interacting with an electronics laboratory kit.,A child is bored and has no toys.,2,contradiction,0.9992235898971558,3.512772673275322e-05,0.0007412247359752655,0.9992235898971558,True,6f5cf0a2b59cabb106aca4c287eed12e357e90eb
523,349312,A man in mid- air while going down a sand-dune.,The man is skiing in the snow.,2,contradiction,0.9989191293716431,0.00021406146697700024,0.0008668249356560409,0.9989191293716431,True,6f5cf0a2b59cabb106aca4c287eed12e357e90eb
524,349463,A dark-skinned woman with a scarf on her head smiling with telephones hanging from the trees.,She is climbing the tree to get a better reception.,2,neutral,0.06863797456026077,0.002792862942442298,0.9285691976547241,0.06863797456026077,False,6f5cf0a2b59cabb106aca4c287eed12e357e90eb
525,349723,An older man in a blue hoodie is sitting down next to his bags.,A mann handing a cashier money.,2,contradiction,0.9987183809280396,5.5144519137684256e-05,0.0012265387922525406,0.9987183809280396,True,6f5cf0a2b59cabb106aca4c287eed12e357e90eb
526,350091,"Three girls dressed alike in plaid skirts and hats, green sweaters, and blue knee socks walk together.",The three girls are twins.,1,neutral,0.9834451079368591,0.004085332155227661,0.9834451079368591,0.012469579465687275,True,6f5cf0a2b59cabb106aca4c287eed12e357e90eb
527,350537,"Two men kick in the air at each other on a grassy area, while another man watches them in the background.",The men are outdoors.,1,entailment,0.014730377122759819,0.9838882684707642,0.014730377122759819,0.0013813613913953304,False,6f5cf0a2b59cabb106aca4c287eed12e357e90eb
528,351322,"There are two men on a ladder one is at the top handing down to the other guy the number ""O"" as this what they do for a living.",Two men are at office desks.,2,contradiction,0.9997043013572693,6.53436072752811e-05,0.00023036840138956904,0.9997043013572693,True,6f5cf0a2b59cabb106aca4c287eed12e357e90eb
529,351356,A black man in a white shirt is cooking on a commercial stove.,A man is preparing food on the commercial stove for the restaurant patrons.,1,neutral,0.9966030120849609,0.003103173105046153,0.9966030120849609,0.0002937657991424203,True,6f5cf0a2b59cabb106aca4c287eed12e357e90eb
530,351913,"With flowers in the foreground, a man in a blue striped shirt bikes past a large white building.",A man is biking outside.,0,entailment,0.9881287217140198,0.9881287217140198,0.010020175948739052,0.0018511614762246609,True,6f5cf0a2b59cabb106aca4c287eed12e357e90eb
531,352553,Two men are looking through the solar telescopes.,The men are trying to find Uranus.,1,neutral,0.9980188608169556,0.00039935350650921464,0.9980188608169556,0.0015817544190213084,True,6f5cf0a2b59cabb106aca4c287eed12e357e90eb
532,352765,A fluffy dog looking at a yellow chew toy.,A dog is near a toy.,0,entailment,0.9947056174278259,0.9947056174278259,0.004757593851536512,0.000536815554369241,True,6f5cf0a2b59cabb106aca4c287eed12e357e90eb
533,352989,A group of people near a fun house at a carnival.,A group of people near entrance at a carnival.,2,contradiction,0.6547496914863586,0.14831604063510895,0.19693423807621002,0.6547496914863586,True,6f5cf0a2b59cabb106aca4c287eed12e357e90eb
534,353921,Two men wearing dark pants and red shirts are leaping in-synch in front of a white building.,They crawl along,2,contradiction,0.9994876384735107,0.0001910469145514071,0.0003213141462765634,0.9994876384735107,True,6f5cf0a2b59cabb106aca4c287eed12e357e90eb
535,354675,A person sits outside at a table and rests their head in their hand.,A person is standing with the crowd at the festival concert.,2,contradiction,0.9996658563613892,4.9739039241103455e-05,0.00028447125805541873,0.9996658563613892,True,6f5cf0a2b59cabb106aca4c287eed12e357e90eb
536,355209,A girl dressed in black with a purse on her arm is smiling at a man in a room with lots of desserts on the table.,There is a girl dressed in light colored clothing frowning at a man.,2,contradiction,0.9995692372322083,8.737983444007114e-05,0.0003434245300013572,0.9995692372322083,True,6f5cf0a2b59cabb106aca4c287eed12e357e90eb
537,355550,A man walks on a fancy sidewalk next to an abandoned bar.,the man is going to meet a friend for drinks,1,neutral,0.9991564750671387,0.000309862254653126,0.9991564750671387,0.0005336339818313718,True,6f5cf0a2b59cabb106aca4c287eed12e357e90eb
538,356013,Three women in old-fashioned clothing stand in the street with a dog.,Women are standing.,0,entailment,0.9944912195205688,0.9944912195205688,0.004657937679439783,0.0008508163155056536,True,6f5cf0a2b59cabb106aca4c287eed12e357e90eb
539,356717,A skier is by himself in the woods.,A person is outside.,0,entailment,0.9947951436042786,0.9947951436042786,0.004540253430604935,0.0006645506364293396,True,6f5cf0a2b59cabb106aca4c287eed12e357e90eb
540,357578,Small child in green shorts and green shirt squatting and looking at something.,The child is standing up.,2,contradiction,0.9994580149650574,0.00021967271459288895,0.00032231310615316033,0.9994580149650574,True,6f5cf0a2b59cabb106aca4c287eed12e357e90eb
541,358703,The woman in a green sweater and the man with a cap are on the side of the road.,A husband and wife next to a road.,1,entailment,0.009694141335785389,0.9895198345184326,0.009694141335785389,0.0007859397446736693,False,6f5cf0a2b59cabb106aca4c287eed12e357e90eb
542,358861,"The football players wear purple pants, gold helmets and white jerseys.",The people are racing cars.,2,contradiction,0.9996488094329834,7.851774716982618e-05,0.0002727103710640222,0.9996488094329834,True,6f5cf0a2b59cabb106aca4c287eed12e357e90eb
543,359371,A group of men in hard hats traveling over the ocean in a small boat.,A group of men travel over an ocean.,0,entailment,0.9970421195030212,0.9970421195030212,0.002404722385108471,0.0005532013601623476,True,6f5cf0a2b59cabb106aca4c287eed12e357e90eb
544,359675,A man is taking a nap outdoors under the cover of a pink blanket.,A man is dead outdoors under the cover of a pink blanket.,1,contradiction,0.012632599100470543,0.0054751005955040455,0.012632599100470543,0.9818922877311707,False,6f5cf0a2b59cabb106aca4c287eed12e357e90eb
545,360401,A policeman in sunglasses and uniform with other policemen.,Two police officers are watching a suspect from afar.,1,neutral,0.9942470788955688,0.0011296466691419482,0.9942470788955688,0.004623252432793379,True,6f5cf0a2b59cabb106aca4c287eed12e357e90eb
546,360709,Three school boys posing under a blue umbrella.,The umbrella is red.,2,contradiction,0.9982041120529175,0.00041470438009127975,0.0013811145909130573,0.9982041120529175,True,6f5cf0a2b59cabb106aca4c287eed12e357e90eb
547,361537,Young boy staring excitedly at a leaf.,The boy looks at the veins that run along the leaf.,1,neutral,0.9993763566017151,0.0002878984378185123,0.9993763566017151,0.0003357466193847358,True,6f5cf0a2b59cabb106aca4c287eed12e357e90eb
548,361621,A woman wearing sunglasses and a black shirt is running on the beach.,A woman runs away from a lobster.,1,neutral,0.9944227337837219,0.0005135865649208426,0.9944227337837219,0.005063788499683142,True,6f5cf0a2b59cabb106aca4c287eed12e357e90eb
549,363227,a middle-aged man working on a dock.,A man is fixing a dock.,0,entailment,0.9731098413467407,0.9731098413467407,0.025814970955252647,0.0010750828078016639,True,6f5cf0a2b59cabb106aca4c287eed12e357e90eb
550,364369,A man and a woman are posing for a photo beside a rack of clothes.,A man and woman are sitting on a couch.,2,contradiction,0.9993535876274109,6.0817554185632616e-05,0.0005856349598616362,0.9993535876274109,True,6f5cf0a2b59cabb106aca4c287eed12e357e90eb
551,364429,A man and a woman are sitting on the grass together.,A man and a woman are in the park,1,neutral,0.9676528573036194,0.030188683420419693,0.9676528573036194,0.0021584334317594767,True,6f5cf0a2b59cabb106aca4c287eed12e357e90eb
552,366538,A woman in a hi-viz jacket is smiling at person carrying a stop sign in front of a crane.,A woman is smiling at someone.,0,entailment,0.9981886744499207,0.9981886744499207,0.0014755408046767116,0.00033583634649403393,True,6f5cf0a2b59cabb106aca4c287eed12e357e90eb
553,366985,A curly-haired woman plays the violin.,A woman is playing a stringed instrument.,0,entailment,0.9971497654914856,0.9971497654914856,0.002386491745710373,0.0004637605743482709,True,6f5cf0a2b59cabb106aca4c287eed12e357e90eb
554,369066,A man is standing while playing the drums for an audience.,A man is playing the piano.,2,contradiction,0.9990907907485962,0.00015858124243095517,0.0007506791735067964,0.9990907907485962,True,6f5cf0a2b59cabb106aca4c287eed12e357e90eb
555,369396,A man is reading a newspaper at a Chinese food store.,A teenage girl is standing on the table.,2,contradiction,0.9935770630836487,4.1744093323359266e-05,0.006381193175911903,0.9935770630836487,True,6f5cf0a2b59cabb106aca4c287eed12e357e90eb
556,369541,Five boy scouts performing on an indoor stage.,the boys are five,1,entailment,0.09175454080104828,0.9008983969688416,0.09175454080104828,0.007347100414335728,False,6f5cf0a2b59cabb106aca4c287eed12e357e90eb
557,369982,two wrestlers fighting in a rink with a referee in the backgroud,Some wrestlers are wrestling in a backyard championship match.,1,neutral,0.5404543280601501,0.00604123855009675,0.5404543280601501,0.45350441336631775,True,6f5cf0a2b59cabb106aca4c287eed12e357e90eb
558,371082,This is two black children dressed the same hugging.,Funny humans dressed,1,neutral,0.7027095556259155,0.29395586252212524,0.7027095556259155,0.0033345292322337627,True,6f5cf0a2b59cabb106aca4c287eed12e357e90eb
559,371632,A group of five people have picture taken while jumping in the air.,The people jump in the air when the picture is taken.,0,entailment,0.6213229298591614,0.6213229298591614,0.338794469833374,0.039882510900497437,True,6f5cf0a2b59cabb106aca4c287eed12e357e90eb
560,371860,"Brunette female wearing yellow bikini top, has large tattoo inked across her lower back, and a blue towel draped across her right shoulder.",A person in a black shirt and black shorts is holding a football.,2,contradiction,0.9965775609016418,8.477134542772546e-05,0.0033377092331647873,0.9965775609016418,True,6f5cf0a2b59cabb106aca4c287eed12e357e90eb
561,372611,A brown dog carries a multiple colored toy in the grass.,A dog is carrying colored toys.,0,entailment,0.9933757185935974,0.9933757185935974,0.005594499874860048,0.0010297412518411875,True,6f5cf0a2b59cabb106aca4c287eed12e357e90eb
562,372919,A woman with curly brown hair looks at a menu.,The woman has decided on what she wants to eat.,1,neutral,0.9944473505020142,0.0022019119933247566,0.9944473505020142,0.0033507829066365957,True,6f5cf0a2b59cabb106aca4c287eed12e357e90eb
563,373879,Adults and children are in a rooming dancing.,The clidren are watching a game,2,contradiction,0.9996262788772583,7.161768735386431e-05,0.00030205590883269906,0.9996262788772583,True,6f5cf0a2b59cabb106aca4c287eed12e357e90eb
564,374215,Amish guy plays golf and walks,An Amish man enjoying some golf.,1,entailment,0.011463276110589504,0.9879889488220215,0.011463276110589504,0.0005478080711327493,False,6f5cf0a2b59cabb106aca4c287eed12e357e90eb
565,374596,A group of people sitting in white plastic chairs are having a picnic.,All arrived at the picnic on foot.,1,neutral,0.9979286193847656,0.00028762180591002107,0.9979286193847656,0.0017837014747783542,True,6f5cf0a2b59cabb106aca4c287eed12e357e90eb
566,374679,A man leaning into a hole in the counter.,A man standing at the counter.,1,contradiction,0.004422362428158522,0.009578492492437363,0.004422362428158522,0.9859991669654846,False,6f5cf0a2b59cabb106aca4c287eed12e357e90eb
567,375404,An elderly man takes his dog for a walk near the water.,The elderly man is running with his dog.,2,contradiction,0.998579740524292,0.000621913350187242,0.0007983104442246258,0.998579740524292,True,6f5cf0a2b59cabb106aca4c287eed12e357e90eb
568,375602,"A man is standing in a white room, with the lights turned down, holding a detailed lantern with another hanging nearby.",A man is praying while holding a latern.,1,neutral,0.9945825934410095,0.0009922372410073876,0.9945825934410095,0.004425155930221081,True,6f5cf0a2b59cabb106aca4c287eed12e357e90eb
569,376513,People walk down the busy sidewalk.,People happily walk down the sidewalk.,1,neutral,0.9961410164833069,0.003093685721978545,0.9961410164833069,0.0007653638022020459,True,6f5cf0a2b59cabb106aca4c287eed12e357e90eb
570,376867,A dog with a muzzle is leading several other dogs in a race,The muzzled dog is really having fun.,1,neutral,0.9974184036254883,0.001457524485886097,0.9974184036254883,0.0011240647872909904,True,6f5cf0a2b59cabb106aca4c287eed12e357e90eb
571,377799,Older gentleman putting a powdery substance in a swimming pool.,The gentleman is 10 years old.,2,contradiction,0.9964756369590759,0.00010367972572566941,0.003420724766328931,0.9964756369590759,True,6f5cf0a2b59cabb106aca4c287eed12e357e90eb
572,377914,A woman in red is holding a microphone in front of a green background.,A woman in red holds a black kidney bean.,2,contradiction,0.9956269264221191,0.0001633739739190787,0.004209676757454872,0.9956269264221191,True,6f5cf0a2b59cabb106aca4c287eed12e357e90eb
573,378043,A surfer in the distance is at the base of the wave close to the shore.,A man surfs the internet at home.,2,contradiction,0.9996732473373413,5.535744639928453e-05,0.0002714217989705503,0.9996732473373413,True,6f5cf0a2b59cabb106aca4c287eed12e357e90eb
574,379691,People are watching a boy on a skateboard at the top of a skate ramp.,People are watching a girl on a skateboard at the top of a skate ramp.,2,contradiction,0.9989246726036072,0.00020045068231411278,0.0008748256368562579,0.9989246726036072,True,6f5cf0a2b59cabb106aca4c287eed12e357e90eb
575,381415,Two men in magenta costumes performing.,Two men are putting on a large show.,1,neutral,0.9973044395446777,0.0018399921245872974,0.9973044395446777,0.0008554734522476792,True,6f5cf0a2b59cabb106aca4c287eed12e357e90eb
576,381818,Two men juggling in front of a group of people.,Two men juggling in fornt of group of people to attract them.,1,neutral,0.9964345693588257,0.002812149003148079,0.9964345693588257,0.0007533596362918615,True,6f5cf0a2b59cabb106aca4c287eed12e357e90eb
577,382061,There is a child wearing an orange shirt and hold an orange book.,There is a child wearing a shirt and holding a book.,0,entailment,0.9963991641998291,0.9963991641998291,0.0024463890586048365,0.0011544226435944438,True,6f5cf0a2b59cabb106aca4c287eed12e357e90eb
578,383277,A man in a white shirt is playing a saxophone on a stage.,the guy in the white shirt is playing music on this sax that he is renting,1,neutral,0.9988007545471191,0.0004709699423983693,0.9988007545471191,0.0007282419828698039,True,6f5cf0a2b59cabb106aca4c287eed12e357e90eb
579,383368,A man in an orange shirt and black cap is standing in front of a stage with several women dancing.,A man dancing with women on stage.,2,contradiction,0.9444877505302429,0.03831947594881058,0.01719275675714016,0.9444877505302429,True,6f5cf0a2b59cabb106aca4c287eed12e357e90eb
580,384316,A man and a woman are sleeping on a mode of public transportation.,Everyone is awake riding the bus.,2,contradiction,0.9994187355041504,0.0001719219289952889,0.0004093165334779769,0.9994187355041504,True,6f5cf0a2b59cabb106aca4c287eed12e357e90eb
581,385656,A man playing drums on upside down jugs.,The jugs the man is playing on are very big.,1,neutral,0.9992802739143372,0.00035785784712061286,0.9992802739143372,0.0003618664632085711,True,6f5cf0a2b59cabb106aca4c287eed12e357e90eb
582,387067,"A woman is running on a gravel path, while another woman in a green shirt is cheering.",A woman in shorts is running.,1,neutral,0.9974660873413086,0.0009723490802571177,0.9974660873413086,0.0015616376185789704,True,6f5cf0a2b59cabb106aca4c287eed12e357e90eb
583,388849,An elderly man with a beard in a dark suit is walking through a rainy city.,A young man is dancing in the streets on a sunny day.,2,contradiction,0.9996663331985474,3.965823634644039e-05,0.00029396539321169257,0.9996663331985474,True,6f5cf0a2b59cabb106aca4c287eed12e357e90eb
584,389488,three children in a field with white flowers,Three people sit in the grass.,0,contradiction,0.018055835738778114,0.018055835738778114,0.04421476274728775,0.9377293586730957,False,6f5cf0a2b59cabb106aca4c287eed12e357e90eb
585,389577,A man in a nun costume has a cigarette in his mouth.,A person wear a costume.,0,entailment,0.9969184398651123,0.9969184398651123,0.0026332854758948088,0.00044826342491433024,True,6f5cf0a2b59cabb106aca4c287eed12e357e90eb
586,390330,"A woman in a white shirt, with a red bandanna holding the end of a sign post.",A woman with a red shirt and a bandana is shopping at the mall.,2,contradiction,0.9977604150772095,0.00013454172585625201,0.0021050572395324707,0.9977604150772095,True,6f5cf0a2b59cabb106aca4c287eed12e357e90eb
587,393497,A chef in white clothes is putting something into a brick oven.,A chef in white clothes is putting a pizza into a brick oven.,1,neutral,0.9991994500160217,0.0004817914159502834,0.9991994500160217,0.0003187135444022715,True,6f5cf0a2b59cabb106aca4c287eed12e357e90eb
588,394495,Men and women competing in a marathon.,The men and women are at the end of the marathon.,1,contradiction,0.1128077581524849,0.0008582540322095156,0.1128077581524849,0.8863340020179749,False,6f5cf0a2b59cabb106aca4c287eed12e357e90eb
589,394608,A lady in a yellow shirt adjusts her sunglasses.,The lady is adjusting her hat.,2,contradiction,0.9979939460754395,0.0008480901014991105,0.0011579669080674648,0.9979939460754395,True,6f5cf0a2b59cabb106aca4c287eed12e357e90eb
590,394965,There is a man and a woman sitting on lawn chairs next to a skate park with a group of guys on bicycles in the background and a woman with a child in a stroller on the side of the picture.,A group of people outdoors.,0,entailment,0.9940624833106995,0.9940624833106995,0.005511309485882521,0.0004262338625267148,True,6f5cf0a2b59cabb106aca4c287eed12e357e90eb
591,396067,A girl wearing a blue shirt fixing her hair while looking into a pink mirror.,A girl with blonde hair in front of a mirror.,1,neutral,0.9959322810173035,0.0018378408858552575,0.9959322810173035,0.0022299292031675577,True,6f5cf0a2b59cabb106aca4c287eed12e357e90eb
592,396269,A man tends to his laptop in what appears to be a slideshow of sorts.,A man runs a slideshow.,0,entailment,0.9610706567764282,0.9610706567764282,0.03073210082948208,0.008197225630283356,True,6f5cf0a2b59cabb106aca4c287eed12e357e90eb
593,396554,"A child in a coat and hat is standing in a yellow doorway, and a woman in a coat and hat is standing outside, holding a cup.",The door is open.,0,entailment,0.8252729177474976,0.8252729177474976,0.16520273685455322,0.00952425878494978,True,6f5cf0a2b59cabb106aca4c287eed12e357e90eb
594,397864,A young boy listens to music through headphones in front of a kitchen.,A young boy listens to rock music.,1,neutral,0.9992460012435913,0.00033218454336747527,0.9992460012435913,0.00042177081923000515,True,6f5cf0a2b59cabb106aca4c287eed12e357e90eb
595,398189,"A person is standing at the top of a large, rolling sand dune.",She was stranded in the desert.,2,neutral,0.004748709965497255,0.004618606064468622,0.9906326532363892,0.004748709965497255,False,6f5cf0a2b59cabb106aca4c287eed12e357e90eb
596,398883,A man and woman reenact a scene of a statue.,A man and woman eat at a restaurant.,2,contradiction,0.9969071745872498,0.00012277248606551439,0.002970032161101699,0.9969071745872498,True,6f5cf0a2b59cabb106aca4c287eed12e357e90eb
597,399855,A girl blows into a large yellow balloon.,a girl has a balloon,0,entailment,0.8535900115966797,0.8535900115966797,0.10478609800338745,0.04162387177348137,True,6f5cf0a2b59cabb106aca4c287eed12e357e90eb
598,400206,Two young girls have fun in an ice skating rink.,The girls are wearing tights.,1,neutral,0.9995505213737488,0.00018843007273972034,0.9995505213737488,0.00026101688854396343,True,6f5cf0a2b59cabb106aca4c287eed12e357e90eb
599,400731,A group of children is performing a concert outside.,A group of children is performing outside.,0,entailment,0.9974445104598999,0.9974445104598999,0.002070888178423047,0.00048471151967532933,True,6f5cf0a2b59cabb106aca4c287eed12e357e90eb
600,400864,A person has just thrown a snowball and hit someone in the back.,A person was outside playing a threw something.,1,neutral,0.9583387970924377,0.03915482014417648,0.9583387970924377,0.0025064023211598396,True,6f5cf0a2b59cabb106aca4c287eed12e357e90eb
601,402508,Someone doing a jump on a dirt bike in the woods.,A person is jumping on the dirt bike.,0,entailment,0.9976575374603271,0.9976575374603271,0.0019416187424212694,0.00040082779014483094,True,6f5cf0a2b59cabb106aca4c287eed12e357e90eb
602,403554,A man in checkered pants rides a unicycle down the street while juggling for a crowd.,A man in clown make-up performs stunts for a crowd.,1,neutral,0.9148843288421631,0.023235276341438293,0.9148843288421631,0.061880435794591904,True,6f5cf0a2b59cabb106aca4c287eed12e357e90eb
603,403976,People are sitting at a park under flowering trees.,The people are standing in the desert.,2,contradiction,0.9997472167015076,6.788700557081029e-05,0.0001849288964876905,0.9997472167015076,True,6f5cf0a2b59cabb106aca4c287eed12e357e90eb
604,404415,"A man taking a photograph, holding a postcard",There is a man holding a post card.,0,entailment,0.995964527130127,0.995964527130127,0.003306805854663253,0.0007286610780283809,True,6f5cf0a2b59cabb106aca4c287eed12e357e90eb
605,405381,"A child in a red jacket, sitting atop a slide.",A child is sliding down a waterslide,2,neutral,0.21296705305576324,0.2614496052265167,0.5255833864212036,0.21296705305576324,False,6f5cf0a2b59cabb106aca4c287eed12e357e90eb
606,407270,A man standing next to a women's restroom in an orange shirt.,The man's wife is in the restroom.,1,neutral,0.9988237023353577,0.00022714318765792996,0.9988237023353577,0.0009490624652244151,True,6f5cf0a2b59cabb106aca4c287eed12e357e90eb
607,407321,Several people are walking on a sidewalk while one person is laying down.,a person is laying down because he is having a heart attack,1,neutral,0.9973529577255249,0.0003210299473721534,0.9973529577255249,0.002326032379642129,True,6f5cf0a2b59cabb106aca4c287eed12e357e90eb
608,411654,"A group of people are sitting around a large white banner that says ""From New York.""",There is a group of people sitting around a large white banner.,0,entailment,0.9978271126747131,0.9978271126747131,0.0017904937267303467,0.0003824571322184056,True,6f5cf0a2b59cabb106aca4c287eed12e357e90eb
609,412899,A child holding some shoes.,The child is tying the shoelaces on his shoes.,2,neutral,0.0013670887565240264,0.0010370101081207395,0.9975958466529846,0.0013670887565240264,False,6f5cf0a2b59cabb106aca4c287eed12e357e90eb
610,413131,A man in a white shirt is working on a laptop while another man in a black shirt points to something on the screen with a pen.,The men are coworkers.,1,neutral,0.9985820055007935,0.001029357546940446,0.9985820055007935,0.00038865910028107464,True,6f5cf0a2b59cabb106aca4c287eed12e357e90eb
611,413141,three young woman walking down a sidewalk looking up,Three young women walk outside.,0,entailment,0.9722551703453064,0.9722551703453064,0.026029977947473526,0.0017148724291473627,True,6f5cf0a2b59cabb106aca4c287eed12e357e90eb
612,415665,A girl with yellow sunglasses is laying on the ground with a girl wearing brown sunglasses.,sisters lay on the ground,1,neutral,0.9895109534263611,0.0046293726190924644,0.9895109534263611,0.005859583616256714,True,6f5cf0a2b59cabb106aca4c287eed12e357e90eb
613,416052,Man carries empty Coke bottles on his head across dirt road.,Man carries empty Coke bottles outside.,0,entailment,0.9087825417518616,0.9087825417518616,0.07586287707090378,0.01535460539162159,True,6f5cf0a2b59cabb106aca4c287eed12e357e90eb
614,417237,"Several people sitting, relaxing in the snow.",The people are outdoors.,0,entailment,0.9663259387016296,0.9663259387016296,0.03232245147228241,0.0013515256578102708,True,6f5cf0a2b59cabb106aca4c287eed12e357e90eb
615,418334,A pedicab driving sitting on the side and waiting for his next customer.,The cab is waiting for a customer.,0,entailment,0.9950491786003113,0.9950491786003113,0.00414552167057991,0.0008052894845604897,True,6f5cf0a2b59cabb106aca4c287eed12e357e90eb
616,418639,"At a brick-floored area near the beach, a middle-aged white man surrounded by a white family is sitting and painting a portrait of someone.",A woman is drawing dogs at the beach.,2,contradiction,0.9993127584457397,4.776826608576812e-05,0.0006394893280230463,0.9993127584457397,True,6f5cf0a2b59cabb106aca4c287eed12e357e90eb
617,420064,A police officer on a motorcycle talking to two men on a cobblestone street.,A motorbike cop interrogates two men on a street.,1,entailment,0.05172386392951012,0.9477365612983704,0.05172386392951012,0.0005395440384745598,False,6f5cf0a2b59cabb106aca4c287eed12e357e90eb
618,421310,"A person, whose face is blocked, is working on a large wooden loom.","A person, whose face is blocked, is working on a wooden loom.",0,entailment,0.9957113265991211,0.9957113265991211,0.003639589063823223,0.000648986198939383,True,6f5cf0a2b59cabb106aca4c287eed12e357e90eb
619,422758,A man dressed in a green jacket is playing piano while a woman sings.,A man is burning a piano.,2,contradiction,0.9988296627998352,0.00018579263996798545,0.000984590733423829,0.9988296627998352,True,6f5cf0a2b59cabb106aca4c287eed12e357e90eb
620,423126,A crane is hoisting someone up next to a building.,The crane is lifting up a car.,2,contradiction,0.9993797540664673,0.00010420147737022489,0.0005160283180885017,0.9993797540664673,True,6f5cf0a2b59cabb106aca4c287eed12e357e90eb
621,423518,A magician performs with a burning bar placed in his front on the floor while the crowd watches closely.,The magician burns himself.,1,contradiction,0.44881385564804077,0.049929432570934296,0.44881385564804077,0.5012566447257996,False,6f5cf0a2b59cabb106aca4c287eed12e357e90eb
622,424045,A man sits under an umbrella beside a pond while he works.,A woman is swimming in a pool.,2,contradiction,0.9982548356056213,4.548276410787366e-05,0.0016997175989672542,0.9982548356056213,True,6f5cf0a2b59cabb106aca4c287eed12e357e90eb
623,424612,Two female bikers pose on a bridge as other riders travel by in a marathon.,"The two woman are repelling down a rock face, attempting to get to the bottom of the rock wall.",2,contradiction,0.9991752505302429,9.358601528219879e-05,0.0007311613881029189,0.9991752505302429,True,6f5cf0a2b59cabb106aca4c287eed12e357e90eb
624,425301,Teenage girls in a dance recital.,The high school dance team put on a great show.,1,neutral,0.9944708347320557,0.004858293104916811,0.9944708347320557,0.0006708457367494702,True,6f5cf0a2b59cabb106aca4c287eed12e357e90eb
625,426181,Lady wearing spectacles points camera with some trepidation.,A lady is holding a camera.,0,entailment,0.9818992614746094,0.9818992614746094,0.015287428162992,0.002813362516462803,True,6f5cf0a2b59cabb106aca4c287eed12e357e90eb
626,426473,A little boy in a bright green field has kicked a soccer ball very high in the air.,A boy watches soccer on TV at his house.,2,contradiction,0.99857497215271,6.522062903968617e-05,0.00135984702501446,0.99857497215271,True,6f5cf0a2b59cabb106aca4c287eed12e357e90eb
627,426484,"A man resting in a blue hammock, boots and pack off, as he looks out over a flowing river.",A man is outside.,0,entailment,0.9786408543586731,0.9786408543586731,0.017183560878038406,0.004175621550530195,True,6f5cf0a2b59cabb106aca4c287eed12e357e90eb
628,426839,Two women on the patio having drinks.,Two women have drinks on the deck.,0,entailment,0.9848479628562927,0.9848479628562927,0.013526570983231068,0.0016255028313025832,True,6f5cf0a2b59cabb106aca4c287eed12e357e90eb
629,427833,A little girl in a white jacket holding a piglet toy.,The little girl is caucasian.,1,neutral,0.959830105304718,0.037286266684532166,0.959830105304718,0.0028836822602897882,True,6f5cf0a2b59cabb106aca4c287eed12e357e90eb
630,428056,A construction worker in a neon vest is working with electrical equipment while sparks fly.,A construction worker is on his lunch break,2,contradiction,0.9827812314033508,0.00011230822565266863,0.017106490209698677,0.9827812314033508,True,6f5cf0a2b59cabb106aca4c287eed12e357e90eb
631,429004,Two women observing a fountain in a park.,two women dig up their yard for a garden,2,contradiction,0.9978576302528381,0.0001542855316074565,0.0019880530890077353,0.9978576302528381,True,6f5cf0a2b59cabb106aca4c287eed12e357e90eb
632,430526,A skilled surfer rides a very large wave;,The surfer is sitting in the sand.,2,contradiction,0.9994837045669556,7.409349200315773e-05,0.0004421182384248823,0.9994837045669556,True,6f5cf0a2b59cabb106aca4c287eed12e357e90eb
633,431648,"A young woman in a striped sweater, knitted hat and jeans and wearing a black winter coat is ice skating at a rink with several other young women.",The woman in the sweater was rollerblading.,2,contradiction,0.9991962313652039,0.00016968393174465746,0.0006340888212434947,0.9991962313652039,True,6f5cf0a2b59cabb106aca4c287eed12e357e90eb
634,431938,A woman talks on a cellphone on an Asian market street.,A woman is sleeping.,2,contradiction,0.9997377991676331,5.579687422141433e-05,0.00020641114679165184,0.9997377991676331,True,6f5cf0a2b59cabb106aca4c287eed12e357e90eb
635,431953,A man and a woman are walking in a street.,a man and a woman walk down the street,0,entailment,0.9761167764663696,0.9761167764663696,0.02288231812417507,0.0010009222896769643,True,6f5cf0a2b59cabb106aca4c287eed12e357e90eb
636,432209,A woman in a brown flowered tank top dances with a puppet,A woman is sleeping on the street.,2,contradiction,0.999560534954071,6.958346057217568e-05,0.000369853078154847,0.999560534954071,True,6f5cf0a2b59cabb106aca4c287eed12e357e90eb
637,433659,A man riding a horse is chasing after a young cow with a lasso.,a lasso is being used on a pig,2,contradiction,0.9992503523826599,0.00012499195872806013,0.0006246684351935983,0.9992503523826599,True,6f5cf0a2b59cabb106aca4c287eed12e357e90eb
638,436878,A person does a trick on a skateboard.,Trick on skateborad by a young boy in a busy traffic,2,neutral,0.0005146695766597986,0.0006231802981346846,0.9988621473312378,0.0005146695766597986,False,6f5cf0a2b59cabb106aca4c287eed12e357e90eb
639,437702,A person swims in a pool by a waterfall.,A person is near the waterfall.,0,entailment,0.9935575127601624,0.9935575127601624,0.00565400579944253,0.0007884877850301564,True,6f5cf0a2b59cabb106aca4c287eed12e357e90eb
640,438773,"Man and woman looking surprised, with the man holding headphones.","They looked surprised, holding the headphones.",0,entailment,0.7916012406349182,0.7916012406349182,0.06892023235559464,0.13947845995426178,True,6f5cf0a2b59cabb106aca4c287eed12e357e90eb
641,439665,"A man dressed in a red t-shirt and blue jeans eats food he's holding in his hand, as he walks along a busy sidewalk, with an antique-style sign advertising wedding rings on the right-hand side of the picture.",A man in a suit holds a briefcase as he walks along an empty sidewalk.,2,contradiction,0.9996262788772583,3.554182330844924e-05,0.00033815723145380616,0.9996262788772583,True,6f5cf0a2b59cabb106aca4c287eed12e357e90eb
642,441211,Three dogs pull a sled during a race in the snow.,Four dogs are winning a sled race.,2,contradiction,0.9975579977035522,9.77949021034874e-05,0.0023441750090569258,0.9975579977035522,True,6f5cf0a2b59cabb106aca4c287eed12e357e90eb
643,441240,four men looking at a large sign.,The men are watching sports.,2,neutral,0.02940448373556137,0.0007850383990444243,0.9698105454444885,0.02940448373556137,False,6f5cf0a2b59cabb106aca4c287eed12e357e90eb
644,441625,Three teenage boys sitting down talking and fixing their shoes.,Three schoolboys take time out from soccer practice to talk,1,neutral,0.9986316561698914,0.0008760762284509838,0.9986316561698914,0.0004922883817926049,True,6f5cf0a2b59cabb106aca4c287eed12e357e90eb
645,441649,A small boy in a white shirt is jumping with a sword in his hand.,Boys holding sword,0,entailment,0.9400140047073364,0.9400140047073364,0.05588836222887039,0.004097677767276764,True,6f5cf0a2b59cabb106aca4c287eed12e357e90eb
646,442027,A child in an orange t-shirt is riding a green bike beside a pathway.,A man wearing a red shirt riding a cow.,2,contradiction,0.9992687106132507,3.645520700956695e-05,0.0006948501104488969,0.9992687106132507,True,6f5cf0a2b59cabb106aca4c287eed12e357e90eb
647,442332,A man in a gray t-shirt walks down a public street past a pair of tall office buildings.,A man is unable to walk.,2,contradiction,0.9997001886367798,7.305603503482416e-05,0.0002267624222440645,0.9997001886367798,True,6f5cf0a2b59cabb106aca4c287eed12e357e90eb
648,442910,A person wearing a gray sweatshirt and tennis shoes is sitting on something.,A person dust lint off his suit.,2,contradiction,0.9866107106208801,0.00039318777271546423,0.01299616415053606,0.9866107106208801,True,6f5cf0a2b59cabb106aca4c287eed12e357e90eb
649,443307,"In a tilted picture, two boys in a poor country run towards a doorway.",Two boys wearing blue run toward a doorway in a picture.,1,neutral,0.9994198083877563,0.00034529026015661657,0.9994198083877563,0.00023498048540204763,True,6f5cf0a2b59cabb106aca4c287eed12e357e90eb
650,445694,A person riding a horse trying to rope a calf that is running from them.,A person is competing at a rodeo.,1,neutral,0.9665780663490295,0.020489497110247612,0.9665780663490295,0.01293238066136837,True,6f5cf0a2b59cabb106aca4c287eed12e357e90eb
651,445900,Several men are tinkering with radio controlled items.,Some people are maneuvering radio controlled gadgets.,0,entailment,0.9962111711502075,0.9962111711502075,0.0034832600504159927,0.0003055251145269722,True,6f5cf0a2b59cabb106aca4c287eed12e357e90eb
652,446052,A man on a white surfboard in the ocean riding the waves.,A surfer is standing on his board in the water.,0,entailment,0.9937751293182373,0.9937751293182373,0.0055419388227164745,0.0006829206831753254,True,6f5cf0a2b59cabb106aca4c287eed12e357e90eb
653,447248,An Asian man makes calligraphy on a green table with newspaper on it.,A man is drawing.,0,entailment,0.8958956003189087,0.8958956003189087,0.043473660945892334,0.060630831867456436,True,6f5cf0a2b59cabb106aca4c287eed12e357e90eb
654,448081,There is a husband and wife outside of a small shop taking pictures of a baby camel.,The baby camel is inside of the shop.,1,contradiction,0.0010648334864526987,0.0002494323707651347,0.0010648334864526987,0.9986857771873474,False,6f5cf0a2b59cabb106aca4c287eed12e357e90eb
655,448093,"A security guard stands by a metal, lighted sculpture.",A person guards a sculpture.,0,entailment,0.996647298336029,0.996647298336029,0.0028461467009037733,0.0005065426812507212,True,6f5cf0a2b59cabb106aca4c287eed12e357e90eb
656,448470,A man wearing a helmet has his hand up in the air and is shouting in a similar way the crowd behind his doing.,A man leads others in a chant.,1,entailment,0.3759438097476959,0.6181320548057556,0.3759438097476959,0.005924067460000515,False,6f5cf0a2b59cabb106aca4c287eed12e357e90eb
657,448551,The bull is running with a yellow fence behind him.,A bull is running through an open field chasing a cow.,1,contradiction,0.0026514967903494835,0.00020739910542033613,0.0026514967903494835,0.9971411228179932,False,6f5cf0a2b59cabb106aca4c287eed12e357e90eb
658,449726,Two young blond-haired children are laying in their sleeping bags.,Their hair is red.,2,contradiction,0.9988306164741516,0.00024212362768594176,0.000927228422369808,0.9988306164741516,True,6f5cf0a2b59cabb106aca4c287eed12e357e90eb
659,450435,People ordering food from a lunch cart outside.,The lunch cart is mexican food.,1,neutral,0.9985629916191101,0.00038595168734900653,0.9985629916191101,0.0010511195287108421,True,6f5cf0a2b59cabb106aca4c287eed12e357e90eb
660,450767,A young woman dances to the delight of a group of children.,A woman is holding 3 children.,2,neutral,0.04492338374257088,0.000357020617229864,0.9547195434570312,0.04492338374257088,False,6f5cf0a2b59cabb106aca4c287eed12e357e90eb
661,450897,A chef is preparing some food.,In the kitchen the man washes dishes.,2,contradiction,0.9969047904014587,0.0005304565420374274,0.0025647778529673815,0.9969047904014587,True,6f5cf0a2b59cabb106aca4c287eed12e357e90eb
662,450940,A boy in a sports uniform chasing a soccer ball,A boy is playing.,1,entailment,0.040212780237197876,0.9564090967178345,0.040212780237197876,0.0033781055826693773,False,6f5cf0a2b59cabb106aca4c287eed12e357e90eb
663,452118,Two men play the guitar while on a boat.,Two men on a boat play their guitars together.,0,entailment,0.5267757773399353,0.5267757773399353,0.470298171043396,0.0029260688461363316,True,6f5cf0a2b59cabb106aca4c287eed12e357e90eb
664,453097,A group of people are running a race.,The people are almost to the finish line.,1,neutral,0.9975109100341797,0.002174197696149349,0.9975109100341797,0.000314900855300948,True,6f5cf0a2b59cabb106aca4c287eed12e357e90eb
665,455935,A man wearing orange reflective clothing and a red hard hat shovels watery mud next to a low cement wall.,The man is a repairman.,1,neutral,0.6307600736618042,0.0012152368435636163,0.6307600736618042,0.36802467703819275,True,6f5cf0a2b59cabb106aca4c287eed12e357e90eb
666,456117,Three women in a hospital.,the skateboard was black,1,neutral,0.9936884045600891,0.004236814100295305,0.9936884045600891,0.002074717078357935,True,6f5cf0a2b59cabb106aca4c287eed12e357e90eb
667,456266,A guy lifts some heavy weights while an older man assists him.,A man helping another man bench press.,1,neutral,0.9930018782615662,0.005880606360733509,0.9930018782615662,0.0011175149120390415,True,6f5cf0a2b59cabb106aca4c287eed12e357e90eb
668,456761,"Three dogs run on beach, two playing with unknown object.",Three dogs are swimming in the ocean.,2,contradiction,0.9994820952415466,5.920667535974644e-05,0.0004586917639244348,0.9994820952415466,True,6f5cf0a2b59cabb106aca4c287eed12e357e90eb
669,456772,Two large white dogs and one large tan dog in a red collar run along a beach.,Three dogs are lying in the grass in the shade.,2,contradiction,0.9734965562820435,0.00546967564150691,0.021033812314271927,0.9734965562820435,True,6f5cf0a2b59cabb106aca4c287eed12e357e90eb
670,457878,A girl doing something on her cellphone.,There is a person with a telecommunications device.,0,entailment,0.9960917830467224,0.9960917830467224,0.0035621868446469307,0.00034604532993398607,True,6f5cf0a2b59cabb106aca4c287eed12e357e90eb
671,457899,A woman in a red dress and a man in a white suite are engaging in a ballet performance on a purple lit stage.,A man and woman are dancing.,0,entailment,0.9944114089012146,0.9944114089012146,0.004436814691871405,0.0011518108658492565,True,6f5cf0a2b59cabb106aca4c287eed12e357e90eb
672,458599,A closeup of a man riding his bicycle through the forest.,A man is riding his bicycle in the forest to exercise.,1,neutral,0.9978860020637512,0.0017052264884114265,0.9978860020637512,0.000408749416237697,True,6f5cf0a2b59cabb106aca4c287eed12e357e90eb
673,458628,Two young girls one blond one brunette are puckering there lips and showing a peace sign with there fingers.,The girls have no fingers.,2,contradiction,0.9996150732040405,0.0001102697424357757,0.0002745926904026419,0.9996150732040405,True,6f5cf0a2b59cabb106aca4c287eed12e357e90eb
674,459828,Young girl jumping off a swing.,Someone is jumping.,0,entailment,0.9872714877128601,0.9872714877128601,0.010979698970913887,0.0017488425364717841,True,6f5cf0a2b59cabb106aca4c287eed12e357e90eb
675,461143,A woman in a white shirt sitting on a gray bench in front of a wall with graffiti written on it.,A person in a white shirt swimming in a lake.,2,contradiction,0.999292254447937,6.0544385632965714e-05,0.0006471662782132626,0.999292254447937,True,6f5cf0a2b59cabb106aca4c287eed12e357e90eb
676,463262,A brown and black dog approaching a red ball.,The ball attracted the dog's attention.,0,neutral,0.4063977003097534,0.4063977003097534,0.5925682783126831,0.0010340537410229445,False,6f5cf0a2b59cabb106aca4c287eed12e357e90eb
677,463559,"A woman is jogging on a road by a shoreline, holding an item up in the air.",The woman is holding a rock.,1,neutral,0.996781587600708,0.0003146069939248264,0.996781587600708,0.002903713844716549,True,6f5cf0a2b59cabb106aca4c287eed12e357e90eb
678,463572,A man is selling water and lemonade at a stand.,a vendor is selling lemonade.,1,entailment,0.003943721763789654,0.9953861832618713,0.003943721763789654,0.0006700890953652561,False,6f5cf0a2b59cabb106aca4c287eed12e357e90eb
679,463687,Children are playing outside in a rocky area beside a river.,Children are playing oustide with their parents.,1,neutral,0.9972471594810486,0.00043351747444830835,0.9972471594810486,0.0023192272055894136,True,6f5cf0a2b59cabb106aca4c287eed12e357e90eb
680,464513,A small kid wearing a helmet smiles while his father is doing some adjustment at its back.,The kid is flying through the sky wearing a cape.,2,contradiction,0.9989025592803955,6.0165475588291883e-05,0.0010373039403930306,0.9989025592803955,True,6f5cf0a2b59cabb106aca4c287eed12e357e90eb
681,464854,Little boy pushing another little boy up the pole.,There are two boys.,0,entailment,0.9669817090034485,0.9669817090034485,0.02990739606320858,0.003110845573246479,True,6f5cf0a2b59cabb106aca4c287eed12e357e90eb
682,464901,A man wearing a colorful suit sits on a sidewalk playing a basset horn to collect money.,A man juggles on the street.,2,contradiction,0.9843907952308655,0.0034886037465184927,0.01212065014988184,0.9843907952308655,True,6f5cf0a2b59cabb106aca4c287eed12e357e90eb
683,466557,Woman walking on a puddle of water.,A woman with wet Nike sneakers.,1,neutral,0.9988013505935669,0.0007271667709574103,0.9988013505935669,0.0004715292889159173,True,6f5cf0a2b59cabb106aca4c287eed12e357e90eb
684,467470,A group of people are sitting on the top of a boat.,The people are swimming,2,contradiction,0.9991703033447266,0.00018923993047792464,0.000640515296254307,0.9991703033447266,True,6f5cf0a2b59cabb106aca4c287eed12e357e90eb
685,467865,Two players in red white and blue football uniforms squat down on the field.,Two players in red white and blue football uniforms squat down on the field and holding their helmets.,0,neutral,0.0009828354232013226,0.0009828354232013226,0.9985899329185486,0.00042719810153357685,False,6f5cf0a2b59cabb106aca4c287eed12e357e90eb
686,468548,A class of students all doing different actions.,A class of students working on one math problem.,2,contradiction,0.9828447103500366,9.87897437880747e-05,0.017056522890925407,0.9828447103500366,True,6f5cf0a2b59cabb106aca4c287eed12e357e90eb
687,469856,The men are talking to the person in the police van.,There is a criminal in the back of a police van.,1,neutral,0.9932206869125366,0.0023615628015249968,0.9932206869125366,0.0044177379459142685,True,6f5cf0a2b59cabb106aca4c287eed12e357e90eb
688,470247,A man with a yellow hat on is leaning on a wall of some sort.,someone with a yellow hat leans,0,entailment,0.9961732029914856,0.9961732029914856,0.0032509444281458855,0.0005758192855864763,True,6f5cf0a2b59cabb106aca4c287eed12e357e90eb
689,470257,A child wearing a green shirt and blowing bubbles.,A child in green is playing baseball.,2,contradiction,0.9557705521583557,0.0011028861626982689,0.04312657564878464,0.9557705521583557,True,6f5cf0a2b59cabb106aca4c287eed12e357e90eb
690,472747,Young boy delivers a jumping martial arts kick.,The boy practices martial arts.,0,entailment,0.9079321026802063,0.9079321026802063,0.09110989421606064,0.0009579522884450853,True,6f5cf0a2b59cabb106aca4c287eed12e357e90eb
691,472789,A young boy points a toy rifle off-camera.,A boy is holding a sword.,2,contradiction,0.9994661211967468,6.785594450775534e-05,0.00046608500997535884,0.9994661211967468,True,6f5cf0a2b59cabb106aca4c287eed12e357e90eb
692,473855,There is a person sitting on a plastic blow-up float in the high piled snow.,The person is outdoors.,0,entailment,0.9745338559150696,0.9745338559150696,0.023794015869498253,0.001672203652560711,True,6f5cf0a2b59cabb106aca4c287eed12e357e90eb
693,474441,A baby decides to pack himself away in a suitcase.,A baby ends up in a suitcase and is promptly discovered.,1,neutral,0.7920781970024109,0.0015925373882055283,0.7920781970024109,0.20632927119731903,True,6f5cf0a2b59cabb106aca4c287eed12e357e90eb
694,474740,A man in white is playing a black accordion.,man plays accordion,0,entailment,0.9941936135292053,0.9941936135292053,0.00501635205000639,0.0007900309283286333,True,6f5cf0a2b59cabb106aca4c287eed12e357e90eb
695,475013,The racer zooms past the wooded area leaving a cloud of dust.,The car is fast.,1,entailment,0.05854175612330437,0.9403695464134216,0.05854175612330437,0.0010886683594435453,False,6f5cf0a2b59cabb106aca4c287eed12e357e90eb
696,475232,A guy snowboarding down a pole that is on top of a blue vehicle into the snow.,A man performs snowboard stunts in a scored event.,1,neutral,0.876193106174469,0.12052416056394577,0.876193106174469,0.0032828047405928373,True,6f5cf0a2b59cabb106aca4c287eed12e357e90eb
697,475671,The people are standing outside after a wedding.,It was a wedding for two Indian people,1,neutral,0.9995456337928772,0.00020284285710658878,0.9995456337928772,0.0002514959778636694,True,6f5cf0a2b59cabb106aca4c287eed12e357e90eb
698,477167,A man in a white t-shirt is standing outside on a busy street.,The woman is wearing a white shirt.,2,contradiction,0.999419093132019,0.00014474880299530923,0.00043619947973638773,0.999419093132019,True,6f5cf0a2b59cabb106aca4c287eed12e357e90eb
699,477223,A guy is jumping in the air while a group of people stand around and ignore him.,A guy is really an alien from Neptune.,2,neutral,0.02035682462155819,0.0010169296292588115,0.9786262512207031,0.02035682462155819,False,6f5cf0a2b59cabb106aca4c287eed12e357e90eb
700,477332,People are in a restaurant eating.,A group of individuals eating in a restaurant.,0,entailment,0.9973662495613098,0.9973662495613098,0.002403329126536846,0.00023040614905767143,True,6f5cf0a2b59cabb106aca4c287eed12e357e90eb
701,477877,A man wearing yellow riding a bike.,A man steering a bike.,0,entailment,0.6500997543334961,0.6500997543334961,0.3003596067428589,0.04954061284661293,True,6f5cf0a2b59cabb106aca4c287eed12e357e90eb
702,477962,Three teenage girls walking down the sidewalk together on a nice day,Girls are walking in the daytime.,0,entailment,0.9773757457733154,0.9773757457733154,0.021411053836345673,0.001213180716149509,True,6f5cf0a2b59cabb106aca4c287eed12e357e90eb
703,478194,Beautiful day to play fetch with dog while relaxing on the dock at the lake.,The sun shines upon the lake.,0,neutral,0.04148516803979874,0.04148516803979874,0.9579819440841675,0.0005328167462721467,False,6f5cf0a2b59cabb106aca4c287eed12e357e90eb
704,482019,A man in glasses talks to a woman while shopping for orange juice.,There is a man shopping while avoiding a women,1,contradiction,0.0003453452081885189,0.00013716246758121997,0.0003453452081885189,0.9995174407958984,False,6f5cf0a2b59cabb106aca4c287eed12e357e90eb
705,482758,A man bundled up in a coat displaying with his arms a bunch of clothes.,The man was about to go outside,2,neutral,0.0007495016325265169,0.0011821790831163526,0.9980683922767639,0.0007495016325265169,False,6f5cf0a2b59cabb106aca4c287eed12e357e90eb
706,484972,Four cheerleaders at a basketball game dance at half-court during a break in the game.,Four cheerleaders dance during a break in the game.,0,entailment,0.9965575933456421,0.9965575933456421,0.0027680464554578066,0.0006744151469320059,True,6f5cf0a2b59cabb106aca4c287eed12e357e90eb
707,485427,A child jumps onto a bed.,The child is jumping on the bed and his big sister is worried that the bed will break and they will get scolded.,1,neutral,0.9992644190788269,0.00026140420231968164,0.9992644190788269,0.00047424057265743613,True,6f5cf0a2b59cabb106aca4c287eed12e357e90eb
708,485580,A man who is wearing glasses is planting trees.,A man plants strawberries.,2,contradiction,0.9983468055725098,0.00014181628648657352,0.0015113733243197203,0.9983468055725098,True,6f5cf0a2b59cabb106aca4c287eed12e357e90eb
709,485598,There are 2 shirtless boys jumping up from some water looking at a soccer ball.,Two boys are playing with a soccer ball in a pool.,1,contradiction,0.253395140171051,0.012084749527275562,0.253395140171051,0.7345201373100281,False,6f5cf0a2b59cabb106aca4c287eed12e357e90eb
710,485858,"A woman with long dark hair is walking on a sidewalk past some tall buildings, while two other people walk across the street with their dog.",People walking.,0,entailment,0.995815098285675,0.995815098285675,0.0033365359995514154,0.0008482714183628559,True,6f5cf0a2b59cabb106aca4c287eed12e357e90eb
711,486098,A professor explaining a University level lecture.,A professor in class.,0,entailment,0.8895876407623291,0.8895876407623291,0.10429056733846664,0.006121793761849403,True,6f5cf0a2b59cabb106aca4c287eed12e357e90eb
712,486675,Two people are hugging and one is wearing a pink-hooded stretch top.,Both people are wearing scuba suits.,2,contradiction,0.9991241097450256,7.367935904767364e-05,0.000802275666501373,0.9991241097450256,True,6f5cf0a2b59cabb106aca4c287eed12e357e90eb
713,487229,A young girl in a green bathing suit getting splashed with water.,A girl in a red tank top gets splashed with water.,2,contradiction,0.9990410208702087,7.846978405723348e-05,0.0008805048419162631,0.9990410208702087,True,6f5cf0a2b59cabb106aca4c287eed12e357e90eb
714,487685,There are three people sitting on a bench outside a building and one man standing next to it looking at a newspaper.,The people are talking.,1,neutral,0.9925249814987183,0.003366869641467929,0.9925249814987183,0.004108079243451357,True,6f5cf0a2b59cabb106aca4c287eed12e357e90eb
715,488220,A lady with a blue coat is seen riding a bike in front of a store.,A lady with a blue coat is getting exercise.,0,neutral,0.25752824544906616,0.25752824544906616,0.7413574457168579,0.0011142106959596276,False,6f5cf0a2b59cabb106aca4c287eed12e357e90eb
716,488702,"A person in a yellow hat, carrying a bag and a fishing pole, walks in a grassy area near a small body of water.","On the grass near the water, a person in a yellow hat walks carrying fishing gear.",0,entailment,0.9972736239433289,0.9972736239433289,0.0024228503461927176,0.00030345862614922225,True,6f5cf0a2b59cabb106aca4c287eed12e357e90eb
717,488841,People are standing in a room with a television that has a picture of a boat on the water.,A man sits online in a dark room eating pizza and watching Wheel of Fortune.,2,contradiction,0.999595582485199,6.22893639956601e-05,0.0003421501023694873,0.999595582485199,True,6f5cf0a2b59cabb106aca4c287eed12e357e90eb
718,489327,A person wearing a red vest climbs up a steep rock.,A person is repelling down the mountain.,2,contradiction,0.9981104135513306,0.0003074284759350121,0.0015821477863937616,0.9981104135513306,True,6f5cf0a2b59cabb106aca4c287eed12e357e90eb
719,489352,A young man is taking his hat off while walking from his graduation.,A student is sitting after graduating.,2,contradiction,0.9989909529685974,0.00047243223525583744,0.0005365789402276278,0.9989909529685974,True,6f5cf0a2b59cabb106aca4c287eed12e357e90eb
720,489857,A little boy learning how to handle an owl in the outdoors.,A boy is learning.,0,entailment,0.9963387250900269,0.9963387250900269,0.0030419377144426107,0.0006194551242515445,True,6f5cf0a2b59cabb106aca4c287eed12e357e90eb
721,490129,"A red and silver muscle car, waits to start a drag race.",the car is in a long race,1,contradiction,0.34828734397888184,0.013363205827772617,0.34828734397888184,0.6383494138717651,False,6f5cf0a2b59cabb106aca4c287eed12e357e90eb
722,491039,A young lady is being videotaped while she's sitting in her stroller in front of a Sysco truck on the sidewalk.,a young woman is being filmed while she sits in her stroller on the sidewalk in front of a truck,0,entailment,0.996351957321167,0.996351957321167,0.003012073924764991,0.0006359716644510627,True,6f5cf0a2b59cabb106aca4c287eed12e357e90eb
723,492175,A person holding a small dog on a leash is bending over and looking through items.,The person is looking though several shopping bags.,1,neutral,0.9994574189186096,0.00014160260616336018,0.9994574189186096,0.0004010685079265386,True,6f5cf0a2b59cabb106aca4c287eed12e357e90eb
724,493759,Yellow dog catches ball in shallow waters.,Dog sleeping,2,contradiction,0.999159574508667,0.00016513463924638927,0.0006752815679647028,0.999159574508667,True,6f5cf0a2b59cabb106aca4c287eed12e357e90eb
725,494996,Greyhound dogs wearing racing stripes are running out of a gate on a track.,Dogs wearing racing stripes are running out of a gate on a track.,0,entailment,0.9933224320411682,0.9933224320411682,0.005656261928379536,0.0010213616769760847,True,6f5cf0a2b59cabb106aca4c287eed12e357e90eb
726,495730,A woman in a park wearing a hat and holding a scarf over her face.,A woman is in a city park.,1,neutral,0.9978094696998596,0.0018706981791183352,0.9978094696998596,0.0003198872145731002,True,6f5cf0a2b59cabb106aca4c287eed12e357e90eb
727,495795,A man is walking on a trail in the woods while a young girl is attempting to climb some boards of wood.,A man walks in the woods while a young girl climbs.,0,entailment,0.9974374771118164,0.9974374771118164,0.0020554508082568645,0.0005069640465080738,True,6f5cf0a2b59cabb106aca4c287eed12e357e90eb
728,496534,Three guys riding on an elephant with a house-like structures and trees in the background.,The elephants sometimes fight their trainers.,1,neutral,0.9976564645767212,0.00017859286163002253,0.9976564645767212,0.002164906356483698,True,6f5cf0a2b59cabb106aca4c287eed12e357e90eb
729,499937,They blow their trumpets.,The trumpeters are playing fiddles.,2,contradiction,0.9990154504776001,0.00015833128418307751,0.0008261664770543575,0.9990154504776001,True,6f5cf0a2b59cabb106aca4c287eed12e357e90eb
730,500623,The horse on the left has a white mane.,The horse is solid black.,2,contradiction,0.9993835687637329,7.341033051488921e-05,0.0005429639713838696,0.9993835687637329,True,6f5cf0a2b59cabb106aca4c287eed12e357e90eb
731,501731,"Two people, a woman wearing an orange shirt and a man wearing a blue shirt, are jumping out of swings in midair.",No one is jumping from a swing.,2,contradiction,0.999648928642273,0.00011280943726887926,0.00023829887504689395,0.999648928642273,True,6f5cf0a2b59cabb106aca4c287eed12e357e90eb
732,501926,A man in a plaid shirt exhales smoke on a crowded city street.,A firetruck goes down the street.,2,contradiction,0.8559443354606628,0.00018465645553078502,0.1438709795475006,0.8559443354606628,True,6f5cf0a2b59cabb106aca4c287eed12e357e90eb
733,502223,Three men are standing next to each other wearing different colored shirts.,Three brothers wearing their favorite color shirt.,1,neutral,0.9838272333145142,0.001459596329368651,0.9838272333145142,0.014713233336806297,True,6f5cf0a2b59cabb106aca4c287eed12e357e90eb
734,502423,A man smiles and poses with a product he appears to be trying to sell.,A person is posing with an object.,0,entailment,0.9982593655586243,0.9982593655586243,0.001398969441652298,0.00034169876016676426,True,6f5cf0a2b59cabb106aca4c287eed12e357e90eb
735,503039,Girl poses on couch on suburban lawn.,A girl posing for a photo shoot on a couch.,1,neutral,0.9980321526527405,0.0013188208686187863,0.9980321526527405,0.0006489731022156775,True,6f5cf0a2b59cabb106aca4c287eed12e357e90eb
736,504105,A man wearing a blue shirt smokes a cigarette in front of an official building.,A man wearing a blue shirt.,0,entailment,0.9952724575996399,0.9952724575996399,0.0039146519266068935,0.0008129116613417864,True,6f5cf0a2b59cabb106aca4c287eed12e357e90eb
737,504992,Two women walking toward the camera along a sidewalk while wearing a backpack and showing midriff.,There are clothes on the women.,0,entailment,0.9268132448196411,0.9268132448196411,0.055767983198165894,0.017418788745999336,True,6f5cf0a2b59cabb106aca4c287eed12e357e90eb
738,506005,A woman with gray hair is sitting next to a little boy who is holding onto the handles of a stroller and a little girl who is sitting in a different stroller.,An older lady is resting with a couple of children.,1,entailment,0.009751401841640472,0.9898293614387512,0.009751401841640472,0.00041929419967345893,False,6f5cf0a2b59cabb106aca4c287eed12e357e90eb
739,506414,The trees are green,All trees are green.,1,neutral,0.900074303150177,0.09719111025333405,0.900074303150177,0.0027345428243279457,True,6f5cf0a2b59cabb106aca4c287eed12e357e90eb
740,508521,A person in a red shirt doing tricks on a bicycle.,A person is competing in a bmx competition.,1,neutral,0.996397852897644,0.001459313090890646,0.996397852897644,0.002142825862392783,True,6f5cf0a2b59cabb106aca4c287eed12e357e90eb
741,509169,A couple hug in a crowded place.,A man hugs his boyfriend at a protest.,1,neutral,0.9978508949279785,0.0011177310952916741,0.9978508949279785,0.0010314605897292495,True,6f5cf0a2b59cabb106aca4c287eed12e357e90eb
742,509328,A woman in an orange bikini is massaging a man.,A woman is touching a man.,0,entailment,0.9971332550048828,0.9971332550048828,0.002447381615638733,0.0004193335771560669,True,6f5cf0a2b59cabb106aca4c287eed12e357e90eb
743,509438,Two women sit at desks in a large room with white walls.,The women are esitting in a white room.,0,entailment,0.9808907508850098,0.9808907508850098,0.015757907181978226,0.0033514017704874277,True,6f5cf0a2b59cabb106aca4c287eed12e357e90eb
744,510455,Here is a picture of an older lady wearing a beanie and carrying her terrier in a field outside.,Here is a picture of a older person wearing a hat and carrying her dog outside.,0,entailment,0.9954686164855957,0.9954686164855957,0.003867160528898239,0.000664158200379461,True,6f5cf0a2b59cabb106aca4c287eed12e357e90eb
745,510869,A man is sitting on the floor meditating,A man is meditating while listening to water noises.,1,neutral,0.9992777705192566,0.00034030614187940955,0.9992777705192566,0.00038192092324607074,True,6f5cf0a2b59cabb106aca4c287eed12e357e90eb
746,511280,A mottled black and gray dog in a blue collar jumping over a fallen tree.,A white dog in a red collar jumping over a tree.,2,contradiction,0.9994698166847229,9.110887185670435e-05,0.0004390563699416816,0.9994698166847229,True,6f5cf0a2b59cabb106aca4c287eed12e357e90eb
747,511871,The man in blue is punching the man with the red gloves while he blocks his face.,Floyd Mayweather is laying some smack down on a hapless challenger.,1,neutral,0.9902698993682861,0.0036145630292594433,0.9902698993682861,0.006115519907325506,True,6f5cf0a2b59cabb106aca4c287eed12e357e90eb
748,512053,"Man performing stunt, lady breaking block on his stomach with sludge hammer.",Nobody is performing.,2,contradiction,0.9995456337928772,0.0001850512344390154,0.0002692792913876474,0.9995456337928772,True,6f5cf0a2b59cabb106aca4c287eed12e357e90eb
749,512639,A skateboarder makes a jump while someone films it.,The skateboarder landed the jump perfectly.,1,neutral,0.9992159605026245,0.0002538785629440099,0.9992159605026245,0.0005302042700350285,True,6f5cf0a2b59cabb106aca4c287eed12e357e90eb
750,512695,A young girl in a pink shirt creates a painting on paper.,A young girl draws.,0,entailment,0.9232550859451294,0.9232550859451294,0.0670209750533104,0.009723963215947151,True,6f5cf0a2b59cabb106aca4c287eed12e357e90eb
751,512778,"A man riding a four-wheel ATV in the dessert, kicking up sand in his wake.",The man is riding his atv on the city road.,2,contradiction,0.9979509711265564,0.0004115030460525304,0.001637595472857356,0.9979509711265564,True,6f5cf0a2b59cabb106aca4c287eed12e357e90eb
752,513211,two men working a construction job,The two men are sweating.,1,neutral,0.9990469813346863,0.0006938649457879364,0.9990469813346863,0.0002592099190223962,True,6f5cf0a2b59cabb106aca4c287eed12e357e90eb
753,513720,"Three women in white mini dresses, carrying white umbrellas and drinks, walking in an unknown desert location.",Three women are waiting in the desert while wearing short dresses.,0,entailment,0.6185972690582275,0.6185972690582275,0.24649177491664886,0.13491085171699524,True,6f5cf0a2b59cabb106aca4c287eed12e357e90eb
754,513835,A man in a black hooded sweater stands behind a rich variety of fruits and vegetables.,A fruit salad on the rung from the cops.,2,contradiction,0.48422348499298096,0.03706584870815277,0.47871068120002747,0.48422348499298096,True,6f5cf0a2b59cabb106aca4c287eed12e357e90eb
755,514380,"A woman, with a drink in hand, is leaning against a silver car parked along the street, while looking at the camera.",A female is going to take a picture of a car that she is trying to sell.,1,neutral,0.9921820759773254,0.0026206946931779385,0.9921820759773254,0.0051972041837871075,True,6f5cf0a2b59cabb106aca4c287eed12e357e90eb
756,515747,A boy poses on a shadow-dappled lawn.,A boy takes a bath.,2,contradiction,0.999180018901825,0.00010227235907223076,0.0007176959770731628,0.999180018901825,True,6f5cf0a2b59cabb106aca4c287eed12e357e90eb
757,516128,A man in a green striped shirt drums furiously.,The man is playing drums.,0,entailment,0.9933412671089172,0.9933412671089172,0.00567057728767395,0.000988168641924858,True,6f5cf0a2b59cabb106aca4c287eed12e357e90eb
758,517858,Older female walking with cane next to flower wreaths.,An older woman is walking with a cane.,0,entailment,0.9981517195701599,0.9981517195701599,0.0015984581550583243,0.0002497380191925913,True,6f5cf0a2b59cabb106aca4c287eed12e357e90eb
759,518461,A dog up to its belly in the snow attempts to move.,An animal outdoors.,0,entailment,0.9955198764801025,0.9955198764801025,0.003997620660811663,0.00048253333079628646,True,6f5cf0a2b59cabb106aca4c287eed12e357e90eb
760,518638,A man on a cellphone stands outside of a building with pictures of women in black shirts behind him.,The woman is late for her appointment,2,neutral,0.018417591229081154,0.000593851669691503,0.9809885621070862,0.018417591229081154,False,6f5cf0a2b59cabb106aca4c287eed12e357e90eb
761,519201,A white ice cream truck stopped on the side of the road and a man stopped to buy some.,A green ice cream truck stopped on the side of the road and a woman stopped to buy some.,2,contradiction,0.9991689920425415,8.349228301085532e-05,0.0007474874146282673,0.9991689920425415,True,6f5cf0a2b59cabb106aca4c287eed12e357e90eb
762,519469,Many birds are sitting on a concrete wall.,Many pigeons are sitting on a concrete wall.,1,neutral,0.9988049268722534,0.0008587467018514872,0.9988049268722534,0.0003363673167768866,True,6f5cf0a2b59cabb106aca4c287eed12e357e90eb
763,519819,A man hiking with a large backpack and two poles near a collection of pointy white rocks.,The man hiking is caucasian.,1,neutral,0.9987523555755615,0.0010151098249480128,0.9987523555755615,0.0002325228851987049,True,6f5cf0a2b59cabb106aca4c287eed12e357e90eb
764,520042,A Team USA player passing the ball to another player.,The people do not have a ball.,2,contradiction,0.9994644522666931,0.00011407526471884921,0.000421486038248986,0.9994644522666931,True,6f5cf0a2b59cabb106aca4c287eed12e357e90eb
765,520786,Man with gray hair telling a story to a group of younger people on a bench.,The man is entertaining people,0,entailment,0.6452615857124329,0.6452615857124329,0.3525448739528656,0.0021935920231044292,True,6f5cf0a2b59cabb106aca4c287eed12e357e90eb
766,521347,A blond woman is holding a microphone and making a zero sign with her fingers.,A woman is speaking into a microphone.,1,neutral,0.9648100733757019,0.015585038810968399,0.9648100733757019,0.019604837521910667,True,6f5cf0a2b59cabb106aca4c287eed12e357e90eb
767,521683,A little girl in a hat sits under a grocery cart.,A girl is sleeping in her bed.,2,contradiction,0.9995949864387512,6.88554864609614e-05,0.00033613952109590173,0.9995949864387512,True,6f5cf0a2b59cabb106aca4c287eed12e357e90eb
768,523638,A person is walking by a wall that is surrounding a church.,A person is walking by an ice cream stand.,2,contradiction,0.997591495513916,9.166284871753305e-05,0.0023169214837253094,0.997591495513916,True,6f5cf0a2b59cabb106aca4c287eed12e357e90eb
769,524089,A brunette with a lei around her head.,A person with a lei around their head.,0,entailment,0.9881415367126465,0.9881415367126465,0.008554616011679173,0.003303779289126396,True,6f5cf0a2b59cabb106aca4c287eed12e357e90eb
770,524354,Two girls looking at bubbles in the air.,Two boys were climbing a tree,2,contradiction,0.9995465874671936,6.86948696966283e-05,0.00038465435500256717,0.9995465874671936,True,6f5cf0a2b59cabb106aca4c287eed12e357e90eb
771,524385,A boy in a flowered apron standing at a stove while a woman stirs a pot in the background.,A boy in a flowered apron is helping make soup.,1,neutral,0.8443605303764343,0.15284578502178192,0.8443605303764343,0.002793738851323724,True,6f5cf0a2b59cabb106aca4c287eed12e357e90eb
772,524406,A young woman is stirring something in a pot while a young boy wearing a flowered apron stands by her.,They are making soup,1,neutral,0.9934629201889038,0.0056666843593120575,0.9934629201889038,0.0008704540668986738,True,6f5cf0a2b59cabb106aca4c287eed12e357e90eb
773,524854,A little girl smiling and holding a small object.,A girl is proud of her object.,1,neutral,0.9924572706222534,0.006426012609153986,0.9924572706222534,0.0011166965123265982,True,6f5cf0a2b59cabb106aca4c287eed12e357e90eb
774,527833,These two people are eating.,Two humans are having a meal.,0,entailment,0.9979883432388306,0.9979883432388306,0.0018276013433933258,0.0001840212062234059,True,6f5cf0a2b59cabb106aca4c287eed12e357e90eb
775,528482,A religious man in a robe is sitting in contemplation.,A man wearing a robe looks to be very religious,0,entailment,0.9855297803878784,0.9855297803878784,0.014079999178647995,0.0003901504969689995,True,6f5cf0a2b59cabb106aca4c287eed12e357e90eb
776,528520,A surfer catching a wave.,A person is surfing.,0,entailment,0.9964052438735962,0.9964052438735962,0.0028918448369950056,0.0007030038395896554,True,6f5cf0a2b59cabb106aca4c287eed12e357e90eb
777,530538,Four young boys are standing around a grill.,Four young boys are standing in a group.,0,entailment,0.978131890296936,0.978131890296936,0.020277755334973335,0.0015902991872280836,True,6f5cf0a2b59cabb106aca4c287eed12e357e90eb
778,531157,A girl sitting in the back of a cart full of various belongings.,A boy carries his belongings in his arms.,2,contradiction,0.9964371919631958,8.307634561788291e-05,0.0034797750413417816,0.9964371919631958,True,6f5cf0a2b59cabb106aca4c287eed12e357e90eb
779,533036,A woman wearing a colorful shawl on her head is using a sewing machine.,A sewing machine is used by a woman wearing a colorful shawl.,0,entailment,0.9974307417869568,0.9974307417869568,0.0020928597077727318,0.0004764228651765734,True,6f5cf0a2b59cabb106aca4c287eed12e357e90eb
780,534650,Someone in a blue coat and white sneakers is airborne.,The person is laying on the ground.,2,contradiction,0.9995025396347046,0.0001248583575943485,0.0003726376744452864,0.9995025396347046,True,6f5cf0a2b59cabb106aca4c287eed12e357e90eb
781,537726,A closeup of a bicycle rider's leg.,The person is participating in a bike race.,1,neutral,0.9990160465240479,0.0006496249698102474,0.9990160465240479,0.00033430958865210414,True,6f5cf0a2b59cabb106aca4c287eed12e357e90eb
782,538979,The local street is busy with a food market and bus transportation.,There is a bus that brings you to the local street fair that sells food.,0,entailment,0.9844241738319397,0.9844241738319397,0.015118756331503391,0.00045711389975622296,True,6f5cf0a2b59cabb106aca4c287eed12e357e90eb
783,539080,Two asian women are sitting in the shade under a tree.,Two women are relaxing.,0,entailment,0.5564167499542236,0.5564167499542236,0.44230446219444275,0.0012787464074790478,True,6f5cf0a2b59cabb106aca4c287eed12e357e90eb
784,539243,Two men wearing sandals walking.,the men are asleep in the motel,2,contradiction,0.9995550513267517,8.521237759850919e-05,0.000359667552402243,0.9995550513267517,True,6f5cf0a2b59cabb106aca4c287eed12e357e90eb
785,539998,A small black girl in a bathing suit,The girl is visiting her grandmother who lives on Martha's Vineyard.,1,neutral,0.9986940026283264,0.00084726169006899,0.9986940026283264,0.0004587660951074213,True,6f5cf0a2b59cabb106aca4c287eed12e357e90eb
786,540283,"A horse pulls a wagon with a bale of hay on top, while a man sits on top of the bale with his hand in the air.",A man wears a hat.,1,neutral,0.9991987347602844,0.000310048257233575,0.9991987347602844,0.0004912171862088144,True,6f5cf0a2b59cabb106aca4c287eed12e357e90eb
787,540574,man wearing gray jacket watching family at worship.,A man is at home eating dinner.,2,contradiction,0.999659538269043,6.634205783484504e-05,0.0002740662021096796,0.999659538269043,True,6f5cf0a2b59cabb106aca4c287eed12e357e90eb
788,541031,A woman and a man holding a small boy smile while standing in front of a decorated christmas tree with gifts under it.,The family is celebrating its last Channukah.,2,neutral,0.019637037068605423,0.0012277655769139528,0.9791350960731506,0.019637037068605423,False,6f5cf0a2b59cabb106aca4c287eed12e357e90eb
789,541746,A person in yellow is riding a dirt bike on a dirt path.,A guy driving an ATV through the park.,2,contradiction,0.9994394183158875,9.126984514296055e-05,0.0004693017399404198,0.9994394183158875,True,6f5cf0a2b59cabb106aca4c287eed12e357e90eb
790,542263,A girl in a floral bathing suit jumping on the beach in front of the waves.,A five year old girl is on vacation with her family.,1,neutral,0.9982169270515442,0.0004180081596132368,0.9982169270515442,0.0013650546316057444,True,6f5cf0a2b59cabb106aca4c287eed12e357e90eb
791,542646,A sports team is lined up outside.,The sports team is laying down on the field.,2,contradiction,0.9995792508125305,9.370719635626301e-05,0.0003270574670750648,0.9995792508125305,True,6f5cf0a2b59cabb106aca4c287eed12e357e90eb
792,543160,A man has a pan and what looks like a block of dirt.,A man with a pan.,0,entailment,0.993747353553772,0.993747353553772,0.004464571829885244,0.0017880381783470511,True,6f5cf0a2b59cabb106aca4c287eed12e357e90eb
793,545706,A middle-aged solo musician performs by singing and playing the guitar.,The muscisian is on stage.,1,neutral,0.682070255279541,0.29634514451026917,0.682070255279541,0.021584628149867058,True,6f5cf0a2b59cabb106aca4c287eed12e357e90eb
794,546367,Two people are standing in a flower shop.,People in a store.,0,entailment,0.9933868050575256,0.9933868050575256,0.0053481850773096085,0.0012651284923776984,True,6f5cf0a2b59cabb106aca4c287eed12e357e90eb
795,547621,Three dogs playing in the snow.,Dogs play outside.,0,entailment,0.9940324425697327,0.9940324425697327,0.005503280553966761,0.0004642715794034302,True,6f5cf0a2b59cabb106aca4c287eed12e357e90eb
796,548940,A man in a yellow shirt is reading a book.,A man is reading while waiting for a bus.,1,neutral,0.9986711740493774,0.00047912809532135725,0.9986711740493774,0.000849688018206507,True,6f5cf0a2b59cabb106aca4c287eed12e357e90eb
797,549041,"A man in a purple hat, white shirt, wearing earbuds, listening to music, sitting outside a city building.",He is taking shelter from the hurricane.,2,neutral,0.000980344251729548,0.0004807699588127434,0.9985388517379761,0.000980344251729548,False,6f5cf0a2b59cabb106aca4c287eed12e357e90eb
798,549274,A female swimmer wearing a swim cap and nose clips moves slowly through the water is seen from below.,A female swimmer swims.,0,entailment,0.99709153175354,0.99709153175354,0.002309547271579504,0.0005989776109345257,True,6f5cf0a2b59cabb106aca4c287eed12e357e90eb
799,549910,Crowd standing outside a metro area.,The crowd is sitting in a field.,2,contradiction,0.9995772242546082,0.00010405898501630872,0.00031866016797721386,0.9995772242546082,True,6f5cf0a2b59cabb106aca4c287eed12e357e90eb
