input_position,source_index,original_source_index,candidate_id,original_candidate_id,augmented_field,gold_label,original_premise,original_hypothesis,augmented_premise,augmented_hypothesis,original_sentence,back_translated_sentence,semantic_forward,semantic_backward,semantic_min,current_semantic_forward,current_semantic_backward,current_semantic_min,original_nli_predicted_label,original_nli_gold_probability,candidate_nli_predicted_label,candidate_nli_gold_probability,nli_gold_probability_delta,nli_transition,hard_cue_changes,soft_cue_changes,change_ratio,accepted,reasons,review_categories,review_semantic_equivalent,review_label_preserved,review_useful_augmentation,review_verdict,review_notes,secondary_sts_score,secondary_roberta_forward_entailment,secondary_roberta_backward_entailment,secondary_roberta_min_entailment,secondary_sts_large_score,secondary_bleurt_score,secondary_bart_forward_entailment,secondary_bart_backward_entailment,secondary_bart_min_entailment,expert_semantic_verdict,expert_useful_verdict,expert_notes,final_disagreement_reasons
0,21,,21:premise:fra_Latn,,premise,neutral,,,,,"A man with blond-hair, and a brown shirt drinking out of a public water fountain.",A man with blond hair and a brown shirt drinking from a public water fountain.,0.995466947555542,0.9952712655067444,0.9952712655067444,0.995466947555542,0.9952712655067444,0.9952712655067444,neutral,0.9951857924461365,neutral,0.995555579662323,,,[],[],0.0691823899371069,True,[],,,,,,,0.9967820644378662,0.9933760762214661,0.9929384589195251,0.9929384589195251,0.9731533527374268,0.9375206828117371,,,,,,,
0,21,,21:hypothesis:fra_Latn,,hypothesis,neutral,,,,,A blond man getting a drink of water from a fountain in the park.,Blonde man drinking water from a fountain in the park.,0.9981529116630554,0.9976881742477417,0.9976881742477417,0.9981529116630554,0.9976881742477417,0.9976881742477417,neutral,0.9951857924461365,neutral,0.9938858151435852,,,[],[],0.15966386554621848,True,[],,,,,,,0.9964950680732727,0.9930303692817688,0.9928610920906067,0.9928610920906067,0.969692587852478,0.746500551700592,,,,,,,
1,90,,90:premise:fra_Latn,,premise,contradiction,,,,,"A woman is walking across the street eating a banana, while a man is following with his briefcase.","A woman crosses the street eating a banana, while a man follows with his suitcase.",0.9955536723136902,0.9937716126441956,0.9937716126441956,0.9955536723136902,0.9937716126441956,0.9937716126441956,contradiction,0.9988769888877869,contradiction,0.9983671307563782,,,[],[],0.15555555555555556,True,[],,,,,,,0.8894978761672974,0.9914265871047974,0.805368959903717,0.805368959903717,0.8933390974998474,0.7392272353172302,,,,,,,
1,90,,90:hypothesis:fra_Latn,,hypothesis,contradiction,,,,,Nobody has food.,No one has food.,0.9970947504043579,0.9971195459365845,0.9970947504043579,0.9970947504043579,0.9971195459365845,0.9970947504043579,contradiction,0.9988769888877869,contradiction,0.9993472695350647,,,[],[],0.1875,True,[],,,,,,,0.9966153502464294,0.9930799603462219,0.9932212829589844,0.9930799603462219,0.9633382558822632,1.0286519527435303,,,,,,,
4,941,,941:premise:fra_Latn,,premise,contradiction,,,,,A woman talks to two other women and a man with notepads in an office building with large windows.,A woman is talking to two other women and a man with notebooks in an office building with large windows.,0.9940477609634399,0.993462324142456,0.993462324142456,0.9940477609634399,0.993462324142456,0.993462324142456,contradiction,0.9978331923484802,contradiction,0.9987118244171143,,,[],[],0.06930693069306926,True,[],,,,,,,0.9684439301490784,0.9442853331565857,0.9061667919158936,0.9061667919158936,0.9628962874412537,0.7726330757141113,,,,,,,
4,941,,941:hypothesis:fra_Latn,,hypothesis,contradiction,,,,,a man talks to ducks in a pond,A man is talking to ducks in a pond,0.9932776093482971,0.9962608218193054,0.9932776093482971,0.9932776093482971,0.9962608218193054,0.9932776093482971,contradiction,0.9978331923484802,contradiction,0.9990010857582092,,,[],[],0.10769230769230764,True,[],,,,,,,0.9968749284744263,0.9848877191543579,0.9860484600067139,0.9848877191543579,0.969845175743103,0.8178694248199463,,,,,,,
6,2194,,2194:premise:fra_Latn,,premise,neutral,,,,,Two people are planting small bushes near a grassy area.,Two people are planting little bushes near a grassy area.,0.9979504942893982,0.9974109530448914,0.9974109530448914,0.9979504942893982,0.9974109530448914,0.9974109530448914,neutral,0.9989271759986877,neutral,0.9988778233528137,,,[],[],0.06194690265486724,True,[],,,,,,,0.9968307614326477,0.9940289258956909,0.9938775897026062,0.9938775897026062,0.9703202843666077,1.008978009223938,,,,,,,
6,2194,,2194:hypothesis:fra_Latn,,hypothesis,neutral,,,,,Two people are planting bushes for charity.,Two people planting bushes for charity.,0.9966105818748474,0.993664026260376,0.993664026260376,0.9966105818748474,0.993664026260376,0.993664026260376,neutral,0.9989271759986877,neutral,0.9989591836929321,,,[],[],0.04878048780487809,True,[],,,,,,,0.9967345595359802,0.9925313591957092,0.9914758205413818,0.9914758205413818,0.9673023223876953,0.5417882800102234,,,,,,,
7,3208,,3208:premise:fra_Latn,,premise,entailment,,,,,A boat captain steering a large green wheel.,A ship captain driving a big green wheel.,0.9961495399475098,0.997067391872406,0.9961495399475098,0.9961495399475098,0.997067391872406,0.9961495399475098,entailment,0.9686083197593689,entailment,0.9822490215301514,,,[],[],0.24705882352941178,True,[],,,,,,,0.8202070593833923,0.9850006103515625,0.9882751703262329,0.9850006103515625,0.884244441986084,0.7450531125068665,,,,,,,
8,3931,,3931:premise:fra_Latn,,premise,contradiction,,,,,Band playing in front of a small crowd outside.,The band plays in front of a small crowd outside.,0.9955717325210571,0.9971604347229004,0.9955717325210571,0.9955717325210571,0.9971604347229004,0.9955717325210571,contradiction,0.9816632270812988,contradiction,0.990672767162323,,,[],[],0.08333333333333337,True,[],,,,,,,0.9967337846755981,0.993386447429657,0.9937334656715393,0.993386447429657,0.9702745079994202,0.7394717335700989,,,,,,,
8,3931,,3931:hypothesis:fra_Latn,,hypothesis,contradiction,,,,,There are thousands of people watching them perform.,Thousands of people watch them play.,0.9955645799636841,0.9959243535995483,0.9955645799636841,0.9955645799636841,0.9959243535995483,0.9955645799636841,contradiction,0.9816632270812988,contradiction,0.9844326972961426,,,[],[],0.25,True,[],,,,,,,0.8040384650230408,0.9897245168685913,0.9938084483146667,0.9897245168685913,0.8567588329315186,0.585245668888092,,,,,,,
9,4111,,4111:premise:fra_Latn,,premise,neutral,,,,,Tattooed man getting a tattoo.,A man with a tattoo gets a tattoo.,0.997239351272583,0.9921482801437378,0.9921482801437378,0.997239351272583,0.9921482801437378,0.9921482801437378,neutral,0.9993659853935242,neutral,0.9991587400436401,,,[],[],0.375,True,[],,,,,,,0.9929712414741516,0.9838845133781433,0.9910077452659607,0.9838845133781433,0.9508324265480042,0.15538150072097778,,,,,,,
9,4111,,4111:hypothesis:fra_Latn,,hypothesis,neutral,,,,,A tattooed man is getting a tattoo of a Chinese character.,A tattooed man gets a Chinese character tattooed.,0.9970977306365967,0.9915760159492493,0.9915760159492493,0.9970977306365967,0.9915760159492493,0.9915760159492493,neutral,0.9993659853935242,neutral,0.9986774325370789,,,[],[],0.2710280373831776,True,[],,,,,,,0.9966499209403992,0.9935342073440552,0.9913195967674255,0.9913195967674255,0.9683007001876831,0.40484559535980225,,,,,,,
10,4403,,4403:premise:fra_Latn,,premise,neutral,,,,,A man in a unique costume is playing the bagpipes while some people stare at him.,A man in a unique suit plays a pipe while people watch him.,0.9796615839004517,0.9840208888053894,0.9796615839004517,0.9796615839004517,0.9840208888053894,0.9796615839004517,neutral,0.9945354461669922,neutral,0.989096999168396,,,[],"[{""group"":""quantifier"",""original"":{""some"":1},""candidate"":{},""field"":""premise""}]",0.2571428571428571,True,[],,,,,,,0.8310784101486206,0.9936133027076721,0.3984338045120239,0.3984338045120239,0.811390221118927,0.16842015087604523,,,,,,,
10,4403,,4403:hypothesis:fra_Latn,,hypothesis,neutral,,,,,A man in a unique costume is playing the bagpipes  for monetary gain.,A man in a unique suit plays the bagpipes to make money.,0.9564880728721619,0.9799052476882935,0.9564880728721619,0.9564880728721619,0.9799052476882935,0.9564880728721619,neutral,0.9945354461669922,neutral,0.9702602028846741,,,[],[],0.24193548387096775,True,[],,,,,,,0.9121253490447998,0.9941214919090271,0.9908785223960876,0.9908785223960876,0.9472091197967529,0.4437676668167114,,,,,,,
12,5321,,5321:hypothesis:fra_Latn,,hypothesis,entailment,,,,,Two young adults are at a rodeo.,Two young adults are in a rodeo.,0.9753323197364807,0.9936805963516235,0.9753323197364807,0.9753323197364807,0.9936805963516235,0.9753323197364807,entailment,0.9977225661277771,entailment,0.9962078332901001,,,[],"[{""group"":""space"",""original"":{},""candidate"":{""in"":1},""field"":""hypothesis""}]",0.0625,True,[],,,,,,,0.9968219995498657,0.9502769708633423,0.9532291293144226,0.9502769708633423,0.9629542231559753,0.9183776378631592,,,,,,,
14,5560,,5560:premise:fra_Latn,,premise,neutral,,,,,A group of young students are hanging out together in a university.,A group of young students hanging out together at a university.,0.9953858256340027,0.9940946698188782,0.9940946698188782,0.9953858256340027,0.9940946698188782,0.9940946698188782,neutral,0.9966065883636475,neutral,0.9955888986587524,,,[],"[{""group"":""space"",""original"":{""in"":1},""candidate"":{},""field"":""premise""}]",0.06153846153846154,True,[],,,,,,,0.9967796206474304,0.9895558953285217,0.9834988713264465,0.9834988713264465,0.9699608087539673,0.6358767151832581,,,,,,,
14,5560,,5560:hypothesis:fra_Latn,,hypothesis,neutral,,,,,Students sit together by the Student Union building.,The students are sitting together near the Student Union building.,0.9978126287460327,0.9973689317703247,0.9973689317703247,0.9978126287460327,0.9973689317703247,0.9973689317703247,neutral,0.9966065883636475,neutral,0.9986727237701416,,,[],"[{""group"":""space"",""original"":{},""candidate"":{""near"":1},""field"":""hypothesis""}]",0.15254237288135597,True,[],,,,,,,0.9666560292243958,0.9916037917137146,0.9917712807655334,0.9916037917137146,0.9667457938194275,0.5836713314056396,,,,,,,
15,5704,,5704:premise:fra_Latn,,premise,neutral,,,,,A blond singer is performing as people dance behind her.,A blonde singer performs as people dance behind her.,0.9974015951156616,0.9969237446784973,0.9969237446784973,0.9974015951156616,0.9969237446784973,0.9969237446784973,neutral,0.9921020865440369,neutral,0.9906813502311707,,,[],[],0.07407407407407407,True,[],,,,,,,0.9962902069091797,0.9937669038772583,0.9935640692710876,0.9935640692710876,0.9711976647377014,0.8753319978713989,,,,,,,
15,5704,,5704:hypothesis:fra_Latn,,hypothesis,neutral,,,,,Gwen Stefani sings while fans dance.,Gwen Stefani sings while the fans dance.,0.9950972199440002,0.9968830943107605,0.9950972199440002,0.9950972199440002,0.9968830943107605,0.9950972199440002,neutral,0.9921020865440369,neutral,0.9957078695297241,,,[],[],0.052631578947368474,True,[],,,,,,,0.996644139289856,0.9927748441696167,0.9934782981872559,0.9927748441696167,0.9701396226882935,0.9517354965209961,,,,,,,
16,6279,,6279:premise:fra_Latn,,premise,neutral,,,,,"A man in sunglasses, a red striped sweater, and a leather jacket smiles and points his finger.","A man with sunglasses, a striped red sweater and a leather jacket smiles and points his finger.",0.9901705384254456,0.9924111366271973,0.9901705384254456,0.9901705384254456,0.9924111366271973,0.9901705384254456,neutral,0.995549201965332,neutral,0.9950945377349854,,,[],"[{""group"":""space"",""original"":{""in"":1},""candidate"":{},""field"":""premise""}]",0.06878306878306883,True,[],,,,,,,0.9966117739677429,0.9944127202033997,0.9943951368331909,0.9943951368331909,0.9741032719612122,0.8792064189910889,,,,,,,
16,6279,,6279:hypothesis:fra_Latn,,hypothesis,neutral,,,,,A black man in sunglasses and a leather jacket is smiling while pointing a finger,A black man with sunglasses and a leather jacket smiles pointing a finger.,0.9879569411277771,0.9907644987106323,0.9879569411277771,0.9879569411277771,0.9907644987106323,0.9879569411277771,neutral,0.995549201965332,neutral,0.9935203194618225,,,[],"[{""group"":""space"",""original"":{""in"":1},""candidate"":{},""field"":""hypothesis""}]",0.10967741935483866,True,[],,,,,,,0.9966660141944885,0.991737425327301,0.986687183380127,0.986687183380127,0.9732743501663208,0.7198064923286438,,,,,,,
18,8269,,8269:premise:fra_Latn,,premise,entailment,,,,,A dog running fast with ears flying.,A dog that runs fast with flying ears.,0.9957169890403748,0.9942838549613953,0.9942838549613953,0.9957169890403748,0.9942838549613953,0.9942838549613953,entailment,0.9953662157058716,entailment,0.9910236597061157,,,[],[],0.2702702702702703,True,[],,,,,,,0.98430335521698,0.993539035320282,0.9939857125282288,0.993539035320282,0.968672513961792,0.49675631523132324,,,,,,,
18,8269,,8269:hypothesis:fra_Latn,,hypothesis,entailment,,,,,The dog is running fast.,The dog runs fast.,0.9975548386573792,0.9948099851608276,0.9948099851608276,0.9975548386573792,0.9948099851608276,0.9948099851608276,entailment,0.9953662157058716,entailment,0.99335116147995,,,[],[],0.19047619047619047,True,[],,,,,,,0.9966478943824768,0.9940462112426758,0.9934321045875549,0.9934321045875549,0.966171383857727,0.8626694679260254,,,,,,,
20,9707,,9707:premise:fra_Latn,,premise,neutral,,,,,A woman in a white jacket is standing next to an older woman while reviewing a subway map.,A woman in a white jacket is standing next to an elderly woman looking at a map of the subway.,0.9870295524597168,0.9974886178970337,0.9870295524597168,0.9870295524597168,0.9974886178970337,0.9870295524597168,neutral,0.9943884015083313,neutral,0.9935508966445923,,,[],[],0.19565217391304346,True,[],,,,,,,0.9916303753852844,0.9920095205307007,0.9835070371627808,0.9835070371627808,0.9688864350318909,0.6503846049308777,,,,,,,
21,10680,,10680:premise:fra_Latn,,premise,contradiction,,,,,Two girls looking in microscopes.,Two girls looking at the microscope.,0.9767071008682251,0.9540716409683228,0.9540716409683228,0.9767071008682251,0.9540716409683228,0.9540716409683228,contradiction,0.9993793964385986,contradiction,0.9994245767593384,,,[],"[{""group"":""space"",""original"":{""in"":1},""candidate"":{},""field"":""premise""}]",0.13043478260869568,True,[],,,,,,,0.9939343333244324,0.9630623459815979,0.9488421082496643,0.9488421082496643,0.9635159969329834,0.7685047388076782,,,,,,,
21,10680,,10680:hypothesis:fra_Latn,,hypothesis,contradiction,,,,,the two girls are listening to music while in science class instead of doing their homework,Both girls listen to music in science class instead of doing their homework.,0.9962235689163208,0.995875895023346,0.995875895023346,0.9962235689163208,0.995875895023346,0.995875895023346,contradiction,0.9993793964385986,contradiction,0.9995075464248657,,,[],[],0.12574850299401197,True,[],,,,,,,0.9967809915542603,0.993725597858429,0.9928036332130432,0.9928036332130432,0.9734542965888977,0.7464518547058105,,,,,,,
24,13229,,13229:premise:fra_Latn,,premise,contradiction,,,,,A woman wearing a black stands in front of a counter while she holds a piece of meat.,A woman in black is standing in front of a counter holding a piece of meat.,0.9966766834259033,0.9976118803024292,0.9966766834259033,0.9966766834259033,0.9976118803024292,0.9966766834259033,contradiction,0.999629020690918,contradiction,0.999494194984436,,,[],"[{""group"":""space"",""original"":{""front"":1,""in"":1},""candidate"":{""front"":1,""in"":2},""field"":""premise""}]",0.17500000000000004,True,[],,,,,,,0.9898872971534729,0.9929554462432861,0.9940537810325623,0.9929554462432861,0.9682533144950867,0.5778247117996216,,,,,,,
24,13229,,13229:hypothesis:fra_Latn,,hypothesis,contradiction,,,,,The woman is naked while holding a salad.,The woman is naked holding a salad.,0.9969432950019836,0.9966807961463928,0.9966807961463928,0.9969432950019836,0.9966807961463928,0.9966807961463928,contradiction,0.999629020690918,contradiction,0.9996335506439209,,,[],[],0.07894736842105265,True,[],,,,,,,0.9960206151008606,0.9917628765106201,0.9932323694229126,0.9917628765106201,0.9669193029403687,0.7657190561294556,,,,,,,
25,13559,,13559:premise:fra_Latn,,premise,entailment,,,,,"Two teams, one wearing blue and white, the other in red and white, are playing football.","Two teams, one in blue and white, the other in red and white, play football.",0.9894132018089294,0.9943878054618835,0.9894132018089294,0.9894132018089294,0.9943878054618835,0.9894132018089294,entailment,0.9929476976394653,entailment,0.9904975295066833,,,[],"[{""group"":""space"",""original"":{""in"":1},""candidate"":{""in"":2},""field"":""premise""}]",0.07317073170731703,True,[],,,,,,,0.9964414238929749,0.9933379888534546,0.9917722344398499,0.9917722344398499,0.9717279672622681,0.7844387292861938,,,,,,,
25,13559,,13559:hypothesis:fra_Latn,,hypothesis,entailment,,,,,There are people playing a game.,There are people who play a game.,0.997711181640625,0.9970611929893494,0.9970611929893494,0.997711181640625,0.9970611929893494,0.9970611929893494,entailment,0.9929476976394653,entailment,0.9927611351013184,,,[],[],0.10769230769230764,True,[],,,,,,,0.9479359984397888,0.9933264255523682,0.9935864806175232,0.9933264255523682,0.9654332399368286,0.8874047994613647,,,,,,,
27,14934,,14934:hypothesis:fra_Latn,,hypothesis,entailment,,,,,a man is driving a piece of equipment on the grounds of a venue.,A man drives equipment on the ground of a place.,0.9972220659255981,0.9830445051193237,0.9830445051193237,0.9972220659255981,0.9830445051193237,0.9830445051193237,entailment,0.9978760480880737,entailment,0.996451735496521,,,[],[],0.2321428571428571,True,[],,,,,,,0.9714556336402893,0.9901902675628662,0.9801572561264038,0.9801572561264038,0.9529725909233093,0.2689000070095062,,,,,,,
29,17575,,17575:premise:fra_Latn,,premise,neutral,,,,,A football player lands on his head.,A football player falls on his head.,0.9925656318664551,0.9955202341079712,0.9925656318664551,0.9925656318664551,0.9955202341079712,0.9925656318664551,neutral,0.996729850769043,neutral,0.994096040725708,,,[],[],0.08333333333333337,True,[],,,,,,,0.914082944393158,0.9926073551177979,0.9924283623695374,0.9924283623695374,0.9648537039756775,0.6899847984313965,,,,,,,
34,19294,,19294:premise:fra_Latn,,premise,neutral,,,,,A shirtless man with sunglasses looks at the camera during a beach party.,A shirtless man with sunglasses looks at the camera at a beach party.,0.9949310421943665,0.9925503730773926,0.9925503730773926,0.9949310421943665,0.9925503730773926,0.9925503730773926,neutral,0.9983038902282715,neutral,0.9981221556663513,,,[],"[{""group"":""time"",""original"":{""during"":1},""candidate"":{},""field"":""premise""}]",0.05633802816901412,True,[],,,,,,,0.9716421961784363,0.9920586943626404,0.9901676177978516,0.9901676177978516,0.9722754955291748,0.889035701751709,,,,,,,
34,19294,,19294:hypothesis:fra_Latn,,hypothesis,neutral,,,,,the man is a model,man is a model,0.9912541508674622,0.9915728569030762,0.9912541508674622,0.9912541508674622,0.9915728569030762,0.9912541508674622,neutral,0.9983038902282715,neutral,0.9963966012001038,,,[],[],0.125,True,[],,,,,,,0.9965370893478394,0.9868434071540833,0.9855949878692627,0.9855949878692627,0.9641982913017273,0.9389501810073853,,,,,,,
35,19844,,19844:hypothesis:fra_Latn,,hypothesis,entailment,,,,,A young blond person looking at a white robot on a green table.,A young blonde looking at a white robot on a green table.,0.9950087070465088,0.9938108325004578,0.9938108325004578,0.9950087070465088,0.9938108325004578,0.9938108325004578,entailment,0.9864567518234253,entailment,0.9933235049247742,,,[],[],0.050000000000000044,True,[],,,,,,,0.9965895414352417,0.9900504350662231,0.9903477430343628,0.9900504350662231,0.9684476256370544,0.9468920230865479,,,,,,,
37,26244,,26244:premise:fra_Latn,,premise,neutral,,,,,A boy in a swimsuit sitting on top of a circular fountain.,A boy in a swimsuit sitting on a circular fountain.,0.9950703382492065,0.9678703546524048,0.9678703546524048,0.9950703382492065,0.9678703546524048,0.9678703546524048,neutral,0.9370047450065613,neutral,0.9476723670959473,,,[],[],0.06422018348623848,True,[],,,,,,,0.9935663342475891,0.991908848285675,0.9845085144042969,0.9845085144042969,0.9450967907905579,0.9305356740951538,,,,,,,
38,27041,,27041:premise:fra_Latn,,premise,entailment,,,,,A man wearing a flannel shirt picking oranges in a farmer's market.,A man in a flannel shirt picking oranges at a farmer's market.,0.9964902997016907,0.9964784979820251,0.9964784979820251,0.9964902997016907,0.9964784979820251,0.9964784979820251,entailment,0.9932605624198914,entailment,0.9936000108718872,,,[],[],0.06976744186046513,True,[],,,,,,,0.9966752529144287,0.9923983216285706,0.9925084710121155,0.9923983216285706,0.9715412855148315,0.8492704033851624,,,,,,,
39,27080,,27080:premise:fra_Latn,,premise,entailment,,,,,"A man wearing a gray hooded sweatshirt, blue jeans, and white and gray socks is putting his foot on top of his head.","A man in a gray sweatshirt, blue jeans, and white and gray socks sets foot on his head.",0.996000349521637,0.9251251220703125,0.9251251220703125,0.996000349521637,0.9251251220703125,0.9251251220703125,entailment,0.9898721575737,entailment,0.9698268175125122,,,[],"[{""group"":""space"",""original"":{""on"":1},""candidate"":{""in"":1,""on"":1},""field"":""premise""}]",0.15270935960591137,True,[],,,,,,,0.9961361289024353,0.993507981300354,0.771885097026825,0.771885097026825,0.8913343548774719,0.6558305621147156,,,,,,,
40,28431,,28431:premise:fra_Latn,,premise,contradiction,,,,,"A young man performs yoga, inspired by a beautiful day on the beach.","A young man practicing yoga, inspired by a beautiful day on the beach.",0.9943395256996155,0.9958641529083252,0.9943395256996155,0.9943395256996155,0.9958641529083252,0.9943395256996155,contradiction,0.9995118379592896,contradiction,0.9996035695075989,,,[],[],0.10144927536231885,True,[],,,,,,,0.9616279006004333,0.9801099300384521,0.9871225357055664,0.9801099300384521,0.970596432685852,0.6715980172157288,,,,,,,
40,28431,,28431:hypothesis:fra_Latn,,hypothesis,contradiction,,,,,A karate battle in the woods,A Karate Battle in the Forest,0.980991542339325,0.9927975535392761,0.980991542339325,0.980991542339325,0.9927975535392761,0.980991542339325,contradiction,0.9995118379592896,contradiction,0.9992276430130005,,,[],[],0.1228070175438597,True,[],,,,,,,0.9968672394752502,0.9734540581703186,0.9680646061897278,0.9680646061897278,0.9551082849502563,0.9255211353302002,,,,,,,
41,28875,,28875:premise:fra_Latn,,premise,contradiction,,,,,Boys in Africa are outside playing soccer and enjoying themselves.,African boys are out playing football and having fun.,0.9945857524871826,0.9966717958450317,0.9945857524871826,0.9945857524871826,0.9966717958450317,0.9945857524871826,contradiction,0.9995566010475159,contradiction,0.999514102935791,,,[],"[{""group"":""space"",""original"":{""outside"":1,""in"":1},""candidate"":{},""field"":""premise""}]",0.4285714285714286,True,[],,,,,,,0.7795453667640686,0.028881462290883064,0.12960878014564514,0.028881462290883064,0.6554422974586487,0.286056786775589,,,,,,,
41,28875,,28875:hypothesis:fra_Latn,,hypothesis,contradiction,,,,,The kids play baseball.,The kids are playing baseball.,0.996364414691925,0.9972617626190186,0.996364414691925,0.996364414691925,0.9972617626190186,0.996364414691925,contradiction,0.9995566010475159,contradiction,0.9995953440666199,,,[],[],0.13207547169811318,True,[],,,,,,,0.9966957569122314,0.9917801022529602,0.9927080273628235,0.9917801022529602,0.9630025029182434,0.8490316867828369,,,,,,,
43,29415,,29415:hypothesis:fra_Latn,,hypothesis,contradiction,,,,,A man is working inside.,There's a man working inside.,0.9978394508361816,0.9975304007530212,0.9975304007530212,0.9978394508361816,0.9975304007530212,0.9975304007530212,contradiction,0.9534854888916016,contradiction,0.8651098608970642,,,[],[],0.2075471698113207,True,[],,,,,,,0.9966387748718262,0.9927417039871216,0.9933640956878662,0.9927417039871216,0.9658966064453125,0.7256484031677246,,,,,,,
45,30056,,30056:premise:fra_Latn,,premise,neutral,,,,,A man with glasses and a white shirt playing a red guitar.,A man in glasses and a white shirt playing a red guitar.,0.9937787652015686,0.9936698079109192,0.9936698079109192,0.9937787652015686,0.9936698079109192,0.9936698079109192,neutral,0.9971179962158203,neutral,0.9966431856155396,,,[],"[{""group"":""space"",""original"":{},""candidate"":{""in"":1},""field"":""premise""}]",0.03508771929824561,True,[],,,,,,,0.9968306422233582,0.9936211705207825,0.9935611486434937,0.9935611486434937,0.9725657105445862,1.0004923343658447,,,,,,,
46,32175,,32175:premise:fra_Latn,,premise,neutral,,,,,A child shows other kids his still packaged toy.,A child shows other children his toy still packed.,0.9960088729858398,0.9969186782836914,0.9960088729858398,0.9960088729858398,0.9969186782836914,0.9960088729858398,neutral,0.9993520379066467,neutral,0.999428927898407,,,[],[],0.18367346938775508,True,[],,,,,,,0.9938755631446838,0.9867754578590393,0.9906855225563049,0.9867754578590393,0.9719468355178833,0.6380228996276855,,,,,,,
46,32175,,32175:hypothesis:fra_Latn,,hypothesis,neutral,,,,,A child has a Buzz Lightyear doll.,A kid has a Buzz Lightyear doll.,0.9974700212478638,0.9971207976341248,0.9971207976341248,0.9974700212478638,0.9971207976341248,0.9971207976341248,neutral,0.9993520379066467,neutral,0.9993636012077332,,,[],[],0.06060606060606055,True,[],,,,,,,0.9967365860939026,0.9930084943771362,0.993152379989624,0.9930084943771362,0.9634007811546326,0.924243152141571,,,,,,,
47,32579,,32579:premise:fra_Latn,,premise,neutral,,,,,"Two musicians are carrying speakers, guitars, and musical equipment.","Two musicians carry loudspeakers, guitars, and musical instruments.",0.9947825074195862,0.993746280670166,0.993746280670166,0.9947825074195862,0.993746280670166,0.993746280670166,neutral,0.9976015686988831,neutral,0.9983035326004028,,,[],[],0.15555555555555556,True,[],,,,,,,0.9965857267379761,0.98993319272995,0.9935178756713867,0.98993319272995,0.9273810982704163,0.8091942667961121,,,,,,,
48,32673,,32673:hypothesis:fra_Latn,,hypothesis,contradiction,,,,,Noone is watching the man.,No one's watching him.,0.9975220561027527,0.9966239929199219,0.9966239929199219,0.9975220561027527,0.9966239929199219,0.9966239929199219,contradiction,0.9993467926979065,contradiction,0.9994598031044006,,,[],"[{""group"":""negation"",""original"":{""nobody"":1},""candidate"":{""no"":1},""field"":""hypothesis""}]",0.20833333333333337,True,[],,,,,,,0.8283897638320923,0.9918696880340576,0.9915674328804016,0.9915674328804016,0.9408746361732483,-0.8902280926704407,,,,,,,
49,34221,,34221:hypothesis:fra_Latn,,hypothesis,neutral,,,,,Two men are out in the mountains.,Two men are in the mountains.,0.996299684047699,0.9931227564811707,0.9931227564811707,0.996299684047699,0.9931227564811707,0.9931227564811707,neutral,0.9715840220451355,neutral,0.9631985425949097,,,[],[],0.06451612903225812,True,[],,,,,,,0.9968245029449463,0.9932550191879272,0.9903234243392944,0.9903234243392944,0.9618562459945679,0.8572752475738525,,,,,,,
51,37727,,37727:premise:fra_Latn,,premise,neutral,,,,,"A person holding up a red, yellow and purple striped flag on a street.","A person holding a red, yellow and purple stripe flag in the street.",0.9929296374320984,0.9879141449928284,0.9879141449928284,0.9929296374320984,0.9879141449928284,0.9879141449928284,neutral,0.999016284942627,neutral,0.9990366697311401,,,[],"[{""group"":""space"",""original"":{""on"":1},""candidate"":{""in"":1},""field"":""premise""}]",0.07246376811594202,True,[],,,,,,,0.9966832995414734,0.9919437170028687,0.9932407140731812,0.9919437170028687,0.9718015789985657,0.7819655537605286,,,,,,,
51,37727,,37727:hypothesis:fra_Latn,,hypothesis,neutral,,,,,The person holds the flag of their home country.,The person holds the flag of his country of origin.,0.9861773252487183,0.9841206669807434,0.9841206669807434,0.9861773252487183,0.9841206669807434,0.9841206669807434,neutral,0.999016284942627,neutral,0.998988926410675,,,[],[],0.19191919191919193,True,[],,,,,,,0.9139140844345093,0.9914189577102661,0.9907804131507874,0.9907804131507874,0.926356852054596,0.6312429308891296,,,,,,,
53,38101,,38101:hypothesis:fra_Latn,,hypothesis,neutral,,,,,The girl is not wearing shoes.,The girl doesn't wear shoes.,0.9978317618370056,0.9950405955314636,0.9950405955314636,0.9978317618370056,0.9950405955314636,0.9950405955314636,neutral,0.9979598522186279,neutral,0.9986128807067871,,,[],[],0.1724137931034483,True,[],,,,,,,0.9786160588264465,0.9940078258514404,0.9925745725631714,0.9925745725631714,0.9669901728630066,0.7560535669326782,,,,,,,
54,38352,,38352:premise:fra_Latn,,premise,contradiction,,,,,A baby that is smiling big.,A baby who smiles big.,0.9966371059417725,0.9934139847755432,0.9934139847755432,0.9966371059417725,0.9934139847755432,0.9934139847755432,contradiction,0.999405026435852,contradiction,0.9993332028388977,,,[],[],0.26530612244897955,True,[],,,,,,,0.9966433048248291,0.9940669536590576,0.9928937554359436,0.9928937554359436,0.966398298740387,0.8023295402526855,,,,,,,
54,38352,,38352:hypothesis:fra_Latn,,hypothesis,contradiction,,,,,A kid is crying.,A child is crying.,0.9977225661277771,0.9978594183921814,0.9977225661277771,0.9977225661277771,0.9978594183921814,0.9977225661277771,contradiction,0.999405026435852,contradiction,0.9994039535522461,,,[],[],0.11764705882352944,True,[],,,,,,,0.9965111613273621,0.993471622467041,0.9935850501060486,0.993471622467041,0.9652947187423706,0.9349338412284851,,,,,,,
55,40045,,40045:hypothesis:fra_Latn,,hypothesis,contradiction,,,,,Laura Bush reads a newspaper while eating an orange.,Laura Bush is reading a newspaper eating an orange.,0.9940527081489563,0.9972339272499084,0.9940527081489563,0.9940527081489563,0.9972339272499084,0.9940527081489563,contradiction,0.9992152452468872,contradiction,0.9994814991950989,,,[],[],0.12621359223300976,True,[],,,,,,,0.9912262558937073,0.9895729422569275,0.9932258725166321,0.9895729422569275,0.9699057340621948,0.5539280772209167,,,,,,,
56,40130,,40130:hypothesis:fra_Latn,,hypothesis,entailment,,,,,The man is outside talking on his cellphone.,The man's outside talking on his cell phone.,0.9983545541763306,0.9975771307945251,0.9975771307945251,0.9983545541763306,0.9975771307945251,0.9975771307945251,entailment,0.9957807064056396,entailment,0.9963585734367371,,,[],[],0.045454545454545414,True,[],,,,,,,0.9914011359214783,0.9940578937530518,0.993974506855011,0.993974506855011,0.970026433467865,0.7132768630981445,,,,,,,
57,40441,,40441:premise:fra_Latn,,premise,neutral,,,,,"two men, one in a red shirt, running towards a Frisbee.","Two men, one in a red shirt, running to a frisbee.",0.9962092638015747,0.9964786171913147,0.9962092638015747,0.9962092638015747,0.9964786171913147,0.9962092638015747,neutral,0.9077663421630859,neutral,0.925004243850708,,,[],[],0.04761904761904767,True,[],,,,,,,0.9967216849327087,0.9930130839347839,0.9936231970787048,0.9930130839347839,0.9723716974258423,0.9368008971214294,,,,,,,
58,41993,,41993:premise:fra_Latn,,premise,neutral,,,,,A man wearing glasses sitting at a desk with a large pile of papers.,A man in glasses sitting at a desk with a big pile of paper.,0.9970090985298157,0.9963470101356506,0.9963470101356506,0.9970090985298157,0.9963470101356506,0.9963470101356506,neutral,0.9612749218940735,neutral,0.939568042755127,,,[],"[{""group"":""space"",""original"":{},""candidate"":{""in"":1},""field"":""premise""}]",0.09375,True,[],,,,,,,0.9967454671859741,0.9939706325531006,0.993977427482605,0.9939706325531006,0.9713255167007446,0.9607540369033813,,,,,,,
59,42372,,42372:premise:fra_Latn,,premise,entailment,,,,,Young asian boy sits down and reads a book at a book fair as a female looks on.,A young Asian man is reading a book at a book fair in front of a woman.,0.9958205223083496,0.981825053691864,0.981825053691864,0.9958205223083496,0.981825053691864,0.981825053691864,entailment,0.991329550743103,entailment,0.9897957444190979,,,[],"[{""group"":""space"",""original"":{""on"":1},""candidate"":{""front"":1,""in"":1},""field"":""premise""}]",0.3466666666666667,True,[],,,,,,,0.887304425239563,0.9922387003898621,0.9470125436782837,0.9470125436782837,0.7826898097991943,0.10812261700630188,,,,,,,
61,43588,,43588:premise:fra_Latn,,premise,contradiction,,,,,Two women are wearing sunglasses and eating food.,Two women wearing sunglasses and eating food.,0.9942954182624817,0.9916390776634216,0.9916390776634216,0.9942954182624817,0.9916390776634216,0.9916390776634216,contradiction,0.9984758496284485,contradiction,0.9992528557777405,,,[],[],0.04255319148936165,True,[],,,,,,,0.9964485168457031,0.9937272071838379,0.9936012625694275,0.9936012625694275,0.9691984057426453,0.691225528717041,,,,,,,
61,43588,,43588:hypothesis:fra_Latn,,hypothesis,contradiction,,,,,Two men are playing baseball.,Two men playing baseball.,0.9963448643684387,0.9948115348815918,0.9948115348815918,0.9963448643684387,0.9948115348815918,0.9948115348815918,contradiction,0.9984758496284485,contradiction,0.9995180368423462,,,[],[],0.07407407407407407,True,[],,,,,,,0.9967195391654968,0.9916227459907532,0.9906073808670044,0.9906073808670044,0.9652778506278992,0.6397819519042969,,,,,,,
62,43604,,43604:premise:fra_Latn,,premise,contradiction,,,,,Two women eating food with sunglasses on.,Two women eating with sunglasses.,0.9957950115203857,0.9656963348388672,0.9656963348388672,0.9957950115203857,0.9656963348388672,0.9656963348388672,contradiction,0.9991143345832825,contradiction,0.9991897940635681,,,[],"[{""group"":""space"",""original"":{""on"":1},""candidate"":{},""field"":""premise""}]",0.10810810810810811,True,[],,,,,,,0.9802102446556091,0.9885625839233398,0.5077546238899231,0.5077546238899231,0.9657437801361084,0.6918648481369019,,,,,,,
62,43604,,43604:hypothesis:fra_Latn,,hypothesis,contradiction,,,,,Two women are working on a puzzle.,Two women working on a puzzle.,0.9972621202468872,0.9966756105422974,0.9966756105422974,0.9972621202468872,0.9966756105422974,0.9966756105422974,contradiction,0.9991143345832825,contradiction,0.9992027878761292,,,[],[],0.0625,True,[],,,,,,,0.9966620206832886,0.9922047257423401,0.9931136965751648,0.9922047257423401,0.9655575156211853,0.5634096264839172,,,,,,,
63,44726,,44726:premise:fra_Latn,,premise,entailment,,,,,A boy is checking a system on the computer.,A boy checks a system on the computer.,0.9974130988121033,0.9956954717636108,0.9956954717636108,0.9974130988121033,0.9956954717636108,0.9956954717636108,entailment,0.9923093318939209,entailment,0.9911562204360962,,,[],[],0.0864197530864198,True,[],,,,,,,0.9966332316398621,0.9931018352508545,0.9920623302459717,0.9920623302459717,0.9677250981330872,0.8747698068618774,,,,,,,
64,45940,,45940:premise:fra_Latn,,premise,neutral,,,,,A dog runs while holding an object in its mouth.,A dog runs when he holds an object in his mouth.,0.9751476049423218,0.9888989329338074,0.9751476049423218,0.9751476049423218,0.9888989329338074,0.9751476049423218,neutral,0.9955845475196838,neutral,0.8754958510398865,,,[],[],0.125,True,[],,,,,,,0.9791664481163025,0.9852430820465088,0.9926968216896057,0.9852430820465088,0.9171143174171448,0.5858781337738037,,,,,,,
65,46018,,46018:premise:fra_Latn,,premise,neutral,,,,,Two boys in yellow shirts walk in a field.,Two boys in yellow shirts are walking in a field.,0.9967964291572571,0.9971467852592468,0.9967964291572571,0.9967964291572571,0.9971467852592468,0.9967964291572571,neutral,0.9923380017280579,neutral,0.990346372127533,,,[],[],0.07692307692307687,True,[],,,,,,,0.9967297315597534,0.9935510158538818,0.9931134581565857,0.9931134581565857,0.9713577032089233,0.8056789636611938,,,,,,,
66,46166,,46166:premise:fra_Latn,,premise,entailment,,,,,Lovers kiss before they part.,Lovers kiss before they break up.,0.9956477284431458,0.9958847165107727,0.9956477284431458,0.9956477284431458,0.9958847165107727,0.9956477284431458,entailment,0.9831985831260681,entailment,0.9826149940490723,,,[],[],0.16129032258064513,True,[],,,,,,,0.9874690771102905,0.9891665577888489,0.9917814135551453,0.9891665577888489,0.9586815237998962,0.6239020824432373,,,,,,,
66,46166,,46166:hypothesis:fra_Latn,,hypothesis,entailment,,,,,lovers are kissing,Lovers kissing each other,0.978054940700531,0.988856852054596,0.978054940700531,0.978054940700531,0.988856852054596,0.978054940700531,entailment,0.9831985831260681,entailment,0.9768064618110657,,,[],[],0.34883720930232553,True,[],,,,,,,0.9580228328704834,0.9870522022247314,0.9800100922584534,0.9800100922584534,0.9635084271430969,0.5056903958320618,,,,,,,
68,48670,,48670:premise:fra_Latn,,premise,entailment,,,,,Two children are sitting shirtless on a trampoline.,Two kids sitting on a trampoline without a shirt.,0.9966893196105957,0.9968656897544861,0.9966893196105957,0.9966893196105957,0.9968656897544861,0.9966893196105957,entailment,0.9531211256980896,entailment,0.9804713726043701,,,[],"[{""group"":""negation"",""original"":{},""candidate"":{""without"":1},""field"":""premise""}]",0.38,True,[],,,,,,,0.9938322305679321,0.9931392073631287,0.9933316111564636,0.9931392073631287,0.9711044430732727,0.2978067398071289,,,,,,,
68,48670,,48670:hypothesis:fra_Latn,,hypothesis,entailment,,,,,The children are outside.,The kids are outside.,0.998035728931427,0.9975912570953369,0.9975912570953369,0.998035728931427,0.9975912570953369,0.9975912570953369,entailment,0.9531211256980896,entailment,0.9614853858947754,,,[],[],0.17391304347826086,True,[],,,,,,,0.9962211847305298,0.9939123392105103,0.9938691258430481,0.9938691258430481,0.9634103178977966,1.0625945329666138,,,,,,,
69,48793,,48793:hypothesis:fra_Latn,,hypothesis,entailment,,,,,Man takes a walk.,The man is taking a walk.,0.9954804182052612,0.997312605381012,0.9954804182052612,0.9954804182052612,0.997312605381012,0.9954804182052612,entailment,0.9964689016342163,entailment,0.9905185103416443,,,[],[],0.2857142857142857,True,[],,,,,,,0.9967183470726013,0.9920127987861633,0.99370276927948,0.9920127987861633,0.9662954807281494,0.3645476996898651,,,,,,,
70,48999,,48999:premise:fra_Latn,,premise,neutral,,,,,A person does a jump on a bike in a natural setting.,A person jumps on a bicycle in a natural setting.,0.9949542880058289,0.9969948530197144,0.9949542880058289,0.9949542880058289,0.9969948530197144,0.9949542880058289,neutral,0.9978662133216858,neutral,0.998033344745636,,,[],[],0.12871287128712872,True,[],,,,,,,0.9873342514038086,0.9937587976455688,0.9927451014518738,0.9927451014518738,0.9667214155197144,0.752521812915802,,,,,,,
72,49929,,49929:premise:fra_Latn,,premise,neutral,,,,,A crowd full of people are holding flags and signs.,A crowd filled with flags and signs.,0.9948575496673584,0.9754267930984497,0.9754267930984497,0.9948575496673584,0.9754267930984497,0.9754267930984497,neutral,0.9992507100105286,neutral,0.9990143775939941,,,[],[],0.31034482758620685,True,[],,,,,,,0.9647809267044067,0.9923089742660522,0.9892516732215881,0.9892516732215881,0.9358769655227661,0.5904793739318848,,,,,,,
72,49929,,49929:hypothesis:fra_Latn,,hypothesis,neutral,,,,,A crowd of protesters hold anti abortion signs.,A crowd of protesters are holding anti-abortion signs.,0.9977306723594666,0.9980000853538513,0.9977306723594666,0.9977306723594666,0.9980000853538513,0.9977306723594666,neutral,0.9992507100105286,neutral,0.9991382360458374,,,[],[],0.08910891089108908,True,[],,,,,,,0.9968229532241821,0.9927592277526855,0.9932330250740051,0.9927592277526855,0.9690807461738586,0.813376247882843,,,,,,,
73,50615,,50615:premise:fra_Latn,,premise,contradiction,,,,,A ballet dancer poses at a photo shoot.,A ballet dancer poses during a photo shoot.,0.996086597442627,0.9972353577613831,0.996086597442627,0.996086597442627,0.9972353577613831,0.996086597442627,contradiction,0.9993504881858826,contradiction,0.9993391633033752,,,[],"[{""group"":""time"",""original"":{},""candidate"":{""during"":1},""field"":""premise""}]",0.09756097560975607,True,[],,,,,,,0.9967219233512878,0.9877752065658569,0.9873932600021362,0.9873932600021362,0.9702783226966858,0.9376956224441528,,,,,,,
76,52808,,52808:premise:fra_Latn,,premise,contradiction,,,,,A warehouse manager assisting an employee.,A warehouse manager assists an employee.,0.997268557548523,0.9964189529418945,0.9964189529418945,0.997268557548523,0.9964189529418945,0.9964189529418945,contradiction,0.9609857797622681,contradiction,0.8604274392127991,,,[],[],0.04878048780487809,True,[],,,,,,,0.9963919520378113,0.9920973777770996,0.9907767176628113,0.9907767176628113,0.9688091278076172,0.879205584526062,,,,,,,
78,53773,,53773:premise:fra_Latn,,premise,neutral,,,,,A man looks across a city street at night.,A man looks across a street in the city at night.,0.9941279888153076,0.996272087097168,0.9941279888153076,0.9941279888153076,0.996272087097168,0.9941279888153076,neutral,0.9984604120254517,neutral,0.9985520243644714,,,[],"[{""group"":""space"",""original"":{},""candidate"":{""in"":1},""field"":""premise""}]",0.18681318681318682,True,[],,,,,,,0.9965927004814148,0.9911399483680725,0.9921596646308899,0.9911399483680725,0.969455897808075,0.7374984622001648,,,,,,,
78,53773,,53773:hypothesis:fra_Latn,,hypothesis,neutral,,,,,A man looks for criminal activity in the dark streets.,A man is looking for criminal activity in the dark streets.,0.9943838119506836,0.996107280254364,0.9943838119506836,0.9943838119506836,0.996107280254364,0.9943838119506836,neutral,0.9984604120254517,neutral,0.9987524747848511,,,[],[],0.06194690265486724,True,[],,,,,,,0.9967603087425232,0.9933695793151855,0.9932190775871277,0.9932190775871277,0.9712010025978088,0.9318774938583374,,,,,,,
80,54941,,54941:hypothesis:fra_Latn,,hypothesis,entailment,,,,,A girl cuts the cheese.,There's a girl cutting the cheese.,0.9970856308937073,0.9971961975097656,0.9970856308937073,0.9970856308937073,0.9971961975097656,0.9970856308937073,entailment,0.9970095157623291,entailment,0.9971457123756409,,,[],[],0.22807017543859653,True,[],,,,,,,0.9966726303100586,0.9929355978965759,0.9936876893043518,0.9929355978965759,0.9614137411117554,0.18961428105831146,,,,,,,
81,55266,,55266:hypothesis:fra_Latn,,hypothesis,contradiction,,,,,The man is naked,The man is naked .,0.9957647323608398,0.9940705895423889,0.9940705895423889,0.9957647323608398,0.9940705895423889,0.9940705895423889,contradiction,0.9994255304336548,contradiction,0.9975228905677795,,,[],[],0.05882352941176472,True,[],,,,,,,0.9462293386459351,0.9862716197967529,0.9879328608512878,0.9862716197967529,0.9451532959938049,1.0093648433685303,,,,,,,
82,55448,,55448:premise:fra_Latn,,premise,contradiction,,,,,A woman with blond-hair and a pink shirt holds a young boy who appears to be sad.,A woman with blond hair and a pink shirt is holding a young boy who looks sad.,0.9964810609817505,0.9972860813140869,0.9964810609817505,0.9964810609817505,0.9972860813140869,0.9964810609817505,contradiction,0.9992283582687378,contradiction,0.9992203712463379,,,[],[],0.1572327044025157,True,[],,,,,,,0.9967910647392273,0.9945605397224426,0.9941325783729553,0.9941325783729553,0.9720110297203064,0.7810084223747253,,,,,,,
83,56475,,56475:premise:fra_Latn,,premise,entailment,,,,,The dog is running around the cow.,The dog runs around the cow.,0.9977679252624512,0.9968400001525879,0.9968400001525879,0.9977679252624512,0.9968400001525879,0.9968400001525879,entailment,0.9951796531677246,entailment,0.9917101263999939,,,[],[],0.12903225806451613,True,[],,,,,,,0.9968544840812683,0.993425726890564,0.9923354983329773,0.9923354983329773,0.9682394862174988,0.8004610538482666,,,,,,,
84,56607,,56607:premise:fra_Latn,,premise,entailment,,,,,A man dressed in all green with his face covered by a bandanna is working outdoors with heavy machinery.,A man dressed in green clothes and covered in bandanas works outside with heavy machinery.,0.9646048545837402,0.9633802175521851,0.9633802175521851,0.9646048545837402,0.9633802175521851,0.9633802175521851,entailment,0.9977753758430481,entailment,0.9876981377601624,,,[],"[{""group"":""quantifier"",""original"":{""all"":1},""candidate"":{},""field"":""premise""},{""group"":""space"",""original"":{""in"":1},""candidate"":{""outside"":1,""in"":2},""field"":""premise""}]",0.19587628865979378,True,[],,,,,,,0.8647338151931763,0.9903358221054077,0.7553249597549438,0.7553249597549438,0.8625010251998901,0.31480881571769714,,,,,,,
85,56660,,56660:hypothesis:fra_Latn,,hypothesis,contradiction,,,,,a woman is lifting weights at the olympics,A woman lifts weights at the Olympics.,0.9963548183441162,0.9941962957382202,0.9941962957382202,0.9963548183441162,0.9941962957382202,0.9941962957382202,contradiction,0.9584112763404846,contradiction,0.9922003149986267,,,[],[],0.09999999999999998,True,[],,,,,,,0.996757447719574,0.9921050071716309,0.9893630146980286,0.9893630146980286,0.9685282111167908,0.6827669739723206,,,,,,,
86,56738,,56738:hypothesis:fra_Latn,,hypothesis,contradiction,,,,,A woman captures an eel for her aquarium.,A woman catches an eel for her aquarium.,0.9976072311401367,0.9971985816955566,0.9971985816955566,0.9976072311401367,0.9971985816955566,0.9971985816955566,contradiction,0.9975811243057251,contradiction,0.9972955584526062,,,[],[],0.06172839506172845,True,[],,,,,,,0.9967834949493408,0.992766261100769,0.9924877882003784,0.9924877882003784,0.9709808826446533,0.7271194458007812,,,,,,,
88,58539,,58539:premise:fra_Latn,,premise,neutral,,,,,"A man washing his shirt, in a fountain in a park.",A man washes his shirt in a fountain in a park.,0.9964101910591125,0.9941593408584595,0.9941593408584595,0.9964101910591125,0.9941593408584595,0.9941593408584595,neutral,0.8265563249588013,neutral,0.8844305276870728,,,[],[],0.0625,True,[],,,,,,,0.9964869022369385,0.9928735494613647,0.9915516376495361,0.9915516376495361,0.9720279574394226,0.6587181091308594,,,,,,,
89,58989,,58989:hypothesis:fra_Latn,,hypothesis,neutral,,,,,A man is taking a picture of a pretty lady.,A man takes a picture of a pretty lady.,0.996940016746521,0.994529664516449,0.994529664516449,0.996940016746521,0.994529664516449,0.994529664516449,neutral,0.9991987347602844,neutral,0.9990593791007996,,,[],[],0.09756097560975607,True,[],,,,,,,0.9964458346366882,0.9932181239128113,0.9919397234916687,0.9919397234916687,0.9661744832992554,0.8272636532783508,,,,,,,
91,60930,,60930:premise:fra_Latn,,premise,entailment,,,,,A man with black hair is wearing a red and yellow shirt and has a yellow clown nose and face makeup on.,A man with black hair wears a red and yellow shirt and has a yellow clown nose and facial makeup.,0.9923294186592102,0.9885653853416443,0.9885653853416443,0.9923294186592102,0.9885653853416443,0.9885653853416443,entailment,0.9757490158081055,entailment,0.9669445753097534,,,[],"[{""group"":""space"",""original"":{""on"":1},""candidate"":{},""field"":""premise""}]",0.06999999999999995,True,[],,,,,,,0.9968336224555969,0.9943439960479736,0.9942530989646912,0.9942530989646912,0.9726929664611816,0.8563609719276428,,,,,,,
91,60930,,60930:hypothesis:fra_Latn,,hypothesis,entailment,,,,,A man is dressed up like a clown.,A man dressed like a clown.,0.9974568486213684,0.9918237328529358,0.9918237328529358,0.9974568486213684,0.9918237328529358,0.9918237328529358,entailment,0.9757490158081055,entailment,0.9921250939369202,,,[],[],0.09999999999999998,True,[],,,,,,,0.996755063533783,0.9905099272727966,0.9915162324905396,0.9905099272727966,0.9635219573974609,0.6295836567878723,,,,,,,
93,62478,,62478:premise:fra_Latn,,premise,entailment,,,,,A dog is standing in the snow watching the camera,A dog is standing in the snow and looking at the camera.,0.9964737296104431,0.9941719174385071,0.9941719174385071,0.9964737296104431,0.9941719174385071,0.9941719174385071,entailment,0.978808581829071,entailment,0.9828693270683289,,,[],[],0.1428571428571429,True,[],,,,,,,0.9867715239524841,0.9570779204368591,0.9924694895744324,0.9570779204368591,0.9557738304138184,0.670976996421814,,,,,,,
94,62874,,62874:premise:fra_Latn,,premise,contradiction,,,,,"A man in glasses and a dust mask makes chains under a sign reading ""laut jaya.""","A man with glasses and a dust mask makes chains under a sign that says ""laut jaya"".",0.989018976688385,0.9903879761695862,0.989018976688385,0.989018976688385,0.9903879761695862,0.989018976688385,contradiction,0.998729407787323,contradiction,0.9984171390533447,,,[],"[{""group"":""space"",""original"":{""under"":1,""in"":1},""candidate"":{""under"":1},""field"":""premise""}]",0.12345679012345678,True,[],,,,,,,0.9965341091156006,0.988494336605072,0.9884393215179443,0.9884393215179443,0.9739721417427063,0.8165845274925232,,,,,,,
94,62874,,62874:hypothesis:fra_Latn,,hypothesis,contradiction,,,,,A man is indoors watching TV.,There's a man in there watching TV.,0.9972188472747803,0.9005781412124634,0.9005781412124634,0.9972188472747803,0.9005781412124634,0.9005781412124634,contradiction,0.998729407787323,contradiction,0.997847318649292,,,[],"[{""group"":""space"",""original"":{},""candidate"":{""in"":1},""field"":""hypothesis""}]",0.3125,True,[],,,,,,,0.9881209135055542,0.99053555727005,0.9486891031265259,0.9486891031265259,0.8456389904022217,0.19107982516288757,,,,,,,
95,62914,,62914:premise:fra_Latn,,premise,entailment,,,,,A man in a blue shirt playing the drums and singing.,A man in a blue shirt playing drums and singing.,0.9955937266349792,0.9917330741882324,0.9917330741882324,0.9955937266349792,0.9917330741882324,0.9917330741882324,entailment,0.9800764918327332,entailment,0.9692608118057251,,,[],[],0.040000000000000036,True,[],,,,,,,0.9966264963150024,0.9942488670349121,0.9938430786132812,0.9938430786132812,0.97181636095047,1.0246235132217407,,,,,,,
95,62914,,62914:hypothesis:fra_Latn,,hypothesis,entailment,,,,,A man is playing drums and singing at the same time.,A man plays drums and sings at the same time.,0.996404767036438,0.9939975738525391,0.9939975738525391,0.996404767036438,0.9939975738525391,0.9939975738525391,entailment,0.9800764918327332,entailment,0.973518431186676,,,[],[],0.11340206185567014,True,[],,,,,,,0.996547281742096,0.9935482144355774,0.9930503368377686,0.9930503368377686,0.9691050052642822,0.8602748513221741,,,,,,,
96,63473,,63473:premise:fra_Latn,,premise,entailment,,,,,This African-American man is talking on the phone.,This African-American man is on the phone.,0.9969785213470459,0.9286741614341736,0.9286741614341736,0.9969785213470459,0.9286741614341736,0.9286741614341736,entailment,0.996439516544342,entailment,0.9833282232284546,,,[],[],0.08695652173913049,True,[],,,,,,,0.885251522064209,0.9911971092224121,0.9304609298706055,0.9304609298706055,0.9091836214065552,0.8544371724128723,,,,,,,
96,63473,,63473:hypothesis:fra_Latn,,hypothesis,entailment,,,,,A man is communicating,A man communicates,0.9871693849563599,0.9735499620437622,0.9735499620437622,0.9871693849563599,0.9735499620437622,0.9735499620437622,entailment,0.996439516544342,entailment,0.9932312965393066,,,[],[],0.19999999999999996,True,[],,,,,,,0.9967098236083984,0.9871721863746643,0.9718120694160461,0.9718120694160461,0.9649695754051208,0.6361120343208313,,,,,,,
98,64203,,64203:hypothesis:fra_Latn,,hypothesis,entailment,,,,,The child is asleep,The child is sleeping.,0.9966914653778076,0.9969015121459961,0.9966914653778076,0.9966914653778076,0.9969015121459961,0.9966914653778076,entailment,0.9869613647460938,entailment,0.9923802614212036,,,[],[],0.12195121951219512,True,[],,,,,,,0.9967227578163147,0.9938246011734009,0.9938443899154663,0.9938246011734009,0.9626945853233337,1.0196375846862793,,,,,,,
100,64378,,64378:premise:fra_Latn,,premise,neutral,,,,,Four people swinging on a swing set.,Four people swinging on a swing.,0.9916444420814514,0.9279688000679016,0.9279688000679016,0.9916444420814514,0.9279688000679016,0.9279688000679016,neutral,0.999464213848114,neutral,0.9994194507598877,,,[],[],0.05882352941176472,True,[],,,,,,,0.9160507917404175,0.969158411026001,0.9609495401382446,0.9609495401382446,0.920085608959198,0.8415685892105103,,,,,,,
101,64777,,64777:premise:fra_Latn,,premise,entailment,,,,,Two girls look through a microscope.,Two girls looking at the microscope.,0.986503005027771,0.9808278679847717,0.9808278679847717,0.986503005027771,0.9808278679847717,0.9808278679847717,entailment,0.9922377467155457,entailment,0.9924812316894531,,,[],"[{""group"":""space"",""original"":{""through"":1},""candidate"":{},""field"":""premise""}]",0.19444444444444442,True,[],,,,,,,0.996688187122345,0.9378188848495483,0.9776768088340759,0.9378188848495483,0.9683093428611755,0.7544072866439819,,,,,,,
101,64777,,64777:hypothesis:fra_Latn,,hypothesis,entailment,,,,,Girls are looking through an instrument,Girls look through an instrument,0.9916322827339172,0.9783731698989868,0.9783731698989868,0.9916322827339172,0.9783731698989868,0.9783731698989868,entailment,0.9922377467155457,entailment,0.9881511926651001,,,[],[],0.09859154929577463,True,[],,,,,,,0.9933251738548279,0.9838956594467163,0.9748033881187439,0.9748033881187439,0.9691299796104431,0.9965600967407227,,,,,,,
102,66214,,66214:premise:fra_Latn,,premise,entailment,,,,,These are very well groomed animals.,They're very well-groomed animals.,0.9955522418022156,0.9946183562278748,0.9946183562278748,0.9955522418022156,0.9946183562278748,0.9946183562278748,entailment,0.9888596534729004,entailment,0.9881884455680847,,,[],[],0.11428571428571432,True,[],,,,,,,0.9800349473953247,0.994143545627594,0.9945423603057861,0.994143545627594,0.9606052041053772,0.6013042330741882,,,,,,,
102,66214,,66214:hypothesis:fra_Latn,,hypothesis,entailment,,,,,These are animals.,They're animals.,0.9922692775726318,0.9907363057136536,0.9907363057136536,0.9922692775726318,0.9907363057136536,0.9907363057136536,entailment,0.9888596534729004,entailment,0.9732239246368408,,,[],[],0.17647058823529416,True,[],,,,,,,0.8875598907470703,0.9938768744468689,0.9941173791885376,0.9938768744468689,0.9495669007301331,0.7085304856300354,,,,,,,
104,66614,,66614:premise:fra_Latn,,premise,neutral,,,,,A man playing a guitar on stage while a man plays drums in the background.,A man plays guitar on stage while a man plays drums in the background.,0.9961976408958435,0.9939934611320496,0.9939934611320496,0.9961976408958435,0.9939934611320496,0.9939934611320496,neutral,0.99798583984375,neutral,0.9982454776763916,,,[],[],0.04166666666666663,True,[],,,,,,,0.9966428279876709,0.9937354922294617,0.9935441017150879,0.9935441017150879,0.9696694016456604,0.904289960861206,,,,,,,
106,67736,,67736:premise:fra_Latn,,premise,entailment,,,,,A dog is running through the ocean.,A dog runs across the ocean.,0.9378639459609985,0.9786452054977417,0.9378639459609985,0.9378639459609985,0.9786452054977417,0.9378639459609985,entailment,0.9864975810050964,entailment,0.950566291809082,,,[],"[{""group"":""space"",""original"":{""through"":1},""candidate"":{},""field"":""premise""}]",0.2698412698412699,True,[],,,,,,,0.9954040050506592,0.9828783273696899,0.9383535981178284,0.9383535981178284,0.9666484594345093,0.7193087339401245,,,,,,,
106,67736,,67736:hypothesis:fra_Latn,,hypothesis,entailment,,,,,A dog is in the ocean.,There's a dog in the ocean.,0.9958823919296265,0.996013879776001,0.9958823919296265,0.9958823919296265,0.996013879776001,0.9958823919296265,entailment,0.9864975810050964,entailment,0.9927678108215332,,,[],[],0.22448979591836737,True,[],,,,,,,0.9967963099479675,0.9921871423721313,0.9926161766052246,0.9921871423721313,0.9640415906906128,0.47077086567878723,,,,,,,
107,67883,,67883:premise:fra_Latn,,premise,contradiction,,,,,A guy catches or prepares to throw a football with various teammates and staff in the background at what looks like a school.,A guy takes or prepares to throw a football with various teammates and staff in the background to what looks like a school.,0.9917219281196594,0.9895808696746826,0.9895808696746826,0.9917219281196594,0.9895808696746826,0.9895808696746826,contradiction,0.9496590495109558,contradiction,0.9446806311607361,,,[],[],0.032258064516129004,True,[],,,,,,,0.8603323101997375,0.9877418279647827,0.9818509817123413,0.9818509817123413,0.9462103247642517,0.4790956377983093,,,,,,,
107,67883,,67883:hypothesis:fra_Latn,,hypothesis,contradiction,,,,,Students play lacrosse at a school.,Students are playing lacrosse at a school.,0.9932594895362854,0.996498703956604,0.9932594895362854,0.9932594895362854,0.996498703956604,0.9932594895362854,contradiction,0.9496590495109558,contradiction,0.9720247983932495,,,[],[],0.09090909090909094,True,[],,,,,,,0.9968165755271912,0.9902114272117615,0.9923205971717834,0.9902114272117615,0.9679043292999268,0.758729100227356,,,,,,,
109,69474,,69474:premise:fra_Latn,,premise,entailment,,,,,A man wearing black jacket poses with a smile.,A man in a black jacket poses with a smile.,0.9968672394752502,0.9966666102409363,0.9966666102409363,0.9968672394752502,0.9966666102409363,0.9966666102409363,entailment,0.991447925567627,entailment,0.992552638053894,,,[],"[{""group"":""space"",""original"":{},""candidate"":{""in"":1},""field"":""premise""}]",0.0786516853932584,True,[],,,,,,,0.99650639295578,0.9935733675956726,0.9933584332466125,0.9933584332466125,0.9725791811943054,0.9367176294326782,,,,,,,
111,69975,,69975:premise:fra_Latn,,premise,contradiction,,,,,A man in a white shirt and shorts prepares to serve a tennis ball.,A man in a white shirt and shorts is preparing to serve a tennis ball.,0.9951775074005127,0.9951103329658508,0.9951103329658508,0.9951775074005127,0.9951103329658508,0.9951103329658508,contradiction,0.9975041747093201,contradiction,0.9977522492408752,,,[],[],0.05882352941176472,True,[],,,,,,,0.9966829419136047,0.9934788942337036,0.9930135607719421,0.9930135607719421,0.9730876088142395,0.8710874319076538,,,,,,,
112,71150,,71150:premise:fra_Latn,,premise,entailment,,,,,A man stands by a building playing a wooden electric guitar.,A man is standing near a building playing a wooden electric guitar.,0.9977284073829651,0.9973686933517456,0.9973686933517456,0.9977284073829651,0.9973686933517456,0.9973686933517456,entailment,0.9967435002326965,entailment,0.9971712231636047,,,[],"[{""group"":""space"",""original"":{},""candidate"":{""near"":1},""field"":""premise""}]",0.10236220472440949,True,[],,,,,,,0.9965787529945374,0.9930785298347473,0.9934298396110535,0.9930785298347473,0.9687761068344116,0.9196833968162537,,,,,,,
112,71150,,71150:hypothesis:fra_Latn,,hypothesis,entailment,,,,,A man is standing.,There's a man standing.,0.9978343844413757,0.9975680708885193,0.9975680708885193,0.9978343844413757,0.9975680708885193,0.9975680708885193,entailment,0.9967435002326965,entailment,0.9959924817085266,,,[],[],0.2682926829268293,True,[],,,,,,,0.9951819777488708,0.9930692911148071,0.9938840270042419,0.9930692911148071,0.9527006149291992,0.6567907929420471,,,,,,,
113,71585,,71585:premise:fra_Latn,,premise,neutral,,,,,Two people in blue shirts are selling shoes in an outside market.,Two people in blue shirts are selling shoes at an outdoor market.,0.9946909546852112,0.9963299632072449,0.9946909546852112,0.9946909546852112,0.9963299632072449,0.9946909546852112,neutral,0.9097729921340942,neutral,0.9593865275382996,,,[],"[{""group"":""space"",""original"":{""outside"":1,""in"":2},""candidate"":{""in"":1},""field"":""premise""}]",0.07692307692307687,True,[],,,,,,,0.9965711832046509,0.993800699710846,0.9937137961387634,0.9937137961387634,0.9721454381942749,0.6511573195457458,,,,,,,
113,71585,,71585:hypothesis:fra_Latn,,hypothesis,neutral,,,,,The shoes are being sold by the girls.,The shoes are sold by the girls.,0.9963460564613342,0.9956507086753845,0.9956507086753845,0.9963460564613342,0.9956507086753845,0.9956507086753845,neutral,0.9097729921340942,neutral,0.881853461265564,,,[],[],0.08571428571428574,True,[],,,,,,,0.9966378211975098,0.9916213750839233,0.9921370148658752,0.9916213750839233,0.9687076210975647,0.8028058409690857,,,,,,,
115,72005,,72005:hypothesis:fra_Latn,,hypothesis,contradiction,,,,,People running from a tsunami.,People fleeing a tsunami.,0.9959190487861633,0.9924029111862183,0.9924029111862183,0.9959190487861633,0.9924029111862183,0.9924029111862183,contradiction,0.999542236328125,contradiction,0.9957411289215088,,,[],[],0.23636363636363633,True,[],,,,,,,0.9157271981239319,0.9936588406562805,0.9928056597709656,0.9928056597709656,0.9641562700271606,0.8244953751564026,,,,,,,
116,73032,,73032:premise:fra_Latn,,premise,contradiction,,,,,A man wearing blue jeans is standing outside carrying a wide assortment of items and has a large dish on his head.,A man standing outside in blue jeans wearing a wide variety of items and a large plate on his head.,0.9768606424331665,0.9800644516944885,0.9768606424331665,0.9768606424331665,0.9800644516944885,0.9768606424331665,contradiction,0.9949851036071777,contradiction,0.9626449942588806,,,[],"[{""group"":""space"",""original"":{""outside"":1,""on"":1},""candidate"":{""outside"":1,""in"":1,""on"":1},""field"":""premise""}]",0.30516431924882625,True,[],,,,,,,0.8456032872200012,0.9290503263473511,0.9284406304359436,0.9284406304359436,0.8549143671989441,0.40900057554244995,,,,,,,
118,73554,,73554:hypothesis:fra_Latn,,hypothesis,entailment,,,,,A man is walking.,There's a man walking.,0.9980700612068176,0.9979954957962036,0.9979954957962036,0.9980700612068176,0.9979954957962036,0.9979954957962036,entailment,0.9978938698768616,entailment,0.9971684813499451,,,[],[],0.28205128205128205,True,[],,,,,,,0.9951881170272827,0.9930852651596069,0.9935147762298584,0.9930852651596069,0.9562180042266846,0.47698211669921875,,,,,,,
119,73820,,73820:hypothesis:fra_Latn,,hypothesis,entailment,,,,,A boy walking outdoors.,A boy walking around outside.,0.9933866858482361,0.9954947233200073,0.9933866858482361,0.9933866858482361,0.9954947233200073,0.9933866858482361,entailment,0.9603135585784912,entailment,0.9758901000022888,,,[],"[{""group"":""space"",""original"":{},""candidate"":{""outside"":1},""field"":""hypothesis""}]",0.2692307692307693,True,[],,,,,,,0.9350127577781677,0.9826667308807373,0.9936368465423584,0.9826667308807373,0.9337790608406067,0.6818329691886902,,,,,,,
120,74358,,74358:premise:fra_Latn,,premise,contradiction,,,,,A group examines a run down house.,A group is looking at a house that is in ruins.,0.9920390844345093,0.9981092214584351,0.9920390844345093,0.9920390844345093,0.9981092214584351,0.9920390844345093,contradiction,0.9986496567726135,contradiction,0.9959797859191895,,,[],"[{""group"":""space"",""original"":{},""candidate"":{""in"":1},""field"":""premise""}]",0.5061728395061729,True,[],,,,,,,0.8958436250686646,0.9908889532089233,0.9893799424171448,0.9893799424171448,0.8359516263008118,0.42070290446281433,,,,,,,
121,75090,,75090:hypothesis:fra_Latn,,hypothesis,entailment,,,,,a runner leaps,a runner jumps,0.9938901662826538,0.9873684048652649,0.9873684048652649,0.9938901662826538,0.9873684048652649,0.9873684048652649,entailment,0.989556610584259,entailment,0.9936978220939636,,,[],[],0.2142857142857143,True,[],,,,,,,0.9934764504432678,0.9827159643173218,0.9825259447097778,0.9825259447097778,0.9669677019119263,0.9927998781204224,,,,,,,
125,76517,,76517:hypothesis:fra_Latn,,hypothesis,contradiction,,,,,The two men are walking unobstructed in the snow.,The two men are walking unobstructed through the snow.,0.995595395565033,0.9960935711860657,0.995595395565033,0.995595395565033,0.9960935711860657,0.995595395565033,contradiction,0.9916326403617859,contradiction,0.9850014448165894,,,[],"[{""group"":""space"",""original"":{""in"":1},""candidate"":{""through"":1},""field"":""hypothesis""}]",0.08737864077669899,True,[],,,,,,,0.9966444969177246,0.9913227558135986,0.9897163510322571,0.9897163510322571,0.9697983264923096,0.9354560971260071,,,,,,,
126,77440,,77440:premise:fra_Latn,,premise,contradiction,,,,,Two children work on a project with woman.,Two kids working on a project with a woman.,0.9967328310012817,0.9968861937522888,0.9967328310012817,0.9967328310012817,0.9968861937522888,0.9967328310012817,contradiction,0.9952734112739563,contradiction,0.9828145503997803,,,[],[],0.15294117647058825,True,[],,,,,,,0.9966387748718262,0.9924444556236267,0.993514895439148,0.9924444556236267,0.967850923538208,0.5728586316108704,,,,,,,
126,77440,,77440:hypothesis:fra_Latn,,hypothesis,contradiction,,,,,The woman is with her friends.,The woman's with her friends.,0.9972797632217407,0.9967783093452454,0.9967783093452454,0.9972797632217407,0.9967783093452454,0.9967783093452454,contradiction,0.9952734112739563,contradiction,0.9963228702545166,,,[],[],0.05084745762711862,True,[],,,,,,,0.9963446259498596,0.993757963180542,0.9939642548561096,0.993757963180542,0.9674971699714661,0.3675590455532074,,,,,,,
127,78138,,78138:premise:fra_Latn,,premise,contradiction,,,,,a woman bends down to reach in a plastic bag.,A woman bends down to touch a plastic bag.,0.9946876764297485,0.9809335470199585,0.9809335470199585,0.9946876764297485,0.9809335470199585,0.9809335470199585,contradiction,0.9995710253715515,contradiction,0.9996042847633362,,,[],"[{""group"":""space"",""original"":{""in"":1},""candidate"":{},""field"":""premise""}]",0.10344827586206895,True,[],,,,,,,0.9051996469497681,0.96294766664505,0.8674566745758057,0.8674566745758057,0.9232659339904785,0.8800828456878662,,,,,,,
127,78138,,78138:hypothesis:fra_Latn,,hypothesis,contradiction,,,,,A woman is putting a box on a shelf.,A woman puts a box on a shelf.,0.9973360896110535,0.9949880838394165,0.9949880838394165,0.9973360896110535,0.9949880838394165,0.9949880838394165,contradiction,0.9995710253715515,contradiction,0.9995816349983215,,,[],[],0.12121212121212122,True,[],,,,,,,0.9967905879020691,0.9928148984909058,0.9868471026420593,0.9868471026420593,0.9668758511543274,0.850391149520874,,,,,,,
128,78367,,78367:hypothesis:fra_Latn,,hypothesis,contradiction,,,,,two individuals run around with guns,Two people running with guns.,0.9975211024284363,0.9977467656135559,0.9975211024284363,0.9975211024284363,0.9977467656135559,0.9975211024284363,contradiction,0.9994749426841736,contradiction,0.999563992023468,,,[],[],0.3846153846153846,True,[],,,,,,,0.9965597987174988,0.9920310974121094,0.9898799657821655,0.9898799657821655,0.9555803537368774,0.36299359798431396,,,,,,,
129,79799,,79799:premise:fra_Latn,,premise,neutral,,,,,A crowd of black people are gathered and one person has a backpack on.,There's a crowd of blacks gathered and a person is carrying a backpack.,0.9972732663154602,0.9975751042366028,0.9972732663154602,0.9972732663154602,0.9975751042366028,0.9972732663154602,neutral,0.9991055130958557,neutral,0.9988194108009338,,,[],"[{""group"":""number"",""original"":{""1"":1},""candidate"":{},""field"":""premise""},{""group"":""space"",""original"":{""on"":1},""candidate"":{},""field"":""premise""}]",0.276595744680851,True,[],,,,,,,0.9889421463012695,0.9936522245407104,0.9938522577285767,0.9936522245407104,0.9630377888679504,0.5579944849014282,,,,,,,
129,79799,,79799:hypothesis:fra_Latn,,hypothesis,neutral,,,,,A crowd of teenage black people are waiting for the school to open and one of them has a backpack.,A bunch of black teenagers are waiting for school to open and one of them has a backpack.,0.9977915287017822,0.9968878626823425,0.9968878626823425,0.9977915287017822,0.9968878626823425,0.9968878626823425,neutral,0.9991055130958557,neutral,0.9988816380500793,,,[],[],0.17647058823529416,True,[],,,,,,,0.9967547059059143,0.9946466088294983,0.9942881464958191,0.9942881464958191,0.9694129824638367,0.7815426588058472,,,,,,,
130,80395,,80395:premise:fra_Latn,,premise,neutral,,,,,A girl at a park cooking lunch.,There's a girl in a park cooking lunch.,0.9975616931915283,0.9970362186431885,0.9970362186431885,0.9975616931915283,0.9970362186431885,0.9970362186431885,neutral,0.9992133378982544,neutral,0.9991969466209412,,,[],"[{""group"":""space"",""original"":{},""candidate"":{""in"":1},""field"":""premise""}]",0.17142857142857137,True,[],,,,,,,0.9967189431190491,0.9928950667381287,0.9925536513328552,0.9925536513328552,0.9667934775352478,0.12376770377159119,,,,,,,
130,80395,,80395:hypothesis:fra_Latn,,hypothesis,neutral,,,,,A girl is making a hot dog for lunch.,A girl makes a hot dog for lunch.,0.99708491563797,0.9933502078056335,0.9933502078056335,0.99708491563797,0.9933502078056335,0.9933502078056335,neutral,0.9992133378982544,neutral,0.9991231560707092,,,[],[],0.11428571428571432,True,[],,,,,,,0.9967623949050903,0.9925683736801147,0.988688051700592,0.988688051700592,0.9677715301513672,0.8319100141525269,,,,,,,
131,81737,,81737:premise:fra_Latn,,premise,contradiction,,,,,This is an outdoor vegetable market in possibly Southeast Asia where please are selling their fruits and vegetables.,"It's an open-air vegetable market, perhaps in Southeast Asia, where they sell their fruits and vegetables.",0.9976595640182495,0.9953694939613342,0.9953694939613342,0.9976595640182495,0.9953694939613342,0.9953694939613342,contradiction,0.9974505305290222,contradiction,0.9994657635688782,,,[],[],0.23423423423423428,True,[],,,,,,,0.9719669222831726,0.9935334920883179,0.9941508173942566,0.9935334920883179,0.9664469957351685,0.03625771403312683,,,,,,,
131,81737,,81737:hypothesis:fra_Latn,,hypothesis,contradiction,,,,,This is an outdoor market where people buy meat.,It's an outdoor market where people buy meat.,0.9956996440887451,0.9955528378486633,0.9955528378486633,0.9956996440887451,0.9955528378486633,0.9955528378486633,contradiction,0.9974505305290222,contradiction,0.9990068078041077,,,[],[],0.07526881720430112,True,[],,,,,,,0.9968158602714539,0.9934145212173462,0.99314945936203,0.99314945936203,0.9698721766471863,0.7543842792510986,,,,,,,
134,84582,,84582:hypothesis:fra_Latn,,hypothesis,entailment,,,,,A human smiling,A human smile,0.9916871190071106,0.9781470894813538,0.9781470894813538,0.9916871190071106,0.9781470894813538,0.9781470894813538,entailment,0.989769697189331,entailment,0.9757924675941467,,,[],[],0.1428571428571429,True,[],,,,,,,0.9965298771858215,0.9802840352058411,0.9832698106765747,0.9802840352058411,0.9671841859817505,1.0848174095153809,,,,,,,
135,87146,,87146:premise:fra_Latn,,premise,entailment,,,,,"A man with glasses is reading a book while lying in a red, orange and yellow striped hammock next to a sidewalk.","A man with glasses is reading a book as he lies in a hammock with red, orange and yellow stripes next to a sidewalk.",0.9954213500022888,0.9963597655296326,0.9954213500022888,0.9954213500022888,0.9963597655296326,0.9954213500022888,entailment,0.9956616759300232,entailment,0.9936607480049133,,,[],[],0.14912280701754388,True,[],,,,,,,0.9959000945091248,0.9938807487487793,0.9937399625778198,0.9937399625778198,0.9719567894935608,0.6263929605484009,,,,,,,
135,87146,,87146:hypothesis:fra_Latn,,hypothesis,entailment,,,,,A person reading,A person who reads,0.9946498274803162,0.9837853908538818,0.9837853908538818,0.9946498274803162,0.9837853908538818,0.9837853908538818,entailment,0.9956616759300232,entailment,0.9948424696922302,,,[],[],0.23529411764705888,True,[],,,,,,,0.9812249541282654,0.9882643222808838,0.9854403138160706,0.9854403138160706,0.9657192230224609,0.7234485745429993,,,,,,,
136,87701,,87701:premise:fra_Latn,,premise,entailment,,,,,A girl wearing a white coat standing in a fountain.,A girl in a white coat standing in a fountain.,0.9966525435447693,0.9971677660942078,0.9966525435447693,0.9966525435447693,0.9971677660942078,0.9966525435447693,entailment,0.9937132000923157,entailment,0.9967670440673828,,,[],"[{""group"":""space"",""original"":{""in"":1},""candidate"":{""in"":2},""field"":""premise""}]",0.05154639175257736,True,[],,,,,,,0.996778666973114,0.9931244254112244,0.9931333661079407,0.9931244254112244,0.9704495072364807,0.9301595687866211,,,,,,,
136,87701,,87701:hypothesis:fra_Latn,,hypothesis,entailment,,,,,A girl wearing a white coat standing.,A girl in a white coat standing there.,0.9911376237869263,0.9961178302764893,0.9911376237869263,0.9911376237869263,0.9961178302764893,0.9911376237869263,entailment,0.9937132000923157,entailment,0.9923227429389954,,,[],"[{""group"":""space"",""original"":{},""candidate"":{""in"":1},""field"":""hypothesis""}]",0.1466666666666666,True,[],,,,,,,0.9619126319885254,0.9804365038871765,0.9905345439910889,0.9804365038871765,0.9402254819869995,0.8340568542480469,,,,,,,
137,88157,,88157:premise:fra_Latn,,premise,contradiction,,,,,Children people run and play near a fountain.,Children run and play near a fountain.,0.9965500831604004,0.9887646436691284,0.9887646436691284,0.9965500831604004,0.9887646436691284,0.9887646436691284,contradiction,0.9995681643486023,contradiction,0.9985446929931641,,,[],[],0.08433734939759041,True,[],,,,,,,0.9521612524986267,0.9935455918312073,0.9902486205101013,0.9902486205101013,0.9290345907211304,0.9274982810020447,,,,,,,
137,88157,,88157:hypothesis:fra_Latn,,hypothesis,contradiction,,,,,People are going into the restaurant.,People go to the restaurant.,0.9979490637779236,0.9966188669204712,0.9966188669204712,0.9979490637779236,0.9966188669204712,0.9966188669204712,contradiction,0.9995681643486023,contradiction,0.9995612502098083,,,[],[],0.1384615384615384,True,[],,,,,,,0.9891106486320496,0.9934369921684265,0.9813910722732544,0.9813910722732544,0.9632071852684021,0.8649250864982605,,,,,,,
139,88424,,88424:premise:fra_Latn,,premise,entailment,,,,,Two young women are writing on a banner.,Two young women writing on a banner.,0.9966229200363159,0.9949488639831543,0.9949488639831543,0.9966229200363159,0.9949488639831543,0.9949488639831543,entailment,0.9955462217330933,entailment,0.9947713017463684,,,[],[],0.052631578947368474,True,[],,,,,,,0.9967568516731262,0.9916707277297974,0.9908012747764587,0.9908012747764587,0.9675903916358948,0.5327180624008179,,,,,,,
140,88539,,88539:premise:fra_Latn,,premise,neutral,,,,,A group of adults viewing a presentation in a school gymnasium.,A group of adults watching a presentation in a school gym.,0.9963627457618713,0.9948281645774841,0.9948281645774841,0.9963627457618713,0.9948281645774841,0.9948281645774841,neutral,0.9424294829368591,neutral,0.9253979921340942,,,[],[],0.1074380165289256,True,[],,,,,,,0.996087908744812,0.976581871509552,0.23202845454216003,0.23202845454216003,0.970213770866394,0.7047345638275146,,,,,,,
140,88539,,88539:hypothesis:fra_Latn,,hypothesis,neutral,,,,,adults learning something,adults learn something,0.9928612112998962,0.9794567227363586,0.9794567227363586,0.9928612112998962,0.9794567227363586,0.9794567227363586,neutral,0.9424294829368591,neutral,0.9567514061927795,,,[],[],0.06382978723404253,True,[],,,,,,,0.9961839318275452,0.9854478240013123,0.9855242371559143,0.9854478240013123,0.9668329358100891,1.166988730430603,,,,,,,
141,89957,,89957:hypothesis:fra_Latn,,hypothesis,entailment,,,,,two men are getting a drink,Two men are having a drink.,0.9971030354499817,0.996755063533783,0.996755063533783,0.9971030354499817,0.996755063533783,0.996755063533783,entailment,0.9965684413909912,entailment,0.9976755976676941,,,[],[],0.14814814814814814,True,[],,,,,,,0.9966243505477905,0.9933214783668518,0.9938509464263916,0.9933214783668518,0.9633286595344543,0.8310536742210388,,,,,,,
142,90459,,90459:hypothesis:fra_Latn,,hypothesis,entailment,,,,,Maybe a woman is wearing a weird outfit and dances.,Maybe a woman wears a strange outfit and dances.,0.9960337281227112,0.9961108565330505,0.9960337281227112,0.9960337281227112,0.9961108565330505,0.9960337281227112,entailment,0.9747342467308044,entailment,0.9720678329467773,,,[],[],0.1717171717171717,True,[],,,,,,,0.9966707825660706,0.993681788444519,0.9931107759475708,0.9931107759475708,0.9705098867416382,0.8573600053787231,,,,,,,
146,95485,,95485:premise:fra_Latn,,premise,entailment,,,,,"A woman holding a girl, who wears an apple themed coat.","A woman holding a girl, wearing an apple-themed coat.",0.993032693862915,0.9928991794586182,0.9928991794586182,0.993032693862915,0.9928991794586182,0.9928991794586182,entailment,0.9975709319114685,entailment,0.997048556804657,,,[],[],0.09259259259259256,True,[],,,,,,,0.9967966675758362,0.9922139048576355,0.9925261735916138,0.9922139048576355,0.9709986448287964,0.8126978874206543,,,,,,,
146,95485,,95485:hypothesis:fra_Latn,,hypothesis,entailment,,,,,Woman holds a girl wearing a coat.,A woman holds a girl in a coat.,0.9959427714347839,0.9971097111701965,0.9959427714347839,0.9959427714347839,0.9971097111701965,0.9959427714347839,entailment,0.9975709319114685,entailment,0.9963545799255371,,,[],"[{""group"":""space"",""original"":{},""candidate"":{""in"":1},""field"":""hypothesis""}]",0.10769230769230764,True,[],,,,,,,0.9968253374099731,0.9912036657333374,0.9919813275337219,0.9912036657333374,0.9710659980773926,0.6908431649208069,,,,,,,
147,95970,,95970:premise:fra_Latn,,premise,contradiction,,,,,Many two-person kayaks fill a river surrounded by trees.,Many kayaks for two people fill a river surrounded by trees.,0.9934250116348267,0.9953482747077942,0.9934250116348267,0.9934250116348267,0.9953482747077942,0.9934250116348267,contradiction,0.9995597004890442,contradiction,0.9994901418685913,,,[],[],0.22413793103448276,True,[],,,,,,,0.9627072215080261,0.9934839606285095,0.9931407570838928,0.9931407570838928,0.9681799411773682,0.5602238774299622,,,,,,,
148,96110,,96110:premise:fra_Latn,,premise,contradiction,,,,,A man stands on stage with a fireworks going off beside of him.,A man stands on the stage with fireworks lit next to him.,0.9967787861824036,0.9896644949913025,0.9896644949913025,0.9967787861824036,0.9896644949913025,0.9896644949913025,contradiction,0.9996128678321838,contradiction,0.9995706677436829,,,[],"[{""group"":""space"",""original"":{""beside"":1,""on"":1},""candidate"":{""on"":1},""field"":""premise""}]",0.2833333333333333,True,[],,,,,,,0.9891963005065918,0.9876621961593628,0.9842138290405273,0.9842138290405273,0.9542207717895508,0.7452210187911987,,,,,,,
150,97491,,97491:premise:fra_Latn,,premise,contradiction,,,,,The small dog wearing a tutu stands on its hind legs.,The little dog wearing a tutu stands on its hind legs.,0.9975047707557678,0.9973211884498596,0.9973211884498596,0.9975047707557678,0.9973211884498596,0.9973211884498596,contradiction,0.9993540644645691,contradiction,0.9993346333503723,,,[],[],0.06542056074766356,True,[],,,,,,,0.996724545955658,0.9934995174407959,0.9935370087623596,0.9934995174407959,0.9722480773925781,0.8798518776893616,,,,,,,
150,97491,,97491:hypothesis:fra_Latn,,hypothesis,contradiction,,,,,There is a dog laying down,There's a dog lying there.,0.9961007833480835,0.9971255660057068,0.9961007833480835,0.9961007833480835,0.9971255660057068,0.9961007833480835,contradiction,0.9993540644645691,contradiction,0.9993184804916382,,,[],[],0.2692307692307693,True,[],,,,,,,0.9955800175666809,0.9789649844169617,0.9930524230003357,0.9789649844169617,0.9571452140808105,0.6133337020874023,,,,,,,
153,99482,,99482:premise:fra_Latn,,premise,entailment,,,,,A large brown dog is digging in the sand.,A big brown dog digging in the sand.,0.9981691837310791,0.9978280663490295,0.9978280663490295,0.9981691837310791,0.9978280663490295,0.9978280663490295,entailment,0.9888398051261902,entailment,0.9895766973495483,,,[],[],0.11688311688311692,True,[],,,,,,,0.9948542714118958,0.9930631518363953,0.9933677315711975,0.9930631518363953,0.9702721238136292,0.4505176246166229,,,,,,,
153,99482,,99482:hypothesis:fra_Latn,,hypothesis,entailment,,,,,A dog is digging outside.,There's a dog digging outside.,0.9982991814613342,0.9981240630149841,0.9981240630149841,0.9982991814613342,0.9981240630149841,0.9981240630149841,entailment,0.9888398051261902,entailment,0.990014910697937,,,[],[],0.19999999999999996,True,[],,,,,,,0.9964730143547058,0.9923499226570129,0.9935005307197571,0.9923499226570129,0.9667482376098633,0.6224001049995422,,,,,,,
155,99871,,99871:premise:fra_Latn,,premise,entailment,,,,,A woman sitting at a desk staring at a computer screen.,A woman sitting at a desk looking at a computer screen.,0.9963793158531189,0.9924665093421936,0.9924665093421936,0.9963793158531189,0.9924665093421936,0.9924665093421936,entailment,0.950347900390625,entailment,0.954091489315033,,,[],[],0.07272727272727275,True,[],,,,,,,0.996878981590271,0.9934705495834351,0.9933474659919739,0.9933474659919739,0.9696911573410034,1.0315911769866943,,,,,,,
155,99871,,99871:hypothesis:fra_Latn,,hypothesis,entailment,,,,,A woman is at work.,There's a woman at work.,0.9973714351654053,0.9972155094146729,0.9972155094146729,0.9973714351654053,0.9972155094146729,0.9972155094146729,entailment,0.950347900390625,entailment,0.9333650469779968,,,[],[],0.2558139534883721,True,[],,,,,,,0.9947110414505005,0.9935763478279114,0.9933833479881287,0.9933833479881287,0.9560837149620056,0.18370908498764038,,,,,,,
157,101993,,101993:premise:fra_Latn,,premise,entailment,,,,,A woman adjusts her sunglasses.,A woman adjusting her sunglasses.,0.9952797889709473,0.9974289536476135,0.9952797889709473,0.9952797889709473,0.9974289536476135,0.9952797889709473,entailment,0.9964518547058105,entailment,0.997316300868988,,,[],[],0.0625,True,[],,,,,,,0.9966525435447693,0.9934501051902771,0.9938976168632507,0.9934501051902771,0.9699956774711609,0.6273978352546692,,,,,,,
164,105325,,105325:premise:fra_Latn,,premise,neutral,,,,,Many people ride their bikes down a bike path in a city.,A lot of people ride their bikes on a bike path in a city.,0.9974910020828247,0.9930758476257324,0.9930758476257324,0.9974910020828247,0.9930758476257324,0.9930758476257324,neutral,0.8475672602653503,neutral,0.9388521313667297,,,[],"[{""group"":""quantifier"",""original"":{""many"":1},""candidate"":{},""field"":""premise""},{""group"":""space"",""original"":{""in"":1},""candidate"":{""in"":1,""on"":1},""field"":""premise""}]",0.10526315789473684,True,[],,,,,,,0.996109664440155,0.9927645325660706,0.9927248954772949,0.9927248954772949,0.9716768860816956,0.7605292797088623,,,,,,,
165,105872,,105872:hypothesis:fra_Latn,,hypothesis,entailment,,,,,One man is on the roof,There's a man on the roof.,0.9971862435340881,0.9927672147750854,0.9927672147750854,0.9971862435340881,0.9927672147750854,0.9927672147750854,entailment,0.9701388478279114,entailment,0.9646683931350708,,,[],"[{""group"":""number"",""original"":{""1"":1},""candidate"":{},""field"":""hypothesis""}]",0.29166666666666663,True,[],,,,,,,0.9940041899681091,0.9923555850982666,0.989075779914856,0.989075779914856,0.9368542432785034,0.5224114656448364,,,,,,,
166,107185,,107185:premise:fra_Latn,,premise,neutral,,,,,A dad is entertaining his family by playing the guitar.,A father entertains his family by playing guitar.,0.9978694915771484,0.9973324537277222,0.9973324537277222,0.9978694915771484,0.9973324537277222,0.9973324537277222,neutral,0.9985231757164001,neutral,0.9988118410110474,,,[],[],0.17307692307692313,True,[],,,,,,,0.9965192079544067,0.9932742118835449,0.9925611615180969,0.9925611615180969,0.969832718372345,0.6079556941986084,,,,,,,
166,107185,,107185:hypothesis:fra_Latn,,hypothesis,neutral,,,,,The dad plays country music under the starry night.,Dad plays country music under the stars.,0.9966158270835876,0.992479681968689,0.992479681968689,0.9966158270835876,0.992479681968689,0.992479681968689,neutral,0.9985231757164001,neutral,0.9976189732551575,,,[],[],0.1428571428571429,True,[],,,,,,,0.979168176651001,0.993503749370575,0.9797852635383606,0.9797852635383606,0.944813072681427,-0.08417882025241852,,,,,,,
168,108589,,108589:hypothesis:fra_Latn,,hypothesis,neutral,,,,,One of the people is wearing green,One of the people wears the green.,0.9877356886863708,0.9907448887825012,0.9877356886863708,0.9877356886863708,0.9907448887825012,0.9877356886863708,neutral,0.9991293549537659,neutral,0.9984424710273743,,,[],[],0.17647058823529416,True,[],,,,,,,0.9966598749160767,0.9917200803756714,0.9924488067626953,0.9917200803756714,0.9575197100639343,0.5806097984313965,,,,,,,
172,111292,,111292:premise:fra_Latn,,premise,contradiction,,,,,A man wearing a white t-shirt looking away from the camera.,A man in a white T-shirt looking away from the camera.,0.9964724779129028,0.996738612651825,0.9964724779129028,0.9964724779129028,0.996738612651825,0.9964724779129028,contradiction,0.9993810653686523,contradiction,0.9993662238121033,,,[],"[{""group"":""space"",""original"":{},""candidate"":{""in"":1},""field"":""premise""}]",0.04424778761061943,True,[],,,,,,,0.9949828386306763,0.9939804077148438,0.9938845038414001,0.9938845038414001,0.9727952480316162,1.0057108402252197,,,,,,,
172,111292,,111292:hypothesis:fra_Latn,,hypothesis,contradiction,,,,,The is wearing a red t-shirt.,He's wearing a red T-shirt.,0.9892422556877136,0.9948496222496033,0.9892422556877136,0.9892422556877136,0.9948496222496033,0.9892422556877136,contradiction,0.9993810653686523,contradiction,0.9993019104003906,,,[],[],0.0714285714285714,True,[],,,,,,,0.9679204225540161,0.9920220375061035,0.9924415349960327,0.9920220375061035,0.8722902536392212,0.28863319754600525,,,,,,,
176,113482,,113482:premise:fra_Latn,,premise,neutral,,,,,"Construction worker, welding on high beam.","Construction worker, high beam welding.",0.9937293529510498,0.9932231903076172,0.9932231903076172,0.9937293529510498,0.9932231903076172,0.9932231903076172,neutral,0.9866539835929871,neutral,0.9818269610404968,,,[],"[{""group"":""space"",""original"":{""on"":1},""candidate"":{},""field"":""premise""}]",0.23456790123456794,True,[],,,,,,,0.9865472316741943,0.99014812707901,0.9876677393913269,0.9876677393913269,0.9680870771408081,0.6012145280838013,,,,,,,
177,114570,,114570:hypothesis:fra_Latn,,hypothesis,entailment,,,,,man looks at policeman,A man looks at a policeman,0.9919899106025696,0.9938517808914185,0.9919899106025696,0.9919899106025696,0.9938517808914185,0.9919899106025696,entailment,0.9921407103538513,entailment,0.99339359998703,,,[],[],0.08333333333333337,True,[],,,,,,,0.9967426657676697,0.9871999025344849,0.9858216643333435,0.9858216643333435,0.9671616554260254,0.5868913531303406,,,,,,,
179,117040,,117040:premise:fra_Latn,,premise,neutral,,,,,A group of ladies with computers sit behind a table while people on the other side purchase something.,A group of ladies with computers are sitting behind a table while the people on the other side are buying something.,0.9941250085830688,0.9948592185974121,0.9941250085830688,0.9941250085830688,0.9948592185974121,0.9941250085830688,neutral,0.9944433569908142,neutral,0.993438184261322,,,[],[],0.12844036697247707,True,[],,,,,,,0.996579110622406,0.9938272833824158,0.9943013191223145,0.9938272833824158,0.9725109338760376,0.7495740652084351,,,,,,,
179,117040,,117040:hypothesis:fra_Latn,,hypothesis,neutral,,,,,People are purchasing necessary items.,People buy necessary items.,0.9966536164283752,0.9927835464477539,0.9927835464477539,0.9966536164283752,0.9927835464477539,0.9927835464477539,neutral,0.9944433569908142,neutral,0.9891200065612793,,,[],[],0.23076923076923073,True,[],,,,,,,0.9961917400360107,0.994107723236084,0.9911136031150818,0.9911136031150818,0.9637321829795837,0.8942656517028809,,,,,,,
181,117651,,117651:premise:fra_Latn,,premise,entailment,,,,,A dog taking a poop in the street.,A dog that's doing shit on the street.,0.9963812828063965,0.9952267408370972,0.9952267408370972,0.9963812828063965,0.9952267408370972,0.9952267408370972,entailment,0.9940306544303894,entailment,0.9904897212982178,,,[],"[{""group"":""space"",""original"":{""in"":1},""candidate"":{""on"":1},""field"":""premise""}]",0.25,True,[],,,,,,,0.8480260968208313,0.9915665984153748,0.9933860898017883,0.9915665984153748,0.9597871899604797,-0.31954339146614075,,,,,,,
181,117651,,117651:hypothesis:fra_Latn,,hypothesis,entailment,,,,,A dog is pooping.,A dog does shit.,0.9926437735557556,0.96269690990448,0.96269690990448,0.9926437735557556,0.96269690990448,0.96269690990448,entailment,0.9940306544303894,entailment,0.9929770827293396,,,[],[],0.3939393939393939,True,[],,,,,,,0.6966562867164612,0.9932517409324646,0.97852623462677,0.97852623462677,0.7244896292686462,-0.6457722187042236,,,,,,,
182,118176,,118176:hypothesis:fra_Latn,,hypothesis,neutral,,,,,The girl is winning the tennis match.,The girl wins the tennis match.,0.9952528476715088,0.9859583973884583,0.9859583973884583,0.9952528476715088,0.9859583973884583,0.9859583973884583,neutral,0.9991245865821838,neutral,0.9990134239196777,,,[],[],0.11764705882352944,True,[],,,,,,,0.9965127110481262,0.9938564896583557,0.9817241430282593,0.9817241430282593,0.9655622839927673,0.8232520818710327,,,,,,,
184,118275,,118275:premise:fra_Latn,,premise,contradiction,,,,,A group of people digging a large hole.,A group of people are digging a big hole.,0.9980124235153198,0.9968376159667969,0.9968376159667969,0.9980124235153198,0.9968376159667969,0.9968376159667969,contradiction,0.9990719556808472,contradiction,0.9994195699691772,,,[],[],0.125,True,[],,,,,,,0.996588945388794,0.9930320978164673,0.9931225180625916,0.9930320978164673,0.969369113445282,0.6779064536094666,,,,,,,
184,118275,,118275:hypothesis:fra_Latn,,hypothesis,contradiction,,,,,A bulldozer digging a hole.,A bulldozer that's digging a hole.,0.9964653253555298,0.997403085231781,0.9964653253555298,0.9964653253555298,0.997403085231781,0.9964653253555298,contradiction,0.9990719556808472,contradiction,0.9989261031150818,,,[],[],0.11475409836065575,True,[],,,,,,,0.9385743737220764,0.9848650693893433,0.9906349778175354,0.9848650693893433,0.9673470258712769,0.2550710439682007,,,,,,,
185,119934,,119934:premise:fra_Latn,,premise,entailment,,,,,A man is bending down repairing a house.,A man bows down to repair a house.,0.986004650592804,0.9923658967018127,0.986004650592804,0.986004650592804,0.9923658967018127,0.986004650592804,entailment,0.8969429731369019,entailment,0.9323623776435852,,,[],[],0.2432432432432432,True,[],,,,,,,0.9461028575897217,0.9898393154144287,0.9847737550735474,0.9847737550735474,0.9185653328895569,-0.031250208616256714,,,,,,,
186,121762,,121762:premise:fra_Latn,,premise,contradiction,,,,,A dog walking through the water at the ocean.,A dog walking in the water in the ocean.,0.9949541687965393,0.9940251708030701,0.9940251708030701,0.9949541687965393,0.9940251708030701,0.9940251708030701,contradiction,0.9989398121833801,contradiction,0.9993507266044617,,,[],"[{""group"":""space"",""original"":{""through"":1},""candidate"":{""in"":2},""field"":""premise""}]",0.15294117647058825,True,[],,,,,,,0.9964501857757568,0.989086389541626,0.9861496686935425,0.9861496686935425,0.9704050421714783,0.5524185299873352,,,,,,,
186,121762,,121762:hypothesis:fra_Latn,,hypothesis,contradiction,,,,,A cat walking through the water at the ocean.,A cat walking in the water in the ocean.,0.9952600598335266,0.9935477375984192,0.9935477375984192,0.9952600598335266,0.9935477375984192,0.9935477375984192,contradiction,0.9989398121833801,contradiction,0.9993129968643188,,,[],"[{""group"":""space"",""original"":{""through"":1},""candidate"":{""in"":2},""field"":""hypothesis""}]",0.15294117647058825,True,[],,,,,,,0.9963843822479248,0.9875258207321167,0.9847077131271362,0.9847077131271362,0.9702265858650208,0.5408166646957397,,,,,,,
187,123524,,123524:premise:fra_Latn,,premise,contradiction,,,,,Factory workers standing in uniform next to their product.,The factory workers standing in uniform next to their produce.,0.9877675771713257,0.9954739212989807,0.9877675771713257,0.9877675771713257,0.9954739212989807,0.9877675771713257,contradiction,0.999640703201294,contradiction,0.9996335506439209,,,[],[],0.050000000000000044,True,[],,,,,,,0.9404431581497192,0.9754147529602051,0.9841181039810181,0.9754147529602051,0.8406887054443359,0.7659081816673279,,,,,,,
188,123536,,123536:premise:fra_Latn,,premise,entailment,,,,,The black and white dog is running on the grass.,The black and white dog runs on the grass.,0.9978266358375549,0.997458279132843,0.997458279132843,0.9978266358375549,0.997458279132843,0.997458279132843,entailment,0.9976263642311096,entailment,0.9975449442863464,,,[],[],0.0888888888888889,True,[],,,,,,,0.9968276619911194,0.9932889342308044,0.9933111667633057,0.9932889342308044,0.9712432026863098,0.8109157681465149,,,,,,,
188,123536,,123536:hypothesis:fra_Latn,,hypothesis,entailment,,,,,The black and white dog is running.,The black and white dog runs.,0.9973107576370239,0.9974673986434937,0.9973107576370239,0.9973107576370239,0.9974673986434937,0.9973107576370239,entailment,0.9976263642311096,entailment,0.9975221753120422,,,[],[],0.125,True,[],,,,,,,0.9965445399284363,0.9929828643798828,0.9913506507873535,0.9913506507873535,0.9689818024635315,0.6370185613632202,,,,,,,
189,124930,,124930:premise:fra_Latn,,premise,neutral,,,,,A woman standing in front of a building as others go about their day.,A woman standing in front of a building while others spend their day.,0.9953017234802246,0.9964246153831482,0.9953017234802246,0.9953017234802246,0.9964246153831482,0.9953017234802246,neutral,0.9968034029006958,neutral,0.9920949339866638,,,[],[],0.14492753623188404,True,[],,,,,,,0.9886045455932617,0.9860312938690186,0.9929995536804199,0.9860312938690186,0.965720534324646,0.697776198387146,,,,,,,
189,124930,,124930:hypothesis:fra_Latn,,hypothesis,neutral,,,,,I women waiting on friends outside a building.,I'm a woman waiting for friends outside a building.,0.9957807064056396,0.9935033917427063,0.9935033917427063,0.9957807064056396,0.9935033917427063,0.9935033917427063,neutral,0.9968034029006958,neutral,0.9978882670402527,,,[],"[{""group"":""space"",""original"":{""outside"":1,""on"":1},""candidate"":{""outside"":1},""field"":""hypothesis""}]",0.09278350515463918,True,[],,,,,,,0.9520848393440247,0.9856289029121399,0.9888901710510254,0.9856289029121399,0.9531362056732178,0.06993810087442398,,,,,,,
190,125168,,125168:hypothesis:fra_Latn,,hypothesis,entailment,,,,,Two people are racing.,Two people are in a race.,0.9968662858009338,0.9954148530960083,0.9954148530960083,0.9968662858009338,0.9954148530960083,0.9954148530960083,entailment,0.9974320530891418,entailment,0.9975547194480896,,,[],"[{""group"":""space"",""original"":{},""candidate"":{""in"":1},""field"":""hypothesis""}]",0.19148936170212771,True,[],,,,,,,0.9893122315406799,0.9932548403739929,0.9931378960609436,0.9931378960609436,0.9618542790412903,0.31324470043182373,,,,,,,
191,125334,,125334:premise:fra_Latn,,premise,neutral,,,,,"A woman wearing a sparkly blue costume, leaps into the air while swirling a green ribbon in her left hand.",A woman in a shiny blue suit jumps into the air while twirling a green ribbon in her left hand.,0.9958475232124329,0.9968509078025818,0.9958475232124329,0.9958475232124329,0.9968509078025818,0.9958475232124329,neutral,0.9970946311950684,neutral,0.9988459348678589,,,[],"[{""group"":""space"",""original"":{""left"":1,""in"":1},""candidate"":{""left"":1,""in"":2},""field"":""premise""}]",0.13432835820895528,True,[],,,,,,,0.9065806269645691,0.9943073391914368,0.9938638210296631,0.9938638210296631,0.9476938843727112,0.5782326459884644,,,,,,,
192,126619,,126619:premise:fra_Latn,,premise,entailment,,,,,Five men wearing black shorts are leaving the starting blocks in a track competition with few spectators.,Five men in black shorts leave the starting points of a track race with few spectators.,0.9957972764968872,0.9968706965446472,0.9957972764968872,0.9957972764968872,0.9968706965446472,0.9957972764968872,entailment,0.9909670948982239,entailment,0.9623063206672668,,,[],[],0.1875,True,[],,,,,,,0.9960160851478577,0.9931638836860657,0.9920489192008972,0.9920489192008972,0.9675770998001099,0.5882859230041504,,,,,,,
192,126619,,126619:hypothesis:fra_Latn,,hypothesis,entailment,,,,,Five men are racing.,Five men are in the race.,0.9960594177246094,0.9959639310836792,0.9959639310836792,0.9960594177246094,0.9959639310836792,0.9959639310836792,entailment,0.9909670948982239,entailment,0.9937113523483276,,,[],"[{""group"":""space"",""original"":{},""candidate"":{""in"":1},""field"":""hypothesis""}]",0.24444444444444446,True,[],,,,,,,0.9780457019805908,0.9921350479125977,0.993263840675354,0.9921350479125977,0.9626262187957764,0.68096923828125,,,,,,,
193,126867,,126867:hypothesis:fra_Latn,,hypothesis,neutral,,,,,A woman reading the first published copy of her new book.,A woman reading the first printed copy of her new book.,0.9944023489952087,0.9903823733329773,0.9903823733329773,0.9944023489952087,0.9903823733329773,0.9903823733329773,neutral,0.9978771209716797,neutral,0.9972003698348999,,,[],[],0.0714285714285714,True,[],,,,,,,0.9897378087043762,0.9914826154708862,0.9842748045921326,0.9842748045921326,0.959426760673523,1.015650987625122,,,,,,,
195,129526,,129526:hypothesis:fra_Latn,,hypothesis,contradiction,,,,,People are eating in a restaurant,People eat in a restaurant.,0.9971649050712585,0.9914137125015259,0.9914137125015259,0.9971649050712585,0.9914137125015259,0.9914137125015259,contradiction,0.9995163679122925,contradiction,0.9991668462753296,,,[],[],0.1333333333333333,True,[],,,,,,,0.9965831637382507,0.9927183389663696,0.974963366985321,0.974963366985321,0.966593325138092,0.8370723724365234,,,,,,,
196,129767,,129767:premise:fra_Latn,,premise,contradiction,,,,,A young long-haired girl is out skipping on the sidewalk on a sunny day.,A young girl with long hair jumps on the sidewalk on a sunny day.,0.977899968624115,0.9842827916145325,0.977899968624115,0.977899968624115,0.9842827916145325,0.977899968624115,contradiction,0.9996949434280396,contradiction,0.9996525049209595,,,[],[],0.27007299270072993,True,[],,,,,,,0.8949815034866333,0.9725733995437622,0.9461266994476318,0.9461266994476318,0.9189792275428772,0.47349846363067627,,,,,,,
198,132011,,132011:premise:fra_Latn,,premise,entailment,,,,,"A woman and a man sit on a stone bench, with tall buildings behind them.","A woman and a man are sitting on a rock bench, with tall buildings behind them.",0.9931992888450623,0.9943504929542542,0.9931992888450623,0.9931992888450623,0.9943504929542542,0.9931992888450623,entailment,0.9983224272727966,entailment,0.9982289671897888,,,[],[],0.09933774834437081,True,[],,,,,,,0.9968173503875732,0.993485152721405,0.9935452938079834,0.993485152721405,0.8903162479400635,0.8947490453720093,,,,,,,
202,135071,,135071:hypothesis:fra_Latn,,hypothesis,entailment,,,,,People are walking outdoors.,People are walking outside.,0.9983099699020386,0.9974170923233032,0.9974170923233032,0.9983099699020386,0.9974170923233032,0.9974170923233032,entailment,0.996249258518219,entailment,0.9971668124198914,,,[],"[{""group"":""space"",""original"":{},""candidate"":{""outside"":1},""field"":""hypothesis""}]",0.12727272727272732,True,[],,,,,,,0.9956880211830139,0.9940085411071777,0.9939927458763123,0.9939927458763123,0.9637856483459473,0.8110665678977966,,,,,,,
203,135294,,135294:premise:fra_Latn,,premise,neutral,,,,,A father and his son and daughter play by the waters edge.,A father and his son and daughter are playing by the water.,0.9951089024543762,0.9844921827316284,0.9844921827316284,0.9951089024543762,0.9844921827316284,0.9844921827316284,neutral,0.9925383925437927,neutral,0.9939390420913696,,,[],[],0.11111111111111116,True,[],,,,,,,0.9463196396827698,0.9926413893699646,0.9860639572143555,0.9860639572143555,0.9357779026031494,0.32636749744415283,,,,,,,
203,135294,,135294:hypothesis:fra_Latn,,hypothesis,neutral,,,,,A father is spending his saturday with his kids,A father spends his Saturday with his children.,0.9972733855247498,0.9925766587257385,0.9925766587257385,0.9972733855247498,0.9925766587257385,0.9925766587257385,neutral,0.9925383925437927,neutral,0.9858864545822144,,,[],[],0.17021276595744683,True,[],,,,,,,0.9910374879837036,0.9934886693954468,0.9834502935409546,0.9834502935409546,0.9688832759857178,0.7121498584747314,,,,,,,
207,138010,,138010:hypothesis:fra_Latn,,hypothesis,contradiction,,,,,A man is standing in a field.,There's a man standing in a field.,0.9981077909469604,0.9977993369102478,0.9977993369102478,0.9981077909469604,0.9977993369102478,0.9977993369102478,contradiction,0.9993240833282471,contradiction,0.9995043277740479,,,[],[],0.17460317460317465,True,[],,,,,,,0.9965559244155884,0.9924968481063843,0.9929115176200867,0.9924968481063843,0.9605432748794556,0.6551110148429871,,,,,,,
208,138280,,138280:premise:fra_Latn,,premise,entailment,,,,,Person in a red hat walking on a sidewalk on a snowy day.,A person in a red hat walks down the sidewalk on a snowy day.,0.9891848564147949,0.997184693813324,0.9891848564147949,0.9891848564147949,0.997184693813324,0.9891848564147949,entailment,0.9822002649307251,entailment,0.9918736815452576,,,[],"[{""group"":""space"",""original"":{""in"":1,""on"":2},""candidate"":{""in"":1,""on"":1},""field"":""premise""}]",0.10169491525423724,True,[],,,,,,,0.9967350363731384,0.9919948577880859,0.9925190210342407,0.9919948577880859,0.9715726971626282,0.7168852090835571,,,,,,,
208,138280,,138280:hypothesis:fra_Latn,,hypothesis,entailment,,,,,The lady wore a red hat while she walked on the snowy sidewalk.,The lady was wearing a red hat as she walked down the snowy sidewalk.,0.9909537434577942,0.9979715943336487,0.9909537434577942,0.9909537434577942,0.9979715943336487,0.9909537434577942,entailment,0.9822002649307251,entailment,0.9882794618606567,,,[],"[{""group"":""space"",""original"":{""on"":1},""candidate"":{},""field"":""hypothesis""}]",0.1515151515151515,True,[],,,,,,,0.9965268969535828,0.9936542510986328,0.9936191439628601,0.9936191439628601,0.9707343578338623,0.7395108342170715,,,,,,,
209,138332,,138332:hypothesis:fra_Latn,,hypothesis,neutral,,,,,A couple of young baseball players at a park.,A couple of young baseball players in a park.,0.9909890294075012,0.9942464232444763,0.9909890294075012,0.9909890294075012,0.9942464232444763,0.9909890294075012,neutral,0.9789368510246277,neutral,0.979345440864563,,,[],"[{""group"":""space"",""original"":{},""candidate"":{""in"":1},""field"":""hypothesis""}]",0.0444444444444444,True,[],,,,,,,0.9960816502571106,0.9852662682533264,0.9877356886863708,0.9852662682533264,0.969283938407898,0.922452449798584,,,,,,,
211,138993,,138993:premise:fra_Latn,,premise,contradiction,,,,,A group of girls in leotards.,A bunch of girls in leotards.,0.9962683320045471,0.9957876801490784,0.9957876801490784,0.9962683320045471,0.9957876801490784,0.9957876801490784,contradiction,0.9970999956130981,contradiction,0.9955253005027771,,,[],[],0.13793103448275867,True,[],,,,,,,0.9869552254676819,0.9928722381591797,0.9933204650878906,0.9928722381591797,0.9674429893493652,0.6536705493927002,,,,,,,
212,141282,,141282:hypothesis:fra_Latn,,hypothesis,neutral,,,,,They are waiting for a picnic to start.,They're waiting for a picnic to start.,0.997782289981842,0.997435986995697,0.997435986995697,0.997782289981842,0.997435986995697,0.997435986995697,neutral,0.9989770650863647,neutral,0.9988810420036316,,,[],[],0.038961038961038974,True,[],,,,,,,0.9962802529335022,0.9923277497291565,0.9925843477249146,0.9923277497291565,0.9685738682746887,0.9805089235305786,,,,,,,
213,141386,,141386:premise:fra_Latn,,premise,contradiction,,,,,A sari-garbed woman is smiling at the camera.,A woman in sari smiles at the camera.,0.9974420070648193,0.9907779693603516,0.9907779693603516,0.9974420070648193,0.9907779693603516,0.9907779693603516,contradiction,0.9993948936462402,contradiction,0.999359667301178,,,[],"[{""group"":""space"",""original"":{},""candidate"":{""in"":1},""field"":""premise""}]",0.2682926829268293,True,[],,,,,,,0.9163587093353271,0.993198812007904,0.9933464527130127,0.993198812007904,0.966417670249939,0.37090757489204407,,,,,,,
214,141712,,141712:premise:fra_Latn,,premise,neutral,,,,,A man is asleep on the ground near two bank machines.,A man sleeps on the floor near two bank machines.,0.9949890971183777,0.9924436211585999,0.9924436211585999,0.9949890971183777,0.9924436211585999,0.9924436211585999,neutral,0.9942763447761536,neutral,0.9488495588302612,,,[],[],0.13725490196078427,True,[],,,,,,,0.9967490434646606,0.9924291968345642,0.9930790066719055,0.9924291968345642,0.9248476028442383,0.7754707932472229,,,,,,,
214,141712,,141712:hypothesis:fra_Latn,,hypothesis,neutral,,,,,A man is asleep on the ground to take rest.,A man sleeps on the floor to rest.,0.9945456981658936,0.995819091796875,0.9945456981658936,0.9945456981658936,0.995819091796875,0.9945456981658936,neutral,0.9942763447761536,neutral,0.9156171679496765,,,[],[],0.24675324675324672,True,[],,,,,,,0.9967703819274902,0.9921661615371704,0.9916592240333557,0.9916592240333557,0.9419777989387512,0.725778341293335,,,,,,,
215,141719,,141719:premise:fra_Latn,,premise,entailment,,,,,"A boy watches his classmates play in a courtyard, looking from above.","A boy watches his classmates play in a courtyard, looking up.",0.9950024485588074,0.9693567752838135,0.9693567752838135,0.9950024485588074,0.9693567752838135,0.9693567752838135,entailment,0.9976316690444946,entailment,0.9977884292602539,,,[],[],0.09230769230769231,True,[],,,,,,,0.9715027809143066,0.9928240776062012,0.9669535160064697,0.9669535160064697,0.9597435593605042,0.627666711807251,,,,,,,
216,142281,,142281:premise:fra_Latn,,premise,entailment,,,,,Men wearing black and white striped shirts and red scarves carry a shrine on their shoulders.,Men wearing black and white striped shirts and scarlet scarves were carrying a shrine on their shoulders.,0.9800553321838379,0.9897345304489136,0.9800553321838379,0.9800553321838379,0.9897345304489136,0.9800553321838379,entailment,0.9963710308074951,entailment,0.994147777557373,,,[],[],0.07070707070707072,True,[],,,,,,,0.8431555032730103,0.2740873396396637,0.5146816372871399,0.2740873396396637,0.856364905834198,0.6646829843521118,,,,,,,
216,142281,,142281:hypothesis:fra_Latn,,hypothesis,entailment,,,,,Men are carrying a shrine on their shoulders.,Men carry a sanctuary on their shoulders.,0.986981213092804,0.972724974155426,0.972724974155426,0.986981213092804,0.972724974155426,0.972724974155426,entailment,0.9963710308074951,entailment,0.9827350974082947,,,[],[],0.2093023255813954,True,[],,,,,,,0.9377518892288208,0.9803548455238342,0.944801926612854,0.944801926612854,0.8018372654914856,0.3392724394798279,,,,,,,
217,143023,,143023:premise:fra_Latn,,premise,neutral,,,,,"A group of women in pink dresses, walking across a street.",A group of women in pink dresses crossing a street.,0.9921865463256836,0.9811162948608398,0.9811162948608398,0.9921865463256836,0.9811162948608398,0.9811162948608398,neutral,0.9986427426338196,neutral,0.9989690780639648,,,[],[],0.11926605504587151,True,[],,,,,,,0.9697496294975281,0.9898377656936646,0.9827137589454651,0.9827137589454651,0.9694570302963257,0.8327816724777222,,,,,,,
218,143539,,143539:premise:fra_Latn,,premise,entailment,,,,,A baby with its eyes closed is holding a wooden toy and biting it.,A baby with his eyes closed holds a wooden toy and bites it.,0.9894422292709351,0.9943835735321045,0.9894422292709351,0.9894422292709351,0.9943835735321045,0.9894422292709351,entailment,0.9880231618881226,entailment,0.9811026453971863,,,[],[],0.11111111111111116,True,[],,,,,,,0.996782660484314,0.9943895936012268,0.9939295053482056,0.9939295053482056,0.9716864228248596,0.678215742111206,,,,,,,
218,143539,,143539:hypothesis:fra_Latn,,hypothesis,entailment,,,,,The child is chewing its toys.,The kid chews his toys.,0.9965233206748962,0.9970871806144714,0.9965233206748962,0.9965233206748962,0.9970871806144714,0.9965233206748962,entailment,0.9880231618881226,entailment,0.9739134907722473,,,[],[],0.28301886792452835,True,[],,,,,,,0.9800115823745728,0.9938322305679321,0.9911290407180786,0.9911290407180786,0.9311816096305847,0.3729056119918823,,,,,,,
219,145395,,145395:hypothesis:fra_Latn,,hypothesis,neutral,,,,,A grandmother is have a garage sale getting rid of her Clothing and jewelry since she has too many,A grandmother has a garage sale to get rid of her clothes and jewelry because she has too many,0.997424840927124,0.9979169964790344,0.997424840927124,0.997424840927124,0.9979169964790344,0.997424840927124,neutral,0.9980498552322388,neutral,0.9983635544776917,,,[],[],0.13541666666666663,True,[],,,,,,,0.9967759251594543,0.9904975295066833,0.9895762205123901,0.9895762205123901,0.9740839004516602,0.7532811164855957,,,,,,,
220,145658,,145658:premise:fra_Latn,,premise,entailment,,,,,A group of school children looking at a group on men wearing white shirts,A group of schoolchildren watching a group of men in white shirts,0.9969180822372437,0.99553382396698,0.99553382396698,0.9969180822372437,0.99553382396698,0.99553382396698,entailment,0.9890698194503784,entailment,0.9921565055847168,,,[],"[{""group"":""space"",""original"":{""on"":1},""candidate"":{""in"":1},""field"":""premise""}]",0.14492753623188404,True,[],,,,,,,0.9759281277656555,0.988229513168335,0.9845716953277588,0.9845716953277588,0.9693788290023804,0.5261587500572205,,,,,,,
221,146160,,146160:premise:fra_Latn,,premise,neutral,,,,,Several people walk by a rickshaw containing a sleeping cat.,Several people pass by a rickshaw that contains a sleeping cat.,0.9921311736106873,0.9876288175582886,0.9876288175582886,0.9921311736106873,0.9876288175582886,0.9876288175582886,neutral,0.8836509585380554,neutral,0.9498322606086731,,,[],[],0.12195121951219512,True,[],,,,,,,0.9815981388092041,0.9920703768730164,0.9924281239509583,0.9920703768730164,0.9706737399101257,0.7642314434051514,,,,,,,
221,146160,,146160:hypothesis:fra_Latn,,hypothesis,neutral,,,,,People walking as a group in a tour,People walk in groups on tour.,0.9960556030273438,0.9968529343605042,0.9960556030273438,0.9960556030273438,0.9968529343605042,0.9960556030273438,neutral,0.8836509585380554,neutral,0.8181596994400024,,,[],"[{""group"":""space"",""original"":{""in"":1},""candidate"":{""in"":1,""on"":1},""field"":""hypothesis""}]",0.19999999999999996,True,[],,,,,,,0.924640953540802,0.9932615160942078,0.9912575483322144,0.9912575483322144,0.968031108379364,0.5093473792076111,,,,,,,
224,148216,,148216:premise:fra_Latn,,premise,entailment,,,,,Man trying to guide a kit in the desert.,A man trying to guide a kit through the desert.,0.9940933585166931,0.9955164790153503,0.9940933585166931,0.9940933585166931,0.9955164790153503,0.9940933585166931,entailment,0.9962587356567383,entailment,0.9946413040161133,,,[],"[{""group"":""space"",""original"":{""in"":1},""candidate"":{""through"":1},""field"":""premise""}]",0.12643678160919536,True,[],,,,,,,0.9967555403709412,0.9932920932769775,0.9917873740196228,0.9917873740196228,0.9703134298324585,0.682019829750061,,,,,,,
224,148216,,148216:hypothesis:fra_Latn,,hypothesis,entailment,,,,,A man is trying to guide a kit in the desert,A man tries to guide a kit through the desert,0.9931718111038208,0.9951770305633545,0.9931718111038208,0.9931718111038208,0.9951770305633545,0.9931718111038208,entailment,0.9962587356567383,entailment,0.9941213726997375,,,[],"[{""group"":""space"",""original"":{""in"":1},""candidate"":{""through"":1},""field"":""hypothesis""}]",0.1910112359550562,True,[],,,,,,,0.9967688322067261,0.9873521327972412,0.9855533242225647,0.9855533242225647,0.9703699946403503,0.7725721001625061,,,,,,,
225,148356,,148356:hypothesis:fra_Latn,,hypothesis,contradiction,,,,,A red-haired rides a go-cart.,There's a red one in a go-kart.,0.9921894073486328,0.9404593706130981,0.9404593706130981,0.9921894073486328,0.9404593706130981,0.9404593706130981,contradiction,0.9984992742538452,contradiction,0.9992294311523438,,,[],"[{""group"":""number"",""original"":{},""candidate"":{""1"":1},""field"":""hypothesis""},{""group"":""space"",""original"":{},""candidate"":{""in"":1},""field"":""hypothesis""}]",0.4666666666666667,True,[],,,,,,,0.8051077723503113,0.9883949756622314,0.9818136692047119,0.9818136692047119,0.7982110977172852,-0.7591378092765808,,,,,,,
226,150141,,150141:premise:fra_Latn,,premise,contradiction,,,,,The woman in glasses is smiling with the ocean in the background,The woman with the glasses smiles with the ocean in the background.,0.9947448968887329,0.9907252192497253,0.9907252192497253,0.9947448968887329,0.9907252192497253,0.9907252192497253,contradiction,0.9988874793052673,contradiction,0.9992445707321167,,,[],"[{""group"":""space"",""original"":{""in"":2},""candidate"":{""in"":1},""field"":""premise""}]",0.1297709923664122,True,[],,,,,,,0.9965565204620361,0.9928176403045654,0.9934231638908386,0.9928176403045654,0.9728428721427917,0.6810643672943115,,,,,,,
226,150141,,150141:hypothesis:fra_Latn,,hypothesis,contradiction,,,,,The woman is mad that her glasses are broken.,The woman is angry because her glasses are broken.,0.997613787651062,0.9981067180633545,0.997613787651062,0.997613787651062,0.9981067180633545,0.997613787651062,contradiction,0.9988874793052673,contradiction,0.9988170862197876,,,[],[],0.1578947368421053,True,[],,,,,,,0.9962878227233887,0.9944881796836853,0.9942137598991394,0.9942137598991394,0.9704676866531372,0.8032852411270142,,,,,,,
228,150697,,150697:hypothesis:fra_Latn,,hypothesis,contradiction,,,,,The woman is sleeping in bed.,The woman is sleeping in the bed.,0.9970937967300415,0.9980021119117737,0.9970937967300415,0.9970937967300415,0.9980021119117737,0.9970937967300415,contradiction,0.9997050166130066,contradiction,0.9997153878211975,,,[],[],0.06451612903225812,True,[],,,,,,,0.9968090653419495,0.9927186965942383,0.9937746524810791,0.9927186965942383,0.9677357077598572,0.9199715256690979,,,,,,,
229,151152,,151152:premise:fra_Latn,,premise,contradiction,,,,,Several men sit with their green nets in fishing boats.,Several men are sitting with their green nets in fishing boats.,0.9935343265533447,0.9958622455596924,0.9935343265533447,0.9935343265533447,0.9958622455596924,0.9935343265533447,contradiction,0.9992468357086182,contradiction,0.9992446899414062,,,[],[],0.06779661016949157,True,[],,,,,,,0.996647298336029,0.993316113948822,0.9934612512588501,0.993316113948822,0.9712722301483154,0.8708040118217468,,,,,,,
231,155127,,155127:premise:fra_Latn,,premise,entailment,,,,,A skateboarder riding up to a slope.,A skateboarder who climbs a slope.,0.9950047135353088,0.9910622835159302,0.9910622835159302,0.9950047135353088,0.9910622835159302,0.9910622835159302,entailment,0.9953990578651428,entailment,0.993672251701355,,,[],[],0.2857142857142857,True,[],,,,,,,0.8329975008964539,0.9764434099197388,0.9583739638328552,0.9583739638328552,0.8624320030212402,0.5211786031723022,,,,,,,
231,155127,,155127:hypothesis:fra_Latn,,hypothesis,entailment,,,,,There is someone on the skateboard.,There's someone on the skateboard.,0.9962097406387329,0.9927642941474915,0.9927642941474915,0.9962097406387329,0.9927642941474915,0.9927642941474915,entailment,0.9953990578651428,entailment,0.9951344132423401,,,[],[],0.04347826086956519,True,[],,,,,,,0.9960063099861145,0.9935193657875061,0.9937559366226196,0.9935193657875061,0.9660922288894653,0.9359119534492493,,,,,,,
232,158708,,158708:premise:fra_Latn,,premise,entailment,,,,,An elderly man in a leather jacket with a scarf is holding up a sign.,An old man in a leather jacket and a scarf holds a sign.,0.9969950914382935,0.984447717666626,0.984447717666626,0.9969950914382935,0.984447717666626,0.984447717666626,entailment,0.9985030889511108,entailment,0.9900574088096619,,,[],[],0.18400000000000005,True,[],,,,,,,0.9951143264770508,0.9942322373390198,0.9931089878082275,0.9931089878082275,0.9720226526260376,0.6154475212097168,,,,,,,
232,158708,,158708:hypothesis:fra_Latn,,hypothesis,entailment,,,,,A man is holding up a sign.,There's a man holding a sign.,0.9980921149253845,0.9691116213798523,0.9691116213798523,0.9980921149253845,0.9691116213798523,0.9691116213798523,entailment,0.9985030889511108,entailment,0.9985203146934509,,,[],[],0.25,True,[],,,,,,,0.9534662961959839,0.9923214316368103,0.9925647974014282,0.9923214316368103,0.9565022587776184,0.6045066118240356,,,,,,,
234,159758,,159758:hypothesis:fra_Latn,,hypothesis,contradiction,,,,,A woman cries of happiness.,A woman crying for happiness.,0.9884023070335388,0.9927491545677185,0.9884023070335388,0.9884023070335388,0.9927491545677185,0.9884023070335388,contradiction,0.9987940788269043,contradiction,0.9994252920150757,,,[],[],0.1428571428571429,True,[],,,,,,,0.9963743090629578,0.9926960468292236,0.9838850498199463,0.9838850498199463,0.9607526659965515,0.8068338632583618,,,,,,,
235,160952,,160952:premise:fra_Latn,,premise,neutral,,,,,Hikers walking up red clay path.,Hikers walking on the red clay trail.,0.9942143559455872,0.9950893521308899,0.9942143559455872,0.9942143559455872,0.9950893521308899,0.9942143559455872,neutral,0.9956961870193481,neutral,0.9976354837417603,,,[],"[{""group"":""space"",""original"":{},""candidate"":{""on"":1},""field"":""premise""}]",0.21739130434782605,True,[],,,,,,,0.9465905427932739,0.8610669374465942,0.9198559522628784,0.8610669374465942,0.9505990743637085,0.7974159121513367,,,,,,,
235,160952,,160952:hypothesis:fra_Latn,,hypothesis,neutral,,,,,Hikers follow a path to get to a waterfall.,Hikers follow a path to a waterfall.,0.9979830980300903,0.996954083442688,0.996954083442688,0.9979830980300903,0.996954083442688,0.996954083442688,neutral,0.9956961870193481,neutral,0.9808335304260254,,,[],[],0.08860759493670889,True,[],,,,,,,0.9961045980453491,0.9902089834213257,0.9891223311424255,0.9891223311424255,0.9685307145118713,0.861775279045105,,,,,,,
236,161674,,161674:hypothesis:fra_Latn,,hypothesis,entailment,,,,,A male leaps.,A male jumps.,0.9967954754829407,0.9953263998031616,0.9953263998031616,0.9967954754829407,0.9953263998031616,0.9953263998031616,entailment,0.9958277344703674,entailment,0.996517539024353,,,[],[],0.23076923076923073,True,[],,,,,,,0.995747983455658,0.9927563071250916,0.9928656816482544,0.9927563071250916,0.9629594087600708,0.9325825572013855,,,,,,,
238,163640,,163640:hypothesis:fra_Latn,,hypothesis,entailment,,,,,Man is fixing a bike.,The man is fixing a bike.,0.9956576824188232,0.9973297119140625,0.9956576824188232,0.9956576824188232,0.9973297119140625,0.9956576824188232,entailment,0.9966333508491516,entailment,0.9958640336990356,,,[],[],0.08695652173913049,True,[],,,,,,,0.9967008233070374,0.9935413599014282,0.9937805533409119,0.9935413599014282,0.9683499932289124,0.7081630229949951,,,,,,,
239,164057,,164057:premise:fra_Latn,,premise,contradiction,,,,,A man holding a sign and a man playing a guitar are speaking in front of a crowd.,A man holding a sign and a man playing a guitar were speaking in front of the crowd.,0.9943850040435791,0.9918237328529358,0.9918237328529358,0.9943850040435791,0.9918237328529358,0.9918237328529358,contradiction,0.9996358156204224,contradiction,0.9996349811553955,,,[],[],0.042424242424242475,True,[],,,,,,,0.9876844882965088,0.9938165545463562,0.993867814540863,0.9938165545463562,0.9715520739555359,0.9088507294654846,,,,,,,
239,164057,,164057:hypothesis:fra_Latn,,hypothesis,contradiction,,,,,A woman holding a sign is begging for money near her husband pretending to be a guitar player.,A woman holding a sign begging for money next to her husband pretending to be a guitarist.,0.9968287348747253,0.9973052740097046,0.9968287348747253,0.9968287348747253,0.9973052740097046,0.9968287348747253,contradiction,0.9996358156204224,contradiction,0.999672532081604,,,[],"[{""group"":""space"",""original"":{""near"":1},""candidate"":{},""field"":""hypothesis""}]",0.10869565217391308,True,[],,,,,,,0.9964309930801392,0.9887935519218445,0.9893940091133118,0.9887935519218445,0.9692913889884949,0.5500215291976929,,,,,,,
240,164421,,164421:premise:fra_Latn,,premise,contradiction,,,,,An older man with white hair and beard reading a map as he's walking through an unfamiliar city.,An old man with white hair and a beard reading a map as he walks through an unknown city.,0.9944493770599365,0.9962672591209412,0.9944493770599365,0.9944493770599365,0.9962672591209412,0.9944493770599365,contradiction,0.998278021812439,contradiction,0.9989099502563477,,,[],[],0.12432432432432428,True,[],,,,,,,0.9967737793922424,0.9938807487487793,0.9940283298492432,0.9938807487487793,0.9731278419494629,0.8188825249671936,,,,,,,
241,165214,,165214:premise:fra_Latn,,premise,contradiction,,,,,Two women making decorations on a wall.,Two women decorating a wall.,0.9965500831604004,0.9927771091461182,0.9927771091461182,0.9965500831604004,0.9927771091461182,0.9927771091461182,contradiction,0.999692440032959,contradiction,0.9994896650314331,,,[],"[{""group"":""space"",""original"":{""on"":1},""candidate"":{},""field"":""premise""}]",0.19402985074626866,True,[],,,,,,,0.9845249056816101,0.9836281538009644,0.9913297891616821,0.9836281538009644,0.9644548296928406,0.7475219368934631,,,,,,,
242,166345,,166345:hypothesis:fra_Latn,,hypothesis,neutral,,,,,watched by a group,observed by a group,0.9914344549179077,0.9929113984107971,0.9914344549179077,0.9914344549179077,0.9929113984107971,0.9914344549179077,neutral,0.9992368221282959,neutral,0.9990070462226868,,,[],[],0.29729729729729726,True,[],,,,,,,0.6756428480148315,0.9756649136543274,0.9733701348304749,0.9733701348304749,0.9263675212860107,0.4154800772666931,,,,,,,
244,167459,,167459:premise:fra_Latn,,premise,entailment,,,,,A construction worker assembles a scaffold.,A construction worker is putting up a scaffold.,0.994972825050354,0.9941074848175049,0.9941074848175049,0.994972825050354,0.9941074848175049,0.9941074848175049,entailment,0.994358241558075,entailment,0.9486319422721863,,,[],[],0.2222222222222222,True,[],,,,,,,0.9440512657165527,0.8359662890434265,0.9010329842567444,0.8359662890434265,0.9176026582717896,0.5777919888496399,,,,,,,
244,167459,,167459:hypothesis:fra_Latn,,hypothesis,entailment,,,,,The scaffold was assembled by the worker.,The scaffolding was assembled by the worker.,0.9962194561958313,0.9977840781211853,0.9962194561958313,0.9962194561958313,0.9977840781211853,0.9962194561958313,entailment,0.994358241558075,entailment,0.9938333034515381,,,[],[],0.03529411764705881,True,[],,,,,,,0.9931924939155579,0.9924331903457642,0.9923315048217773,0.9923315048217773,0.9702966213226318,0.8790977597236633,,,,,,,
245,167720,,167720:premise:fra_Latn,,premise,contradiction,,,,,an asian girl looking surprised in front of a brick window,an Asian girl who looks surprised at a brick window,0.9958621263504028,0.9370728731155396,0.9370728731155396,0.9958621263504028,0.9370728731155396,0.9370728731155396,contradiction,0.9985164999961853,contradiction,0.9989070892333984,,,[],"[{""group"":""space"",""original"":{""front"":1,""in"":1},""candidate"":{},""field"":""premise""}]",0.17431192660550454,True,[],,,,,,,0.9896056652069092,0.9837287068367004,0.9799097776412964,0.9799097776412964,0.9708102345466614,0.6795835494995117,,,,,,,
245,167720,,167720:hypothesis:fra_Latn,,hypothesis,contradiction,,,,,There is an arabian man looking surprised.,There's an Arab who looks surprised.,0.9963451027870178,0.9119598269462585,0.9119598269462585,0.9963451027870178,0.9119598269462585,0.9119598269462585,contradiction,0.9985164999961853,contradiction,0.9980865716934204,,,[],[],0.20512820512820518,True,[],,,,,,,0.8410106897354126,0.9928684830665588,0.9765017628669739,0.9765017628669739,0.8328102827072144,0.5465585589408875,,,,,,,
246,168963,,168963:hypothesis:fra_Latn,,hypothesis,contradiction,,,,,A woman is wearing roller skates near the beach.,There's a woman wearing roller skates near the beach.,0.9982877373695374,0.9979305267333984,0.9979305267333984,0.9982877373695374,0.9979305267333984,0.9979305267333984,contradiction,0.9943495392799377,contradiction,0.990707278251648,,,[],[],0.1089108910891089,True,[],,,,,,,0.9966912269592285,0.9917952418327332,0.992298424243927,0.9917952418327332,0.9685777425765991,0.6681812405586243,,,,,,,
247,169049,,169049:hypothesis:fra_Latn,,hypothesis,contradiction,,,,,The baby is driving the train.,The baby's driving the train.,0.9975358247756958,0.997379720211029,0.997379720211029,0.9975358247756958,0.997379720211029,0.997379720211029,contradiction,0.9204383492469788,contradiction,0.9490492939949036,,,[],[],0.05084745762711862,True,[],,,,,,,0.9959462285041809,0.9895696640014648,0.9907922744750977,0.9895696640014648,0.9666098952293396,0.7656965851783752,,,,,,,
249,169167,,169167:premise:fra_Latn,,premise,neutral,,,,,Skater does a trick on a rail.,The skateboarder tricks on a rail.,0.9953483939170837,0.9980931878089905,0.9953483939170837,0.9953483939170837,0.9980931878089905,0.9953483939170837,neutral,0.9992984533309937,neutral,0.9993261098861694,,,[],[],0.21875,True,[],,,,,,,0.843204140663147,0.9607108235359192,0.9870861768722534,0.9607108235359192,0.964428722858429,0.014351673424243927,,,,,,,
250,169975,,169975:premise:fra_Latn,,premise,neutral,,,,,A street vendor is sitting on the ground in front of the shirts he is selling.,A street vendor is sitting on the floor in front of the shirts he sells.,0.9931996464729309,0.9899052977561951,0.9899052977561951,0.9931996464729309,0.9899052977561951,0.9899052977561951,neutral,0.9970142841339111,neutral,0.9977734684944153,,,[],[],0.10666666666666669,True,[],,,,,,,0.995016872882843,0.9859390258789062,0.9937669038772583,0.9859390258789062,0.9044045209884644,0.835953414440155,,,,,,,
250,169975,,169975:hypothesis:fra_Latn,,hypothesis,neutral,,,,,The street vendor looks tired.,The street vendor seems tired.,0.9964338541030884,0.9964942336082458,0.9964338541030884,0.9964338541030884,0.9964942336082458,0.9964338541030884,neutral,0.9970142841339111,neutral,0.9935280680656433,,,[],[],0.1333333333333333,True,[],,,,,,,0.9966038465499878,0.9937467575073242,0.9935537576675415,0.9935537576675415,0.969510018825531,0.9482362270355225,,,,,,,
253,171597,,171597:hypothesis:fra_Latn,,hypothesis,neutral,,,,,A small girl runs along a pathway towards a house.,A little girl runs along a road to a house.,0.9970613121986389,0.9979671835899353,0.9970613121986389,0.9970613121986389,0.9979671835899353,0.9970613121986389,neutral,0.9969927072525024,neutral,0.9978660941123962,,,[],[],0.22580645161290325,True,[],,,,,,,0.8590964674949646,0.7444851398468018,0.9559677839279175,0.7444851398468018,0.8565324544906616,0.6600172519683838,,,,,,,
254,172675,,172675:premise:fra_Latn,,premise,contradiction,,,,,a sparsely-populated arcade with many brightly lit games and a few people sprinkled around.,A sparsely populated arcade with lots of bright games and a few scattered people.,0.9955283999443054,0.974187433719635,0.974187433719635,0.9955283999443054,0.974187433719635,0.974187433719635,contradiction,0.9987307190895081,contradiction,0.9982252717018127,,,[],"[{""group"":""quantifier"",""original"":{""many"":1,""few"":1},""candidate"":{""few"":1},""field"":""premise""}]",0.2674418604651163,True,[],,,,,,,0.9956488013267517,0.9943509101867676,0.9941681623458862,0.9941681623458862,0.9709534049034119,0.2971789836883545,,,,,,,
256,173016,,173016:premise:fra_Latn,,premise,contradiction,,,,,A man bending over holding a tennis ball and playing with his dog.,A man bent over holding a tennis ball and playing with his dog.,0.9960623383522034,0.9928340911865234,0.9928340911865234,0.9960623383522034,0.9928340911865234,0.9928340911865234,contradiction,0.9907602071762085,contradiction,0.9898166656494141,,,[],[],0.03875968992248058,True,[],,,,,,,0.9967362284660339,0.9940745234489441,0.9941335320472717,0.9940745234489441,0.9724215269088745,1.0235164165496826,,,,,,,
257,173774,,173774:hypothesis:fra_Latn,,hypothesis,entailment,,,,,Workers in China carry out tasks as the sun sets.,Chinese workers perform tasks at sunset.,0.9968781471252441,0.9972073435783386,0.9968781471252441,0.9968781471252441,0.9972073435783386,0.9968781471252441,entailment,0.9941110014915466,entailment,0.9958316683769226,,,[],"[{""group"":""space"",""original"":{""in"":1},""candidate"":{},""field"":""hypothesis""}]",0.3932584269662921,True,[],,,,,,,0.9883296489715576,0.9938986301422119,0.9937567710876465,0.9937567710876465,0.9669134020805359,0.19231735169887543,,,,,,,
258,175645,,175645:hypothesis:fra_Latn,,hypothesis,entailment,,,,,Humans jumping,Humans are jumping,0.9903131723403931,0.9852531552314758,0.9852531552314758,0.9903131723403931,0.9852531552314758,0.9852531552314758,entailment,0.8402102589607239,entailment,0.9233572483062744,,,[],[],0.125,True,[],,,,,,,0.96466463804245,0.9716519117355347,0.9853555560112,0.9716519117355347,0.965657651424408,0.4719701111316681,,,,,,,
260,176740,,176740:premise:fra_Latn,,premise,entailment,,,,,"Five children are sitting and standing in front of an open green tent, holding food with a trashcan and table that had food on it behind them.","Five children are sitting and standing in front of an open green tent, holding food with a trash can and a table with food behind them.",0.9968010187149048,0.9925709366798401,0.9925709366798401,0.9968010187149048,0.9925709366798401,0.9925709366798401,entailment,0.9948134422302246,entailment,0.9947348833084106,,,[],"[{""group"":""modal"",""original"":{},""candidate"":{""can"":1},""field"":""premise""},{""group"":""space"",""original"":{""front"":1,""behind"":1,""in"":1,""on"":1},""candidate"":{""front"":1,""behind"":1,""in"":1},""field"":""premise""}]",0.06137184115523464,True,[],,,,,,,0.9954826831817627,0.9938793182373047,0.9933714866638184,0.9933714866638184,0.9716534614562988,0.8037667870521545,,,,,,,
260,176740,,176740:hypothesis:fra_Latn,,hypothesis,entailment,,,,,Five kids are standing in front of a tent.,Five children are standing outside a tent.,0.9939764738082886,0.9886005520820618,0.9886005520820618,0.9939764738082886,0.9886005520820618,0.9886005520820618,entailment,0.9948134422302246,entailment,0.9268273711204529,,,[],"[{""group"":""space"",""original"":{""front"":1,""in"":1},""candidate"":{""outside"":1},""field"":""hypothesis""}]",0.2857142857142857,True,[],,,,,,,0.9965568780899048,0.9346667528152466,0.9613198637962341,0.9346667528152466,0.9387820363044739,0.8263235092163086,,,,,,,
265,178067,,178067:premise:fra_Latn,,premise,entailment,,,,,A man with a red hat looking at something in a glass counter and starfish on top in a metal container.,A man in a red hat looking at something in a glass counter and sea stars up in a metal container.,0.9908041954040527,0.9903861284255981,0.9903861284255981,0.9908041954040527,0.9903861284255981,0.9903861284255981,entailment,0.9927378296852112,entailment,0.9930031895637512,,,[],"[{""group"":""space"",""original"":{""in"":2,""on"":1},""candidate"":{""in"":3},""field"":""premise""}]",0.085427135678392,True,[],,,,,,,0.7896513938903809,0.024981455877423286,0.03298318386077881,0.024981455877423286,0.7600310444831848,0.4759819507598877,,,,,,,
266,178078,,178078:premise:fra_Latn,,premise,contradiction,,,,,Young African people drum in the streets.,Young Africans are playing drums in the streets.,0.9975300431251526,0.9972448348999023,0.9972448348999023,0.9975300431251526,0.9972448348999023,0.9972448348999023,contradiction,0.999232292175293,contradiction,0.9990754127502441,,,[],[],0.1685393258426966,True,[],,,,,,,0.9254476428031921,0.9922139048576355,0.9922863245010376,0.9922139048576355,0.9481878280639648,0.6125441789627075,,,,,,,
267,180986,,180986:premise:fra_Latn,,premise,contradiction,,,,,Two white dogs play together on a slightly snowy patch of green grass.,Two white dogs playing together on a slightly snowy field of green grass.,0.9838962554931641,0.9901366233825684,0.9838962554931641,0.9838962554931641,0.9901366233825684,0.9838962554931641,contradiction,0.9983012676239014,contradiction,0.9984151124954224,,,[],[],0.09090909090909094,True,[],,,,,,,0.9950982928276062,0.9768111705780029,0.9815127849578857,0.9768111705780029,0.9593899250030518,0.5932269096374512,,,,,,,
267,180986,,180986:hypothesis:fra_Latn,,hypothesis,contradiction,,,,,dog chasing man on snow,dog chasing a man on the snow,0.9949486255645752,0.9939974546432495,0.9939974546432495,0.9949486255645752,0.9939974546432495,0.9939974546432495,contradiction,0.9983012676239014,contradiction,0.998764157295227,,,[],[],0.11538461538461542,True,[],,,,,,,0.9967834949493408,0.9830570816993713,0.9835575819015503,0.9830570816993713,0.9705941081047058,0.6626858115196228,,,,,,,
269,182307,,182307:premise:fra_Latn,,premise,contradiction,,,,,"The child in white is on the monkey bars, while the one in brown stands below.","The child in white is on the monkey bars, while the child in brown stands underneath.",0.9968400001525879,0.9980705380439758,0.9968400001525879,0.9968400001525879,0.9980705380439758,0.9968400001525879,contradiction,0.9987543821334839,contradiction,0.9987820982933044,,,[],[],0.1288343558282209,True,[],,,,,,,0.9906446933746338,0.987351655960083,0.9830247163772583,0.9830247163772583,0.9725785851478577,0.7946362495422363,,,,,,,
270,182879,,182879:premise:fra_Latn,,premise,neutral,,,,,A girl with a purple shirt with a heart on it is making an electrical switch.,A girl in a purple shirt with a heart on it makes an electric switch.,0.9936901330947876,0.9905456304550171,0.9905456304550171,0.9936901330947876,0.9905456304550171,0.9905456304550171,neutral,0.9945294260978699,neutral,0.9904764890670776,,,[],"[{""group"":""space"",""original"":{""on"":1},""candidate"":{""in"":1,""on"":1},""field"":""premise""}]",0.09589041095890416,True,[],,,,,,,0.9966138005256653,0.9912024736404419,0.9884691834449768,0.9884691834449768,0.9713588953018188,0.7979536056518555,,,,,,,
270,182879,,182879:hypothesis:fra_Latn,,hypothesis,neutral,,,,,A student is working in her technology education class.,A student works in her tech education class.,0.9975606203079224,0.995122492313385,0.995122492313385,0.9975606203079224,0.995122492313385,0.995122492313385,neutral,0.9945294260978699,neutral,0.9879975318908691,,,[],[],0.13131313131313127,True,[],,,,,,,0.9968103766441345,0.9926636219024658,0.9921581745147705,0.9921581745147705,0.9693405032157898,0.8442132472991943,,,,,,,
271,183621,,183621:premise:fra_Latn,,premise,entailment,,,,,two women walk down some stairs with intricate designs on the railings,Two women are descending stairs with complex patterns on bars.,0.9971461892127991,0.9949330687522888,0.9949330687522888,0.9971461892127991,0.9949330687522888,0.9949330687522888,entailment,0.9866809844970703,entailment,0.9804971218109131,,,[],"[{""group"":""quantifier"",""original"":{""some"":1},""candidate"":{},""field"":""premise""}]",0.40909090909090906,True,[],,,,,,,0.9963666200637817,0.9919571876525879,0.9811763167381287,0.9811763167381287,0.9419324994087219,0.046104952692985535,,,,,,,
271,183621,,183621:hypothesis:fra_Latn,,hypothesis,entailment,,,,,The railings had designs.,The bars had patterns.,0.9917045831680298,0.9862465858459473,0.9862465858459473,0.9917045831680298,0.9862465858459473,0.9862465858459473,entailment,0.9866809844970703,entailment,0.9891960620880127,,,[],[],0.36170212765957444,True,[],,,,,,,0.8260533213615417,0.9884672164916992,0.9623226523399353,0.9623226523399353,0.8833873271942139,-0.2058921754360199,,,,,,,
273,184671,,184671:hypothesis:fra_Latn,,hypothesis,contradiction,,,,,A plane is taking off on a stormy day.,A plane takes off on a stormy day.,0.9973512887954712,0.9953741431236267,0.9953741431236267,0.9973512887954712,0.9953741431236267,0.9953741431236267,contradiction,0.9985999464988708,contradiction,0.998414158821106,,,[],[],0.11111111111111116,True,[],,,,,,,0.9967573285102844,0.9936606287956238,0.991661548614502,0.991661548614502,0.9676622748374939,0.9100626707077026,,,,,,,
274,184879,,184879:hypothesis:fra_Latn,,hypothesis,neutral,,,,,The girl is painting with all the colours of the rainbow.,The girl paints with all the colors of the rainbow.,0.9963511228561401,0.9937199354171753,0.9937199354171753,0.9963511228561401,0.9937199354171753,0.9937199354171753,neutral,0.903498113155365,neutral,0.9899362325668335,,,[],[],0.07407407407407407,True,[],,,,,,,0.9966229200363159,0.9943080544471741,0.9932390451431274,0.9932390451431274,0.9677026867866516,0.7037572264671326,,,,,,,
275,185263,,185263:hypothesis:fra_Latn,,hypothesis,contradiction,,,,,A man and his two daughters eat ice cream indoors.,A man and his two daughters are eating ice cream inside.,0.9963471293449402,0.9892203211784363,0.9892203211784363,0.9963471293449402,0.9892203211784363,0.9892203211784363,contradiction,0.999330997467041,contradiction,0.9946221113204956,,,[],"[{""group"":""space"",""original"":{},""candidate"":{""inside"":1},""field"":""hypothesis""}]",0.13207547169811318,True,[],,,,,,,0.9967995882034302,0.9900981783866882,0.9930005073547363,0.9900981783866882,0.9717695116996765,0.5293390154838562,,,,,,,
276,188183,,188183:premise:fra_Latn,,premise,entailment,,,,,group of people by the ocean holding a net,group of people at sea holding a net,0.9920758008956909,0.9942854046821594,0.9920758008956909,0.9920758008956909,0.9942854046821594,0.9920758008956909,entailment,0.9974859952926636,entailment,0.9914005398750305,,,[],[],0.15384615384615385,True,[],,,,,,,0.9555410742759705,0.9794854521751404,0.9857445359230042,0.9794854521751404,0.9696967601776123,0.8384183049201965,,,,,,,
276,188183,,188183:hypothesis:fra_Latn,,hypothesis,entailment,,,,,A group of people are near the ocean.,There's a group of people near the ocean.,0.9980562925338745,0.9973012804985046,0.9973012804985046,0.9980562925338745,0.9973012804985046,0.9973012804985046,entailment,0.9974859952926636,entailment,0.9972701668739319,,,[],[],0.15384615384615385,True,[],,,,,,,0.9962461590766907,0.9920170307159424,0.9923946857452393,0.9920170307159424,0.9634122848510742,0.6182336211204529,,,,,,,
278,188555,,188555:premise:fra_Latn,,premise,entailment,,,,,Several people are holding containers of alcohol in a room.,Several people keep liquor containers in a room.,0.9969966411590576,0.9926934242248535,0.9926934242248535,0.9969966411590576,0.9926934242248535,0.9926934242248535,entailment,0.9568198323249817,entailment,0.9127028584480286,,,[],[],0.28971962616822433,True,[],,,,,,,0.9568244218826294,0.9057170152664185,0.9888030886650085,0.9057170152664185,0.7426842451095581,0.6080390214920044,,,,,,,
278,188555,,188555:hypothesis:fra_Latn,,hypothesis,entailment,,,,,People holding containers on alcohol.,People holding liquor containers.,0.9768820405006409,0.9205495119094849,0.9205495119094849,0.9768820405006409,0.9205495119094849,0.9205495119094849,entailment,0.9568198323249817,entailment,0.9946426153182983,,,[],"[{""group"":""space"",""original"":{""on"":1},""candidate"":{},""field"":""hypothesis""}]",0.2571428571428571,True,[],,,,,,,0.9227166175842285,0.9367350935935974,0.9627795815467834,0.9367350935935974,0.679595410823822,0.7430063486099243,,,,,,,
279,188590,,188590:premise:fra_Latn,,premise,entailment,,,,,A man wearing a business suit and a newsie cap clicks his heels in excitement.,A man in a business suit and a newsie cap clicks on his exciting heels.,0.9642937183380127,0.9446093440055847,0.9446093440055847,0.9642937183380127,0.9446093440055847,0.9446093440055847,entailment,0.958608090877533,entailment,0.9223460555076599,,,[],"[{""group"":""space"",""original"":{""in"":1},""candidate"":{""in"":1,""on"":1},""field"":""premise""}]",0.20805369127516782,True,[],,,,,,,0.99661785364151,0.9920319318771362,0.9938306212425232,0.9920319318771362,0.9705663919448853,0.5519071221351624,,,,,,,
279,188590,,188590:hypothesis:fra_Latn,,hypothesis,entailment,,,,,An excited businessman clicks up his heels,An enthusiastic businessman gets his heels up.,0.9974357485771179,0.9791891574859619,0.9791891574859619,0.9974357485771179,0.9791891574859619,0.9791891574859619,entailment,0.958608090877533,entailment,0.9861572980880737,,,[],[],0.34090909090909094,True,[],,,,,,,0.9503119587898254,0.9931041598320007,0.9664220213890076,0.9664220213890076,0.8902825117111206,0.44650694727897644,,,,,,,
280,188599,,188599:premise:fra_Latn,,premise,entailment,,,,,A man with an olive green shirt and messy hair plays a colorful drum set.,A man in an olive green shirt and disordered hair plays a set of colorful drums.,0.9851164221763611,0.9966318011283875,0.9851164221763611,0.9851164221763611,0.9966318011283875,0.9851164221763611,entailment,0.9969025254249573,entailment,0.9971488118171692,,,[],"[{""group"":""space"",""original"":{},""candidate"":{""in"":1},""field"":""premise""}]",0.17647058823529416,True,[],,,,,,,0.9706754088401794,0.9941078424453735,0.9942291975021362,0.9941078424453735,0.9158473014831543,0.5119272470474243,,,,,,,
280,188599,,188599:hypothesis:fra_Latn,,hypothesis,entailment,,,,,A man plays the drums.,There's a man playing drums.,0.9978692531585693,0.9970837235450745,0.9970837235450745,0.9978692531585693,0.9970837235450745,0.9970837235450745,entailment,0.9969025254249573,entailment,0.9982898831367493,,,[],[],0.31999999999999995,True,[],,,,,,,0.996408998966217,0.9925801157951355,0.9933918118476868,0.9925801157951355,0.9630609750747681,0.3836957812309265,,,,,,,
281,188981,,188981:premise:fra_Latn,,premise,neutral,,,,,A man in a black sweatshirt and jeans holds a black acoustic guitar and converses with a passerby.,A man in a black sweatshirt and jeans holds a black acoustic guitar and speaks to a passerby.,0.9955939650535583,0.9952880144119263,0.9952880144119263,0.9955939650535583,0.9952880144119263,0.9952880144119263,neutral,0.9979447722434998,neutral,0.9955844283103943,,,[],[],0.07853403141361259,True,[],,,,,,,0.9967373013496399,0.994235098361969,0.9936019778251648,0.9936019778251648,0.9729676842689514,0.6959705948829651,,,,,,,
282,189281,,189281:premise:fra_Latn,,premise,neutral,,,,,a group sitting at a table discussing a subject.,A group sitting at a table discussing a topic.,0.9957854151725769,0.9955951571464539,0.9955951571464539,0.9957854151725769,0.9955951571464539,0.9955951571464539,neutral,0.9900975227355957,neutral,0.9893345236778259,,,[],[],0.1063829787234043,True,[],,,,,,,0.9961695075035095,0.9924294352531433,0.9920706152915955,0.9920706152915955,0.96803218126297,1.0375782251358032,,,,,,,
283,192390,,192390:hypothesis:fra_Latn,,hypothesis,contradiction,,,,,Everybody is walking slowly.,Everybody's walking slowly.,0.9976696372032166,0.9963260293006897,0.9963260293006897,0.9976696372032166,0.9963260293006897,0.9963260293006897,contradiction,0.9982823133468628,contradiction,0.9983218312263489,,,[],[],0.054545454545454564,True,[],,,,,,,0.9963184595108032,0.9939203262329102,0.9939115047454834,0.9939115047454834,0.9638491868972778,0.9456830024719238,,,,,,,
285,194020,,194020:hypothesis:fra_Latn,,hypothesis,entailment,,,,,A man using a computer.,A man who uses a computer.,0.9971849322319031,0.9956732392311096,0.9956732392311096,0.9971849322319031,0.9956732392311096,0.9956732392311096,entailment,0.9940350651741028,entailment,0.9908308982849121,,,[],[],0.18367346938775508,True,[],,,,,,,0.9654775857925415,0.9918447136878967,0.9929232597351074,0.9918447136878967,0.9630939364433289,0.7555373311042786,,,,,,,
286,195461,,195461:premise:fra_Latn,,premise,entailment,,,,,A group of children wearing colorful hats are smiling at the camera.,A group of kids wearing colorful hats smiles at the camera.,0.9976721405982971,0.9966172575950623,0.9966172575950623,0.9976721405982971,0.9966172575950623,0.9966172575950623,entailment,0.9918997287750244,entailment,0.9920280575752258,,,[],[],0.13385826771653542,True,[],,,,,,,0.996679425239563,0.9934870004653931,0.9938622713088989,0.9934870004653931,0.9706409573554993,0.8813877105712891,,,,,,,
286,195461,,195461:hypothesis:fra_Latn,,hypothesis,entailment,,,,,Some children are getting their picture taken.,Some children are photographed.,0.9962537288665771,0.9961685538291931,0.9961685538291931,0.9962537288665771,0.9961685538291931,0.9961685538291931,entailment,0.9918997287750244,entailment,0.9911834001541138,,,[],[],0.4285714285714286,True,[],,,,,,,0.8838555216789246,0.9937240481376648,0.9935560822486877,0.9935560822486877,0.945437490940094,0.41425901651382446,,,,,,,
287,195920,,195920:premise:fra_Latn,,premise,entailment,,,,,A single man sits on the ground with a cup in front of him.,A single man is sitting on the floor with a cup in front of him.,0.9931579232215881,0.9792129397392273,0.9792129397392273,0.9931579232215881,0.9792129397392273,0.9792129397392273,entailment,0.9821902513504028,entailment,0.9736613035202026,,,[],[],0.1382113821138211,True,[],,,,,,,0.9968467354774475,0.9930505752563477,0.9931375980377197,0.9930505752563477,0.9297775030136108,0.8968105316162109,,,,,,,
287,195920,,195920:hypothesis:fra_Latn,,hypothesis,entailment,,,,,The man is all alone on the ground.,The man is alone on the floor.,0.9810636043548584,0.9825344681739807,0.9810636043548584,0.9810636043548584,0.9825344681739807,0.9810636043548584,entailment,0.9821902513504028,entailment,0.9897050261497498,,,[],"[{""group"":""quantifier"",""original"":{""all"":1},""candidate"":{},""field"":""hypothesis""}]",0.19999999999999996,True,[],,,,,,,0.9894497990608215,0.993841290473938,0.994256317615509,0.993841290473938,0.8710569739341736,0.9334558248519897,,,,,,,
288,196673,,196673:premise:fra_Latn,,premise,entailment,,,,,A biker reaches the apex of his ramp while onlookers watch his feat.,A motorcyclist reaches the top of his ramp while spectators watch his feat.,0.9972023963928223,0.9974448680877686,0.9972023963928223,0.9972023963928223,0.9974448680877686,0.9972023963928223,entailment,0.9961351156234741,entailment,0.997423529624939,,,[],[],0.23076923076923073,True,[],,,,,,,0.9036275148391724,0.9937928915023804,0.9938957095146179,0.9937928915023804,0.8489482402801514,0.6413547992706299,,,,,,,
288,196673,,196673:hypothesis:fra_Latn,,hypothesis,entailment,,,,,A biker reaches the apex of his ramp.,A motorcyclist reaches the top of his ramp.,0.99647456407547,0.9975177049636841,0.99647456407547,0.99647456407547,0.9975177049636841,0.99647456407547,entailment,0.9961351156234741,entailment,0.996746301651001,,,[],[],0.25,True,[],,,,,,,0.8258326053619385,0.9927070736885071,0.992469847202301,0.992469847202301,0.8346776366233826,0.6319105625152588,,,,,,,
289,197235,,197235:premise:fra_Latn,,premise,entailment,,,,,A man is fishing on an inlet in the ocean.,A man fishing on a bay in the ocean.,0.9743945002555847,0.9864971041679382,0.9743945002555847,0.9743945002555847,0.9864971041679382,0.9743945002555847,entailment,0.9972240924835205,entailment,0.9966287016868591,,,[],[],0.15384615384615385,True,[],,,,,,,0.9126413464546204,0.20688800513744354,0.7901731133460999,0.20688800513744354,0.7615746855735779,0.13507424294948578,,,,,,,
290,199215,,199215:premise:fra_Latn,,premise,neutral,,,,,"Ready and set as two hockey players on the ice wait with sticks out in front of them, anticipating the puck.","Ready and set like two ice hockey players waiting with sticks in front of them, anticipating the puck.",0.9935358762741089,0.9416324496269226,0.9416324496269226,0.9935358762741089,0.9416324496269226,0.9416324496269226,neutral,0.9846817255020142,neutral,0.982783317565918,,,[],"[{""group"":""space"",""original"":{""front"":1,""in"":1,""on"":1},""candidate"":{""front"":1,""in"":1},""field"":""premise""}]",0.1333333333333333,True,[],,,,,,,0.9947526454925537,0.9933829307556152,0.992529571056366,0.992529571056366,0.970088541507721,0.06046399474143982,,,,,,,
291,200568,,200568:premise:fra_Latn,,premise,entailment,,,,,A multicolor cat fighting with a black and brown dog in a red collar.,A multicolored cat is fighting a black and brown dog with a red collar.,0.9966213703155518,0.9963326454162598,0.9963326454162598,0.9966213703155518,0.9963326454162598,0.9963326454162598,entailment,0.9974852800369263,entailment,0.9976008534431458,,,[],"[{""group"":""space"",""original"":{""in"":1},""candidate"":{},""field"":""premise""}]",0.09999999999999998,True,[],,,,,,,0.9968392848968506,0.9921454787254333,0.987970769405365,0.987970769405365,0.97234046459198,0.4071694016456604,,,,,,,
291,200568,,200568:hypothesis:fra_Latn,,hypothesis,entailment,,,,,A cat and dog are fighting.,A cat and a dog are fighting.,0.9958406090736389,0.9966233968734741,0.9958406090736389,0.9958406090736389,0.9966233968734741,0.9958406090736389,entailment,0.9974852800369263,entailment,0.9976320266723633,,,[],[],0.0357142857142857,True,[],,,,,,,0.996556282043457,0.9937487840652466,0.9937832355499268,0.9937487840652466,0.9651326537132263,0.9558559060096741,,,,,,,
292,200662,,200662:hypothesis:fra_Latn,,hypothesis,neutral,,,,,A man is wearing a secret service outfit.,There's a man wearing a secret service outfit.,0.9982555508613586,0.9977719187736511,0.9977719187736511,0.9982555508613586,0.9977719187736511,0.9977719187736511,neutral,0.9472551941871643,neutral,0.9378461241722107,,,[],[],0.12643678160919536,True,[],,,,,,,0.9966287016868591,0.9920108914375305,0.9919180274009705,0.9919180274009705,0.9614047408103943,0.44487515091896057,,,,,,,
293,200772,,200772:premise:fra_Latn,,premise,neutral,,,,,A wakeboarder is traveling across the water behind a ramp.,A wakeboarder crosses the water behind a ramp.,0.9957895874977112,0.9876857995986938,0.9876857995986938,0.9957895874977112,0.9876857995986938,0.9876857995986938,neutral,0.9951594471931458,neutral,0.992108166217804,,,[],[],0.15384615384615385,True,[],,,,,,,0.982517659664154,0.9897575378417969,0.9848506450653076,0.9848506450653076,0.9631368517875671,0.6989114284515381,,,,,,,
295,203055,,203055:premise:fra_Latn,,premise,contradiction,,,,,A person in a colorful wig is wiping white cream on a woman's face.,A person in a colorful wig wipes the white cream on a woman's face.,0.9925124645233154,0.9947711825370789,0.9925124645233154,0.9925124645233154,0.9947711825370789,0.9925124645233154,contradiction,0.9988422989845276,contradiction,0.9991719722747803,,,[],[],0.08955223880597019,True,[],,,,,,,0.9967989921569824,0.9914087653160095,0.9909520149230957,0.9909520149230957,0.9706174731254578,0.6689335107803345,,,,,,,
297,204719,,204719:hypothesis:fra_Latn,,hypothesis,contradiction,,,,,A group of men are enjoying a day at the pool.,A group of men enjoying a day at the pool.,0.9959398508071899,0.995609700679779,0.995609700679779,0.9959398508071899,0.995609700679779,0.995609700679779,contradiction,0.9994925260543823,contradiction,0.9994074106216431,,,[],[],0.045454545454545414,True,[],,,,,,,0.9960805773735046,0.9939460158348083,0.9935209155082703,0.9935209155082703,0.9683615565299988,0.4960108995437622,,,,,,,
298,204800,,204800:premise:fra_Latn,,premise,contradiction,,,,,Two women with stethoscopes and a man with a blue hairnet on working tedious over an unknown object or person.,Two women with stethoscopes and a man with a blue hair net working tirelessly on an unknown object or person.,0.9515888690948486,0.9837400317192078,0.9515888690948486,0.9515888690948486,0.9837400317192078,0.9515888690948486,contradiction,0.9993088245391846,contradiction,0.999173104763031,,,[],"[{""group"":""space"",""original"":{""over"":1,""on"":1},""candidate"":{""on"":1},""field"":""premise""}]",0.08675799086757996,True,[],,,,,,,0.9849226474761963,0.9929196238517761,0.9623841643333435,0.9623841643333435,0.9694878458976746,0.6596237421035767,,,,,,,
299,205153,,205153:premise:fra_Latn,,premise,neutral,,,,,The men standing on the edge of a torn down building.,The men standing on the edge of a demolished building.,0.9974919557571411,0.9978037476539612,0.9974919557571411,0.9974919557571411,0.9978037476539612,0.9974919557571411,neutral,0.9993688464164734,neutral,0.999349057674408,,,[],[],0.14018691588785048,True,[],,,,,,,0.9958498477935791,0.9931983351707458,0.9923602938652039,0.9923602938652039,0.966618001461029,0.9329515099525452,,,,,,,
300,206106,,206106:hypothesis:fra_Latn,,hypothesis,neutral,,,,,There is a sad man with a red hat on his hand.,There's a sad man with a red hat in his hand.,0.9712087512016296,0.9265336990356445,0.9265336990356445,0.9712087512016296,0.9265336990356445,0.9265336990356445,neutral,0.9984846711158752,neutral,0.9984065890312195,,,[],"[{""group"":""space"",""original"":{""on"":1},""candidate"":{""in"":1},""field"":""hypothesis""}]",0.05494505494505497,True,[],,,,,,,0.9964762330055237,0.9718477725982666,0.9730725288391113,0.9718477725982666,0.971639096736908,0.8713796138763428,,,,,,,
301,207276,,207276:premise:fra_Latn,,premise,entailment,,,,,This dish is very tasty and I enjoy this dish,This dish is very tasty and I love this dish.,0.9958786964416504,0.995821475982666,0.995821475982666,0.9958786964416504,0.995821475982666,0.995821475982666,entailment,0.9787431359291077,entailment,0.9889860153198242,,,[],[],0.0888888888888889,True,[],,,,,,,0.9966636300086975,0.9935923218727112,0.9940111041069031,0.9935923218727112,0.9711533188819885,0.9331218600273132,,,,,,,
301,207276,,207276:hypothesis:fra_Latn,,hypothesis,entailment,,,,,There is food in the dish.,There's food in the plate.,0.9836570620536804,0.995442271232605,0.9836570620536804,0.9836570620536804,0.995442271232605,0.9836570620536804,entailment,0.9787431359291077,entailment,0.95039302110672,,,[],[],0.23076923076923073,True,[],,,,,,,0.6381456255912781,0.9702529311180115,0.978377103805542,0.9702529311180115,0.8258653283119202,0.5311741828918457,,,,,,,
302,207574,,207574:premise:fra_Latn,,premise,neutral,,,,,A man surfing on big waves with a watch on.,A man surfing big waves with a watch.,0.9939035773277283,0.9953362345695496,0.9939035773277283,0.9939035773277283,0.9953362345695496,0.9939035773277283,neutral,0.9989433884620667,neutral,0.9988011121749878,,,[],"[{""group"":""space"",""original"":{""on"":2},""candidate"":{},""field"":""premise""}]",0.07499999999999996,True,[],,,,,,,0.9955400824546814,0.9926417469978333,0.9834286570549011,0.9834286570549011,0.9660801291465759,0.7350035309791565,,,,,,,
302,207574,,207574:hypothesis:fra_Latn,,hypothesis,neutral,,,,,He is in a surfing tournament.,He's at a surfing tournament.,0.9938219785690308,0.9936670660972595,0.9936670660972595,0.9938219785690308,0.9936670660972595,0.9936670660972595,neutral,0.9989433884620667,neutral,0.9978724718093872,,,[],"[{""group"":""space"",""original"":{""in"":1},""candidate"":{},""field"":""hypothesis""}]",0.11864406779661019,True,[],,,,,,,0.9962674975395203,0.9894267320632935,0.9911297559738159,0.9894267320632935,0.9633249640464783,0.5537416338920593,,,,,,,
303,208906,,208906:premise:fra_Latn,,premise,entailment,,,,,People at a concert wave their hands in the air as they watch the singer and guitarist perform.,"At a concert, people wave their hands in the air watching the singer and guitarist play.",0.9975568056106567,0.9963511228561401,0.9963511228561401,0.9975568056106567,0.9963511228561401,0.9963511228561401,entailment,0.9828024506568909,entailment,0.9828837513923645,,,[],[],0.1912568306010929,True,[],,,,,,,0.9921442270278931,0.9928243160247803,0.9933795928955078,0.9928243160247803,0.9697606563568115,0.7091624140739441,,,,,,,
303,208906,,208906:hypothesis:fra_Latn,,hypothesis,entailment,,,,,People enjoying music at a concert.,People enjoy music at a concert.,0.9971528053283691,0.9966208934783936,0.9966208934783936,0.9971528053283691,0.9966208934783936,0.9966208934783936,entailment,0.9828024506568909,entailment,0.9597503542900085,,,[],[],0.04477611940298509,True,[],,,,,,,0.996720016002655,0.9926972985267639,0.9932829141616821,0.9926972985267639,0.9674751162528992,0.9996215105056763,,,,,,,
304,209139,,209139:premise:fra_Latn,,premise,entailment,,,,,A kid is riding on a skateboard.,There's a kid on a skateboard.,0.9982497096061707,0.9962587356567383,0.9962587356567383,0.9982497096061707,0.9962587356567383,0.9962587356567383,entailment,0.9976319074630737,entailment,0.996067225933075,,,[],[],0.29032258064516125,True,[],,,,,,,0.9246138334274292,0.9914107322692871,0.9920691251754761,0.9914107322692871,0.9084011912345886,-0.03830700367689133,,,,,,,
304,209139,,209139:hypothesis:fra_Latn,,hypothesis,entailment,,,,,A kid is riding a skateboard,There's a kid on a skateboard.,0.9978078007698059,0.996067225933075,0.996067225933075,0.9978078007698059,0.996067225933075,0.996067225933075,entailment,0.9976319074630737,entailment,0.9982497096061707,,,[],"[{""group"":""space"",""original"":{},""candidate"":{""on"":1},""field"":""hypothesis""}]",0.31034482758620685,True,[],,,,,,,0.9463226199150085,0.9911677837371826,0.9928090572357178,0.9911677837371826,0.9615525007247925,-0.049459055066108704,,,,,,,
305,209684,,209684:hypothesis:fra_Latn,,hypothesis,entailment,,,,,The man is sitting down.,The man is sitting.,0.9975852966308594,0.9850671291351318,0.9850671291351318,0.9975852966308594,0.9850671291351318,0.9850671291351318,entailment,0.9918839931488037,entailment,0.9963939785957336,,,[],[],0.11627906976744184,True,[],,,,,,,0.965264081954956,0.9925724267959595,0.9939901828765869,0.9925724267959595,0.9604217410087585,0.3159157335758209,,,,,,,
306,209775,,209775:premise:fra_Latn,,premise,neutral,,,,,Eldery couple wearing hats looking at tickets on the street.,An elderly couple wearing hats is looking at the tickets on the street.,0.9959250688552856,0.996301531791687,0.9959250688552856,0.9959250688552856,0.996301531791687,0.9959250688552856,neutral,0.9433273077011108,neutral,0.9495683908462524,,,[],[],0.08396946564885499,True,[],,,,,,,0.996412456035614,0.9922614693641663,0.9929810762405396,0.9922614693641663,0.9709435701370239,0.060835957527160645,,,,,,,
309,213001,,213001:hypothesis:fra_Latn,,hypothesis,entailment,,,,,Two girls have their clothes on in the shower.,Two girls are wearing their clothes in the shower.,0.997643768787384,0.9982812404632568,0.997643768787384,0.997643768787384,0.9982812404632568,0.997643768787384,entailment,0.9962660670280457,entailment,0.9948635697364807,,,[],"[{""group"":""space"",""original"":{""in"":1,""on"":1},""candidate"":{""in"":1},""field"":""hypothesis""}]",0.14583333333333337,True,[],,,,,,,0.9933146834373474,0.9938649535179138,0.9939058423042297,0.9938649535179138,0.9679530262947083,0.7247217893600464,,,,,,,
310,213279,,213279:premise:fra_Latn,,premise,entailment,,,,,A large duck in flight over a rocky stream.,A big duck flying on a rocky creek.,0.9652286171913147,0.9964841604232788,0.9652286171913147,0.9652286171913147,0.9964841604232788,0.9652286171913147,entailment,0.9973948001861572,entailment,0.9950607419013977,,,[],"[{""group"":""space"",""original"":{""over"":1,""in"":1},""candidate"":{""on"":1},""field"":""premise""}]",0.33333333333333337,True,[],,,,,,,0.9196224212646484,0.9505945444107056,0.9887304902076721,0.9505945444107056,0.797993004322052,0.6365587711334229,,,,,,,
310,213279,,213279:hypothesis:fra_Latn,,hypothesis,entailment,,,,,A duck is flying over water.,A duck flies over the water.,0.997767448425293,0.9975526928901672,0.9975526928901672,0.997767448425293,0.9975526928901672,0.9975526928901672,entailment,0.9973948001861572,entailment,0.9965657591819763,,,[],[],0.2142857142857143,True,[],,,,,,,0.9952346682548523,0.9914217591285706,0.9907705783843994,0.9907705783843994,0.9674389362335205,0.6808010935783386,,,,,,,
312,214226,,214226:premise:fra_Latn,,premise,contradiction,,,,,A man sitting on the back of a truck underneath an umbrella.,A man sitting in the back of a truck under an umbrella.,0.9957383871078491,0.9915447235107422,0.9915447235107422,0.9957383871078491,0.9915447235107422,0.9915447235107422,contradiction,0.9993904829025269,contradiction,0.9993630051612854,,,[],"[{""group"":""space"",""original"":{""on"":1},""candidate"":{""under"":1,""in"":1},""field"":""premise""}]",0.060869565217391286,True,[],,,,,,,0.9968691468238831,0.9744483828544617,0.9880821704864502,0.9744483828544617,0.9709045886993408,0.9571142792701721,,,,,,,
314,215221,,215221:premise:fra_Latn,,premise,neutral,,,,,A waveboarder skims through the surf at sunset.,A surfer crosses the wave at sunset.,0.995593249797821,0.9914189577102661,0.9914189577102661,0.995593249797821,0.9914189577102661,0.9914189577102661,neutral,0.9949972629547119,neutral,0.9941800832748413,,,[],"[{""group"":""space"",""original"":{""through"":1},""candidate"":{},""field"":""premise""}]",0.5903614457831325,True,[],,,,,,,0.7623723745346069,0.9630483984947205,0.7999269366264343,0.7999269366264343,0.8960965275764465,0.3403272032737732,,,,,,,
314,215221,,215221:hypothesis:fra_Latn,,hypothesis,neutral,,,,,A person is in a waveboader competition.,A person is taking part in a waveboader competition.,0.996536135673523,0.9972042441368103,0.996536135673523,0.996536135673523,0.9972042441368103,0.996536135673523,neutral,0.9949972629547119,neutral,0.9980021119117737,,,[],[],0.13043478260869568,True,[],,,,,,,0.9950165152549744,0.9905276298522949,0.9850045442581177,0.9850045442581177,0.9688803553581238,0.8538420796394348,,,,,,,
315,215707,,215707:premise:fra_Latn,,premise,entailment,,,,,A man with black hair sits in a restaurant with a glass of beer.,A man with black hair is sitting in a restaurant with a glass of beer.,0.9962853193283081,0.9966013431549072,0.9962853193283081,0.9962853193283081,0.9966013431549072,0.9962853193283081,entailment,0.9966287016868591,entailment,0.9967691898345947,,,[],[],0.05970149253731338,True,[],,,,,,,0.996713399887085,0.9933679699897766,0.9936403632164001,0.9933679699897766,0.9724774360656738,0.9388855695724487,,,,,,,
315,215707,,215707:hypothesis:fra_Latn,,hypothesis,entailment,,,,,There is a man with a drink.,There's a man with a drink.,0.9933484196662903,0.9908567667007446,0.9908567667007446,0.9933484196662903,0.9908567667007446,0.9908567667007446,entailment,0.9966287016868591,entailment,0.996479332447052,,,[],[],0.054545454545454564,True,[],,,,,,,0.9964889287948608,0.9928486347198486,0.9930781722068787,0.9928486347198486,0.9663469791412354,0.7942531108856201,,,,,,,
316,215759,,215759:hypothesis:fra_Latn,,hypothesis,contradiction,,,,,A girl is wearing a yellow suit.,There's a girl in a yellow suit.,0.9976669549942017,0.9975346326828003,0.9975346326828003,0.9976669549942017,0.9975346326828003,0.9975346326828003,contradiction,0.9993879795074463,contradiction,0.9993840456008911,,,[],"[{""group"":""space"",""original"":{},""candidate"":{""in"":1},""field"":""hypothesis""}]",0.25,True,[],,,,,,,0.9922776222229004,0.9928212761878967,0.992676317691803,0.992676317691803,0.9589418172836304,0.3609907031059265,,,,,,,
319,216738,,216738:premise:fra_Latn,,premise,entailment,,,,,A woman is taking a man's blood pressure in a kitchen.,A woman takes a man's blood pressure in a kitchen.,0.9968531727790833,0.9947598576545715,0.9947598576545715,0.9968531727790833,0.9947598576545715,0.9947598576545715,entailment,0.9933400750160217,entailment,0.9904601573944092,,,[],[],0.07692307692307687,True,[],,,,,,,0.9964779019355774,0.9918617010116577,0.990251898765564,0.990251898765564,0.9699535965919495,0.7411186695098877,,,,,,,
319,216738,,216738:hypothesis:fra_Latn,,hypothesis,entailment,,,,,The woman is checking the man's health indoors.,The woman checks the man's health inside.,0.995220959186554,0.9628313183784485,0.9628313183784485,0.995220959186554,0.9628313183784485,0.9628313183784485,entailment,0.9933400750160217,entailment,0.9798272848129272,,,[],"[{""group"":""space"",""original"":{},""candidate"":{""inside"":1},""field"":""hypothesis""}]",0.15909090909090906,True,[],,,,,,,0.996593177318573,0.9914344549179077,0.9921464323997498,0.9914344549179077,0.9659802317619324,0.5430430173873901,,,,,,,
320,217803,,217803:premise:fra_Latn,,premise,entailment,,,,,Many people stand on an overpass looking over.,A lot of people stand on a bridge and watch.,0.9922266006469727,0.9866074323654175,0.9866074323654175,0.9922266006469727,0.9866074323654175,0.9866074323654175,entailment,0.9786309003829956,entailment,0.9831498265266418,,,[],"[{""group"":""quantifier"",""original"":{""many"":1},""candidate"":{},""field"":""premise""},{""group"":""space"",""original"":{""over"":1,""on"":1},""candidate"":{""on"":1},""field"":""premise""}]",0.48888888888888893,True,[],,,,,,,0.7696093320846558,0.984131395816803,0.9830458164215088,0.9830458164215088,0.6661557555198669,0.25706586241722107,,,,,,,
321,218103,,218103:hypothesis:fra_Latn,,hypothesis,entailment,,,,,A girl jumps into water.,A girl jumps in the water.,0.9976206421852112,0.9982762336730957,0.9976206421852112,0.9976206421852112,0.9982762336730957,0.9976206421852112,entailment,0.9985931515693665,entailment,0.9982841610908508,,,[],"[{""group"":""space"",""original"":{},""candidate"":{""in"":1},""field"":""hypothesis""}]",0.07999999999999996,True,[],,,,,,,0.9962835907936096,0.9928841590881348,0.9931483864784241,0.9928841590881348,0.9677969217300415,0.9027112722396851,,,,,,,
322,218557,,218557:premise:fra_Latn,,premise,neutral,,,,,A boy is flying in midair while snowboarding in a hilly and wooded area.,"A boy is flying outdoors snowboarding in a mountainous, forested area.",0.9910632371902466,0.976550281047821,0.976550281047821,0.9910632371902466,0.976550281047821,0.976550281047821,neutral,0.9811787009239197,neutral,0.952399730682373,,,[],"[{""group"":""space"",""original"":{""in"":2},""candidate"":{""in"":1},""field"":""premise""}]",0.323943661971831,True,[],,,,,,,0.9146727919578552,0.9875487089157104,0.8587197065353394,0.8587197065353394,0.897429347038269,0.5065052509307861,,,,,,,
322,218557,,218557:hypothesis:fra_Latn,,hypothesis,neutral,,,,,the boy is competing in a snowboard competition,the boy is in a snowboarding competition,0.9948456287384033,0.9951710104942322,0.9948456287384033,0.9948456287384033,0.9951710104942322,0.9948456287384033,neutral,0.9811787009239197,neutral,0.9991747736930847,,,[],[],0.14942528735632188,True,[],,,,,,,0.9964147806167603,0.9816774725914001,0.9855901598930359,0.9816774725914001,0.9712991714477539,0.538724958896637,,,,,,,
323,219803,,219803:premise:fra_Latn,,premise,entailment,,,,,"A young man is having his picture taken in front of a picture of an Asian sports team, while a child walks in a ball cap walks in front of the picture.","A young man is photographed in front of a photo of an Asian sports team, while a child in a ball cap is walking in front of the photo.",0.9948893785476685,0.9946927428245544,0.9946927428245544,0.9948893785476685,0.9946927428245544,0.9946927428245544,entailment,0.9969111084938049,entailment,0.9977287650108337,,,[],[],0.19999999999999996,True,[],,,,,,,0.9723338484764099,0.9932900667190552,0.9928354620933533,0.9928354620933533,0.9692009687423706,0.5267734527587891,,,,,,,
323,219803,,219803:hypothesis:fra_Latn,,hypothesis,entailment,,,,,A young man gets his photo taken.,A young man is being photographed.,0.996649444103241,0.9963797926902771,0.9963797926902771,0.996649444103241,0.9963797926902771,0.9963797926902771,entailment,0.9969111084938049,entailment,0.9969205856323242,,,[],[],0.28358208955223885,True,[],,,,,,,0.8809987902641296,0.9918078780174255,0.9931135773658752,0.9918078780174255,0.95963454246521,0.3295315206050873,,,,,,,
324,221452,,221452:premise:fra_Latn,,premise,entailment,,,,,A girl in a baseball uniform getting ready to throw the ball at a game.,A girl in a baseball uniform prepares to throw the ball at a game.,0.9964543581008911,0.994277834892273,0.994277834892273,0.9964543581008911,0.994277834892273,0.994277834892273,entailment,0.9964659214019775,entailment,0.9949231743812561,,,[],[],0.10948905109489049,True,[],,,,,,,0.9964858293533325,0.9933848977088928,0.9922682642936707,0.9922682642936707,0.9720838069915771,0.7544234991073608,,,,,,,
324,221452,,221452:hypothesis:fra_Latn,,hypothesis,entailment,,,,,The girl prepares to throw the ball.,The girl's getting ready to throw the ball.,0.9971081614494324,0.9977127313613892,0.9971081614494324,0.9971081614494324,0.9977127313613892,0.9971081614494324,entailment,0.9964659214019775,entailment,0.9959378242492676,,,[],[],0.21518987341772156,True,[],,,,,,,0.9966276288032532,0.9932364821434021,0.9931562542915344,0.9931562542915344,0.9697256684303284,0.34158608317375183,,,,,,,
326,223038,,223038:hypothesis:fra_Latn,,hypothesis,neutral,,,,,There is a boy jumping into the water to play.,There's a boy who jumps into the water to play.,0.9968331456184387,0.9955418705940247,0.9955418705940247,0.9968331456184387,0.9955418705940247,0.9955418705940247,neutral,0.9921446442604065,neutral,0.9927746057510376,,,[],[],0.11827956989247312,True,[],,,,,,,0.9793345928192139,0.9922858476638794,0.9928291440010071,0.9922858476638794,0.9688146114349365,0.7962151169776917,,,,,,,
327,223113,,223113:premise:fra_Latn,,premise,entailment,,,,,Two men stand in front of a building.,Two men standing in front of a building.,0.9957186579704285,0.9966451525688171,0.9957186579704285,0.9957186579704285,0.9966451525688171,0.9957186579704285,entailment,0.9944513440132141,entailment,0.995002806186676,,,[],[],0.038961038961038974,True,[],,,,,,,0.996756374835968,0.9916484355926514,0.993087112903595,0.9916484355926514,0.9665501117706299,1.0036413669586182,,,,,,,
327,223113,,223113:hypothesis:fra_Latn,,hypothesis,entailment,,,,,two men stand,Two men stand up,0.9891204833984375,0.9949321150779724,0.9891204833984375,0.9891204833984375,0.9949321150779724,0.9891204833984375,entailment,0.9944513440132141,entailment,0.9633411169052124,,,[],[],0.10344827586206895,True,[],,,,,,,0.956367552280426,0.9774856567382812,0.9858279228210449,0.9774856567382812,0.9537487030029297,0.7019459009170532,,,,,,,
328,224071,,224071:premise:fra_Latn,,premise,contradiction,,,,,Three people are walking down the beach.,Three people are walking along the beach.,0.993303120136261,0.954211950302124,0.954211950302124,0.993303120136261,0.954211950302124,0.954211950302124,contradiction,0.9996057152748108,contradiction,0.999625563621521,,,[],[],0.06172839506172845,True,[],,,,,,,0.9968452453613281,0.9927918910980225,0.9925726652145386,0.9925726652145386,0.9688980579376221,0.8593065738677979,,,,,,,
329,224732,,224732:premise:fra_Latn,,premise,neutral,,,,,Shoppers look for Christmas gifts at Harrod's department store.,Shoppers are looking for Christmas gifts at Harrod's department store.,0.9946885108947754,0.9976359605789185,0.9946885108947754,0.9946885108947754,0.9976359605789185,0.9946885108947754,neutral,0.9989604949951172,neutral,0.9990618824958801,,,[],[],0.052631578947368474,True,[],,,,,,,0.9967016577720642,0.9919365644454956,0.9912328124046326,0.9912328124046326,0.9725012183189392,0.8617507815361023,,,,,,,
329,224732,,224732:hypothesis:fra_Latn,,hypothesis,neutral,,,,,The shoppers are finding good deals.,Buyers find good deals.,0.9960733652114868,0.9893938899040222,0.9893938899040222,0.9960733652114868,0.9893938899040222,0.9893938899040222,neutral,0.9989604949951172,neutral,0.998481810092926,,,[],[],0.3220338983050848,True,[],,,,,,,0.8882398009300232,0.990393340587616,0.9911885261535645,0.990393340587616,0.9087715148925781,0.6735585331916809,,,,,,,
331,226116,,226116:premise:fra_Latn,,premise,neutral,,,,,Two females walking down the street with shopping bags.,Two women walking down the street with shopping bags.,0.9962981343269348,0.9967632293701172,0.9962981343269348,0.9962981343269348,0.9967632293701172,0.9962981343269348,neutral,0.9838452339172363,neutral,0.9840293526649475,,,[],[],0.09259259259259256,True,[],,,,,,,0.99676114320755,0.9935610294342041,0.9934640526771545,0.9934640526771545,0.966869056224823,0.9030957818031311,,,,,,,
333,226504,,226504:premise:fra_Latn,,premise,neutral,,,,,Two people raise their arms on a snowy hill in the mountains.,Two people holding up their arms on a snowy hill in the mountains.,0.9895418882369995,0.9953189492225647,0.9895418882369995,0.9895418882369995,0.9953189492225647,0.9895418882369995,neutral,0.9831127524375916,neutral,0.9857621192932129,,,[],[],0.10236220472440949,True,[],,,,,,,0.990385890007019,0.9878102540969849,0.9908725619316101,0.9878102540969849,0.9558267593383789,0.5882964730262756,,,,,,,
335,226981,,226981:premise:fra_Latn,,premise,entailment,,,,,Two men are sitting by themselves in a cafe.,Two men are sitting alone in a cafe.,0.997878909111023,0.9969123601913452,0.9969123601913452,0.997878909111023,0.9969123601913452,0.9969123601913452,entailment,0.9970670342445374,entailment,0.996791660785675,,,[],[],0.19999999999999996,True,[],,,,,,,0.9966498017311096,0.9937527775764465,0.9938840270042419,0.9937527775764465,0.9696508049964905,0.8008526563644409,,,,,,,
336,227619,,227619:premise:fra_Latn,,premise,contradiction,,,,,Two young men are leaping exuberantly on an outdoor plaza.,Two young men are jumping up and down an open square.,0.9850322008132935,0.9857630729675293,0.9850322008132935,0.9850322008132935,0.9857630729675293,0.9850322008132935,contradiction,0.9993534684181213,contradiction,0.9992004036903381,,,[],"[{""group"":""space"",""original"":{""on"":1},""candidate"":{},""field"":""premise""}]",0.33333333333333337,True,[],,,,,,,0.9000569581985474,0.9815877676010132,0.9786457419395447,0.9786457419395447,0.9382932186126709,0.237748384475708,,,,,,,
336,227619,,227619:hypothesis:fra_Latn,,hypothesis,contradiction,,,,,The two men have just been stuck in concrete boots and are drowning in the Hudson River.,Both men are trapped in concrete boots and drowned in the Hudson River.,0.9881734251976013,0.9715660214424133,0.9715660214424133,0.9881734251976013,0.9715660214424133,0.9715660214424133,contradiction,0.9993534684181213,contradiction,0.9988000392913818,,,[],[],0.23270440251572322,True,[],,,,,,,0.9633955955505371,0.9939597845077515,0.9887322187423706,0.9887322187423706,0.9269264936447144,0.6399165987968445,,,,,,,
338,230044,,230044:hypothesis:fra_Latn,,hypothesis,neutral,,,,,They are performing in a club,They 're performing in a club .,0.9937707781791687,0.9913877844810486,0.9913877844810486,0.9937707781791687,0.9913877844810486,0.9913877844810486,neutral,0.9994099140167236,neutral,0.9988617897033691,,,[],[],0.06666666666666665,True,[],,,,,,,0.9693621397018433,0.9753139615058899,0.9867022633552551,0.9753139615058899,0.9218578934669495,0.7893876433372498,,,,,,,
339,230599,,230599:hypothesis:fra_Latn,,hypothesis,contradiction,,,,,The people are sitting on the beach.,People are sitting on the beach.,0.9977722764015198,0.9952333569526672,0.9952333569526672,0.9977722764015198,0.9952333569526672,0.9952333569526672,contradiction,0.999735414981842,contradiction,0.9994851350784302,,,[],[],0.05882352941176472,True,[],,,,,,,0.9968311190605164,0.9930787682533264,0.9916523098945618,0.9916523098945618,0.963606059551239,1.0082247257232666,,,,,,,
340,231324,,231324:hypothesis:fra_Latn,,hypothesis,entailment,,,,,A woman sits at a table.,A woman is sitting at a table.,0.9976369142532349,0.9981689453125,0.9976369142532349,0.9976369142532349,0.9981689453125,0.9976369142532349,entailment,0.9983744621276855,entailment,0.9982030391693115,,,[],[],0.14814814814814814,True,[],,,,,,,0.9968442916870117,0.9924147725105286,0.9933432340621948,0.9924147725105286,0.9639489650726318,0.8699299097061157,,,,,,,
342,232796,,232796:premise:fra_Latn,,premise,entailment,,,,,A guy and a girl having a conversation.,A guy and a girl talking.,0.9970136880874634,0.9962823987007141,0.9962823987007141,0.9970136880874634,0.9962823987007141,0.9962823987007141,entailment,0.997729480266571,entailment,0.9967823028564453,,,[],[],0.3125,True,[],,,,,,,0.9435080289840698,0.9934811592102051,0.9935668110847473,0.9934811592102051,0.9602522253990173,0.7794690728187561,,,,,,,
343,232922,,232922:hypothesis:fra_Latn,,hypothesis,entailment,,,,,Someone is outside.,There's someone outside.,0.9949243068695068,0.9951281547546387,0.9949243068695068,0.9949243068695068,0.9951281547546387,0.9949243068695068,entailment,0.998066246509552,entailment,0.9971917271614075,,,[],[],0.2558139534883721,True,[],,,,,,,0.994734525680542,0.9940541386604309,0.9940474033355713,0.9940474033355713,0.9545593857765198,0.8392313122749329,,,,,,,
344,233399,,233399:premise:fra_Latn,,premise,neutral,,,,,Man swiftly riding a horse.,A man on a fast horse.,0.9769569039344788,0.9952225089073181,0.9769569039344788,0.9769569039344788,0.9952225089073181,0.9769569039344788,neutral,0.9986662864685059,neutral,0.997079610824585,,,[],"[{""group"":""space"",""original"":{},""candidate"":{""on"":1},""field"":""premise""}]",0.4285714285714286,True,[],,,,,,,0.9231828451156616,0.9938978552818298,0.9935170412063599,0.9935170412063599,0.9488195776939392,0.02133958786725998,,,,,,,
344,233399,,233399:hypothesis:fra_Latn,,hypothesis,neutral,,,,,The man is riding the horse in a race.,The man is riding a horse in a race.,0.997505247592926,0.9928926229476929,0.9928926229476929,0.997505247592926,0.9928926229476929,0.9928926229476929,neutral,0.9986662864685059,neutral,0.9983785152435303,,,[],[],0.05405405405405406,True,[],,,,,,,0.9968286156654358,0.9923477172851562,0.9917749166488647,0.9917749166488647,0.9684574604034424,0.8186523914337158,,,,,,,
345,233423,,233423:premise:fra_Latn,,premise,neutral,,,,,A gentleman in jeans and a black sweatshirt is excitedly speaking on a cellphone.,A gentleman in jeans and a black sweatshirt is talking enthusiastically on his cell phone.,0.9919971823692322,0.9962413311004639,0.9919971823692322,0.9919971823692322,0.9962413311004639,0.9919971823692322,neutral,0.9983159303665161,neutral,0.9971972703933716,,,[],[],0.20467836257309946,True,[],,,,,,,0.9965408444404602,0.9892141222953796,0.9943060278892517,0.9892141222953796,0.9375990629196167,0.8584052324295044,,,,,,,
345,233423,,233423:hypothesis:fra_Latn,,hypothesis,neutral,,,,,A man talking with his wife on the phone.,A man talking to his wife on the phone.,0.9966564178466797,0.9964853525161743,0.9964853525161743,0.9966564178466797,0.9964853525161743,0.9964853525161743,neutral,0.9983159303665161,neutral,0.9988422989845276,,,[],[],0.050000000000000044,True,[],,,,,,,0.957157552242279,0.993541955947876,0.9936143755912781,0.993541955947876,0.9702687859535217,0.8900846242904663,,,,,,,
346,233782,,233782:premise:fra_Latn,,premise,contradiction,,,,,A bunch of police officers are standing outside a bus.,A group of police officers are standing in front of a bus.,0.9971960783004761,0.9948204755783081,0.9948204755783081,0.9971960783004761,0.9948204755783081,0.9948204755783081,contradiction,0.9995765089988708,contradiction,0.9995948672294617,,,[],"[{""group"":""space"",""original"":{""outside"":1},""candidate"":{""front"":1,""in"":1},""field"":""premise""}]",0.1964285714285714,True,[],,,,,,,0.9966616630554199,0.8914986252784729,0.8565313816070557,0.8565313816070557,0.9303914904594421,0.6906039714813232,,,,,,,
346,233782,,233782:hypothesis:fra_Latn,,hypothesis,contradiction,,,,,The police officers are driving in a car.,The cops are driving in a car.,0.9985478520393372,0.9980437755584717,0.9980437755584717,0.9985478520393372,0.9980437755584717,0.9980437755584717,contradiction,0.9995765089988708,contradiction,0.9995841383934021,,,[],[],0.21126760563380287,True,[],,,,,,,0.9017396569252014,0.9925305247306824,0.9907341003417969,0.9907341003417969,0.9617909789085388,0.7789936065673828,,,,,,,
348,233997,,233997:premise:fra_Latn,,premise,contradiction,,,,,Blond child in red shirt standing on a plastic wreathed Christmas sleigh.,A blonde child in a red shirt standing on a crowned plastic Christmas sled.,0.9952911138534546,0.990706741809845,0.990706741809845,0.9952911138534546,0.990706741809845,0.990706741809845,contradiction,0.9994896650314331,contradiction,0.9992126226425171,,,[],[],0.17567567567567566,True,[],,,,,,,0.9353993535041809,0.9533436298370361,0.9196415543556213,0.9196415543556213,0.9165105819702148,0.47327542304992676,,,,,,,
350,235554,,235554:hypothesis:fra_Latn,,hypothesis,neutral,,,,,The man in the red shirt is playing well,The man in the red shirt plays well.,0.9897966980934143,0.9559357762336731,0.9559357762336731,0.9897966980934143,0.9559357762336731,0.9559357762336731,neutral,0.9517473578453064,neutral,0.9305588006973267,,,[],[],0.10526315789473684,True,[],,,,,,,0.996699869632721,0.9935823082923889,0.9934554696083069,0.9934554696083069,0.9705501794815063,0.7794888615608215,,,,,,,
351,236796,,236796:hypothesis:fra_Latn,,hypothesis,neutral,,,,,The dancers are performing in front of a large audience.,The dancers perform in front of a large audience.,0.9968100190162659,0.9953373670578003,0.9953373670578003,0.9968100190162659,0.9953373670578003,0.9953373670578003,neutral,0.9989483952522278,neutral,0.9988508224487305,,,[],[],0.06666666666666665,True,[],,,,,,,0.9967466592788696,0.9937723278999329,0.9934993982315063,0.9934993982315063,0.9696680307388306,0.8531168699264526,,,,,,,
353,237389,,237389:premise:fra_Latn,,premise,entailment,,,,,A woman and a small child laying in bed.,A woman and a little child lying in bed.,0.9970647692680359,0.997708797454834,0.9970647692680359,0.9970647692680359,0.997708797454834,0.9970647692680359,entailment,0.9922115802764893,entailment,0.991324782371521,,,[],[],0.09999999999999998,True,[],,,,,,,0.9968823194503784,0.9931005239486694,0.9934349060058594,0.9931005239486694,0.964387834072113,1.0322043895721436,,,,,,,
354,238210,,238210:hypothesis:fra_Latn,,hypothesis,entailment,,,,,A man with facial hair is wearing a scarf.,A man with facial hair wears a scarf.,0.9974780678749084,0.996320366859436,0.996320366859436,0.9974780678749084,0.996320366859436,0.996320366859436,entailment,0.9970334768295288,entailment,0.9973579049110413,,,[],[],0.08860759493670889,True,[],,,,,,,0.9966176152229309,0.9932736158370972,0.99241042137146,0.99241042137146,0.9704801440238953,0.8541450500488281,,,,,,,
355,238582,,238582:premise:fra_Latn,,premise,neutral,,,,,A boy jumps off of a structure into a pool.,A boy jumps from a structure into a pool.,0.9976598024368286,0.9976016879081726,0.9976016879081726,0.9976598024368286,0.9976016879081726,0.9976016879081726,neutral,0.9994496703147888,neutral,0.9994646906852722,,,[],[],0.09523809523809523,True,[],,,,,,,0.9631720185279846,0.993415355682373,0.9930092096328735,0.9930092096328735,0.9679723381996155,0.8316643238067627,,,,,,,
355,238582,,238582:hypothesis:fra_Latn,,hypothesis,neutral,,,,,He is wearing swim goggles.,He wears swimming glasses.,0.9919208288192749,0.9890852570533752,0.9890852570533752,0.9919208288192749,0.9890852570533752,0.9890852570533752,neutral,0.9994496703147888,neutral,0.9987026453018188,,,[],[],0.3207547169811321,True,[],,,,,,,0.9259651303291321,0.5490845441818237,0.0927901342511177,0.0927901342511177,0.9362276196479797,0.5864472389221191,,,,,,,
356,238747,,238747:premise:fra_Latn,,premise,neutral,,,,,A man sitting on a metal fence overlooking the water and skyline.,A man sitting on a metal fence overlooking the water and the horizon.,0.9905446767807007,0.990073561668396,0.990073561668396,0.9905446767807007,0.990073561668396,0.990073561668396,neutral,0.995519757270813,neutral,0.9975147247314453,,,[],[],0.10447761194029848,True,[],,,,,,,0.9961624145507812,0.9906159043312073,0.9923070073127747,0.9906159043312073,0.9503499865531921,0.8088151216506958,,,,,,,
356,238747,,238747:hypothesis:fra_Latn,,hypothesis,neutral,,,,,A man sits on a fence to hide from the soldiers.,A man is sitting on a fence to hide from soldiers.,0.9962663054466248,0.9974809288978577,0.9962663054466248,0.9962663054466248,0.9974809288978577,0.9962663054466248,neutral,0.995519757270813,neutral,0.9971904158592224,,,[],[],0.12244897959183676,True,[],,,,,,,0.9967455863952637,0.9935801029205322,0.9932716488838196,0.9932716488838196,0.969698965549469,0.8149725198745728,,,,,,,
357,241686,,241686:premise:fra_Latn,,premise,contradiction,,,,,A black and white dog is jumping into the water.,A black and white dog jumps into the water.,0.9971157312393188,0.9963099360466003,0.9963099360466003,0.9971157312393188,0.9963099360466003,0.9963099360466003,contradiction,0.9996954202651978,contradiction,0.9996860027313232,,,[],[],0.07692307692307687,True,[],,,,,,,0.9968662858009338,0.9931259155273438,0.9928423166275024,0.9928423166275024,0.9702157974243164,0.9161958694458008,,,,,,,
358,243896,,243896:hypothesis:fra_Latn,,hypothesis,entailment,,,,,A woman on a phone is sitting in a chair.,There's a woman on the phone sitting in a chair.,0.9975772500038147,0.9976847171783447,0.9975772500038147,0.9975772500038147,0.9976847171783447,0.9975772500038147,entailment,0.9922958612442017,entailment,0.99595046043396,,,[],[],0.1685393258426966,True,[],,,,,,,0.996780276298523,0.9927902221679688,0.9927703738212585,0.9927703738212585,0.9681087136268616,0.691112220287323,,,,,,,
360,246031,,246031:premise:fra_Latn,,premise,contradiction,,,,,A blond woman in a gray dress crossing the street.,A blonde woman in a gray dress crosses the street.,0.9963216781616211,0.9934309124946594,0.9934309124946594,0.9963216781616211,0.9934309124946594,0.9934309124946594,contradiction,0.9990297555923462,contradiction,0.9985972046852112,,,[],[],0.06000000000000005,True,[],,,,,,,0.996605634689331,0.9930088520050049,0.9916975498199463,0.9916975498199463,0.9719786047935486,0.9250448942184448,,,,,,,
361,248126,,248126:hypothesis:fra_Latn,,hypothesis,entailment,,,,,The girl is on the horse.,The girl's on a horse.,0.9977432489395142,0.995831310749054,0.995831310749054,0.9977432489395142,0.995831310749054,0.995831310749054,entailment,0.9901540875434875,entailment,0.9941457509994507,,,[],[],0.14893617021276595,True,[],,,,,,,0.9949241876602173,0.9929680228233337,0.9933660626411438,0.9929680228233337,0.9625605940818787,0.3875579833984375,,,,,,,
363,250993,,250993:hypothesis:fra_Latn,,hypothesis,entailment,,,,,A man walks into a building in front of a dog,A man enters a building in front of a dog.,0.9964287877082825,0.9780905246734619,0.9780905246734619,0.9964287877082825,0.9780905246734619,0.9780905246734619,entailment,0.9895715713500977,entailment,0.9955301880836487,,,[],[],0.14942528735632188,True,[],,,,,,,0.996673583984375,0.9915659427642822,0.9860520362854004,0.9860520362854004,0.9051143527030945,0.8203939199447632,,,,,,,
364,251441,,251441:hypothesis:fra_Latn,,hypothesis,contradiction,,,,,A banna is nailed to the wall.,There's a banana nailed to the wall.,0.9968175888061523,0.9971311092376709,0.9968175888061523,0.9968175888061523,0.9971311092376709,0.9968175888061523,contradiction,0.9952608942985535,contradiction,0.990223228931427,,,[],[],0.18181818181818177,True,[],,,,,,,0.5558006167411804,0.614471435546875,0.7093197107315063,0.614471435546875,0.9625852704048157,-0.6687549352645874,,,,,,,
365,252089,,252089:hypothesis:fra_Latn,,hypothesis,entailment,,,,,"A female is sitting at a table with two labels, and item described in one of the labels is not at the table.","A female is sitting at a table with two labels, and the object described on one of the labels is not at the table.",0.9963057041168213,0.9966478943824768,0.9963057041168213,0.9963057041168213,0.9966478943824768,0.9963057041168213,entailment,0.9895414710044861,entailment,0.9905802607536316,,,[],"[{""group"":""space"",""original"":{""in"":1},""candidate"":{""on"":1},""field"":""hypothesis""}]",0.05405405405405406,True,[],,,,,,,0.9966610670089722,0.993710994720459,0.9939731955528259,0.993710994720459,0.9716100096702576,0.8926584720611572,,,,,,,
366,252148,,252148:premise:fra_Latn,,premise,neutral,,,,,A white female sitting behind a programmes and ice cream stand.,A white woman sitting behind a program and an ice cream stand.,0.9948891401290894,0.9930878281593323,0.9930878281593323,0.9948891401290894,0.9930878281593323,0.9930878281593323,neutral,0.9980823993682861,neutral,0.9983003735542297,,,[],[],0.10399999999999998,True,[],,,,,,,0.9967114925384521,0.9936366081237793,0.9925109148025513,0.9925109148025513,0.9701070785522461,0.4738750159740448,,,,,,,
366,252148,,252148:hypothesis:fra_Latn,,hypothesis,neutral,,,,,A woman waits for a friend behind a programmes and ice cream stand.,A woman waits for a friend behind a program and an ice cream stand.,0.9928598999977112,0.9865526556968689,0.9865526556968689,0.9928598999977112,0.9865526556968689,0.9865526556968689,neutral,0.9980823993682861,neutral,0.9972641468048096,,,[],[],0.04477611940298509,True,[],,,,,,,0.9967696666717529,0.9934932589530945,0.9933165311813354,0.9933165311813354,0.9633364677429199,0.6054332852363586,,,,,,,
367,253837,,253837:hypothesis:fra_Latn,,hypothesis,neutral,,,,,there is a bee following the man,There's a bee following the man.,0.996063768863678,0.9938653111457825,0.9938653111457825,0.996063768863678,0.9938653111457825,0.9938653111457825,neutral,0.9993672966957092,neutral,0.9993706345558167,,,[],[],0.0625,True,[],,,,,,,0.9967964291572571,0.9917206764221191,0.9926556348800659,0.9917206764221191,0.9684095978736877,0.8380100727081299,,,,,,,
368,254588,,254588:premise:fra_Latn,,premise,contradiction,,,,,A large group of people participate in a marathon along a city street.,A large group of people are taking part in a marathon along a street in the city.,0.9966217279434204,0.9962181448936462,0.9962181448936462,0.9966217279434204,0.9962181448936462,0.9962181448936462,contradiction,0.9995304346084595,contradiction,0.9994052648544312,,,[],"[{""group"":""space"",""original"":{""in"":1},""candidate"":{""in"":2},""field"":""premise""}]",0.23178807947019864,True,[],,,,,,,0.9967132806777954,0.9911388754844666,0.9932032823562622,0.9911388754844666,0.9689720273017883,0.6127699613571167,,,,,,,
368,254588,,254588:hypothesis:fra_Latn,,hypothesis,contradiction,,,,,One man stands alone on the city street,There's a man standing alone on the street in the city.,0.9970529079437256,0.9928321838378906,0.9928321838378906,0.9970529079437256,0.9928321838378906,0.9928321838378906,contradiction,0.9995304346084595,contradiction,0.9993467926979065,,,[],"[{""group"":""number"",""original"":{""1"":1},""candidate"":{},""field"":""hypothesis""},{""group"":""space"",""original"":{""on"":1},""candidate"":{""in"":1,""on"":1},""field"":""hypothesis""}]",0.34042553191489366,True,[],,,,,,,0.9944248199462891,0.9918573498725891,0.9932678937911987,0.9918573498725891,0.9605910181999207,0.2832082509994507,,,,,,,
370,256030,,256030:premise:fra_Latn,,premise,contradiction,,,,,Two men on a snowy and rocky mountainside cook a meal while their teammates sit a little way away.,"Two men on a snowy, rocky mountain are preparing a meal while their teammates sit a little further away.",0.9960620999336243,0.9940958023071289,0.9940958023071289,0.9960620999336243,0.9940958023071289,0.9940958023071289,contradiction,0.9997174143791199,contradiction,0.9996994733810425,,,[],[],0.16831683168316836,True,[],,,,,,,0.9965533018112183,0.9884081482887268,0.9909147024154663,0.9884081482887268,0.9686946272850037,0.6533995866775513,,,,,,,
371,257881,,257881:premise:fra_Latn,,premise,entailment,,,,,A man on a bike is seen among a crowd of people at an outdoor event.,A man on a bicycle is seen in a crowd at an outdoor event.,0.9948017597198486,0.9961457252502441,0.9948017597198486,0.9948017597198486,0.9961457252502441,0.9948017597198486,entailment,0.9957120418548584,entailment,0.9926449060440063,,,[],"[{""group"":""space"",""original"":{""on"":1},""candidate"":{""in"":1,""on"":1},""field"":""premise""}]",0.15873015873015872,True,[],,,,,,,0.9967144727706909,0.993399977684021,0.9919094443321228,0.9919094443321228,0.9669584035873413,0.8725190758705139,,,,,,,
371,257881,,257881:hypothesis:fra_Latn,,hypothesis,entailment,,,,,A large group of people are gathered outdoors.,A large group of people gathers outside.,0.9980237483978271,0.998066246509552,0.9980237483978271,0.9980237483978271,0.998066246509552,0.9980237483978271,entailment,0.9957120418548584,entailment,0.9949344992637634,,,[],"[{""group"":""space"",""original"":{},""candidate"":{""outside"":1},""field"":""hypothesis""}]",0.16279069767441856,True,[],,,,,,,0.9962249994277954,0.9938734769821167,0.9936777949333191,0.9936777949333191,0.9671515226364136,0.8067961931228638,,,,,,,
372,258168,,258168:hypothesis:fra_Latn,,hypothesis,neutral,,,,,the men are divers,Men are divers.,0.9895769357681274,0.9796981811523438,0.9796981811523438,0.9895769357681274,0.9796981811523438,0.9796981811523438,neutral,0.9986109733581543,neutral,0.995689332485199,,,[],[],0.1515151515151515,True,[],,,,,,,0.9328389167785645,0.9938890933990479,0.887617826461792,0.887617826461792,0.9622757434844971,0.8649325370788574,,,,,,,
373,258343,,258343:hypothesis:fra_Latn,,hypothesis,entailment,,,,,A man working on a boat.,A man who works on a boat.,0.9957167506217957,0.9960059523582458,0.9957167506217957,0.9957167506217957,0.9960059523582458,0.9957167506217957,entailment,0.9968552589416504,entailment,0.9964789748191833,,,[],[],0.16000000000000003,True,[],,,,,,,0.9755241274833679,0.9924705028533936,0.9926068782806396,0.9924705028533936,0.9660327434539795,0.842725396156311,,,,,,,
374,258358,,258358:premise:fra_Latn,,premise,contradiction,,,,,A skateboarder flies through the air over the staircase of a sleek contemporary building.,A skateboarder flies through the air on the stairs of an elegant modern building.,0.993911862373352,0.9942232966423035,0.993911862373352,0.993911862373352,0.9942232966423035,0.993911862373352,contradiction,0.9993247985839844,contradiction,0.9991938471794128,,,[],"[{""group"":""space"",""original"":{""through"":1,""over"":1},""candidate"":{""through"":1,""on"":1},""field"":""premise""}]",0.16470588235294115,True,[],,,,,,,0.9431241154670715,0.9860478639602661,0.988966166973114,0.9860478639602661,0.936523973941803,0.7748438119888306,,,,,,,
374,258358,,258358:hypothesis:fra_Latn,,hypothesis,contradiction,,,,,lion sleeps,The lion sleeps,0.9799718260765076,0.9912618398666382,0.9799718260765076,0.9799718260765076,0.9912618398666382,0.9799718260765076,contradiction,0.9993247985839844,contradiction,0.9995232820510864,,,[],[],0.15384615384615385,True,[],,,,,,,0.9966251850128174,0.9834067225456238,0.9869072437286377,0.9834067225456238,0.9672985076904297,0.6526647210121155,,,,,,,
375,258365,,258365:hypothesis:fra_Latn,,hypothesis,contradiction,,,,,A woman carrying her bags to the car,There's a woman carrying her bags in the car.,0.9822717905044556,0.9068444967269897,0.9068444967269897,0.9822717905044556,0.9068444967269897,0.9068444967269897,contradiction,0.9980502128601074,contradiction,0.9995487332344055,,,[],"[{""group"":""space"",""original"":{},""candidate"":{""in"":1},""field"":""hypothesis""}]",0.16049382716049387,True,[],,,,,,,0.9235902428627014,0.927925705909729,0.9811245203018188,0.927925705909729,0.9597444534301758,0.35109302401542664,,,,,,,
376,259128,,259128:hypothesis:fra_Latn,,hypothesis,entailment,,,,,Dog running.,The dog is running.,0.994828999042511,0.9955549836158752,0.994828999042511,0.994828999042511,0.9955549836158752,0.994828999042511,entailment,0.9862813353538513,entailment,0.9941178560256958,,,[],[],0.22580645161290325,True,[],,,,,,,0.9967474937438965,0.9926238059997559,0.9925181865692139,0.9925181865692139,0.9656149744987488,0.11903335154056549,,,,,,,
377,259206,,259206:hypothesis:fra_Latn,,hypothesis,contradiction,,,,,The two boys were fighting and throwing punches.,The two boys were fighting and punching each other.,0.9885602593421936,0.9934796094894409,0.9885602593421936,0.9885602593421936,0.9934796094894409,0.9885602593421936,contradiction,0.998906135559082,contradiction,0.99930739402771,,,[],[],0.23232323232323238,True,[],,,,,,,0.8776378035545349,0.9940258264541626,0.9933974742889404,0.9933974742889404,0.9621154069900513,0.6357825398445129,,,,,,,
379,261954,,261954:premise:fra_Latn,,premise,entailment,,,,,"Two girls, one with brown hair and one with red, make toy cars.","Two girls, one with brown hair and one with red hair, make toy cars.",0.9947340488433838,0.9961674809455872,0.9947340488433838,0.9947340488433838,0.9961674809455872,0.9947340488433838,entailment,0.9570333361625671,entailment,0.953734278678894,,,[],[],0.03816793893129766,True,[],,,,,,,0.9961565136909485,0.9933896064758301,0.9918510317802429,0.9918510317802429,0.9726965427398682,0.9700814485549927,,,,,,,
380,262023,,262023:hypothesis:fra_Latn,,hypothesis,contradiction,,,,,The people are at a party.,People are at a party.,0.9967036843299866,0.9927247762680054,0.9927247762680054,0.9967036843299866,0.9927247762680054,0.9927247762680054,contradiction,0.9921229481697083,contradiction,0.9975751042366028,,,[],[],0.08333333333333337,True,[],,,,,,,0.9966458678245544,0.9937703013420105,0.9919529557228088,0.9919529557228088,0.9607091546058655,1.0250273942947388,,,,,,,
381,263405,,263405:hypothesis:fra_Latn,,hypothesis,neutral,,,,,A woman proving she can be a hockey player.,A woman who proves she can be a hockey player.,0.9940494298934937,0.9927627444267273,0.9927627444267273,0.9940494298934937,0.9927627444267273,0.9927627444267273,neutral,0.8756958842277527,neutral,0.9652493000030518,,,[],[],0.101123595505618,True,[],,,,,,,0.9262830018997192,0.9924969673156738,0.9933900833129883,0.9924969673156738,0.9692702889442444,0.8549517393112183,,,,,,,
383,264247,,264247:premise:fra_Latn,,premise,entailment,,,,,One lone skier is making his way down a snowy mountain slope which has many ski track marks visible on the snow pack and a ski lift in the background.,A single skier descends a snowy mountain slope that has many traces of ski trails visible on the snow pack and a ski lift in the background.,0.9983789920806885,0.9976662397384644,0.9976662397384644,0.9983789920806885,0.9976662397384644,0.9976662397384644,entailment,0.9920759201049805,entailment,0.925718367099762,,,[],[],0.2068965517241379,True,[],,,,,,,0.9904631972312927,0.9940658807754517,0.9938331842422485,0.9938331842422485,0.9645406603813171,0.6252108812332153,,,,,,,
383,264247,,264247:hypothesis:fra_Latn,,hypothesis,entailment,,,,,A man is outdoors.,There's a man outside.,0.9975263476371765,0.9969251751899719,0.9969251751899719,0.9975263476371765,0.9969251751899719,0.9969251751899719,entailment,0.9920759201049805,entailment,0.9278790354728699,,,[],"[{""group"":""space"",""original"":{},""candidate"":{""outside"":1},""field"":""hypothesis""}]",0.44999999999999996,True,[],,,,,,,0.9843959808349609,0.9934349060058594,0.9940301179885864,0.9934349060058594,0.9606766104698181,0.22838622331619263,,,,,,,
384,264764,,264764:hypothesis:fra_Latn,,hypothesis,entailment,,,,,children are at the fair,the kids are at the fair,0.9965875148773193,0.9966400861740112,0.9965875148773193,0.9965875148773193,0.9966400861740112,0.9965875148773193,entailment,0.9822264909744263,entailment,0.9857863187789917,,,[],[],0.20833333333333337,True,[],,,,,,,0.9717440605163574,0.9846585988998413,0.9878306984901428,0.9846585988998413,0.9666544795036316,0.8743575811386108,,,,,,,
386,266636,,266636:premise:fra_Latn,,premise,entailment,,,,,People in snowy climate prepare to eat food on plates.,People in the snowy climate are getting ready to eat on plates.,0.9968223571777344,0.9960643649101257,0.9960643649101257,0.9968223571777344,0.9960643649101257,0.9960643649101257,entailment,0.9957369565963745,entailment,0.9962367415428162,,,[],[],0.23076923076923073,True,[],,,,,,,0.9965367317199707,0.9934430122375488,0.9936972260475159,0.9934430122375488,0.970131516456604,0.6442444920539856,,,,,,,
386,266636,,266636:hypothesis:fra_Latn,,hypothesis,entailment,,,,,People in a snow covered area preparing to eat a meal.,People in a snowy area are getting ready to eat.,0.9976680874824524,0.9959414601325989,0.9959414601325989,0.9976680874824524,0.9959414601325989,0.9959414601325989,entailment,0.9957369565963745,entailment,0.9961430430412292,,,[],[],0.3137254901960784,True,[],,,,,,,0.9600273966789246,0.9936708211898804,0.9865313172340393,0.9865313172340393,0.9610426425933838,0.41479915380477905,,,,,,,
387,268411,,268411:hypothesis:fra_Latn,,hypothesis,contradiction,,,,,A dog is wearing pants.,A dog wears pants.,0.9962701797485352,0.991050124168396,0.991050124168396,0.9962701797485352,0.991050124168396,0.991050124168396,contradiction,0.9916214942932129,contradiction,0.9952326416969299,,,[],[],0.1707317073170732,True,[],,,,,,,0.996716320514679,0.9927942156791687,0.9880947470664978,0.9880947470664978,0.9649870991706848,0.8620038032531738,,,,,,,
389,270886,,270886:premise:fra_Latn,,premise,contradiction,,,,,A man standing by a building corner and reading a newspaper.,A man standing in a corner of a building reading a newspaper.,0.9961912631988525,0.9909870028495789,0.9909870028495789,0.9961912631988525,0.9909870028495789,0.9909870028495789,contradiction,0.9982922673225403,contradiction,0.9957636594772339,,,[],"[{""group"":""space"",""original"":{},""candidate"":{""in"":1},""field"":""premise""}]",0.22314049586776863,True,[],,,,,,,0.9572249054908752,0.9914040565490723,0.9920746088027954,0.9914040565490723,0.9677996039390564,0.7373799085617065,,,,,,,
389,270886,,270886:hypothesis:fra_Latn,,hypothesis,contradiction,,,,,A man is standing by a building corner and reading a book.,A man is standing near a corner of a building and reading a book.,0.9973618388175964,0.9976231455802917,0.9973618388175964,0.9973618388175964,0.9976231455802917,0.9973618388175964,contradiction,0.9982922673225403,contradiction,0.9938440322875977,,,[],"[{""group"":""space"",""original"":{},""candidate"":{""near"":1},""field"":""hypothesis""}]",0.2032520325203252,True,[],,,,,,,0.9898870587348938,0.9935983419418335,0.9934824109077454,0.9934824109077454,0.9689306020736694,0.7997680902481079,,,,,,,
390,271518,,271518:premise:fra_Latn,,premise,neutral,,,,,A group of white water rafters.,A bunch of white water rafts.,0.9962868690490723,0.9960224032402039,0.9960224032402039,0.9962868690490723,0.9960224032402039,0.9960224032402039,neutral,0.9988983869552612,neutral,0.9979673027992249,,,[],[],0.16666666666666663,True,[],,,,,,,0.8710642457008362,0.9889311194419861,0.9878981709480286,0.9878981709480286,0.9667980670928955,0.4553053379058838,,,,,,,
390,271518,,271518:hypothesis:fra_Latn,,hypothesis,neutral,,,,,The group has been rafting all day.,The group rafted all day.,0.9980379939079285,0.9927258491516113,0.9927258491516113,0.9980379939079285,0.9927258491516113,0.9927258491516113,neutral,0.9988983869552612,neutral,0.9985507130622864,,,[],[],0.23333333333333328,True,[],,,,,,,0.9631823897361755,0.9931445121765137,0.9930217862129211,0.9930217862129211,0.9590199589729309,0.6592654585838318,,,,,,,
392,272383,,272383:premise:fra_Latn,,premise,neutral,,,,,A lacrosse player wearing a red uniform with the number 33 on the back looks skyward while a player in a green uniform with yellow trim is visible in the background.,A lacrosse player wearing a red uniform with the number 33 on the back looks up into the sky while a player in a green uniform with a yellow decor is visible in the background.,0.9850854277610779,0.9932225942611694,0.9850854277610779,0.9850854277610779,0.9932225942611694,0.9850854277610779,neutral,0.9304444193840027,neutral,0.8374518156051636,,,[],[],0.07331378299120239,True,[],,,,,,,0.9606052041053772,0.9521834850311279,0.9865958094596863,0.9521834850311279,0.9694809913635254,0.619781494140625,,,,,,,
393,272751,,272751:premise:fra_Latn,,premise,entailment,,,,,Two young women have fallen asleep at a public eating area.,Two young women fell asleep in a public dining room.,0.9877932667732239,0.993933379650116,0.9877932667732239,0.9877932667732239,0.993933379650116,0.9877932667732239,entailment,0.9847090244293213,entailment,0.9870663285255432,,,[],"[{""group"":""space"",""original"":{},""candidate"":{""in"":1},""field"":""premise""}]",0.22522522522522526,True,[],,,,,,,0.9936082363128662,0.9224468469619751,0.9846162796020508,0.9224468469619751,0.9689779877662659,0.8778291940689087,,,,,,,
394,272787,,272787:premise:fra_Latn,,premise,contradiction,,,,,"A young boy, arms and legs splayed wide, is leaping into the water on a rocky shoreline.","A young boy, with his arms and legs spread out, jumps into the water on a rocky shore.",0.9970145225524902,0.9976723790168762,0.9970145225524902,0.9970145225524902,0.9976723790168762,0.9970145225524902,contradiction,0.9873722791671753,contradiction,0.9237669110298157,,,[],[],0.2183908045977011,True,[],,,,,,,0.9915987253189087,0.993251383304596,0.9934263229370117,0.993251383304596,0.9718793034553528,0.6182857751846313,,,,,,,
397,276879,,276879:premise:fra_Latn,,premise,neutral,,,,,"two kids, one with green pants and the other with a white shirt and jeans are running down a street.","Two children, one in green pants and the other in a white shirt and jeans, are running down the street.",0.9971687197685242,0.9972341656684875,0.9971687197685242,0.9971687197685242,0.9972341656684875,0.9971687197685242,neutral,0.8986939787864685,neutral,0.990013837814331,,,[],"[{""group"":""space"",""original"":{},""candidate"":{""in"":2},""field"":""premise""}]",0.10344827586206895,True,[],,,,,,,0.9966273903846741,0.9930277466773987,0.9933018684387207,0.9930277466773987,0.9732416272163391,0.8382737636566162,,,,,,,
397,276879,,276879:hypothesis:fra_Latn,,hypothesis,neutral,,,,,There are children running after someone outside.,There are kids out there running after someone.,0.9983548521995544,0.996065080165863,0.996065080165863,0.9983548521995544,0.996065080165863,0.996065080165863,neutral,0.8986939787864685,neutral,0.988350510597229,,,[],"[{""group"":""space"",""original"":{""outside"":1},""candidate"":{},""field"":""hypothesis""}]",0.25,True,[],,,,,,,0.9710497260093689,0.9939877986907959,0.9937862157821655,0.9937862157821655,0.9603624939918518,0.6843881011009216,,,,,,,
398,277346,,277346:premise:fra_Latn,,premise,entailment,,,,,A young male holding a fishing pole.,A young male holding a fishing rod.,0.9933163523674011,0.9930658340454102,0.9930658340454102,0.9933163523674011,0.9930658340454102,0.9930658340454102,entailment,0.993519127368927,entailment,0.9911513924598694,,,[],[],0.07042253521126762,True,[],,,,,,,0.7911200523376465,0.5162159204483032,0.7277551293373108,0.5162159204483032,0.7944557070732117,0.8565691709518433,,,,,,,
398,277346,,277346:hypothesis:fra_Latn,,hypothesis,entailment,,,,,A man carries his fishing rod.,A man is carrying his fishing rod.,0.9974055886268616,0.998214602470398,0.9974055886268616,0.9974055886268616,0.998214602470398,0.9974055886268616,entailment,0.993519127368927,entailment,0.9916280508041382,,,[],[],0.125,True,[],,,,,,,0.9967610239982605,0.9914474487304688,0.9924267530441284,0.9914474487304688,0.9693431258201599,0.885860025882721,,,,,,,
399,277522,,277522:hypothesis:fra_Latn,,hypothesis,entailment,,,,,An Indian man is writing on something.,An Indian guy writes about something.,0.9974472522735596,0.9951702952384949,0.9951702952384949,0.9974472522735596,0.9951702952384949,0.9951702952384949,entailment,0.9959806203842163,entailment,0.9972997307777405,,,[],"[{""group"":""space"",""original"":{""on"":1},""candidate"":{},""field"":""hypothesis""}]",0.2533333333333333,True,[],,,,,,,0.9781142473220825,0.9922824501991272,0.9860813617706299,0.9860813617706299,0.9586864709854126,0.712372899055481,,,,,,,
400,277576,,277576:premise:fra_Latn,,premise,contradiction,,,,,A golfer wearing a striped red polo shirt and white pants watches his drive after swinging.,A golfer in a striped red polo and white pants looks at his car after swinging.,0.9948379397392273,0.9898780584335327,0.9898780584335327,0.9948379397392273,0.9898780584335327,0.9898780584335327,contradiction,0.9994262456893921,contradiction,0.9992571473121643,,,[],"[{""group"":""space"",""original"":{},""candidate"":{""in"":1},""field"":""premise""}]",0.16470588235294115,True,[],,,,,,,0.7429068684577942,0.7062471508979797,0.7219580411911011,0.7062471508979797,0.7731997966766357,0.631289005279541,,,,,,,
400,277576,,277576:hypothesis:fra_Latn,,hypothesis,contradiction,,,,,The golfer is preparing food for dinner.,The golfer prepares food for dinner.,0.9971822500228882,0.9962406158447266,0.9962406158447266,0.9971822500228882,0.9962406158447266,0.9962406158447266,contradiction,0.9994262456893921,contradiction,0.9994993209838867,,,[],[],0.10526315789473684,True,[],,,,,,,0.9965157508850098,0.9930972456932068,0.9903385043144226,0.9903385043144226,0.96684730052948,0.8566367626190186,,,,,,,
402,277982,,277982:hypothesis:fra_Latn,,hypothesis,entailment,,,,,A man is standing.,There's a man standing.,0.9978343844413757,0.9975680708885193,0.9975680708885193,0.9978343844413757,0.9975680708885193,0.9975680708885193,entailment,0.9980227947235107,entailment,0.9978039860725403,,,[],[],0.2682926829268293,True,[],,,,,,,0.9951819777488708,0.9930692911148071,0.9938840270042419,0.9930692911148071,0.9527006149291992,0.6567907333374023,,,,,,,
403,278462,,278462:premise:fra_Latn,,premise,neutral,,,,,a boy swings on the swing.,There's a boy swinging on the swing.,0.9983135461807251,0.998376727104187,0.9983135461807251,0.9983135461807251,0.998376727104187,0.9983135461807251,neutral,0.9988318085670471,neutral,0.9987566471099854,,,[],[],0.19354838709677424,True,[],,,,,,,0.99631667137146,0.9908068776130676,0.9921310544013977,0.9908068776130676,0.9667938351631165,0.5813502669334412,,,,,,,
404,278595,,278595:premise:fra_Latn,,premise,neutral,,,,,A couple and child are watching people walk by.,A couple and a kid watching people pass.,0.9970303773880005,0.9601472616195679,0.9601472616195679,0.9970303773880005,0.9601472616195679,0.9601472616195679,neutral,0.9951677322387695,neutral,0.962631106376648,,,[],[],0.2183908045977011,True,[],,,,,,,0.954174280166626,0.9928979873657227,0.988235592842102,0.988235592842102,0.8989009857177734,0.08031946420669556,,,,,,,
405,278717,,278717:premise:fra_Latn,,premise,neutral,,,,,A woman playing tennis at a tennis game.,A woman playing tennis during a tennis match.,0.991698145866394,0.9962579011917114,0.991698145866394,0.991698145866394,0.9962579011917114,0.991698145866394,neutral,0.9971383810043335,neutral,0.9978342652320862,,,[],"[{""group"":""time"",""original"":{},""candidate"":{""during"":1},""field"":""premise""}]",0.17647058823529416,True,[],,,,,,,0.9703464508056641,0.9569187164306641,0.9708448052406311,0.9569187164306641,0.9637717008590698,0.7782670855522156,,,,,,,
405,278717,,278717:hypothesis:fra_Latn,,hypothesis,neutral,,,,,A woman trying to win the final match for the title.,A woman trying to win the final game for the title.,0.9958399534225464,0.9935154914855957,0.9935154914855957,0.9958399534225464,0.9935154914855957,0.9935154914855957,neutral,0.9971383810043335,neutral,0.9976059198379517,,,[],[],0.06796116504854366,True,[],,,,,,,0.9770186543464661,0.9688982963562012,0.9694538116455078,0.9688982963562012,0.9395539164543152,0.7027117609977722,,,,,,,
407,280193,,280193:premise:fra_Latn,,premise,entailment,,,,,"A child with a stethoscope, preparing to listen to his mother heart.","A child with a stethoscope, ready to listen to his mother's heart.",0.994243323802948,0.9931039214134216,0.9931039214134216,0.994243323802948,0.9931039214134216,0.9931039214134216,entailment,0.970066487789154,entailment,0.958361804485321,,,[],[],0.07462686567164178,True,[],,,,,,,0.9967503547668457,0.9941167831420898,0.992413341999054,0.992413341999054,0.9704102873802185,0.871221661567688,,,,,,,
407,280193,,280193:hypothesis:fra_Latn,,hypothesis,entailment,,,,,A child is listening to his mother's heart beat.,A child listens to his mother's heartbeat.,0.9980831146240234,0.9977241158485413,0.9977241158485413,0.9980831146240234,0.9977241158485413,0.9977241158485413,entailment,0.970066487789154,entailment,0.9907017946243286,,,[],[],0.0888888888888889,True,[],,,,,,,0.9962792992591858,0.9933196306228638,0.9893524646759033,0.9893524646759033,0.9670712351799011,0.6907382607460022,,,,,,,
408,280508,,280508:hypothesis:fra_Latn,,hypothesis,contradiction,,,,,Men are working indoors.,The men work inside.,0.9963105320930481,0.9947617650032043,0.9947617650032043,0.9963105320930481,0.9947617650032043,0.9947617650032043,contradiction,0.9995068311691284,contradiction,0.9994791150093079,,,[],"[{""group"":""space"",""original"":{},""candidate"":{""inside"":1},""field"":""hypothesis""}]",0.40909090909090906,True,[],,,,,,,0.9953937530517578,0.9924641847610474,0.9921682476997375,0.9921682476997375,0.9670583009719849,0.19090023636817932,,,,,,,
411,282246,,282246:premise:fra_Latn,,premise,neutral,,,,,Four band members singing and playing.,Four members of the band sing and play.,0.9968453049659729,0.9971622824668884,0.9968453049659729,0.9968453049659729,0.9971622824668884,0.9968453049659729,neutral,0.9989783763885498,neutral,0.9991750121116638,,,[],[],0.2987012987012987,True,[],,,,,,,0.9966896772384644,0.993063747882843,0.9934157133102417,0.993063747882843,0.9682224988937378,0.6726950407028198,,,,,,,
411,282246,,282246:hypothesis:fra_Latn,,hypothesis,neutral,,,,,They play a gig at a bar,They're playing a concert in a bar.,0.9497786164283752,0.996370792388916,0.9497786164283752,0.9497786164283752,0.996370792388916,0.9497786164283752,neutral,0.9989783763885498,neutral,0.9988555908203125,,,[],"[{""group"":""space"",""original"":{},""candidate"":{""in"":1},""field"":""hypothesis""}]",0.35593220338983056,True,[],,,,,,,0.8086318969726562,0.9881095290184021,0.9909731149673462,0.9881095290184021,0.8522782921791077,0.2482953667640686,,,,,,,
412,282259,,282259:premise:fra_Latn,,premise,neutral,,,,,A woman in a black jacket is walking down the street with a red umbrella.,A woman in a black jacket walks down the street with a red umbrella.,0.9957016110420227,0.9956316947937012,0.9956316947937012,0.9957016110420227,0.9956316947937012,0.9956316947937012,neutral,0.9989448189735413,neutral,0.9987989664077759,,,[],[],0.049645390070921946,True,[],,,,,,,0.9966747760772705,0.9930840730667114,0.992730438709259,0.992730438709259,0.9722253084182739,0.9177865386009216,,,,,,,
412,282259,,282259:hypothesis:fra_Latn,,hypothesis,neutral,,,,,A fat woman in a black jacket is walking down the street with a red umbrella.,A fat woman in a black jacket walks down the street with a red umbrella.,0.9951009154319763,0.9950767159461975,0.9950767159461975,0.9951009154319763,0.9950767159461975,0.9950767159461975,neutral,0.9989448189735413,neutral,0.9989117383956909,,,[],[],0.046979865771812124,True,[],,,,,,,0.9966567754745483,0.9930048584938049,0.9926578402519226,0.9926578402519226,0.9724400043487549,0.9160609841346741,,,,,,,
413,282686,,282686:premise:fra_Latn,,premise,neutral,,,,,Horrific artwork displayed at the local hipster bar.,Horrible artwork on display at the local hipster bar.,0.9977618455886841,0.9975645542144775,0.9975645542144775,0.9977618455886841,0.9975645542144775,0.9975645542144775,neutral,0.9957476258277893,neutral,0.9960779547691345,,,[],"[{""group"":""space"",""original"":{},""candidate"":{""on"":1},""field"":""premise""}]",0.10476190476190472,True,[],,,,,,,0.9966136813163757,0.9903548955917358,0.9914584755897522,0.9903548955917358,0.9677451848983765,0.9984316825866699,,,,,,,
414,282806,,282806:hypothesis:fra_Latn,,hypothesis,entailment,,,,,The kids are above the ground.,The children are above the ground.,0.9971423745155334,0.9975156784057617,0.9971423745155334,0.9971423745155334,0.9975156784057617,0.9971423745155334,entailment,0.9870772361755371,entailment,0.9885503649711609,,,[],[],0.125,True,[],,,,,,,0.9957233667373657,0.9935886859893799,0.9935575127601624,0.9935575127601624,0.9644023776054382,0.9058157205581665,,,,,,,
416,285462,,285462:premise:fra_Latn,,premise,contradiction,,,,,A person in a dark wetsuit is surfing.,A person in a black suit surfing.,0.984784722328186,0.9858232736587524,0.984784722328186,0.984784722328186,0.9858232736587524,0.984784722328186,contradiction,0.9990559220314026,contradiction,0.9990963935852051,,,[],[],0.15492957746478875,True,[],,,,,,,0.8721159100532532,0.8166790008544922,0.15961822867393494,0.15961822867393494,0.7256734371185303,-0.2807386517524719,,,,,,,
417,286692,,286692:premise:fra_Latn,,premise,contradiction,,,,,"A woman wearing a white shirt and a short, black skirt is in motion on a green, artificial surface.","A woman dressed in a white shirt and a short black skirt moves on a green, artificial surface.",0.996647298336029,0.9922763705253601,0.9922763705253601,0.996647298336029,0.9922763705253601,0.9922763705253601,contradiction,0.9989489912986755,contradiction,0.9988337159156799,,,[],[],0.1295336787564767,True,[],,,,,,,0.9955229759216309,0.9936841130256653,0.9941546320915222,0.9936841130256653,0.9704621434211731,0.6913310289382935,,,,,,,
418,287124,,287124:hypothesis:fra_Latn,,hypothesis,neutral,,,,,The women are great skaters.,Women are great skaters.,0.9943243265151978,0.9875295162200928,0.9875295162200928,0.9943243265151978,0.9875295162200928,0.9875295162200928,neutral,0.9989724159240723,neutral,0.9940190315246582,,,[],[],0.07692307692307687,True,[],,,,,,,0.9914869070053101,0.9941601753234863,0.9888779520988464,0.9888779520988464,0.9643316268920898,0.9983334541320801,,,,,,,
419,287246,,287246:premise:fra_Latn,,premise,entailment,,,,,Two people walk in opposite directions across a brick road.,Two people are walking in opposite directions on a brick road.,0.9943618774414062,0.9659924507141113,0.9659924507141113,0.9943618774414062,0.9659924507141113,0.9659924507141113,entailment,0.9839695692062378,entailment,0.9847487807273865,,,[],"[{""group"":""space"",""original"":{""in"":1},""candidate"":{""in"":1,""on"":1},""field"":""premise""}]",0.1074380165289256,True,[],,,,,,,0.9966828227043152,0.984430730342865,0.9807901382446289,0.9807901382446289,0.9587262272834778,0.8243585824966431,,,,,,,
419,287246,,287246:hypothesis:fra_Latn,,hypothesis,entailment,,,,,The road was made with bricks.,The road was made of bricks.,0.9972144961357117,0.9974483251571655,0.9972144961357117,0.9972144961357117,0.9974483251571655,0.9972144961357117,entailment,0.9839695692062378,entailment,0.9827734231948853,,,[],[],0.10344827586206895,True,[],,,,,,,0.9966775178909302,0.9919519424438477,0.9915584325790405,0.9915584325790405,0.9678583145141602,0.9469314813613892,,,,,,,
420,290260,,290260:premise:fra_Latn,,premise,entailment,,,,,Children playing on the beach.,Kids playing on the beach.,0.9978693723678589,0.9973598122596741,0.9973598122596741,0.9978693723678589,0.9973598122596741,0.9973598122596741,entailment,0.9478506445884705,entailment,0.9174636006355286,,,[],[],0.1428571428571429,True,[],,,,,,,0.9966574907302856,0.9928662776947021,0.9930335283279419,0.9928662776947021,0.9655466079711914,1.0860103368759155,,,,,,,
421,290629,,290629:premise:fra_Latn,,premise,entailment,,,,,A man is standing next to a vehicle in a city setting.,A man is standing next to a vehicle in a city.,0.9949989318847656,0.9934825301170349,0.9934825301170349,0.9949989318847656,0.9934825301170349,0.9934825301170349,entailment,0.995399534702301,entailment,0.993198812007904,,,[],[],0.07999999999999996,True,[],,,,,,,0.9476860761642456,0.9915140867233276,0.9902500510215759,0.9902500510215759,0.9672465324401855,0.6895716190338135,,,,,,,
421,290629,,290629:hypothesis:fra_Latn,,hypothesis,entailment,,,,,Someone is standing by a car,Someone's standing by a car.,0.9959728121757507,0.9937547445297241,0.9937547445297241,0.9959728121757507,0.9937547445297241,0.9937547445297241,entailment,0.995399534702301,entailment,0.9966723918914795,,,[],[],0.0714285714285714,True,[],,,,,,,0.995427131652832,0.9937058091163635,0.9935025572776794,0.9935025572776794,0.9637948274612427,0.8097516298294067,,,,,,,
422,290839,,290839:hypothesis:fra_Latn,,hypothesis,entailment,,,,,The man is wearing a red shirt.,The man wears a red shirt.,0.9979113936424255,0.9972509741783142,0.9972509741783142,0.9979113936424255,0.9972509741783142,0.9972509741783142,entailment,0.9982421398162842,entailment,0.9984464049339294,,,[],[],0.1228070175438597,True,[],,,,,,,0.9966259002685547,0.9929853081703186,0.9924587607383728,0.9924587607383728,0.968952476978302,0.9303935170173645,,,,,,,
423,291507,,291507:hypothesis:fra_Latn,,hypothesis,neutral,,,,,The people around the pool are afraid of getting wet after the belly flop is finished.,People around the pool are afraid of getting wet after a stomach flop.,0.9891351461410522,0.9548061490058899,0.9548061490058899,0.9891351461410522,0.9548061490058899,0.9548061490058899,neutral,0.994611382484436,neutral,0.8398936986923218,,,[],[],0.1923076923076923,True,[],,,,,,,0.9465152621269226,0.9940600991249084,0.8718832731246948,0.8718832731246948,0.9676138162612915,0.573740541934967,,,,,,,
424,291984,,291984:hypothesis:fra_Latn,,hypothesis,neutral,,,,,The woman walking down the street trips and falls.,The woman walking down the street stumbles and falls.,0.9902522563934326,0.9954255223274231,0.9902522563934326,0.9902522563934326,0.9954255223274231,0.9902522563934326,neutral,0.9989538192749023,neutral,0.9989079236984253,,,[],[],0.08737864077669899,True,[],,,,,,,0.8860875964164734,0.99310702085495,0.9893103837966919,0.9893103837966919,0.8708789348602295,0.8507722020149231,,,,,,,
427,292908,,292908:premise:fra_Latn,,premise,contradiction,,,,,A man in a black hat holds a small girl on his shoulders.,A man in a black hat holds a little girl on his shoulders.,0.9970402121543884,0.9963393211364746,0.9963393211364746,0.9970402121543884,0.9963393211364746,0.9963393211364746,contradiction,0.9989691972732544,contradiction,0.9991534948348999,,,[],[],0.060869565217391286,True,[],,,,,,,0.9967107772827148,0.9930850267410278,0.9931846261024475,0.9930850267410278,0.9712914228439331,0.9830987453460693,,,,,,,
427,292908,,292908:hypothesis:fra_Latn,,hypothesis,contradiction,,,,,A man carries his son.,A man is carrying his son.,0.9971697926521301,0.9981123208999634,0.9971697926521301,0.9971697926521301,0.9981123208999634,0.9971697926521301,contradiction,0.9989691972732544,contradiction,0.9988008737564087,,,[],[],0.16666666666666663,True,[],,,,,,,0.9961662292480469,0.9914171099662781,0.9920417666435242,0.9914171099662781,0.9677553772926331,0.8427568674087524,,,,,,,
428,292986,,292986:premise:fra_Latn,,premise,contradiction,,,,,Man in black and white playing tennis.,The man in black and white is playing tennis.,0.9969768524169922,0.9970147609710693,0.9969768524169922,0.9969768524169922,0.9970147609710693,0.9969768524169922,contradiction,0.9995042085647583,contradiction,0.9994699358940125,,,[],[],0.08433734939759041,True,[],,,,,,,0.9968137145042419,0.9923311471939087,0.992090106010437,0.992090106010437,0.9677829146385193,0.43152666091918945,,,,,,,
428,292986,,292986:hypothesis:fra_Latn,,hypothesis,contradiction,,,,,A man is inside eating dinner,There 's a man inside for dinner .,0.9929341077804565,0.960826575756073,0.960826575756073,0.9929341077804565,0.960826575756073,0.960826575756073,contradiction,0.9995042085647583,contradiction,0.9933018684387207,,,[],[],0.3650793650793651,True,[],,,,,,,0.9215977191925049,0.9649549126625061,0.9816305041313171,0.9649549126625061,0.9250461459159851,0.3413349390029907,,,,,,,
430,293560,,293560:premise:fra_Latn,,premise,neutral,,,,,Two men in orange outfits clean up garbage spilled on the street.,Two men dressed in orange are cleaning the trash on the street.,0.9970400929450989,0.9941549897193909,0.9941549897193909,0.9970400929450989,0.9941549897193909,0.9941549897193909,neutral,0.9995211362838745,neutral,0.9995736479759216,,,[],[],0.328125,True,[],,,,,,,0.8502817749977112,0.9874647855758667,0.9791004061698914,0.9791004061698914,0.9278618693351746,0.5943050980567932,,,,,,,
431,293833,,293833:hypothesis:fra_Latn,,hypothesis,entailment,,,,,A red headed girl is making bubbles.,A girl with a red head makes bubbles.,0.9974991679191589,0.995557963848114,0.995557963848114,0.9974991679191589,0.995557963848114,0.995557963848114,entailment,0.9926329255104065,entailment,0.9908226728439331,,,[],[],0.36986301369863017,True,[],,,,,,,0.9967216849327087,0.9927036762237549,0.9911707639694214,0.9911707639694214,0.9650627374649048,0.4435553550720215,,,,,,,
434,295019,,295019:premise:fra_Latn,,premise,entailment,,,,,three people standing in line.,Three people in line.,0.9948286414146423,0.9850594997406006,0.9850594997406006,0.9948286414146423,0.9850594997406006,0.9850594997406006,entailment,0.9927035570144653,entailment,0.9841623306274414,,,[],[],0.17647058823529416,True,[],,,,,,,0.9955723285675049,0.9857195019721985,0.9484682679176331,0.9484682679176331,0.9464818239212036,0.9421774744987488,,,,,,,
434,295019,,295019:hypothesis:fra_Latn,,hypothesis,entailment,,,,,Some people are standing.,There are people standing.,0.9958243370056152,0.9777061343193054,0.9777061343193054,0.9958243370056152,0.9777061343193054,0.9777061343193054,entailment,0.9927035570144653,entailment,0.9965787529945374,,,[],"[{""group"":""quantifier"",""original"":{""some"":1},""candidate"":{},""field"":""hypothesis""}]",0.2941176470588235,True,[],,,,,,,0.9926227331161499,0.9939520955085754,0.9905723929405212,0.9905723929405212,0.937650203704834,0.7832597494125366,,,,,,,
436,295609,,295609:hypothesis:fra_Latn,,hypothesis,contradiction,,,,,Nobody is running,No one 's running .,0.9956642985343933,0.9936521053314209,0.9936521053314209,0.9956642985343933,0.9936521053314209,0.9936521053314209,contradiction,0.9993450045585632,contradiction,0.9948248863220215,,,[],[],0.2777777777777778,True,[],,,,,,,0.9176638126373291,0.9751530885696411,0.9861556887626648,0.9751530885696411,0.9195225238800049,0.7855825424194336,,,,,,,
437,295641,,295641:hypothesis:fra_Latn,,hypothesis,neutral,,,,,A bride throws the flowers to her sister.,A bride throws flowers to her sister.,0.9979664087295532,0.9948047995567322,0.9948047995567322,0.9979664087295532,0.9948047995567322,0.9948047995567322,neutral,0.9709680080413818,neutral,0.9832401871681213,,,[],[],0.05128205128205132,True,[],,,,,,,0.9967683553695679,0.9936942458152771,0.9861068725585938,0.9861068725585938,0.9691527485847473,0.9306939840316772,,,,,,,
439,298065,,298065:premise:fra_Latn,,premise,entailment,,,,,Three dogs are together outdoors checking out a fountain.,Three dogs are outside checking a fountain together.,0.9976251721382141,0.997654914855957,0.9976251721382141,0.9976251721382141,0.997654914855957,0.9976251721382141,entailment,0.979134202003479,entailment,0.980766773223877,,,[],"[{""group"":""space"",""original"":{},""candidate"":{""outside"":1},""field"":""premise""}]",0.2660550458715596,True,[],,,,,,,0.9967599511146545,0.9941061735153198,0.9940358400344849,0.9940358400344849,0.9688789248466492,0.6225029826164246,,,,,,,
439,298065,,298065:hypothesis:fra_Latn,,hypothesis,entailment,,,,,Animals by a fountain.,Animals near a fountain.,0.995875895023346,0.9956047534942627,0.9956047534942627,0.995875895023346,0.9956047534942627,0.9956047534942627,entailment,0.979134202003479,entailment,0.988664448261261,,,[],"[{""group"":""space"",""original"":{},""candidate"":{""near"":1},""field"":""hypothesis""}]",0.13043478260869568,True,[],,,,,,,0.920440137386322,0.9885743856430054,0.9735533595085144,0.9735533595085144,0.9635253548622131,0.8284777998924255,,,,,,,
443,299336,,299336:premise:fra_Latn,,premise,contradiction,,,,,A group of surgeons wearing scrubs are performing a surgery.,A group of surgeons wearing scrubs perform an operation.,0.9930157661437988,0.9960969090461731,0.9930157661437988,0.9930157661437988,0.9960969090461731,0.9930157661437988,contradiction,0.9993523955345154,contradiction,0.9987912774085999,,,[],[],0.1724137931034483,True,[],,,,,,,0.9966768026351929,0.9808250069618225,0.9611284732818604,0.9611284732818604,0.9652718305587769,0.7917376756668091,,,,,,,
443,299336,,299336:hypothesis:fra_Latn,,hypothesis,contradiction,,,,,The group of surgeons are having a board meeting.,The surgical group has a board meeting.,0.9975257515907288,0.9953956007957458,0.9953956007957458,0.9975257515907288,0.9953956007957458,0.9953956007957458,contradiction,0.9993523955345154,contradiction,0.9983022212982178,,,[],[],0.34090909090909094,True,[],,,,,,,0.9115347266197205,0.9919338226318359,0.9904390573501587,0.9904390573501587,0.9675995111465454,0.6025354862213135,,,,,,,
444,300966,,300966:premise:fra_Latn,,premise,contradiction,,,,,Two people with hard hats on standing on a brick wall.,Two people in hard hats standing on a brick wall.,0.9969555139541626,0.9962604641914368,0.9962604641914368,0.9969555139541626,0.9962604641914368,0.9962604641914368,contradiction,0.9995579123497009,contradiction,0.9995512366294861,,,[],"[{""group"":""space"",""original"":{""on"":2},""candidate"":{""in"":1,""on"":1},""field"":""premise""}]",0.06796116504854366,True,[],,,,,,,0.9967733025550842,0.9931707382202148,0.992508590221405,0.992508590221405,0.9707427024841309,0.8571621775627136,,,,,,,
444,300966,,300966:hypothesis:fra_Latn,,hypothesis,contradiction,,,,,No one is wearing protective gear.,No one's wearing protective gear.,0.9970301389694214,0.996060311794281,0.996060311794281,0.9970301389694214,0.996060311794281,0.996060311794281,contradiction,0.9995579123497009,contradiction,0.9995715022087097,,,[],"[{""group"":""negation"",""original"":{""nobody"":1},""candidate"":{""no"":1},""field"":""hypothesis""}]",0.04477611940298509,True,[],,,,,,,0.9963973164558411,0.9934750199317932,0.9935052394866943,0.9934750199317932,0.9691094160079956,0.8388652801513672,,,,,,,
445,301270,,301270:hypothesis:fra_Latn,,hypothesis,entailment,,,,,The little girl is coloring on a white sheet.,The little girl paints on a white sheet.,0.9900699257850647,0.9924790859222412,0.9900699257850647,0.9900699257850647,0.9924790859222412,0.9900699257850647,entailment,0.9921446442604065,entailment,0.9971510767936707,,,[],[],0.15294117647058825,True,[],,,,,,,0.6178236603736877,0.9456209540367126,0.5624182224273682,0.5624182224273682,0.7667306065559387,0.19864478707313538,,,,,,,
446,301629,,301629:premise:fra_Latn,,premise,contradiction,,,,,A male surfer catching a nice wave.,A male surfer who catches a beautiful wave.,0.9900040030479431,0.9966542720794678,0.9900040030479431,0.9900040030479431,0.9966542720794678,0.9900040030479431,contradiction,0.9994062185287476,contradiction,0.9993942975997925,,,[],[],0.2564102564102564,True,[],,,,,,,0.9611228108406067,0.944769024848938,0.9930331707000732,0.944769024848938,0.9500108361244202,0.7011762857437134,,,,,,,
446,301629,,301629:hypothesis:fra_Latn,,hypothesis,contradiction,,,,,A woman is surfing.,She's a surfer.,0.9829875230789185,0.9943209886550903,0.9829875230789185,0.9829875230789185,0.9943209886550903,0.9829875230789185,contradiction,0.9994062185287476,contradiction,0.9983121156692505,,,[],[],0.5882352941176471,True,[],,,,,,,0.8881576061248779,0.991333544254303,0.9928969740867615,0.991333544254303,0.959678590297699,-0.37918880581855774,,,,,,,
447,302107,,302107:hypothesis:fra_Latn,,hypothesis,neutral,,,,,men at a mini train convention,men at a mini train conference,0.9915362596511841,0.9917383790016174,0.9915362596511841,0.9915362596511841,0.9917383790016174,0.9915362596511841,neutral,0.9811827540397644,neutral,0.9111950397491455,,,[],[],0.16666666666666663,True,[],,,,,,,0.9967979788780212,0.888126015663147,0.9161063432693481,0.888126015663147,0.9686393737792969,1.0980552434921265,,,,,,,
448,302885,,302885:premise:fra_Latn,,premise,neutral,,,,,A man wearing black and white stripes is trying to stop a horse.,A man in black and white stripes is trying to stop a horse.,0.9962605834007263,0.9966927766799927,0.9962605834007263,0.9962605834007263,0.9966927766799927,0.9962605834007263,neutral,0.9989733695983887,neutral,0.998789370059967,,,[],"[{""group"":""space"",""original"":{},""candidate"":{""in"":1},""field"":""premise""}]",0.04065040650406504,True,[],,,,,,,0.9966943264007568,0.9937055706977844,0.9936689734458923,0.9936689734458923,0.9730321168899536,0.9197169542312622,,,,,,,
448,302885,,302885:hypothesis:fra_Latn,,hypothesis,neutral,,,,,A man is trying to keep the horse from running into the crowd.,A man tries to stop the horse from running into the crowd.,0.9981523156166077,0.9979250431060791,0.9979250431060791,0.9981523156166077,0.9979250431060791,0.9979250431060791,neutral,0.9989733695983887,neutral,0.9989742040634155,,,[],[],0.1166666666666667,True,[],,,,,,,0.9963704347610474,0.9936662316322327,0.9935270547866821,0.9935270547866821,0.971642792224884,0.8487589359283447,,,,,,,
449,303583,,303583:premise:fra_Latn,,premise,entailment,,,,,a lone skier walking cross a snowy bank with trees in the background,a lonely skier crossing a snowy bank with trees in the background,0.9948921203613281,0.987559974193573,0.987559974193573,0.9948921203613281,0.987559974193573,0.987559974193573,entailment,0.9936717748641968,entailment,0.9909769296646118,,,[],[],0.09774436090225569,True,[],,,,,,,0.9877849817276001,0.9571328163146973,0.9286189675331116,0.9286189675331116,0.911746621131897,0.6642851829528809,,,,,,,
449,303583,,303583:hypothesis:fra_Latn,,hypothesis,entailment,,,,,A person is out in the outdoors.,There's a person outside.,0.9974948167800903,0.9937984347343445,0.9937984347343445,0.9974948167800903,0.9937984347343445,0.9937984347343445,entailment,0.9936717748641968,entailment,0.9275785088539124,,,[],"[{""group"":""space"",""original"":{""in"":1},""candidate"":{""outside"":1},""field"":""hypothesis""}]",0.4736842105263158,True,[],,,,,,,0.9247690439224243,0.9930371642112732,0.9929293990135193,0.9929293990135193,0.9588302373886108,0.20969443023204803,,,,,,,
450,304578,,304578:hypothesis:fra_Latn,,hypothesis,contradiction,,,,,A boy sitting at his desk is reading a large book.,A boy sitting at his desk reading a big book.,0.9976919889450073,0.9940908551216125,0.9940908551216125,0.9976919889450073,0.9940908551216125,0.9940908551216125,contradiction,0.998870313167572,contradiction,0.9994282126426697,,,[],[],0.09473684210526312,True,[],,,,,,,0.99649578332901,0.9936575293540955,0.9937052130699158,0.9936575293540955,0.9702603220939636,0.664058268070221,,,,,,,
452,307182,,307182:premise:fra_Latn,,premise,contradiction,,,,,A lady pouring tea into tea cups with flower print on them.,A lady pouring tea into cups of tea with floral prints on them.,0.991635799407959,0.9944610595703125,0.991635799407959,0.991635799407959,0.9944610595703125,0.991635799407959,contradiction,0.9989594221115112,contradiction,0.9990946054458618,,,[],[],0.1311475409836066,True,[],,,,,,,0.9968472123146057,0.9934636950492859,0.9939302206039429,0.9934636950492859,0.9714865684509277,0.7540631294250488,,,,,,,
452,307182,,307182:hypothesis:fra_Latn,,hypothesis,contradiction,,,,,a lady pouring wine for guests,a lady pouring wine for the guests,0.9960346817970276,0.9958160519599915,0.9958160519599915,0.9960346817970276,0.9958160519599915,0.9958160519599915,contradiction,0.9989594221115112,contradiction,0.9991704225540161,,,[],[],0.0625,True,[],,,,,,,0.9967551827430725,0.9831889271736145,0.9857193827629089,0.9831889271736145,0.9701201915740967,0.933607816696167,,,,,,,
453,307679,,307679:premise:fra_Latn,,premise,neutral,,,,,An older man in a white shirt is playing a saxaphone.,An old man in a white shirt plays saxophone.,0.9979094862937927,0.9963192939758301,0.9963192939758301,0.9979094862937927,0.9963192939758301,0.9963192939758301,neutral,0.9948171973228455,neutral,0.9920143485069275,,,[],[],0.134020618556701,True,[],,,,,,,0.9967641830444336,0.9937233328819275,0.9724226593971252,0.9724226593971252,0.9697762131690979,0.5737494826316833,,,,,,,
454,308436,,308436:premise:fra_Latn,,premise,contradiction,,,,,A group of people hold on to a long skinny object.,"A group of people clinging to a long, thin object.",0.98371821641922,0.9961983561515808,0.98371821641922,0.98371821641922,0.9961983561515808,0.98371821641922,contradiction,0.9996567964553833,contradiction,0.9996156692504883,,,[],"[{""group"":""space"",""original"":{""on"":1},""candidate"":{},""field"":""premise""}]",0.18000000000000005,True,[],,,,,,,0.9948281645774841,0.9929245710372925,0.9928116202354431,0.9928116202354431,0.9697727560997009,0.3979611098766327,,,,,,,
454,308436,,308436:hypothesis:fra_Latn,,hypothesis,contradiction,,,,,No one is holding on to an object,No one holds on to an object.,0.9960262775421143,0.9839711785316467,0.9839711785316467,0.9960262775421143,0.9839711785316467,0.9839711785316467,contradiction,0.9996567964553833,contradiction,0.9997071623802185,,,[],[],0.12903225806451613,True,[],,,,,,,0.9942889213562012,0.9919402003288269,0.9914702773094177,0.9914702773094177,0.9683734774589539,0.8328100442886353,,,,,,,
456,309756,,309756:premise:fra_Latn,,premise,entailment,,,,,a couple looking at food out in the cold.,A couple watching food outside in the cold.,0.9964877367019653,0.9975811243057251,0.9964877367019653,0.9964877367019653,0.9975811243057251,0.9964877367019653,entailment,0.9947905540466309,entailment,0.9957336783409119,,,[],"[{""group"":""space"",""original"":{""in"":1},""candidate"":{""outside"":1,""in"":1},""field"":""premise""}]",0.19047619047619047,True,[],,,,,,,0.9962800145149231,0.9932748079299927,0.9927350282669067,0.9927350282669067,0.9672102928161621,0.8374124765396118,,,,,,,
456,309756,,309756:hypothesis:fra_Latn,,hypothesis,entailment,,,,,Two people are looking at food,Two people watching the food.,0.992823600769043,0.9951660633087158,0.992823600769043,0.992823600769043,0.9951660633087158,0.992823600769043,entailment,0.9947905540466309,entailment,0.9954236149787903,,,[],[],0.2542372881355932,True,[],,,,,,,0.933894693851471,0.9904584884643555,0.9914276599884033,0.9904584884643555,0.9349721074104309,0.6173252463340759,,,,,,,
458,310358,,310358:premise:fra_Latn,,premise,neutral,,,,,a woman is walking beside a subway.,A woman walking next to a subway.,0.9981061220169067,0.9974555373191833,0.9974555373191833,0.9981061220169067,0.9974555373191833,0.9974555373191833,neutral,0.9990717172622681,neutral,0.9991884827613831,,,[],"[{""group"":""space"",""original"":{""beside"":1},""candidate"":{},""field"":""premise""}]",0.20588235294117652,True,[],,,,,,,0.9964612126350403,0.9899264574050903,0.9908620119094849,0.9899264574050903,0.9655927419662476,0.5458540916442871,,,,,,,
458,310358,,310358:hypothesis:fra_Latn,,hypothesis,neutral,,,,,The woman is in a rush.,The woman's in a hurry.,0.9971675276756287,0.9959562420845032,0.9959562420845032,0.9971675276756287,0.9959562420845032,0.9959562420845032,neutral,0.9990717172622681,neutral,0.9988240599632263,,,[],[],0.21739130434782605,True,[],,,,,,,0.9943451881408691,0.9937916398048401,0.9937815070152283,0.9937815070152283,0.9670231938362122,0.49882590770721436,,,,,,,
460,310705,,310705:premise:fra_Latn,,premise,neutral,,,,,Two girls are astonished at the sight of planes.,Two girls are surprised to see planes.,0.9972357153892517,0.9964815378189087,0.9964815378189087,0.9972357153892517,0.9964815378189087,0.9964815378189087,neutral,0.9504566788673401,neutral,0.9077513217926025,,,[],[],0.2790697674418605,True,[],,,,,,,0.9966328740119934,0.9940497875213623,0.9943699240684509,0.9940497875213623,0.9670364260673523,0.776984453201294,,,,,,,
460,310705,,310705:hypothesis:fra_Latn,,hypothesis,neutral,,,,,The two girls have never seen planes before.,The two girls have never seen a plane before.,0.9962634444236755,0.9959142804145813,0.9959142804145813,0.9962634444236755,0.9959142804145813,0.9959142804145813,neutral,0.9504566788673401,neutral,0.9772562980651855,,,[],[],0.0337078651685393,True,[],,,,,,,0.9962913990020752,0.9922768473625183,0.9933952689170837,0.9922768473625183,0.9702262282371521,0.9333793520927429,,,,,,,
462,311315,,311315:premise:fra_Latn,,premise,entailment,,,,,"A single man, riding his bike on the pier at sunset.",A single man riding his bike on the dock at sunset.,0.956336498260498,0.9659721255302429,0.956336498260498,0.956336498260498,0.9659721255302429,0.956336498260498,entailment,0.9945887327194214,entailment,0.9934413433074951,,,[],[],0.08737864077669899,True,[],,,,,,,0.9940997362136841,0.9648805856704712,0.9439663290977478,0.9439663290977478,0.9515131115913391,0.85776686668396,,,,,,,
462,311315,,311315:hypothesis:fra_Latn,,hypothesis,entailment,,,,,The man is riding his bike,The man 's on his bike .,0.9959828853607178,0.988610029220581,0.988610029220581,0.9959828853607178,0.988610029220581,0.988610029220581,entailment,0.9945887327194214,entailment,0.9961976408958435,,,[],"[{""group"":""space"",""original"":{},""candidate"":{""on"":1},""field"":""hypothesis""}]",0.19999999999999996,True,[],,,,,,,0.9107768535614014,0.9822356700897217,0.986725926399231,0.9822356700897217,0.9385254383087158,0.3870090842247009,,,,,,,
463,311574,,311574:premise:fra_Latn,,premise,entailment,,,,,A woman preparing to serve a meal on the beach.,A woman prepares to serve a meal on the beach.,0.9966598749160767,0.9954008460044861,0.9954008460044861,0.9966598749160767,0.9954008460044861,0.9954008460044861,entailment,0.9395235180854797,entailment,0.9201292991638184,,,[],[],0.053763440860215006,True,[],,,,,,,0.9965337514877319,0.993445634841919,0.9924728870391846,0.9924728870391846,0.9704115390777588,0.8934993743896484,,,,,,,
465,312572,,312572:premise:fra_Latn,,premise,neutral,,,,,A middle-aged man riding his black motorcycle through a neighborhood.,A middle-aged man drives his black motorcycle through a neighborhood.,0.9950773119926453,0.9945645332336426,0.9945645332336426,0.9950773119926453,0.9945645332336426,0.9945645332336426,neutral,0.997475802898407,neutral,0.9977675676345825,,,[],[],0.05797101449275366,True,[],,,,,,,0.9226852059364319,0.9897612929344177,0.9882479310035706,0.9882479310035706,0.9708322286605835,0.863418698310852,,,,,,,
465,312572,,312572:hypothesis:fra_Latn,,hypothesis,neutral,,,,,The man is headed home on his motorcycle.,The man goes home on his motorcycle.,0.9960298538208008,0.9938610792160034,0.9938610792160034,0.9960298538208008,0.9938610792160034,0.9938610792160034,neutral,0.997475802898407,neutral,0.9632382392883301,,,[],[],0.1428571428571429,True,[],,,,,,,0.9948752522468567,0.9929637908935547,0.9910349249839783,0.9910349249839783,0.968013346195221,0.787723183631897,,,,,,,
466,313598,,313598:premise:fra_Latn,,premise,contradiction,,,,,A scuba diving class taking a picture during class time.,A scuba diving class that takes a picture during classes.,0.9927271604537964,0.9938915967941284,0.9927271604537964,0.9927271604537964,0.9938915967941284,0.9927271604537964,contradiction,0.9991825222969055,contradiction,0.9982630610466003,,,[],[],0.1327433628318584,True,[],,,,,,,0.987330436706543,0.9921762347221375,0.9919906258583069,0.9919906258583069,0.969922661781311,0.6773092150688171,,,,,,,
466,313598,,313598:hypothesis:fra_Latn,,hypothesis,contradiction,,,,,Some people are taking ski lessons.,Some people take ski lessons.,0.9977411031723022,0.9928349256515503,0.9928349256515503,0.9977411031723022,0.9928349256515503,0.9928349256515503,contradiction,0.9991825222969055,contradiction,0.9934456944465637,,,[],[],0.125,True,[],,,,,,,0.9968116879463196,0.9941828846931458,0.9933925271034241,0.9933925271034241,0.9659481644630432,0.9183596968650818,,,,,,,
468,314343,,314343:hypothesis:fra_Latn,,hypothesis,entailment,,,,,A group of people are sitting outdoors.,There's a group of people sitting outside.,0.9987244009971619,0.9983591437339783,0.9983591437339783,0.9987244009971619,0.9983591437339783,0.9983591437339783,entailment,0.9987090826034546,entailment,0.9987885355949402,,,[],"[{""group"":""space"",""original"":{},""candidate"":{""outside"":1},""field"":""hypothesis""}]",0.23456790123456794,True,[],,,,,,,0.9966974258422852,0.9931302666664124,0.9935421943664551,0.9931302666664124,0.9645658135414124,0.6665251851081848,,,,,,,
470,315586,,315586:premise:fra_Latn,,premise,contradiction,,,,,"Two older women smiling and standing in front of large trees, one woman is fixing her hair.","Two older women smiling and standing in front of big trees, one woman fixing her hair.",0.9967414736747742,0.9944047927856445,0.9944047927856445,0.9967414736747742,0.9944047927856445,0.9944047927856445,contradiction,0.9994572997093201,contradiction,0.9992720484733582,,,[],[],0.05084745762711862,True,[],,,,,,,0.9964432120323181,0.9943935871124268,0.9941689968109131,0.9941689968109131,0.9720370769500732,0.8869140148162842,,,,,,,
470,315586,,315586:hypothesis:fra_Latn,,hypothesis,contradiction,,,,,The women are skateboarding down a busy street.,Women are skating in a busy street.,0.9973856806755066,0.9828402996063232,0.9828402996063232,0.9973856806755066,0.9828402996063232,0.9828402996063232,contradiction,0.9994572997093201,contradiction,0.9995661377906799,,,[],"[{""group"":""space"",""original"":{},""candidate"":{""in"":1},""field"":""hypothesis""}]",0.1707317073170732,True,[],,,,,,,0.9947609305381775,0.9887977242469788,0.9667717814445496,0.9667717814445496,0.9660720229148865,0.6110727190971375,,,,,,,
471,316194,,316194:premise:fra_Latn,,premise,entailment,,,,,Three children and three adults are outside in the yard of a home and they have a basket sitting on the lawn.,Three children and three adults are outside in the yard of a house with a basket sitting on the lawn.,0.995521068572998,0.9965529441833496,0.995521068572998,0.995521068572998,0.9965529441833496,0.995521068572998,entailment,0.9957183003425598,entailment,0.9945477843284607,,,[],[],0.07619047619047614,True,[],,,,,,,0.9918053150177002,0.9941204190254211,0.9910202622413635,0.9910202622413635,0.970970094203949,0.7737787365913391,,,,,,,
472,316876,,316876:premise:fra_Latn,,premise,neutral,,,,,A young girl holds a crying infant.,A young girl holds a crying baby.,0.9975473284721375,0.9964913725852966,0.9964913725852966,0.9975473284721375,0.9964913725852966,0.9964913725852966,neutral,0.9991544485092163,neutral,0.9987741112709045,,,[],[],0.11764705882352944,True,[],,,,,,,0.9964659214019775,0.993034839630127,0.9908894896507263,0.9908894896507263,0.8553506731987,1.024065375328064,,,,,,,
472,316876,,316876:hypothesis:fra_Latn,,hypothesis,neutral,,,,,A blonde girl holds her baby sister.,A blonde is holding her little sister.,0.9977453351020813,0.9878227114677429,0.9878227114677429,0.9977453351020813,0.9878227114677429,0.9878227114677429,neutral,0.9991544485092163,neutral,0.9980809688568115,,,[],[],0.2432432432432432,True,[],,,,,,,0.9151025414466858,0.9926235675811768,0.9913511276245117,0.9913511276245117,0.9148551821708679,0.502856433391571,,,,,,,
473,318353,,318353:premise:fra_Latn,,premise,neutral,,,,,Workers enjoy coffee and treats at conference table.,Workers enjoy coffee and sweets at the conference table.,0.9930301308631897,0.9958528280258179,0.9930301308631897,0.9930301308631897,0.9958528280258179,0.9930301308631897,neutral,0.9985153079032898,neutral,0.9988853335380554,,,[],[],0.09259259259259256,True,[],,,,,,,0.9966621398925781,0.9885035157203674,0.9917147755622864,0.9885035157203674,0.9335445165634155,0.6886791586875916,,,,,,,
473,318353,,318353:hypothesis:fra_Latn,,hypothesis,neutral,,,,,the workers are underpaid,workers are underpaid,0.9930863380432129,0.9928712248802185,0.9928712248802185,0.9930863380432129,0.9928712248802185,0.9928712248802185,neutral,0.9985153079032898,neutral,0.998019814491272,,,[],[],0.08695652173913049,True,[],,,,,,,0.995913565158844,0.9879910349845886,0.9875183701515198,0.9875183701515198,0.964718759059906,1.1470295190811157,,,,,,,
474,319482,,319482:hypothesis:fra_Latn,,hypothesis,entailment,,,,,Two boys stretching for the sky,Two Boys Stretching to Heaven,0.9843989610671997,0.993966281414032,0.9843989610671997,0.9843989610671997,0.993966281414032,0.9843989610671997,entailment,0.9409997463226318,entailment,0.9359678626060486,,,[],[],0.19999999999999996,True,[],,,,,,,0.7382628321647644,0.973594605922699,0.9784215688705444,0.973594605922699,0.7578133344650269,0.41977840662002563,,,,,,,
479,322299,,322299:premise:fra_Latn,,premise,neutral,,,,,A group of men playing and singing music while a crowd watches.,A group of men playing and singing music while the crowd was watching.,0.9931220412254333,0.9939377307891846,0.9931220412254333,0.9931220412254333,0.9939377307891846,0.9931220412254333,neutral,0.9721665978431702,neutral,0.9823906421661377,,,[],[],0.09774436090225569,True,[],,,,,,,0.9948045611381531,0.9924548864364624,0.9936029314994812,0.9924548864364624,0.9707717895507812,0.8950707316398621,,,,,,,
480,322472,,322472:premise:fra_Latn,,premise,entailment,,,,,A big group of people are enjoying a public event.,A large group of people enjoy a public event.,0.9961376786231995,0.9965564012527466,0.9961376786231995,0.9961376786231995,0.9965564012527466,0.9961376786231995,entailment,0.9966208934783936,entailment,0.9937934875488281,,,[],[],0.13684210526315788,True,[],,,,,,,0.9951613545417786,0.9943246245384216,0.9941540360450745,0.9941540360450745,0.9695156216621399,0.8645386695861816,,,,,,,
480,322472,,322472:hypothesis:fra_Latn,,hypothesis,entailment,,,,,People are enjoying a public event.,People enjoy a public event.,0.9958913326263428,0.9801331758499146,0.9801331758499146,0.9958913326263428,0.9801331758499146,0.9801331758499146,entailment,0.9966208934783936,entailment,0.9933515191078186,,,[],[],0.11111111111111116,True,[],,,,,,,0.9962905645370483,0.9940950870513916,0.9930764436721802,0.9930764436721802,0.9681927561759949,0.9683215022087097,,,,,,,
482,324702,,324702:premise:fra_Latn,,premise,neutral,,,,,The woman talks on her cellular phone while walking on a city street.,The woman is talking on her cell phone as she walks down a street in the city.,0.9975188970565796,0.9979854822158813,0.9975188970565796,0.9975188970565796,0.9979854822158813,0.9975188970565796,neutral,0.9991064667701721,neutral,0.9993240833282471,,,[],"[{""group"":""space"",""original"":{""on"":2},""candidate"":{""in"":1,""on"":1},""field"":""premise""}]",0.2789115646258503,True,[],,,,,,,0.993316113948822,0.9918212890625,0.9932923316955566,0.9918212890625,0.9687997102737427,0.5108909606933594,,,,,,,
483,325880,,325880:premise:fra_Latn,,premise,entailment,,,,,A man in a black shirt and blue jeans crawls on a table.,A man in a black shirt and blue jeans crawling on a table.,0.9901021718978882,0.9957077503204346,0.9901021718978882,0.9901021718978882,0.9957077503204346,0.9901021718978882,entailment,0.9979004859924316,entailment,0.9980071187019348,,,[],[],0.03508771929824561,True,[],,,,,,,0.996812641620636,0.9914183616638184,0.9932336211204529,0.9914183616638184,0.9732921123504639,0.6583623290061951,,,,,,,
483,325880,,325880:hypothesis:fra_Latn,,hypothesis,entailment,,,,,A man wearing a black shirt.,A man in a black shirt.,0.9967196583747864,0.997199296951294,0.9967196583747864,0.9967196583747864,0.997199296951294,0.9967196583747864,entailment,0.9979004859924316,entailment,0.9958986639976501,,,[],"[{""group"":""space"",""original"":{},""candidate"":{""in"":1},""field"":""hypothesis""}]",0.0980392156862745,True,[],,,,,,,0.9964543581008911,0.9929593801498413,0.9931156039237976,0.9929593801498413,0.9677022099494934,0.882602334022522,,,,,,,
486,327111,,327111:premise:fra_Latn,,premise,contradiction,,,,,A child is holding an Aquafina water bottle.,A child holds a bottle of Aquafina water.,0.9974364638328552,0.9980812072753906,0.9974364638328552,0.9974364638328552,0.9980812072753906,0.9974364638328552,contradiction,0.9890542030334473,contradiction,0.9955688118934631,,,[],[],0.2941176470588235,True,[],,,,,,,0.9968427419662476,0.9898125529289246,0.990874171257019,0.9898125529289246,0.9689658880233765,0.6784150004386902,,,,,,,
488,327733,,327733:hypothesis:fra_Latn,,hypothesis,entailment,,,,,A little boy in red is outdoors.,There's a little boy in red outside.,0.9975048899650574,0.996775209903717,0.996775209903717,0.9975048899650574,0.996775209903717,0.996775209903717,entailment,0.9723532199859619,entailment,0.9791206121444702,,,[],"[{""group"":""space"",""original"":{""in"":1},""candidate"":{""outside"":1,""in"":1},""field"":""hypothesis""}]",0.2647058823529411,True,[],,,,,,,0.9964783787727356,0.9934002161026001,0.9937965869903564,0.9934002161026001,0.965386152267456,0.2508763074874878,,,,,,,
489,328469,,328469:premise:fra_Latn,,premise,entailment,,,,,A group of well-dressed young people stand in front of a congregation.,A group of well-dressed youths are standing in front of a congregation.,0.9965782761573792,0.9968786239624023,0.9965782761573792,0.9965782761573792,0.9968786239624023,0.9965782761573792,entailment,0.9788185358047485,entailment,0.9778359532356262,,,[],[],0.1063829787234043,True,[],,,,,,,0.9879683256149292,0.9930867552757263,0.9931678175926208,0.9930867552757263,0.9681416749954224,0.6677227020263672,,,,,,,
490,330719,,330719:premise:fra_Latn,,premise,contradiction,,,,,Small dog running through a field.,A little dog running in a field.,0.9961934089660645,0.9949984550476074,0.9949984550476074,0.9961934089660645,0.9949984550476074,0.9949984550476074,contradiction,0.9995431900024414,contradiction,0.9996077418327332,,,[],"[{""group"":""space"",""original"":{""through"":1},""candidate"":{""in"":1},""field"":""premise""}]",0.24242424242424243,True,[],,,,,,,0.9929694533348083,0.9926047325134277,0.988881528377533,0.988881528377533,0.9678760766983032,0.5511597990989685,,,,,,,
491,331133,,331133:premise:fra_Latn,,premise,contradiction,,,,,A man in pants scaling the side of a cliff.,A man in pants climbs the side of a cliff.,0.9962688684463501,0.9876625537872314,0.9876625537872314,0.9962688684463501,0.9876625537872314,0.9876625537872314,contradiction,0.9995423555374146,contradiction,0.9993491768836975,,,[],[],0.08235294117647063,True,[],,,,,,,0.99679034948349,0.9881243109703064,0.97147536277771,0.97147536277771,0.9403167366981506,0.8274193406105042,,,,,,,
491,331133,,331133:hypothesis:fra_Latn,,hypothesis,contradiction,,,,,A woman climbs the side of a building.,A woman climbs onto the side of a building.,0.9936922788619995,0.9969977140426636,0.9936922788619995,0.9936922788619995,0.9969977140426636,0.9936922788619995,contradiction,0.9995423555374146,contradiction,0.999553382396698,,,[],[],0.06172839506172845,True,[],,,,,,,0.9883578419685364,0.9910576343536377,0.9923456311225891,0.9910576343536377,0.9638992547988892,0.8739323616027832,,,,,,,
492,331212,,331212:hypothesis:fra_Latn,,hypothesis,contradiction,,,,,A man and girl are swimming in the ocean,A man and a girl swimming in the ocean,0.992413341999054,0.9951268434524536,0.992413341999054,0.992413341999054,0.9951268434524536,0.992413341999054,contradiction,0.9990647435188293,contradiction,0.9991990923881531,,,[],[],0.07692307692307687,True,[],,,,,,,0.9968427419662476,0.9837454557418823,0.98350590467453,0.98350590467453,0.9703344106674194,0.6160730123519897,,,,,,,
493,332168,,332168:premise:fra_Latn,,premise,contradiction,,,,,A man is leaning his head on a fancy coffin in a church.,A man leans his head on a luxury coffin in a church.,0.9929541945457458,0.996440589427948,0.9929541945457458,0.9929541945457458,0.996440589427948,0.9929541945457458,contradiction,0.9978678226470947,contradiction,0.9972535967826843,,,[],[],0.14814814814814814,True,[],,,,,,,0.9929028153419495,0.9936530590057373,0.992667019367218,0.992667019367218,0.9592531323432922,0.6652361750602722,,,,,,,
494,333591,,333591:premise:fra_Latn,,premise,contradiction,,,,,"A female and a male put a long, oblong box away in an area full of boxes.",A female and a male placed a long oblong box in a box-filled area.,0.9973190426826477,0.9932153224945068,0.9932153224945068,0.9973190426826477,0.9932153224945068,0.9932153224945068,contradiction,0.9984228610992432,contradiction,0.9986068606376648,,,[],[],0.28057553956834536,True,[],,,,,,,0.9921263456344604,0.9939334988594055,0.9865532517433167,0.9865532517433167,0.9525608420372009,0.6229466795921326,,,,,,,
494,333591,,333591:hypothesis:fra_Latn,,hypothesis,contradiction,,,,,A couple remove a box from an area full of boxes.,A couple takes a box out of an area full of boxes.,0.997977077960968,0.9961774349212646,0.9961774349212646,0.997977077960968,0.9961774349212646,0.9961774349212646,contradiction,0.9984228610992432,contradiction,0.9933786392211914,,,[],[],0.1717171717171717,True,[],,,,,,,0.9966616630554199,0.9917894601821899,0.9923905730247498,0.9917894601821899,0.9689945578575134,0.5695027709007263,,,,,,,
495,334203,,334203:premise:fra_Latn,,premise,entailment,,,,,A girl with red-hair is jumping on a sand dune.,A red-haired girl jumps on a sand dune.,0.9979896545410156,0.9978235960006714,0.9978235960006714,0.9979896545410156,0.9978235960006714,0.9978235960006714,entailment,0.9887679219245911,entailment,0.9866609573364258,,,[],[],0.2325581395348837,True,[],,,,,,,0.996623158454895,0.9926667809486389,0.9925041198730469,0.9925041198730469,0.9699509143829346,0.6258678436279297,,,,,,,
495,334203,,334203:hypothesis:fra_Latn,,hypothesis,entailment,,,,,A girl is outdoors.,There's a girl outside.,0.9973849654197693,0.9969605803489685,0.9969605803489685,0.9973849654197693,0.9969605803489685,0.9969605803489685,entailment,0.9887679219245911,entailment,0.973907470703125,,,[],"[{""group"":""space"",""original"":{},""candidate"":{""outside"":1},""field"":""hypothesis""}]",0.4285714285714286,True,[],,,,,,,0.9924014806747437,0.9934661984443665,0.9939210414886475,0.9934661984443665,0.9616171717643738,0.16375041007995605,,,,,,,
496,334987,,334987:premise:fra_Latn,,premise,entailment,,,,,"A man, woman, and two girls walk on the beach barefoot.","A man, a woman, and two daughters were walking barefoot on the beach.",0.950744092464447,0.9959421753883362,0.950744092464447,0.950744092464447,0.9959421753883362,0.950744092464447,entailment,0.9904142022132874,entailment,0.9919901490211487,,,[],[],0.29032258064516125,True,[],,,,,,,0.8833287954330444,0.9218180775642395,0.9938228130340576,0.9218180775642395,0.8908956050872803,0.3911592364311218,,,,,,,
498,336330,,336330:premise:fra_Latn,,premise,entailment,,,,,"The woman carrying a backpack is facing the camera, while the man is turned away.","The woman with the backpack is in front of the camera, while the man is turned away.",0.9971081614494324,0.9977834820747375,0.9971081614494324,0.9971081614494324,0.9977834820747375,0.9971081614494324,entailment,0.9959520101547241,entailment,0.9973771572113037,,,[],"[{""group"":""space"",""original"":{},""candidate"":{""front"":1,""in"":1},""field"":""premise""}]",0.1636363636363637,True,[],,,,,,,0.933851420879364,0.9910202622413635,0.9914551973342896,0.9910202622413635,0.9701293706893921,0.6801310777664185,,,,,,,
499,336368,,336368:premise:fra_Latn,,premise,entailment,,,,,People are ice-skating and walking across a frozen surface with the Adobe building in the background.,People are ice skating and walking on a frozen surface with the Adobe building in the background.,0.9948010444641113,0.9923930168151855,0.9923930168151855,0.9948010444641113,0.9923930168151855,0.9923930168151855,entailment,0.9930877089500427,entailment,0.9942359328269958,,,[],"[{""group"":""space"",""original"":{""in"":1},""candidate"":{""in"":1,""on"":1},""field"":""premise""}]",0.04040404040404044,True,[],,,,,,,0.9967318773269653,0.9937863349914551,0.9938310384750366,0.9937863349914551,0.973494291305542,0.9507297873497009,,,,,,,
499,336368,,336368:hypothesis:fra_Latn,,hypothesis,entailment,,,,,The people are skating.,People are skating.,0.9956707954406738,0.990838348865509,0.990838348865509,0.9956707954406738,0.990838348865509,0.990838348865509,entailment,0.9930877089500427,entailment,0.9976320266723633,,,[],[],0.09523809523809523,True,[],,,,,,,0.996716320514679,0.9936287999153137,0.9905924201011658,0.9905924201011658,0.9597519040107727,1.0424801111221313,,,,,,,
500,337152,,337152:premise:fra_Latn,,premise,contradiction,,,,,A group of young men in colorful shirts with their number on them walk down a street.,A group of young men dressed in colorful shirts with their number on them are walking down a street.,0.9970013499259949,0.9949678778648376,0.9949678778648376,0.9970013499259949,0.9949678778648376,0.9949678778648376,contradiction,0.9988101720809937,contradiction,0.9989467263221741,,,[],[],0.08108108108108103,True,[],,,,,,,0.9946830868721008,0.9928662776947021,0.993546187877655,0.9928662776947021,0.9702479839324951,0.7945480942726135,,,,,,,
501,337655,,337655:premise:fra_Latn,,premise,contradiction,,,,,A boy in an orange shirt holds hands with an adult as he walks with a group of other children down a street.,A boy in an orange shirt holds an adult's hand as he walks with a group of other children on the street.,0.9930725693702698,0.9528360962867737,0.9528360962867737,0.9930725693702698,0.9528360962867737,0.9528360962867737,contradiction,0.9923047423362732,contradiction,0.9945449829101562,,,[],"[{""group"":""space"",""original"":{""in"":1},""candidate"":{""in"":1,""on"":1},""field"":""premise""}]",0.1132075471698113,True,[],,,,,,,0.9964746832847595,0.9933927655220032,0.9936822652816772,0.9933927655220032,0.9671493768692017,0.7436771392822266,,,,,,,
501,337655,,337655:hypothesis:fra_Latn,,hypothesis,contradiction,,,,,Two runners in blue t-shirts hold hands.,Two runners in blue T-shirts holding hands.,0.9930979609489441,0.9954153299331665,0.9930979609489441,0.9930979609489441,0.9954153299331665,0.9930979609489441,contradiction,0.9923047423362732,contradiction,0.9963878393173218,,,[],[],0.03614457831325302,True,[],,,,,,,0.9966283440589905,0.9930033087730408,0.9933938384056091,0.9930033087730408,0.9712008237838745,0.9359915256500244,,,,,,,
502,338139,,338139:hypothesis:fra_Latn,,hypothesis,contradiction,,,,,Some high school kids smoking cigarettes outside school.,High school students smoking cigarettes outside of school.,0.9965147972106934,0.9758375287055969,0.9758375287055969,0.9965147972106934,0.9758375287055969,0.9758375287055969,contradiction,0.995822548866272,contradiction,0.9839903116226196,,,[],"[{""group"":""quantifier"",""original"":{""some"":1},""candidate"":{},""field"":""hypothesis""}]",0.14035087719298245,True,[],,,,,,,0.9836570620536804,0.9923256635665894,0.9891495108604431,0.9891495108604431,0.9657140970230103,0.6844281554222107,,,,,,,
504,338834,,338834:hypothesis:fra_Latn,,hypothesis,entailment,,,,,A man is showing his excitement on the mountain.,A man shows his excitement on the mountain.,0.997239351272583,0.9951345324516296,0.9951345324516296,0.997239351272583,0.9951345324516296,0.9951345324516296,entailment,0.9916649460792542,entailment,0.9925508499145508,,,[],[],0.07692307692307687,True,[],,,,,,,0.996707022190094,0.9932801127433777,0.9925236105918884,0.9925236105918884,0.9686776399612427,0.9242053031921387,,,,,,,
505,338871,,338871:hypothesis:fra_Latn,,hypothesis,contradiction,,,,,A man is watching t.v. at home.,A man watches TV at home.,0.9977042078971863,0.9964117407798767,0.9964117407798767,0.9977042078971863,0.9964117407798767,0.9964117407798767,contradiction,0.9933318495750427,contradiction,0.9991549253463745,,,[],[],0.1785714285714286,True,[],,,,,,,0.8998010754585266,0.9923672080039978,0.9924315214157104,0.9923672080039978,0.9681832790374756,0.39771750569343567,,,,,,,
506,339401,,339401:hypothesis:fra_Latn,,hypothesis,contradiction,,,,,There is only one person present.,There's only one person present.,0.9953672885894775,0.9911908507347107,0.9911908507347107,0.9953672885894775,0.9911908507347107,0.9911908507347107,contradiction,0.9997408986091614,contradiction,0.9997456669807434,,,[],[],0.0461538461538461,True,[],,,,,,,0.9964391589164734,0.9933258295059204,0.9933723211288452,0.9933258295059204,0.9644867181777954,0.978827714920044,,,,,,,
508,340397,,340397:premise:fra_Latn,,premise,contradiction,,,,,A man in a white outfit sings into a microphone.,A man in a white suit sings in a microphone.,0.9496614336967468,0.9939917922019958,0.9496614336967468,0.9496614336967468,0.9939917922019958,0.9496614336967468,contradiction,0.9993459582328796,contradiction,0.9991672039031982,,,[],"[{""group"":""space"",""original"":{""in"":1},""candidate"":{""in"":2},""field"":""premise""}]",0.06521739130434778,True,[],,,,,,,0.9164114594459534,0.9838775396347046,0.9921146035194397,0.9838775396347046,0.9210914373397827,0.7358990907669067,,,,,,,
510,341229,,341229:premise:fra_Latn,,premise,contradiction,,,,,Two woman with white head coverings are gazing at a cellphone.,Two women wearing white blankets are looking at a cell phone.,0.9794538617134094,0.9953397512435913,0.9794538617134094,0.9794538617134094,0.9953397512435913,0.9794538617134094,contradiction,0.9993318915367126,contradiction,0.9993778467178345,,,[],[],0.2845528455284553,True,[],,,,,,,0.849591851234436,0.9564805626869202,0.9789186120033264,0.9564805626869202,0.9024019241333008,0.60367751121521,,,,,,,
510,341229,,341229:hypothesis:fra_Latn,,hypothesis,contradiction,,,,,Two men with black head coverings are gazing at a cellphone.,Two men in black blankets are looking at a cell phone.,0.9711412191390991,0.9934265613555908,0.9711412191390991,0.9711412191390991,0.9934265613555908,0.9711412191390991,contradiction,0.9993318915367126,contradiction,0.9995657801628113,,,[],"[{""group"":""space"",""original"":{},""candidate"":{""in"":1},""field"":""hypothesis""}]",0.26315789473684215,True,[],,,,,,,0.9007028937339783,0.9247246384620667,0.9754838347434998,0.9247246384620667,0.9176838994026184,0.5762453079223633,,,,,,,
511,341509,,341509:hypothesis:fra_Latn,,hypothesis,contradiction,,,,,the men are are their house sleeping,Men sleep in their homes.,0.9924167394638062,0.9327268004417419,0.9327268004417419,0.9924167394638062,0.9327268004417419,0.9327268004417419,contradiction,0.9995684027671814,contradiction,0.9994840621948242,,,[],"[{""group"":""space"",""original"":{},""candidate"":{""in"":1},""field"":""hypothesis""}]",0.47540983606557374,True,[],,,,,,,0.9275174736976624,0.9913119077682495,0.9590913653373718,0.9590913653373718,0.8807793855667114,0.11545521020889282,,,,,,,
512,341844,,341844:premise:fra_Latn,,premise,contradiction,,,,,Several men traveling down a hill riding donkeys.,Several men were riding on donkeys and descending a hill.,0.9975618124008179,0.9970051646232605,0.9970051646232605,0.9975618124008179,0.9970051646232605,0.9970051646232605,contradiction,0.9994044303894043,contradiction,0.9986302852630615,,,[],"[{""group"":""space"",""original"":{},""candidate"":{""on"":1},""field"":""premise""}]",0.4339622641509434,True,[],,,,,,,0.979220986366272,0.9937060475349426,0.9928172826766968,0.9928172826766968,0.9422966837882996,0.3731691837310791,,,,,,,
513,342089,,342089:premise:fra_Latn,,premise,contradiction,,,,,Children stand around water pipes awaiting clean water.,The children stand around the water pipes waiting for clean water.,0.9970908164978027,0.9975857734680176,0.9970908164978027,0.9970908164978027,0.9975857734680176,0.9970908164978027,contradiction,0.9993013143539429,contradiction,0.9994964599609375,,,[],[],0.1074380165289256,True,[],,,,,,,0.9967432618141174,0.9923397302627563,0.9933991432189941,0.9923397302627563,0.9701369404792786,0.7887632846832275,,,,,,,
515,343438,,343438:premise:fra_Latn,,premise,entailment,,,,,A large amount of people using sleeping bags to sleep in front of a building.,Many people use sleeping bags to sleep in front of a building.,0.9978728294372559,0.9981052875518799,0.9978728294372559,0.9978728294372559,0.9981052875518799,0.9978728294372559,entailment,0.9928386807441711,entailment,0.9897484183311462,,,[],"[{""group"":""quantifier"",""original"":{},""candidate"":{""many"":1},""field"":""premise""}]",0.15107913669064743,True,[],,,,,,,0.9965389966964722,0.9937819838523865,0.9935809373855591,0.9935809373855591,0.9699664115905762,0.7604227662086487,,,,,,,
515,343438,,343438:hypothesis:fra_Latn,,hypothesis,entailment,,,,,A large amount of people sleeping.,A lot of people are sleeping.,0.9968332648277283,0.9975430965423584,0.9968332648277283,0.9968332648277283,0.9975430965423584,0.9968332648277283,entailment,0.9928386807441711,entailment,0.9946432113647461,,,[],[],0.2063492063492064,True,[],,,,,,,0.9924511313438416,0.994086503982544,0.9940845370292664,0.9940845370292664,0.9596142172813416,0.6754334568977356,,,,,,,
518,344451,,344451:premise:fra_Latn,,premise,neutral,,,,,A street performer smiles at two potential customers.,A street artist smiles at two potential clients.,0.9980682730674744,0.9981291890144348,0.9980682730674744,0.9980682730674744,0.9981291890144348,0.9980682730674744,neutral,0.994032084941864,neutral,0.9919669032096863,,,[],[],0.2277227722772277,True,[],,,,,,,0.8641027808189392,0.9846142530441284,0.9903905391693115,0.9846142530441284,0.9303027987480164,0.802449643611908,,,,,,,
519,344802,,344802:premise:fra_Latn,,premise,contradiction,,,,,Three Asian women having a conversation.,Three Asian women chatting.,0.9952101111412048,0.9956632256507874,0.9952101111412048,0.9952101111412048,0.9956632256507874,0.9952101111412048,contradiction,0.9996844530105591,contradiction,0.9996691942214966,,,[],[],0.28358208955223885,True,[],,,,,,,0.9811097383499146,0.9930290579795837,0.9933841824531555,0.9930290579795837,0.9638637900352478,0.7293257117271423,,,,,,,
519,344802,,344802:hypothesis:fra_Latn,,hypothesis,contradiction,,,,,Three white men are talking to each other.,Three white men talking to each other.,0.9962708950042725,0.9959262609481812,0.9959262609481812,0.9962708950042725,0.9959262609481812,0.9959262609481812,contradiction,0.9996844530105591,contradiction,0.9996949434280396,,,[],[],0.050000000000000044,True,[],,,,,,,0.9967808723449707,0.993559718132019,0.9935698509216309,0.993559718132019,0.9653881192207336,0.7613367438316345,,,,,,,
520,344964,,344964:premise:fra_Latn,,premise,contradiction,,,,,A man in a white shirt is sitting on a curb and reading a newspaper.,A man in a white shirt is sitting on the sidewalk reading a newspaper.,0.9923574328422546,0.9905619025230408,0.9905619025230408,0.9923574328422546,0.9905619025230408,0.9905619025230408,contradiction,0.9995288848876953,contradiction,0.9994674324989319,,,[],[],0.14492753623188404,True,[],,,,,,,0.9355562329292297,0.9876036047935486,0.9843767881393433,0.9843767881393433,0.8857287168502808,0.838526725769043,,,,,,,
521,346374,,346374:hypothesis:fra_Latn,,hypothesis,contradiction,,,,,Two boys are playing basketball.,Two boys playing basketball.,0.9964962601661682,0.9952369928359985,0.9952369928359985,0.9964962601661682,0.9952369928359985,0.9952369928359985,contradiction,0.9993866682052612,contradiction,0.9994062185287476,,,[],[],0.06666666666666665,True,[],,,,,,,0.996780276298523,0.9916548728942871,0.9914577603340149,0.9914577603340149,0.964131236076355,0.6465446352958679,,,,,,,
522,347590,,347590:premise:fra_Latn,,premise,contradiction,,,,,A child is interacting with an electronics laboratory kit.,A child interacts with an electronic lab kit.,0.9970021843910217,0.9932646751403809,0.9932646751403809,0.9970021843910217,0.9932646751403809,0.9932646751403809,contradiction,0.9992235898971558,contradiction,0.9989126920700073,,,[],[],0.1456310679611651,True,[],,,,,,,0.9968087077140808,0.9929684996604919,0.9914864301681519,0.9914864301681519,0.9690179228782654,0.7396990060806274,,,,,,,
522,347590,,347590:hypothesis:fra_Latn,,hypothesis,contradiction,,,,,A child is bored and has no toys.,A child gets bored and has no toys.,0.9970961809158325,0.9939472675323486,0.9939472675323486,0.9970961809158325,0.9939472675323486,0.9939472675323486,contradiction,0.9992235898971558,contradiction,0.9992684721946716,,,[],[],0.05882352941176472,True,[],,,,,,,0.9967834949493408,0.9938169121742249,0.9939056038856506,0.9938169121742249,0.9720808863639832,0.9349201321601868,,,,,,,
523,349312,,349312:premise:fra_Latn,,premise,contradiction,,,,,A man in mid- air while going down a sand-dune.,A man in the open air descending a sand dune.,0.9806698560714722,0.9925487041473389,0.9806698560714722,0.9806698560714722,0.9925487041473389,0.9806698560714722,contradiction,0.9989191293716431,contradiction,0.9993859529495239,,,[],[],0.34782608695652173,True,[],,,,,,,0.9554492235183716,0.9849641919136047,0.9812780022621155,0.9812780022621155,0.9242808818817139,0.32129108905792236,,,,,,,
525,349723,,349723:premise:fra_Latn,,premise,contradiction,,,,,An older man in a blue hoodie is sitting down next to his bags.,An old man in a blue hood is sitting next to his bags.,0.9974474906921387,0.995581328868866,0.995581328868866,0.9974474906921387,0.995581328868866,0.995581328868866,contradiction,0.9987183809280396,contradiction,0.9989700317382812,,,[],[],0.07692307692307687,True,[],,,,,,,0.9013268947601318,0.9924778342247009,0.9838557839393616,0.9838557839393616,0.9416555762290955,0.5518146753311157,,,,,,,
530,351913,,351913:premise:fra_Latn,,premise,entailment,,,,,"With flowers in the foreground, a man in a blue striped shirt bikes past a large white building.","With flowers in the foreground, a man in a blue striped shirt cycles past a large white building.",0.9893795847892761,0.990809440612793,0.9893795847892761,0.9893795847892761,0.990809440612793,0.9893795847892761,entailment,0.9881287217140198,entailment,0.9906693696975708,,,[],[],0.03626943005181349,True,[],,,,,,,0.9959220886230469,0.9913399815559387,0.9898768067359924,0.9898768067359924,0.9694095253944397,0.846122145652771,,,,,,,
530,351913,,351913:hypothesis:fra_Latn,,hypothesis,entailment,,,,,A man is biking outside.,There's a man on his bike outside.,0.9960874319076538,0.9978856444358826,0.9960874319076538,0.9960874319076538,0.9978856444358826,0.9960874319076538,entailment,0.9881287217140198,entailment,0.9810422658920288,,,[],"[{""group"":""space"",""original"":{""outside"":1},""candidate"":{""outside"":1,""on"":1},""field"":""hypothesis""}]",0.27586206896551724,True,[],,,,,,,0.981627881526947,0.9926866292953491,0.9919090867042542,0.9919090867042542,0.8950141668319702,0.5012549757957458,,,,,,,
531,352553,,352553:premise:fra_Latn,,premise,neutral,,,,,Two men are looking through the solar telescopes.,Two men looking through solar telescopes.,0.9956520199775696,0.9927090406417847,0.9927090406417847,0.9956520199775696,0.9927090406417847,0.9927090406417847,neutral,0.9980188608169556,neutral,0.99776291847229,,,[],[],0.0888888888888889,True,[],,,,,,,0.9967593550682068,0.990404486656189,0.9875290393829346,0.9875290393829346,0.9686464667320251,0.606348991394043,,,,,,,
531,352553,,352553:hypothesis:fra_Latn,,hypothesis,neutral,,,,,The men are trying to find Uranus.,Men are trying to find Uranus.,0.9965453743934631,0.991818904876709,0.991818904876709,0.9965453743934631,0.991818904876709,0.991818904876709,neutral,0.9980188608169556,neutral,0.9911938309669495,,,[],[],0.0625,True,[],,,,,,,0.9965624213218689,0.9935837388038635,0.9900887608528137,0.9900887608528137,0.9658548831939697,0.9302935600280762,,,,,,,
532,352765,,352765:hypothesis:fra_Latn,,hypothesis,entailment,,,,,A dog is near a toy.,A dog is next to a toy.,0.9936477541923523,0.9972217082977295,0.9936477541923523,0.9936477541923523,0.9972217082977295,0.9936477541923523,entailment,0.9947056174278259,entailment,0.9559045433998108,,,[],"[{""group"":""space"",""original"":{""near"":1},""candidate"":{},""field"":""hypothesis""}]",0.16279069767441856,True,[],,,,,,,0.9703013300895691,0.9749248027801514,0.9927773475646973,0.9749248027801514,0.9049803614616394,0.7536685466766357,,,,,,,
534,353921,,353921:hypothesis:fra_Latn,,hypothesis,contradiction,,,,,They crawl along,They 're crawling .,0.9899250268936157,0.9749113321304321,0.9749113321304321,0.9899250268936157,0.9749113321304321,0.9749113321304321,contradiction,0.9994876384735107,contradiction,0.9974784255027771,,,[],[],0.3142857142857143,True,[],,,,,,,0.8881669640541077,0.9698117971420288,0.9231091737747192,0.9231091737747192,0.9034773111343384,0.1967950463294983,,,,,,,
535,354675,,354675:premise:fra_Latn,,premise,contradiction,,,,,A person sits outside at a table and rests their head in their hand.,Someone's sitting outside at a table and resting his head in his hand.,0.9959163069725037,0.9974886178970337,0.9959163069725037,0.9959163069725037,0.9974886178970337,0.9959163069725037,contradiction,0.9996658563613892,contradiction,0.9996227025985718,,,[],[],0.23188405797101452,True,[],,,,,,,0.961511492729187,0.9920777678489685,0.9936791062355042,0.9920777678489685,0.9607160091400146,0.44749847054481506,,,,,,,
535,354675,,354675:hypothesis:fra_Latn,,hypothesis,contradiction,,,,,A person is standing with the crowd at the festival concert.,One person stands with the crowd at the festival concert.,0.9972858428955078,0.9977275729179382,0.9972858428955078,0.9972858428955078,0.9977275729179382,0.9972858428955078,contradiction,0.9996658563613892,contradiction,0.9995438456535339,,,[],"[{""group"":""number"",""original"":{},""candidate"":{""1"":1},""field"":""hypothesis""}]",0.09401709401709402,True,[],,,,,,,0.9968348145484924,0.9913488030433655,0.990576982498169,0.990576982498169,0.9676186442375183,0.730826199054718,,,,,,,
536,355209,,355209:premise:fra_Latn,,premise,contradiction,,,,,A girl dressed in black with a purse on her arm is smiling at a man in a room with lots of desserts on the table.,A girl dressed in black with a handbag smiles at a man in a room with lots of desserts on the table.,0.9928709864616394,0.9028308987617493,0.9028308987617493,0.9928709864616394,0.9028308987617493,0.9028308987617493,contradiction,0.9995692372322083,contradiction,0.9995601773262024,,,[],"[{""group"":""space"",""original"":{""in"":2,""on"":2},""candidate"":{""in"":2,""on"":1},""field"":""premise""}]",0.12676056338028174,True,[],,,,,,,0.9233862161636353,0.9828419089317322,0.9564976692199707,0.9564976692199707,0.8999395966529846,0.6985457539558411,,,,,,,
537,355550,,355550:premise:fra_Latn,,premise,neutral,,,,,A man walks on a fancy sidewalk next to an abandoned bar.,A man walks down an elegant sidewalk next to an abandoned bar.,0.9930383563041687,0.9957833290100098,0.9930383563041687,0.9930383563041687,0.9957833290100098,0.9930383563041687,neutral,0.9991564750671387,neutral,0.9992665648460388,,,[],"[{""group"":""space"",""original"":{""on"":1},""candidate"":{},""field"":""premise""}]",0.09243697478991597,True,[],,,,,,,0.9961554408073425,0.9933996200561523,0.9922829270362854,0.9922829270362854,0.9535791277885437,0.7833300232887268,,,,,,,
537,355550,,355550:hypothesis:fra_Latn,,hypothesis,neutral,,,,,the man is going to meet a friend for drinks,the man is going to meet a friend to drink,0.9967455863952637,0.996982753276825,0.9967455863952637,0.9967455863952637,0.996982753276825,0.9967455863952637,neutral,0.9991564750671387,neutral,0.9990019202232361,,,[],[],0.046511627906976716,True,[],,,,,,,0.9967832565307617,0.9883534908294678,0.9880721569061279,0.9880721569061279,0.9713109135627747,0.7872962951660156,,,,,,,
538,356013,,356013:premise:fra_Latn,,premise,entailment,,,,,Three women in old-fashioned clothing stand in the street with a dog.,Three women dressed in old clothes stand in the street with a dog.,0.9970671534538269,0.9954392313957214,0.9954392313957214,0.9970671534538269,0.9954392313957214,0.9954392313957214,entailment,0.9944912195205688,entailment,0.994654655456543,,,[],[],0.1703703703703704,True,[],,,,,,,0.9966453909873962,0.9935712814331055,0.9935353994369507,0.9935353994369507,0.9267584681510925,0.8614954352378845,,,,,,,
539,356717,,356717:premise:fra_Latn,,premise,entailment,,,,,A skier is by himself in the woods.,A skier is alone in the woods.,0.9968101382255554,0.9830926656723022,0.9830926656723022,0.9968101382255554,0.9830926656723022,0.9830926656723022,entailment,0.9947951436042786,entailment,0.9931057095527649,,,[],[],0.19999999999999996,True,[],,,,,,,0.9670094847679138,0.9938591122627258,0.9936007857322693,0.9936007857322693,0.9412409067153931,0.5909113883972168,,,,,,,
539,356717,,356717:hypothesis:fra_Latn,,hypothesis,entailment,,,,,A person is outside.,There's a person outside.,0.9969547986984253,0.9968668818473816,0.9968668818473816,0.9969547986984253,0.9968668818473816,0.9968668818473816,entailment,0.9947951436042786,entailment,0.951509952545166,,,[],[],0.24444444444444446,True,[],,,,,,,0.9936363697052002,0.9931288957595825,0.9936853051185608,0.9931288957595825,0.9607095122337341,0.5909538269042969,,,,,,,
540,357578,,357578:hypothesis:fra_Latn,,hypothesis,contradiction,,,,,The child is standing up.,The child is standing.,0.9973631501197815,0.9922979474067688,0.9922979474067688,0.9973631501197815,0.9922979474067688,0.9922979474067688,contradiction,0.9994580149650574,contradiction,0.9992278814315796,,,[],[],0.06382978723404253,True,[],,,,,,,0.8731114864349365,0.9936513304710388,0.9937134385108948,0.9936513304710388,0.9291447997093201,0.8190613985061646,,,,,,,
542,358861,,358861:premise:fra_Latn,,premise,contradiction,,,,,"The football players wear purple pants, gold helmets and white jerseys.","Football players wear purple pants, gold helmets and white shirts.",0.9830948710441589,0.9679392576217651,0.9679392576217651,0.9830948710441589,0.9679392576217651,0.9679392576217651,contradiction,0.9996488094329834,contradiction,0.9996126294136047,,,[],[],0.0948905109489051,True,[],,,,,,,0.9904541969299316,0.9828876256942749,0.9298729300498962,0.9298729300498962,0.9579079747200012,0.9240890145301819,,,,,,,
542,358861,,358861:hypothesis:fra_Latn,,hypothesis,contradiction,,,,,The people are racing cars.,People are racing cars.,0.9944032430648804,0.9874803423881531,0.9874803423881531,0.9944032430648804,0.9874803423881531,0.9874803423881531,contradiction,0.9996488094329834,contradiction,0.9996237754821777,,,[],[],0.07999999999999996,True,[],,,,,,,0.9967928528785706,0.9934160709381104,0.9915928840637207,0.9915928840637207,0.9628490805625916,0.9893783330917358,,,,,,,
543,359371,,359371:premise:fra_Latn,,premise,entailment,,,,,A group of men in hard hats traveling over the ocean in a small boat.,A group of men in hard hats traveling across the ocean in a small boat.,0.9937625527381897,0.9945072531700134,0.9937625527381897,0.9937625527381897,0.9945072531700134,0.9937625527381897,entailment,0.9970421195030212,entailment,0.9976776242256165,,,[],"[{""group"":""space"",""original"":{""over"":1,""in"":2},""candidate"":{""in"":2},""field"":""premise""}]",0.05714285714285716,True,[],,,,,,,0.9888210296630859,0.9939123392105103,0.992939829826355,0.992939829826355,0.9720141887664795,0.9444477558135986,,,,,,,
543,359371,,359371:hypothesis:fra_Latn,,hypothesis,entailment,,,,,A group of men travel over an ocean.,A group of men traveling across an ocean.,0.994866132736206,0.9961626529693604,0.994866132736206,0.994866132736206,0.9961626529693604,0.994866132736206,entailment,0.9970421195030212,entailment,0.9958874583244324,,,[],"[{""group"":""space"",""original"":{""over"":1},""candidate"":{},""field"":""hypothesis""}]",0.1428571428571429,True,[],,,,,,,0.9961493015289307,0.9728969931602478,0.9566211700439453,0.9566211700439453,0.9671896696090698,0.6609745025634766,,,,,,,
545,360401,,360401:premise:fra_Latn,,premise,neutral,,,,,A policeman in sunglasses and uniform with other policemen.,A cop in sunglasses and a uniform with other cops.,0.9964563250541687,0.9962242841720581,0.9962242841720581,0.9964563250541687,0.9962242841720581,0.9962242841720581,neutral,0.9942470788955688,neutral,0.9948586225509644,,,[],[],0.21100917431192656,True,[],,,,,,,0.9967305660247803,0.9916549921035767,0.9813546538352966,0.9813546538352966,0.8809630870819092,0.7221552729606628,,,,,,,
545,360401,,360401:hypothesis:fra_Latn,,hypothesis,neutral,,,,,Two police officers are watching a suspect from afar.,Two cops are watching a suspect from afar.,0.9978882670402527,0.9970402121543884,0.9970402121543884,0.9978882670402527,0.9970402121543884,0.9970402121543884,neutral,0.9942470788955688,neutral,0.9961990714073181,,,[],[],0.1578947368421053,True,[],,,,,,,0.9967764019966125,0.9919126033782959,0.9893222451210022,0.9893222451210022,0.9686102271080017,0.8742160201072693,,,,,,,
547,361537,,361537:premise:fra_Latn,,premise,neutral,,,,,Young boy staring excitedly at a leaf.,A young boy looking enthusiastically at a leaf.,0.9980985522270203,0.9976760745048523,0.9976760745048523,0.9980985522270203,0.9976760745048523,0.9976760745048523,neutral,0.9993763566017151,neutral,0.9993494153022766,,,[],[],0.3176470588235294,True,[],,,,,,,0.9856694936752319,0.9933613538742065,0.9929654598236084,0.9929654598236084,0.9686324596405029,0.8321783542633057,,,,,,,
547,361537,,361537:hypothesis:fra_Latn,,hypothesis,neutral,,,,,The boy looks at the veins that run along the leaf.,The boy looks at the veins that flow along the leaf.,0.992518424987793,0.9964080452919006,0.992518424987793,0.992518424987793,0.9964080452919006,0.992518424987793,neutral,0.9993763566017151,neutral,0.9993352293968201,,,[],[],0.06796116504854366,True,[],,,,,,,0.9967082738876343,0.9856529235839844,0.9912751913070679,0.9856529235839844,0.9672220945358276,0.8934568166732788,,,,,,,
550,364369,,364369:premise:fra_Latn,,premise,contradiction,,,,,A man and a woman are posing for a photo beside a rack of clothes.,A man and a woman pose for a photo next to a clothing shelf.,0.9964487552642822,0.9957629442214966,0.9957629442214966,0.9964487552642822,0.9957629442214966,0.9957629442214966,contradiction,0.9993535876274109,contradiction,0.9993174076080322,,,[],"[{""group"":""space"",""original"":{""beside"":1},""candidate"":{},""field"":""premise""}]",0.2857142857142857,True,[],,,,,,,0.9104706645011902,0.9867933392524719,0.9909959435462952,0.9867933392524719,0.9417393207550049,0.5856469869613647,,,,,,,
551,364429,,364429:premise:fra_Latn,,premise,neutral,,,,,A man and a woman are sitting on the grass together.,A man and a woman are sitting together on the grass.,0.9972999691963196,0.9972176551818848,0.9972176551818848,0.9972999691963196,0.9972176551818848,0.9972176551818848,neutral,0.9676528573036194,neutral,0.96938556432724,,,[],[],0.17307692307692313,True,[],,,,,,,0.9966744184494019,0.9937525391578674,0.9937770366668701,0.9937525391578674,0.9684048891067505,0.9055593013763428,,,,,,,
552,366538,,366538:premise:fra_Latn,,premise,entailment,,,,,A woman in a hi-viz jacket is smiling at person carrying a stop sign in front of a crane.,A woman in a hi-viz jacket smiles at a person wearing a stop sign in front of a crane.,0.9831497073173523,0.9868284463882446,0.9831497073173523,0.9831497073173523,0.9868284463882446,0.9831497073173523,entailment,0.9981886744499207,entailment,0.9980161190032959,,,[],[],0.08571428571428574,True,[],,,,,,,0.8450536727905273,0.984891414642334,0.9878012537956238,0.984891414642334,0.9699109792709351,0.7698673009872437,,,,,,,
552,366538,,366538:hypothesis:fra_Latn,,hypothesis,entailment,,,,,A woman is smiling at someone.,A woman smiles at someone.,0.997566819190979,0.9941365718841553,0.9941365718841553,0.997566819190979,0.9941365718841553,0.9941365718841553,entailment,0.9981886744499207,entailment,0.9982730150222778,,,[],[],0.1428571428571429,True,[],,,,,,,0.9967888593673706,0.9932562112808228,0.9934886693954468,0.9932562112808228,0.963746190071106,0.9398478269577026,,,,,,,
553,366985,,366985:premise:fra_Latn,,premise,entailment,,,,,A curly-haired woman plays the violin.,A woman with curly hair plays the violin.,0.9974431991577148,0.9966937303543091,0.9966937303543091,0.9974431991577148,0.9966937303543091,0.9966937303543091,entailment,0.9971497654914856,entailment,0.9972019195556641,,,[],[],0.26582278481012656,True,[],,,,,,,0.9966639876365662,0.993552565574646,0.9930984377861023,0.9930984377861023,0.968681812286377,0.7185778021812439,,,,,,,
553,366985,,366985:hypothesis:fra_Latn,,hypothesis,entailment,,,,,A woman is playing a stringed instrument.,A woman plays a string instrument.,0.996871292591095,0.9951832890510559,0.9951832890510559,0.996871292591095,0.9951832890510559,0.9951832890510559,entailment,0.9971497654914856,entailment,0.9956727027893066,,,[],[],0.12,True,[],,,,,,,0.9952479004859924,0.9934779405593872,0.9931914210319519,0.9931914210319519,0.9653963446617126,0.7354353666305542,,,,,,,
554,369066,,369066:premise:fra_Latn,,premise,contradiction,,,,,A man is standing while playing the drums for an audience.,A man is standing there playing drums for an audience.,0.9954264760017395,0.9934573769569397,0.9934573769569397,0.9954264760017395,0.9934573769569397,0.9934573769569397,contradiction,0.9990907907485962,contradiction,0.9992913007736206,,,[],[],0.0892857142857143,True,[],,,,,,,0.9729423522949219,0.987579882144928,0.9882381558418274,0.987579882144928,0.9422797560691833,0.7611435651779175,,,,,,,
554,369066,,369066:hypothesis:fra_Latn,,hypothesis,contradiction,,,,,A man is playing the piano.,A man plays the piano.,0.9977511763572693,0.9968962669372559,0.9968962669372559,0.9977511763572693,0.9968962669372559,0.9968962669372559,contradiction,0.9990907907485962,contradiction,0.9990274906158447,,,[],[],0.1428571428571429,True,[],,,,,,,0.9966632723808289,0.9929982423782349,0.9913200736045837,0.9913200736045837,0.9637107849121094,0.8915343284606934,,,,,,,
555,369396,,369396:premise:fra_Latn,,premise,contradiction,,,,,A man is reading a newspaper at a Chinese food store.,A man reads a newspaper in a Chinese food store.,0.9969826340675354,0.9970093369483948,0.9969826340675354,0.9969826340675354,0.9970093369483948,0.9969826340675354,contradiction,0.9935770630836487,contradiction,0.9930550456047058,,,[],"[{""group"":""space"",""original"":{},""candidate"":{""in"":1},""field"":""premise""}]",0.1089108910891089,True,[],,,,,,,0.9967537522315979,0.990557074546814,0.9909812808036804,0.990557074546814,0.9695025086402893,0.8146544694900513,,,,,,,
560,371860,,371860:premise:fra_Latn,,premise,contradiction,,,,,"Brunette female wearing yellow bikini top, has large tattoo inked across her lower back, and a blue towel draped across her right shoulder.","A brunette woman wearing a yellow bikini, with a large ink tattoo on her lower back and a blue towel on her right shoulder.",0.9942850470542908,0.9767259359359741,0.9767259359359741,0.9942850470542908,0.9767259359359741,0.9767259359359741,contradiction,0.9965775609016418,contradiction,0.9979275465011597,,,[],"[{""group"":""space"",""original"":{""right"":1},""candidate"":{""right"":1,""on"":2},""field"":""premise""}]",0.19083969465648853,True,[],,,,,,,0.9967681169509888,0.9930826425552368,0.9876545071601868,0.9876545071601868,0.9574636220932007,0.5771282911300659,,,,,,,
560,371860,,371860:hypothesis:fra_Latn,,hypothesis,contradiction,,,,,A person in a black shirt and black shorts is holding a football.,A person in a black shirt and black shorts holds a football.,0.9970953464508057,0.9957152009010315,0.9957152009010315,0.9970953464508057,0.9957152009010315,0.9957152009010315,contradiction,0.9965775609016418,contradiction,0.9946138262748718,,,[],[],0.05600000000000005,True,[],,,,,,,0.9967808723449707,0.9928529858589172,0.9926844239234924,0.9926844239234924,0.972123920917511,0.919877290725708,,,,,,,
561,372611,,372611:hypothesis:fra_Latn,,hypothesis,entailment,,,,,A dog is carrying colored toys.,A dog carries colorful toys.,0.9950660467147827,0.9954061508178711,0.9950660467147827,0.9950660467147827,0.9954061508178711,0.9950660467147827,entailment,0.9933757185935974,entailment,0.9881822466850281,,,[],[],0.22033898305084743,True,[],,,,,,,0.9907141923904419,0.9933328032493591,0.9927582740783691,0.9927582740783691,0.9679083228111267,0.8543577790260315,,,,,,,
562,372919,,372919:hypothesis:fra_Latn,,hypothesis,neutral,,,,,The woman has decided on what she wants to eat.,The woman decided what she wanted to eat.,0.9972236156463623,0.9947015643119812,0.9947015643119812,0.9972236156463623,0.9947015643119812,0.9947015643119812,neutral,0.9944473505020142,neutral,0.9838692545890808,,,[],"[{""group"":""space"",""original"":{""on"":1},""candidate"":{},""field"":""hypothesis""}]",0.11363636363636365,True,[],,,,,,,0.9963716268539429,0.9924260377883911,0.9923898577690125,0.9923898577690125,0.9700871109962463,0.7993295788764954,,,,,,,
563,373879,,373879:premise:fra_Latn,,premise,contradiction,,,,,Adults and children are in a rooming dancing.,Adults and children are dancing in a room.,0.9965596795082092,0.965707004070282,0.965707004070282,0.9965596795082092,0.965707004070282,0.965707004070282,contradiction,0.9996262788772583,contradiction,0.999350368976593,,,[],[],0.2183908045977011,True,[],,,,,,,0.9892300963401794,0.991544246673584,0.9797898530960083,0.9797898530960083,0.965456485748291,0.32006826996803284,,,,,,,
567,375404,,375404:premise:fra_Latn,,premise,contradiction,,,,,An elderly man takes his dog for a walk near the water.,An old man takes his dog for a walk by the water.,0.997405469417572,0.9958441853523254,0.9958441853523254,0.997405469417572,0.9958441853523254,0.9958441853523254,contradiction,0.998579740524292,contradiction,0.9975226521492004,,,[],"[{""group"":""space"",""original"":{""near"":1},""candidate"":{},""field"":""premise""}]",0.11538461538461542,True,[],,,,,,,0.9967930912971497,0.9932752847671509,0.9930423498153687,0.9930423498153687,0.9723712801933289,0.7197329998016357,,,,,,,
567,375404,,375404:hypothesis:fra_Latn,,hypothesis,contradiction,,,,,The elderly man is running with his dog.,The old man runs with his dog.,0.9980231523513794,0.9964146614074707,0.9964146614074707,0.9980231523513794,0.9964146614074707,0.9964146614074707,contradiction,0.998579740524292,contradiction,0.9955184459686279,,,[],[],0.19999999999999996,True,[],,,,,,,0.9967840909957886,0.9932558536529541,0.9927608966827393,0.9927608966827393,0.9691882133483887,0.5559123158454895,,,,,,,
568,375602,,375602:premise:fra_Latn,,premise,neutral,,,,,"A man is standing in a white room, with the lights turned down, holding a detailed lantern with another hanging nearby.","A man stands in a white room with the lights out, holding a detailed lantern with another hanging nearby.",0.9841852784156799,0.995187520980835,0.9841852784156799,0.9841852784156799,0.995187520980835,0.9841852784156799,neutral,0.9945825934410095,neutral,0.9960485100746155,,,[],[],0.0892857142857143,True,[],,,,,,,0.9056055545806885,0.9939496517181396,0.9939779043197632,0.9939496517181396,0.9721426367759705,0.8507659435272217,,,,,,,
569,376513,,376513:premise:fra_Latn,,premise,neutral,,,,,People walk down the busy sidewalk.,People are walking down the busy sidewalk.,0.997285008430481,0.9977176189422607,0.997285008430481,0.997285008430481,0.9977176189422607,0.997285008430481,neutral,0.9961410164833069,neutral,0.9961788654327393,,,[],[],0.09090909090909094,True,[],,,,,,,0.9953688979148865,0.99405837059021,0.9937991499900818,0.9937991499900818,0.9680716395378113,0.9107618927955627,,,,,,,
569,376513,,376513:hypothesis:fra_Latn,,hypothesis,neutral,,,,,People happily walk down the sidewalk.,People are walking happily down the sidewalk.,0.9893673062324524,0.9963478446006775,0.9893673062324524,0.9893673062324524,0.9963478446006775,0.9893673062324524,neutral,0.9961410164833069,neutral,0.9978297352790833,,,[],[],0.20481927710843373,True,[],,,,,,,0.9957608580589294,0.99435955286026,0.9939255118370056,0.9939255118370056,0.9658613204956055,0.8479862213134766,,,,,,,
571,377799,,377799:premise:fra_Latn,,premise,contradiction,,,,,Older gentleman putting a powdery substance in a swimming pool.,An older man puts a powdered substance in a pool.,0.9963585734367371,0.9746116399765015,0.9746116399765015,0.9963585734367371,0.9746116399765015,0.9746116399765015,contradiction,0.9964756369590759,contradiction,0.9984670281410217,,,[],[],0.2321428571428571,True,[],,,,,,,0.97084641456604,0.993003785610199,0.3213670551776886,0.3213670551776886,0.969100296497345,0.40249472856521606,,,,,,,
572,377914,,377914:premise:fra_Latn,,premise,contradiction,,,,,A woman in red is holding a microphone in front of a green background.,A woman in red holds a microphone in front of a green background.,0.995902955532074,0.9955121874809265,0.9955121874809265,0.995902955532074,0.9955121874809265,0.9955121874809265,contradiction,0.9956269264221191,contradiction,0.9947459697723389,,,[],[],0.051851851851851816,True,[],,,,,,,0.9966133236885071,0.9924997687339783,0.9925122261047363,0.9924997687339783,0.9702960252761841,0.921017587184906,,,,,,,
573,378043,,378043:premise:fra_Latn,,premise,contradiction,,,,,A surfer in the distance is at the base of the wave close to the shore.,A remote surfer is at the base of the wave near the coast.,0.994019627571106,0.9931647181510925,0.9931647181510925,0.994019627571106,0.9931647181510925,0.9931647181510925,contradiction,0.9996732473373413,contradiction,0.9996594190597534,,,[],"[{""group"":""space"",""original"":{""in"":1},""candidate"":{""near"":1},""field"":""premise""}]",0.3178294573643411,True,[],,,,,,,0.9277777075767517,0.9922237396240234,0.9905217885971069,0.9905217885971069,0.8747916221618652,0.3636844754219055,,,,,,,
573,378043,,378043:hypothesis:fra_Latn,,hypothesis,contradiction,,,,,A man surfs the internet at home.,A man surfing the Internet at home.,0.9960442781448364,0.9974283576011658,0.9960442781448364,0.9960442781448364,0.9974283576011658,0.9960442781448364,contradiction,0.9996732473373413,contradiction,0.9997121691703796,,,[],[],0.05882352941176472,True,[],,,,,,,0.9967920184135437,0.9920639395713806,0.9924793243408203,0.9920639395713806,0.9688695073127747,0.7003999948501587,,,,,,,
574,379691,,379691:premise:fra_Latn,,premise,contradiction,,,,,People are watching a boy on a skateboard at the top of a skate ramp.,People look at a boy on a skateboard at the top of a skateboard ramp.,0.9927916526794434,0.9954656958580017,0.9927916526794434,0.9927916526794434,0.9954656958580017,0.9927916526794434,contradiction,0.9989246726036072,contradiction,0.9995028972625732,,,[],[],0.13043478260869568,True,[],,,,,,,0.9903111457824707,0.9891674518585205,0.9934188723564148,0.9891674518585205,0.9689341187477112,0.6146717667579651,,,,,,,
574,379691,,379691:hypothesis:fra_Latn,,hypothesis,contradiction,,,,,People are watching a girl on a skateboard at the top of a skate ramp.,People look at a girl on a skateboard at the top of a skateboard ramp.,0.9925472140312195,0.9951971173286438,0.9925472140312195,0.9925472140312195,0.9951971173286438,0.9925472140312195,contradiction,0.9989246726036072,contradiction,0.9992189407348633,,,[],[],0.12857142857142856,True,[],,,,,,,0.9876465797424316,0.9894688129425049,0.993432879447937,0.9894688129425049,0.9680466055870056,0.6232635974884033,,,,,,,
576,381818,,381818:hypothesis:fra_Latn,,hypothesis,neutral,,,,,Two men juggling in fornt of group of people to attract them.,Two men juggle a group of people to attract them.,0.9955086708068848,0.9674545526504517,0.9674545526504517,0.9955086708068848,0.9674545526504517,0.9674545526504517,neutral,0.9964345693588257,neutral,0.9874610304832458,,,[],"[{""group"":""space"",""original"":{""in"":1},""candidate"":{},""field"":""hypothesis""}]",0.1454545454545455,True,[],,,,,,,0.9800511002540588,0.9926875829696655,0.9070789217948914,0.9070789217948914,0.933340847492218,0.4292236566543579,,,,,,,
577,382061,,382061:premise:fra_Latn,,premise,entailment,,,,,There is a child wearing an orange shirt and hold an orange book.,There's a kid in an orange shirt and holding an orange book.,0.9976598024368286,0.9977712631225586,0.9976598024368286,0.9976598024368286,0.9977712631225586,0.9976598024368286,entailment,0.9963991641998291,entailment,0.9982702732086182,,,[],"[{""group"":""space"",""original"":{},""candidate"":{""in"":1},""field"":""premise""}]",0.12,True,[],,,,,,,0.9968035221099854,0.9937806725502014,0.9937352538108826,0.9937352538108826,0.9685894250869751,0.6623116135597229,,,,,,,
577,382061,,382061:hypothesis:fra_Latn,,hypothesis,entailment,,,,,There is a child wearing a shirt and holding a book.,There's a kid wearing a shirt and holding a book.,0.9971809387207031,0.9966244697570801,0.9966244697570801,0.9971809387207031,0.9966244697570801,0.9966244697570801,entailment,0.9963991641998291,entailment,0.9979768395423889,,,[],[],0.06930693069306926,True,[],,,,,,,0.9966912269592285,0.9934520721435547,0.993463397026062,0.9934520721435547,0.9601379632949829,0.8479462265968323,,,,,,,
578,383277,,383277:premise:fra_Latn,,premise,neutral,,,,,A man in a white shirt is playing a saxophone on a stage.,A man in a white shirt plays saxophone on a stage.,0.9974665641784668,0.9968823194503784,0.9968823194503784,0.9974665641784668,0.9968823194503784,0.9968823194503784,neutral,0.9988007545471191,neutral,0.9985480904579163,,,[],[],0.08411214953271029,True,[],,,,,,,0.9967395663261414,0.9928625226020813,0.9915751814842224,0.9915751814842224,0.9709727168083191,0.83779376745224,,,,,,,
578,383277,,383277:hypothesis:fra_Latn,,hypothesis,neutral,,,,,the guy in the white shirt is playing music on this sax that he is renting,The guy in the white shirt plays music on this saxophone he rents.,0.9958563446998596,0.9954991936683655,0.9954991936683655,0.9958563446998596,0.9954991936683655,0.9954991936683655,neutral,0.9988007545471191,neutral,0.998736560344696,,,[],[],0.17142857142857137,True,[],,,,,,,0.986265242099762,0.9372148513793945,0.9936071634292603,0.9372148513793945,0.9719737768173218,0.5897333025932312,,,,,,,
580,384316,,384316:premise:fra_Latn,,premise,contradiction,,,,,A man and a woman are sleeping on a mode of public transportation.,A man and a woman are sleeping on a public transport.,0.9960015416145325,0.996039628982544,0.9960015416145325,0.9960015416145325,0.996039628982544,0.9960015416145325,contradiction,0.9994187355041504,contradiction,0.999504804611206,,,[],[],0.10924369747899154,True,[],,,,,,,0.9959176182746887,0.9899695515632629,0.9838131666183472,0.9838131666183472,0.9456369280815125,0.6491332054138184,,,,,,,
580,384316,,384316:hypothesis:fra_Latn,,hypothesis,contradiction,,,,,Everyone is awake riding the bus.,Everybody's up on the bus.,0.9973593354225159,0.9968541264533997,0.9968541264533997,0.9973593354225159,0.9968541264533997,0.9968541264533997,contradiction,0.9994187355041504,contradiction,0.9986770749092102,,,[],"[{""group"":""space"",""original"":{},""candidate"":{""on"":1},""field"":""hypothesis""}]",0.4576271186440678,True,[],,,,,,,0.8679975867271423,0.993619978427887,0.9925651550292969,0.9925651550292969,0.9098747968673706,-0.10952242463827133,,,,,,,
582,387067,,387067:premise:fra_Latn,,premise,neutral,,,,,"A woman is running on a gravel path, while another woman in a green shirt is cheering.","One woman runs down a gravel road, while another woman in a green shirt applauds.",0.9973567724227905,0.997847318649292,0.9973567724227905,0.9973567724227905,0.997847318649292,0.9973567724227905,neutral,0.9974660873413086,neutral,0.9777950048446655,,,[],"[{""group"":""number"",""original"":{},""candidate"":{""1"":1},""field"":""premise""},{""group"":""space"",""original"":{""in"":1,""on"":1},""candidate"":{""in"":1},""field"":""premise""}]",0.22155688622754488,True,[],,,,,,,0.9657065272331238,0.9935512542724609,0.9927409291267395,0.9927409291267395,0.9480632543563843,0.556908905506134,,,,,,,
583,388849,,388849:hypothesis:fra_Latn,,hypothesis,contradiction,,,,,A young man is dancing in the streets on a sunny day.,A young man dances in the streets on a sunny day.,0.9974339604377747,0.9967767596244812,0.9967767596244812,0.9974339604377747,0.9967767596244812,0.9967767596244812,contradiction,0.9996663331985474,contradiction,0.9995830655097961,,,[],[],0.07843137254901966,True,[],,,,,,,0.9967316389083862,0.9934915900230408,0.9929401874542236,0.9929401874542236,0.9682292938232422,0.7684222459793091,,,,,,,
585,389577,,389577:premise:fra_Latn,,premise,entailment,,,,,A man in a nun costume has a cigarette in his mouth.,A man dressed as a nun has a cigarette in his mouth.,0.9952430129051208,0.975128710269928,0.975128710269928,0.9952430129051208,0.975128710269928,0.975128710269928,entailment,0.9969184398651123,entailment,0.9784246683120728,,,[],"[{""group"":""space"",""original"":{""in"":2},""candidate"":{""in"":1},""field"":""premise""}]",0.1923076923076923,True,[],,,,,,,0.9968208074569702,0.9931459426879883,0.9930154085159302,0.9930154085159302,0.969916045665741,0.7408104538917542,,,,,,,
586,390330,,390330:hypothesis:fra_Latn,,hypothesis,contradiction,,,,,A woman with a red shirt and a bandana is shopping at the mall.,A woman in a red shirt and a bandana is shopping in the mall.,0.9965723752975464,0.9974811673164368,0.9965723752975464,0.9965723752975464,0.9974811673164368,0.9965723752975464,contradiction,0.9977604150772095,contradiction,0.9974457025527954,,,[],"[{""group"":""space"",""original"":{},""candidate"":{""in"":2},""field"":""hypothesis""}]",0.06451612903225812,True,[],,,,,,,0.9964620471000671,0.9931301474571228,0.9929720759391785,0.9929720759391785,0.9739513397216797,0.9084286093711853,,,,,,,
587,393497,,393497:premise:fra_Latn,,premise,neutral,,,,,A chef in white clothes is putting something into a brick oven.,A chef in white clothes puts something in a brick oven.,0.9976394176483154,0.9967700242996216,0.9967700242996216,0.9976394176483154,0.9967700242996216,0.9967700242996216,neutral,0.9991994500160217,neutral,0.9992058873176575,,,[],"[{""group"":""space"",""original"":{""in"":1},""candidate"":{""in"":2},""field"":""premise""}]",0.0847457627118644,True,[],,,,,,,0.9965782761573792,0.9927276372909546,0.9896757006645203,0.9896757006645203,0.9706878662109375,0.837677001953125,,,,,,,
587,393497,,393497:hypothesis:fra_Latn,,hypothesis,neutral,,,,,A chef in white clothes is putting a pizza into a brick oven.,A chef in white clothes puts a pizza in a brick oven.,0.9976067543029785,0.9969154596328735,0.9969154596328735,0.9976067543029785,0.9969154596328735,0.9969154596328735,neutral,0.9991994500160217,neutral,0.9991366267204285,,,[],"[{""group"":""space"",""original"":{""in"":1},""candidate"":{""in"":2},""field"":""hypothesis""}]",0.08771929824561409,True,[],,,,,,,0.9965571165084839,0.9926375150680542,0.9902682900428772,0.9902682900428772,0.9710875749588013,0.82127445936203,,,,,,,
589,394608,,394608:premise:fra_Latn,,premise,contradiction,,,,,A lady in a yellow shirt adjusts her sunglasses.,A lady in a yellow shirt is adjusting her sunglasses.,0.9930734038352966,0.9964524507522583,0.9930734038352966,0.9930734038352966,0.9964524507522583,0.9930734038352966,contradiction,0.9979939460754395,contradiction,0.9982925057411194,,,[],[],0.06930693069306926,True,[],,,,,,,0.9967244267463684,0.9937888979911804,0.993891716003418,0.9937888979911804,0.9686258435249329,0.7769449353218079,,,,,,,
589,394608,,394608:hypothesis:fra_Latn,,hypothesis,contradiction,,,,,The lady is adjusting her hat.,The lady's adjusting her hat.,0.9982879757881165,0.9982849955558777,0.9982849955558777,0.9982879757881165,0.9982849955558777,0.9982849955558777,contradiction,0.9979939460754395,contradiction,0.9981948733329773,,,[],[],0.05084745762711862,True,[],,,,,,,0.9968494772911072,0.9938344955444336,0.9938198924064636,0.9938198924064636,0.9673915505409241,0.6761962175369263,,,,,,,
590,394965,,394965:premise:fra_Latn,,premise,entailment,,,,,There is a man and a woman sitting on lawn chairs next to a skate park with a group of guys on bicycles in the background and a woman with a child in a stroller on the side of the picture.,There's a man and a woman sitting on lawn chairs next to a skate park with a group of guys riding a bike in the background and a woman with a child in a stroller on the side of the photo.,0.988664984703064,0.9900268316268921,0.988664984703064,0.988664984703064,0.9900268316268921,0.988664984703064,entailment,0.9940624833106995,entailment,0.9949474334716797,,,[],"[{""group"":""space"",""original"":{""in"":2,""on"":3},""candidate"":{""in"":2,""on"":2},""field"":""premise""}]",0.06666666666666665,True,[],,,,,,,0.9163679480552673,0.9941726326942444,0.9943081736564636,0.9941726326942444,0.9695823192596436,0.8361695408821106,,,,,,,
590,394965,,394965:hypothesis:fra_Latn,,hypothesis,entailment,,,,,A group of people outdoors.,A bunch of people out there.,0.9969037175178528,0.9928745031356812,0.9928745031356812,0.9969037175178528,0.9928745031356812,0.9928745031356812,entailment,0.9940624833106995,entailment,0.9662880897521973,,,[],[],0.3090909090909091,True,[],,,,,,,0.9062326550483704,0.9928110241889954,0.993640124797821,0.9928110241889954,0.9576284885406494,0.13477835059165955,,,,,,,
591,396067,,396067:premise:fra_Latn,,premise,neutral,,,,,A girl wearing a blue shirt fixing her hair while looking into a pink mirror.,A girl in a blue shirt who's fixing her hair by looking at a pink mirror.,0.9949926733970642,0.996117115020752,0.9949926733970642,0.9949926733970642,0.996117115020752,0.9949926733970642,neutral,0.9959322810173035,neutral,0.9865459203720093,,,[],"[{""group"":""space"",""original"":{},""candidate"":{""in"":1},""field"":""premise""}]",0.1466666666666666,True,[],,,,,,,0.9965747594833374,0.9907622933387756,0.9903727769851685,0.9903727769851685,0.9706568717956543,0.3796553313732147,,,,,,,
592,396269,,396269:premise:fra_Latn,,premise,entailment,,,,,A man tends to his laptop in what appears to be a slideshow of sorts.,A man takes care of his laptop in what appears to be some kind of slide show.,0.9957711100578308,0.9945472478866577,0.9945472478866577,0.9957711100578308,0.9945472478866577,0.9945472478866577,entailment,0.9610706567764282,entailment,0.9513116478919983,,,[],"[{""group"":""quantifier"",""original"":{},""candidate"":{""some"":1},""field"":""premise""}]",0.23287671232876717,True,[],,,,,,,0.953980028629303,0.994762122631073,0.994515597820282,0.994515597820282,0.9677972197532654,0.46197038888931274,,,,,,,
592,396269,,396269:hypothesis:fra_Latn,,hypothesis,entailment,,,,,A man runs a slideshow.,There's a man running a slide show.,0.9963726997375488,0.9947399497032166,0.9947399497032166,0.9963726997375488,0.9947399497032166,0.9947399497032166,entailment,0.9610706567764282,entailment,0.8981715440750122,,,[],[],0.24137931034482762,True,[],,,,,,,0.9637234210968018,0.9919399619102478,0.9917305111885071,0.9917305111885071,0.964910626411438,0.44768232107162476,,,,,,,
594,397864,,397864:premise:fra_Latn,,premise,neutral,,,,,A young boy listens to music through headphones in front of a kitchen.,A young boy is listening to music through headphones in front of a kitchen.,0.9955795407295227,0.9971074461936951,0.9955795407295227,0.9955795407295227,0.9971074461936951,0.9955795407295227,neutral,0.9992460012435913,neutral,0.9993191957473755,,,[],[],0.0482758620689655,True,[],,,,,,,0.9967589974403381,0.9933172464370728,0.9930906295776367,0.9930906295776367,0.9697192907333374,0.8894476294517517,,,,,,,
594,397864,,397864:hypothesis:fra_Latn,,hypothesis,neutral,,,,,A young boy listens to rock music.,A young boy is listening to rock music.,0.9958256483078003,0.9979143738746643,0.9958256483078003,0.9958256483078003,0.9979143738746643,0.9958256483078003,neutral,0.9992460012435913,neutral,0.9993682503700256,,,[],[],0.09589041095890416,True,[],,,,,,,0.9967976212501526,0.9920414090156555,0.993145227432251,0.9920414090156555,0.9681274890899658,0.7845431566238403,,,,,,,
596,398883,,398883:premise:fra_Latn,,premise,contradiction,,,,,A man and woman reenact a scene of a statue.,A man and a woman recreate a scene from a statue.,0.9948663711547852,0.9939001798629761,0.9939001798629761,0.9948663711547852,0.9939001798629761,0.9939001798629761,contradiction,0.9969071745872498,contradiction,0.9961225390434265,,,[],[],0.11827956989247312,True,[],,,,,,,0.996735155582428,0.9897717833518982,0.9729102253913879,0.9729102253913879,0.9675003290176392,0.3610307574272156,,,,,,,
596,398883,,398883:hypothesis:fra_Latn,,hypothesis,contradiction,,,,,A man and woman eat at a restaurant.,A man and a woman are eating in a restaurant.,0.9975231289863586,0.9980605244636536,0.9975231289863586,0.9975231289863586,0.9980605244636536,0.9975231289863586,contradiction,0.9969071745872498,contradiction,0.9954569339752197,,,[],"[{""group"":""space"",""original"":{},""candidate"":{""in"":1},""field"":""hypothesis""}]",0.16049382716049387,True,[],,,,,,,0.9966260194778442,0.9872841835021973,0.9914023280143738,0.9872841835021973,0.9693681001663208,0.6284723281860352,,,,,,,
597,399855,,399855:premise:fra_Latn,,premise,entailment,,,,,A girl blows into a large yellow balloon.,There's a girl blowing in a big yellow balloon.,0.9981648325920105,0.9978857636451721,0.9978857636451721,0.9981648325920105,0.9978857636451721,0.9978857636451721,entailment,0.8535900115966797,entailment,0.9890987873077393,,,[],"[{""group"":""space"",""original"":{},""candidate"":{""in"":1},""field"":""premise""}]",0.2272727272727273,True,[],,,,,,,0.9958525896072388,0.991636335849762,0.991933286190033,0.991636335849762,0.9667593836784363,0.10149000585079193,,,,,,,
598,400206,,400206:premise:fra_Latn,,premise,neutral,,,,,Two young girls have fun in an ice skating rink.,Two young girls are having fun in a skating rink.,0.997399091720581,0.9205028414726257,0.9205028414726257,0.997399091720581,0.9205028414726257,0.9205028414726257,neutral,0.9995505213737488,neutral,0.9995808005332947,,,[],[],0.134020618556701,True,[],,,,,,,0.9892728924751282,0.9916450381278992,0.28160181641578674,0.28160181641578674,0.9702293872833252,0.7285587191581726,,,,,,,
599,400731,,400731:premise:fra_Latn,,premise,entailment,,,,,A group of children is performing a concert outside.,A group of kids playing a concert outside.,0.9977453351020813,0.9978781938552856,0.9977453351020813,0.9977453351020813,0.9978781938552856,0.9977453351020813,entailment,0.9974445104598999,entailment,0.9976180195808411,,,[],[],0.19148936170212771,True,[],,,,,,,0.9606648683547974,0.9902989864349365,0.9917153716087341,0.9902989864349365,0.9678477048873901,0.3682256042957306,,,,,,,
600,400864,,400864:premise:fra_Latn,,premise,neutral,,,,,A person has just thrown a snowball and hit someone in the back.,Someone just threw a snowball and hit someone in the back.,0.9972700476646423,0.99534010887146,0.99534010887146,0.9972700476646423,0.99534010887146,0.99534010887146,neutral,0.9583387970924377,neutral,0.9313817620277405,,,[],[],0.1311475409836066,True,[],,,,,,,0.9959695339202881,0.9931621551513672,0.9934176206588745,0.9931621551513672,0.9705682992935181,0.8753308057785034,,,,,,,
601,402508,,402508:premise:fra_Latn,,premise,entailment,,,,,Someone doing a jump on a dirt bike in the woods.,Someone who jumps on a dirt bike in the woods.,0.997428834438324,0.9967095851898193,0.9967095851898193,0.997428834438324,0.9967095851898193,0.9967095851898193,entailment,0.9976575374603271,entailment,0.9967881441116333,,,[],[],0.09473684210526312,True,[],,,,,,,0.9859086871147156,0.9926504492759705,0.9881872534751892,0.9881872534751892,0.9659455418586731,0.7015909552574158,,,,,,,
601,402508,,402508:hypothesis:fra_Latn,,hypothesis,entailment,,,,,A person is jumping on the dirt bike.,A person jumps on the dirt bike.,0.9973198771476746,0.9963410496711731,0.9963410496711731,0.9973198771476746,0.9963410496711731,0.9963410496711731,entailment,0.9976575374603271,entailment,0.9976842403411865,,,[],[],0.10144927536231885,True,[],,,,,,,0.9968088269233704,0.9930483102798462,0.9914531707763672,0.9914531707763672,0.9688704013824463,0.8810511231422424,,,,,,,
602,403554,,403554:hypothesis:fra_Latn,,hypothesis,neutral,,,,,A man in clown make-up performs stunts for a crowd.,A man in clown make-up makes stunts for a crowd.,0.9969485402107239,0.9883297681808472,0.9883297681808472,0.9969485402107239,0.9883297681808472,0.9883297681808472,neutral,0.9148843288421631,neutral,0.8087426424026489,,,[],[],0.09090909090909094,True,[],,,,,,,0.9899200201034546,0.9531279802322388,0.9267857074737549,0.9267857074737549,0.9617829918861389,0.9757933020591736,,,,,,,
603,403976,,403976:premise:fra_Latn,,premise,contradiction,,,,,People are sitting at a park under flowering trees.,People are sitting in a park under flowering trees.,0.996148943901062,0.9968329071998596,0.996148943901062,0.996148943901062,0.9968329071998596,0.996148943901062,contradiction,0.9997472167015076,contradiction,0.9997496008872986,,,[],"[{""group"":""space"",""original"":{""under"":1},""candidate"":{""under"":1,""in"":1},""field"":""premise""}]",0.039215686274509776,True,[],,,,,,,0.9967585206031799,0.9928709864616394,0.989032506942749,0.989032506942749,0.9690268635749817,0.9791767597198486,,,,,,,
604,404415,,404415:premise:fra_Latn,,premise,entailment,,,,,"A man taking a photograph, holding a postcard","A man taking a picture, holding a postcard.",0.9947197437286377,0.9867092370986938,0.9867092370986938,0.9947197437286377,0.9867092370986938,0.9867092370986938,entailment,0.995964527130127,entailment,0.9971877932548523,,,[],[],0.13636363636363635,True,[],,,,,,,0.9968125224113464,0.9932748079299927,0.9890848994255066,0.9890848994255066,0.9717679619789124,0.976769745349884,,,,,,,
604,404415,,404415:hypothesis:fra_Latn,,hypothesis,entailment,,,,,There is a man holding a post card.,There's a man holding a postcard.,0.9950923919677734,0.9966477751731873,0.9950923919677734,0.9950923919677734,0.9966477751731873,0.9950923919677734,entailment,0.995964527130127,entailment,0.996364176273346,,,[],[],0.05882352941176472,True,[],,,,,,,0.9967183470726013,0.992161214351654,0.9926427006721497,0.992161214351654,0.9698825478553772,0.8943988680839539,,,,,,,
606,407270,,407270:premise:fra_Latn,,premise,neutral,,,,,A man standing next to a women's restroom in an orange shirt.,A man standing next to a women's bathroom in an orange shirt.,0.995334804058075,0.9940133690834045,0.9940133690834045,0.995334804058075,0.9940133690834045,0.9940133690834045,neutral,0.9988237023353577,neutral,0.9985722303390503,,,[],[],0.049180327868852514,True,[],,,,,,,0.996787428855896,0.9931405186653137,0.9931119680404663,0.9931119680404663,0.9709957242012024,0.8666753172874451,,,,,,,
606,407270,,407270:hypothesis:fra_Latn,,hypothesis,neutral,,,,,The man's wife is in the restroom.,The man's wife is in the bathroom.,0.9965397119522095,0.9953321814537048,0.9953321814537048,0.9965397119522095,0.9953321814537048,0.9953321814537048,neutral,0.9988237023353577,neutral,0.9985594153404236,,,[],[],0.08823529411764708,True,[],,,,,,,0.9964902997016907,0.9733387231826782,0.9794841408729553,0.9733387231826782,0.9702125191688538,0.8702883720397949,,,,,,,
607,407321,,407321:hypothesis:fra_Latn,,hypothesis,neutral,,,,,a person is laying down because he is having a heart attack,a person goes to bed because they have a heart attack,0.9921159148216248,0.9825989007949829,0.9825989007949829,0.9921159148216248,0.9825989007949829,0.9825989007949829,neutral,0.9973529577255249,neutral,0.9970417618751526,,,[],[],0.2321428571428571,True,[],,,,,,,0.8602103590965271,0.9891393780708313,0.9888671040534973,0.9888671040534973,0.9674487709999084,0.14165106415748596,,,,,,,
608,411654,,411654:premise:fra_Latn,,premise,entailment,,,,,"A group of people are sitting around a large white banner that says ""From New York.""","A bunch of people are sitting around a big white flag that says ""New York"".",0.9942077398300171,0.9084454774856567,0.9084454774856567,0.9942077398300171,0.9084454774856567,0.9084454774856567,entailment,0.9978271126747131,entailment,0.9983940720558167,,,[],[],0.1823899371069182,True,[],,,,,,,0.9566981792449951,0.9774911403656006,0.9790569543838501,0.9774911403656006,0.9623023271560669,0.6112819314002991,,,,,,,
608,411654,,411654:hypothesis:fra_Latn,,hypothesis,entailment,,,,,There is a group of people sitting around a large white banner.,There's a group of people sitting around a big white flag.,0.9975208640098572,0.9969303011894226,0.9969303011894226,0.9975208640098572,0.9969303011894226,0.9969303011894226,entailment,0.9978271126747131,entailment,0.9980260133743286,,,[],[],0.14049586776859502,True,[],,,,,,,0.9644859433174133,0.99124675989151,0.9875540733337402,0.9875540733337402,0.9577108025550842,0.7745485305786133,,,,,,,
610,413131,,413131:premise:fra_Latn,,premise,neutral,,,,,A man in a white shirt is working on a laptop while another man in a black shirt points to something on the screen with a pen.,A man in a white shirt is working on a laptop while another man in a black shirt is pointing a pen at something on the screen.,0.9933043122291565,0.9947499632835388,0.9933043122291565,0.9933043122291565,0.9947499632835388,0.9933043122291565,neutral,0.9985820055007935,neutral,0.9983215928077698,,,[],[],0.10317460317460314,True,[],,,,,,,0.9903162121772766,0.993294894695282,0.9927379488945007,0.9927379488945007,0.9711442589759827,0.7473524808883667,,,,,,,
611,413141,,413141:premise:fra_Latn,,premise,entailment,,,,,three young woman walking down a sidewalk looking up,Three young women walking down the sidewalk and looking up.,0.9914293885231018,0.991759717464447,0.9914293885231018,0.9914293885231018,0.991759717464447,0.9914293885231018,entailment,0.9722551703453064,entailment,0.9732607007026672,,,[],[],0.09909909909909909,True,[],,,,,,,0.9957188963890076,0.9813879728317261,0.9936650991439819,0.9813879728317261,0.9663288593292236,0.5700877904891968,,,,,,,
611,413141,,413141:hypothesis:fra_Latn,,hypothesis,entailment,,,,,Three young women walk outside.,Three young women are walking outside.,0.997109591960907,0.99720698595047,0.997109591960907,0.997109591960907,0.99720698595047,0.997109591960907,entailment,0.9722551703453064,entailment,0.9821814894676208,,,[],[],0.10144927536231885,True,[],,,,,,,0.9968417882919312,0.9929661750793457,0.992653489112854,0.992653489112854,0.9668890833854675,0.9092507362365723,,,,,,,
612,415665,,415665:premise:fra_Latn,,premise,neutral,,,,,A girl with yellow sunglasses is laying on the ground with a girl wearing brown sunglasses.,A girl with yellow sunglasses is lying on the floor with a girl with brown sunglasses.,0.9951609969139099,0.9961967468261719,0.9951609969139099,0.9951609969139099,0.9961967468261719,0.9951609969139099,neutral,0.9895109534263611,neutral,0.984955370426178,,,[],[],0.096045197740113,True,[],,,,,,,0.9965001344680786,0.9357976317405701,0.9675619006156921,0.9357976317405701,0.971941351890564,0.8776454925537109,,,,,,,
612,415665,,415665:hypothesis:fra_Latn,,hypothesis,neutral,,,,,sisters lay on the ground,The sisters were lying on the floor.,0.9797397255897522,0.9360321760177612,0.9360321760177612,0.9797397255897522,0.9360321760177612,0.9360321760177612,neutral,0.9895109534263611,neutral,0.9962291121482849,,,[],[],0.3770491803278688,True,[],,,,,,,0.9768511652946472,0.9909738898277283,0.9934551119804382,0.9909738898277283,0.9358854293823242,0.5439600944519043,,,,,,,
613,416052,,416052:hypothesis:fra_Latn,,hypothesis,entailment,,,,,Man carries empty Coke bottles outside.,The man's carrying empty Coca-Cola bottles outside.,0.9950295090675354,0.9981166124343872,0.9950295090675354,0.9950295090675354,0.9981166124343872,0.9950295090675354,entailment,0.9087825417518616,entailment,0.9652332067489624,,,[],[],0.2222222222222222,True,[],,,,,,,0.9929307699203491,0.9909006357192993,0.9922205805778503,0.9909006357192993,0.9655579328536987,0.2556128203868866,,,,,,,
614,417237,,417237:hypothesis:fra_Latn,,hypothesis,entailment,,,,,The people are outdoors.,People are out there.,0.9958397150039673,0.973100483417511,0.973100483417511,0.9958397150039673,0.973100483417511,0.973100483417511,entailment,0.9663259387016296,entailment,0.9889853000640869,,,[],[],0.28888888888888886,True,[],,,,,,,0.9273778200149536,0.9938418865203857,0.9908209443092346,0.9908209443092346,0.9561144709587097,0.023467615246772766,,,,,,,
616,418639,,418639:premise:fra_Latn,,premise,contradiction,,,,,"At a brick-floored area near the beach, a middle-aged white man surrounded by a white family is sitting and painting a portrait of someone.","In a brick area near the beach, a middle-aged white man, surrounded by a white family, is sitting and painting a portrait of someone.",0.9892515540122986,0.9667538404464722,0.9667538404464722,0.9892515540122986,0.9667538404464722,0.9667538404464722,contradiction,0.9993127584457397,contradiction,0.999292254447937,,,[],"[{""group"":""space"",""original"":{""near"":1},""candidate"":{""in"":1,""near"":1},""field"":""premise""}]",0.05147058823529416,True,[],,,,,,,0.9547061920166016,0.9939697980880737,0.9614615440368652,0.9614615440368652,0.9379114508628845,0.8152099251747131,,,,,,,
616,418639,,418639:hypothesis:fra_Latn,,hypothesis,contradiction,,,,,A woman is drawing dogs at the beach.,A woman is drawing dogs on the beach.,0.9967531561851501,0.9971187114715576,0.9967531561851501,0.9967531561851501,0.9971187114715576,0.9967531561851501,contradiction,0.9993127584457397,contradiction,0.9992548823356628,,,[],"[{""group"":""space"",""original"":{},""candidate"":{""on"":1},""field"":""hypothesis""}]",0.05405405405405406,True,[],,,,,,,0.9966413974761963,0.9925623536109924,0.9927542805671692,0.9925623536109924,0.9696734547615051,0.9350775480270386,,,,,,,
618,421310,,421310:premise:fra_Latn,,premise,entailment,,,,,"A person, whose face is blocked, is working on a large wooden loom.",A person with a blocked face works on a large wooden weaver.,0.9636885523796082,0.9836710691452026,0.9636885523796082,0.9636885523796082,0.9836710691452026,0.9636885523796082,entailment,0.9957113265991211,entailment,0.9846476316452026,,,[],[],0.25984251968503935,True,[],,,,,,,0.8343913555145264,0.5783923268318176,0.9038298726081848,0.5783923268318176,0.8951889276504517,0.05223579704761505,,,,,,,
618,421310,,421310:hypothesis:fra_Latn,,hypothesis,entailment,,,,,"A person, whose face is blocked, is working on a wooden loom.",A person with a blocked face works on a wooden weaver.,0.960461437702179,0.9805117845535278,0.960461437702179,0.960461437702179,0.9805117845535278,0.960461437702179,entailment,0.9957113265991211,entailment,0.9641442894935608,,,[],[],0.28695652173913044,True,[],,,,,,,0.843838095664978,0.5376030802726746,0.8952896595001221,0.5376030802726746,0.8814945220947266,0.09427143633365631,,,,,,,
619,422758,,422758:premise:fra_Latn,,premise,contradiction,,,,,A man dressed in a green jacket is playing piano while a woman sings.,A man in a green jacket plays piano while a woman sings.,0.9971261620521545,0.9977942705154419,0.9971261620521545,0.9971261620521545,0.9977942705154419,0.9971261620521545,contradiction,0.9988296627998352,contradiction,0.998997151851654,,,[],[],0.12,True,[],,,,,,,0.9965439438819885,0.9933089017868042,0.9920405745506287,0.9920405745506287,0.9678710699081421,0.7881423830986023,,,,,,,
619,422758,,422758:hypothesis:fra_Latn,,hypothesis,contradiction,,,,,A man is burning a piano.,A man burns a piano.,0.9971020817756653,0.9947634935379028,0.9947634935379028,0.9971020817756653,0.9947634935379028,0.9947634935379028,contradiction,0.9988296627998352,contradiction,0.9990405440330505,,,[],[],0.15555555555555556,True,[],,,,,,,0.9967769980430603,0.9915903210639954,0.9909907579421997,0.9909907579421997,0.9636833071708679,0.7707576751708984,,,,,,,
620,423126,,423126:premise:fra_Latn,,premise,contradiction,,,,,A crane is hoisting someone up next to a building.,A crane lifts someone up next to a building.,0.9966787099838257,0.9950496554374695,0.9950496554374695,0.9966787099838257,0.9950496554374695,0.9950496554374695,contradiction,0.9993797540664673,contradiction,0.9993715882301331,,,[],[],0.12765957446808507,True,[],,,,,,,0.9955295920372009,0.9925534129142761,0.9917803406715393,0.9917803406715393,0.9681156873703003,0.7764654159545898,,,,,,,
620,423126,,423126:hypothesis:fra_Latn,,hypothesis,contradiction,,,,,The crane is lifting up a car.,The crane is lifting a car.,0.9980850219726562,0.9978761672973633,0.9978761672973633,0.9980850219726562,0.9978761672973633,0.9978761672973633,contradiction,0.9993797540664673,contradiction,0.9994254112243652,,,[],[],0.052631578947368474,True,[],,,,,,,0.9924873113632202,0.9931555390357971,0.9933433532714844,0.9931555390357971,0.966593325138092,0.900399923324585,,,,,,,
622,424045,,424045:premise:fra_Latn,,premise,contradiction,,,,,A man sits under an umbrella beside a pond while he works.,A man is sitting under an umbrella by a pond while he is working.,0.9972944855690002,0.9974321722984314,0.9972944855690002,0.9972944855690002,0.9974321722984314,0.9972944855690002,contradiction,0.9982548356056213,contradiction,0.9976287484169006,,,[],"[{""group"":""space"",""original"":{""beside"":1,""under"":1},""candidate"":{""under"":1},""field"":""premise""}]",0.1707317073170732,True,[],,,,,,,0.9967849254608154,0.9922943115234375,0.9927680492401123,0.9922943115234375,0.9722002148628235,0.6698548197746277,,,,,,,
622,424045,,424045:hypothesis:fra_Latn,,hypothesis,contradiction,,,,,A woman is swimming in a pool.,There's a woman swimming in a pool.,0.9982755184173584,0.9979540109634399,0.9979540109634399,0.9982755184173584,0.9979540109634399,0.9979540109634399,contradiction,0.9982548356056213,contradiction,0.9987943172454834,,,[],[],0.16923076923076918,True,[],,,,,,,0.9962707757949829,0.991733193397522,0.992457389831543,0.991733193397522,0.9652723670005798,0.48292338848114014,,,,,,,
624,425301,,425301:premise:fra_Latn,,premise,neutral,,,,,Teenage girls in a dance recital.,Teenage girls at a dance recital.,0.9960015416145325,0.9917710423469543,0.9917710423469543,0.9960015416145325,0.9917710423469543,0.9917710423469543,neutral,0.9944708347320557,neutral,0.9961931705474854,,,[],"[{""group"":""space"",""original"":{""in"":1},""candidate"":{},""field"":""premise""}]",0.06060606060606055,True,[],,,,,,,0.9939383268356323,0.9710935354232788,0.9598019123077393,0.9598019123077393,0.9650057554244995,0.9311924576759338,,,,,,,
624,425301,,425301:hypothesis:fra_Latn,,hypothesis,neutral,,,,,The high school dance team put on a great show.,The high school dance team did a great show.,0.9982384443283081,0.9977758526802063,0.9977758526802063,0.9982384443283081,0.9977758526802063,0.9977758526802063,neutral,0.9944708347320557,neutral,0.9962814450263977,,,[],"[{""group"":""space"",""original"":{""on"":1},""candidate"":{},""field"":""hypothesis""}]",0.09890109890109888,True,[],,,,,,,0.9956696033477783,0.9920538663864136,0.993919849395752,0.9920538663864136,0.9673826098442078,0.8409505486488342,,,,,,,
625,426181,,426181:premise:fra_Latn,,premise,entailment,,,,,Lady wearing spectacles points camera with some trepidation.,A woman with glasses is pointing at the camera with a little fear.,0.9977458119392395,0.9979544878005981,0.9977458119392395,0.9977458119392395,0.9979544878005981,0.9977458119392395,entailment,0.9818992614746094,entailment,0.8931990265846252,,,[],"[{""group"":""quantifier"",""original"":{""some"":1},""candidate"":{},""field"":""premise""}]",0.5555555555555556,True,[],,,,,,,0.9865581393241882,0.9943952560424805,0.9936333894729614,0.9936333894729614,0.9514808058738708,0.2401752471923828,,,,,,,
625,426181,,426181:hypothesis:fra_Latn,,hypothesis,entailment,,,,,A lady is holding a camera.,There's a lady holding a camera.,0.9981164932250977,0.9977612495422363,0.9977612495422363,0.9981164932250977,0.9977612495422363,0.9977612495422363,entailment,0.9818992614746094,entailment,0.9863421320915222,,,[],[],0.18644067796610164,True,[],,,,,,,0.9960305094718933,0.9922652244567871,0.9924513697624207,0.9922652244567871,0.9633740186691284,0.601803719997406,,,,,,,
627,426484,,426484:premise:fra_Latn,,premise,entailment,,,,,"A man resting in a blue hammock, boots and pack off, as he looks out over a flowing river.","A man resting in a blue hammock, boots and luggage, as he looks over a flowing river.",0.9857688546180725,0.9318346977233887,0.9318346977233887,0.9857688546180725,0.9318346977233887,0.9318346977233887,entailment,0.9786408543586731,entailment,0.9751974940299988,,,[],[],0.0971428571428572,True,[],,,,,,,0.9232707619667053,0.8862679600715637,0.8061366677284241,0.8061366677284241,0.8983504772186279,0.5445010662078857,,,,,,,
627,426484,,426484:hypothesis:fra_Latn,,hypothesis,entailment,,,,,A man is outside.,There's a man outside.,0.9971101880073547,0.9969460368156433,0.9969460368156433,0.9971101880073547,0.9969460368156433,0.9969460368156433,entailment,0.9786408543586731,entailment,0.9773759841918945,,,[],[],0.28205128205128205,True,[],,,,,,,0.9934211373329163,0.9938230514526367,0.9939970970153809,0.9938230514526367,0.9604102373123169,0.7162054777145386,,,,,,,
628,426839,,426839:premise:fra_Latn,,premise,entailment,,,,,Two women on the patio having drinks.,"Two women on the patio, drinking.",0.9971116781234741,0.9975764155387878,0.9971116781234741,0.9971116781234741,0.9975764155387878,0.9971116781234741,entailment,0.9848479628562927,entailment,0.9898375272750854,,,[],[],0.17142857142857137,True,[],,,,,,,0.9967233538627625,0.9938821792602539,0.9938327074050903,0.9938327074050903,0.9667418003082275,0.6423813700675964,,,,,,,
630,428056,,428056:premise:fra_Latn,,premise,contradiction,,,,,A construction worker in a neon vest is working with electrical equipment while sparks fly.,A construction worker in a neon vest works with electrical equipment while sparks fly.,0.9957075119018555,0.9960657954216003,0.9957075119018555,0.9957075119018555,0.9960657954216003,0.9957075119018555,contradiction,0.9827812314033508,contradiction,0.9463722705841064,,,[],[],0.039548022598870025,True,[],,,,,,,0.9967049956321716,0.9941752552986145,0.994269847869873,0.9941752552986145,0.972076952457428,0.8086146116256714,,,,,,,
630,428056,,428056:hypothesis:fra_Latn,,hypothesis,contradiction,,,,,A construction worker is on his lunch break,A construction worker is on lunch break.,0.9963529109954834,0.9185500741004944,0.9185500741004944,0.9963529109954834,0.9185500741004944,0.9185500741004944,contradiction,0.9827812314033508,contradiction,0.9988133907318115,,,[],[],0.06024096385542166,True,[],,,,,,,0.9961338043212891,0.9906551241874695,0.9767313003540039,0.9767313003540039,0.9645182490348816,0.880168080329895,,,,,,,
631,429004,,429004:premise:fra_Latn,,premise,contradiction,,,,,Two women observing a fountain in a park.,Two women watching a fountain in a park.,0.9964615702629089,0.9933991432189941,0.9933991432189941,0.9964615702629089,0.9933991432189941,0.9933991432189941,contradiction,0.9978576302528381,contradiction,0.9980903267860413,,,[],[],0.13580246913580252,True,[],,,,,,,0.9965971112251282,0.9922100305557251,0.9914552569389343,0.9914552569389343,0.9697992205619812,1.0223783254623413,,,,,,,
631,429004,,429004:hypothesis:fra_Latn,,hypothesis,contradiction,,,,,two women dig up their yard for a garden,Two women are digging their garden for a garden.,0.9552555084228516,0.9461994767189026,0.9461994767189026,0.9552555084228516,0.9461994767189026,0.9461994767189026,contradiction,0.9978576302528381,contradiction,0.9992400407791138,,,[],[],0.18181818181818177,True,[],,,,,,,0.9686222672462463,0.9742448925971985,0.9816486835479736,0.9742448925971985,0.9112268686294556,0.2918771207332611,,,,,,,
632,430526,,430526:premise:fra_Latn,,premise,contradiction,,,,,A skilled surfer rides a very large wave;,An experienced surfer is riding a very large wave.,0.9962189793586731,0.9961571097373962,0.9961571097373962,0.9962189793586731,0.9961571097373962,0.9961571097373962,contradiction,0.9994837045669556,contradiction,0.9996756315231323,,,[],[],0.25274725274725274,True,[],,,,,,,0.9289368391036987,0.9931526184082031,0.993565022945404,0.9931526184082031,0.9667518138885498,0.46161699295043945,,,,,,,
634,431938,,431938:premise:fra_Latn,,premise,contradiction,,,,,A woman talks on a cellphone on an Asian market street.,A woman is talking on her cell phone on a street in the Asian market.,0.9893336892127991,0.9972471594810486,0.9893336892127991,0.9893336892127991,0.9972471594810486,0.9893336892127991,contradiction,0.9997377991676331,contradiction,0.9997230172157288,,,[],"[{""group"":""space"",""original"":{""on"":2},""candidate"":{""in"":1,""on"":2},""field"":""premise""}]",0.25806451612903225,True,[],,,,,,,0.9951518774032593,0.9909257888793945,0.9908547401428223,0.9908547401428223,0.9614821672439575,0.5181607604026794,,,,,,,
635,431953,,431953:premise:fra_Latn,,premise,entailment,,,,,A man and a woman are walking in a street.,A man and a woman are walking down a street.,0.981605589389801,0.9948922395706177,0.981605589389801,0.981605589389801,0.9948922395706177,0.981605589389801,entailment,0.9761167764663696,entailment,0.995741605758667,,,[],"[{""group"":""space"",""original"":{""in"":1},""candidate"":{},""field"":""premise""}]",0.046511627906976716,True,[],,,,,,,0.9966902732849121,0.9886425137519836,0.9810009598731995,0.9810009598731995,0.9608696103096008,0.8130698204040527,,,,,,,
635,431953,,431953:hypothesis:fra_Latn,,hypothesis,entailment,,,,,a man and a woman walk down the street,A man and a woman are walking down the street,0.9967902302742004,0.9963037967681885,0.9963037967681885,0.9967902302742004,0.9963037967681885,0.9963037967681885,entailment,0.9761167764663696,entailment,0.9226496815681458,,,[],[],0.08433734939759041,True,[],,,,,,,0.9950309991836548,0.9852877855300903,0.9834586381912231,0.9834586381912231,0.969614565372467,0.8591079711914062,,,,,,,
636,432209,,432209:hypothesis:fra_Latn,,hypothesis,contradiction,,,,,A woman is sleeping on the street.,A woman sleeps on the street.,0.9973852038383484,0.9960134029388428,0.9960134029388428,0.9973852038383484,0.9960134029388428,0.9960134029388428,contradiction,0.999560534954071,contradiction,0.9993114471435547,,,[],[],0.11111111111111116,True,[],,,,,,,0.9966257810592651,0.9927189350128174,0.9926872253417969,0.9926872253417969,0.965518593788147,0.8754926919937134,,,,,,,
637,433659,,433659:premise:fra_Latn,,premise,contradiction,,,,,A man riding a horse is chasing after a young cow with a lasso.,A man on a horse chases a young cow with a lasso.,0.998104453086853,0.9979538917541504,0.9979538917541504,0.998104453086853,0.9979538917541504,0.9979538917541504,contradiction,0.9992503523826599,contradiction,0.9991388320922852,,,[],"[{""group"":""time"",""original"":{""after"":1},""candidate"":{},""field"":""premise""},{""group"":""space"",""original"":{},""candidate"":{""on"":1},""field"":""premise""}]",0.1607142857142857,True,[],,,,,,,0.9961898326873779,0.9932848215103149,0.9927278757095337,0.9927278757095337,0.9715360999107361,0.5294543504714966,,,,,,,
637,433659,,433659:hypothesis:fra_Latn,,hypothesis,contradiction,,,,,a lasso is being used on a pig,a lasso is used on a pig,0.9959068298339844,0.9916917085647583,0.9916917085647583,0.9959068298339844,0.9916917085647583,0.9916917085647583,contradiction,0.9992503523826599,contradiction,0.9947945475578308,,,[],[],0.11111111111111116,True,[],,,,,,,0.9968481659889221,0.9845215678215027,0.9837950468063354,0.9837950468063354,0.9694064855575562,0.8949418663978577,,,,,,,
639,437702,,437702:premise:fra_Latn,,premise,entailment,,,,,A person swims in a pool by a waterfall.,A person swims in a pool near a waterfall.,0.9968609809875488,0.9956569671630859,0.9956569671630859,0.9968609809875488,0.9956569671630859,0.9956569671630859,entailment,0.9935575127601624,entailment,0.9910968542098999,,,[],"[{""group"":""space"",""original"":{""in"":1},""candidate"":{""in"":1,""near"":1},""field"":""premise""}]",0.07317073170731703,True,[],,,,,,,0.9966651797294617,0.9933770298957825,0.9930636286735535,0.9930636286735535,0.9711758494377136,0.9195950031280518,,,,,,,
639,437702,,437702:hypothesis:fra_Latn,,hypothesis,entailment,,,,,A person is near the waterfall.,There's a person near the waterfall.,0.9979641437530518,0.9977228045463562,0.9977228045463562,0.9979641437530518,0.9977228045463562,0.9977228045463562,entailment,0.9935575127601624,entailment,0.9929826259613037,,,[],[],0.16417910447761197,True,[],,,,,,,0.9967787861824036,0.9932789206504822,0.9933470487594604,0.9932789206504822,0.965175449848175,0.5877187848091125,,,,,,,
645,441649,,441649:premise:fra_Latn,,premise,entailment,,,,,A small boy in a white shirt is jumping with a sword in his hand.,A little boy in a white shirt jumps with a sword in his hand.,0.9974149465560913,0.997638463973999,0.9974149465560913,0.9974149465560913,0.997638463973999,0.9974149465560913,entailment,0.9400140047073364,entailment,0.9575933814048767,,,[],[],0.11111111111111116,True,[],,,,,,,0.9967378973960876,0.9932491779327393,0.9924138188362122,0.9924138188362122,0.9683442115783691,0.7381682395935059,,,,,,,
646,442027,,442027:premise:fra_Latn,,premise,contradiction,,,,,A child in an orange t-shirt is riding a green bike beside a pathway.,A child in an orange t-shirt is riding a green bike near a trail.,0.9970272183418274,0.9963156580924988,0.9963156580924988,0.9970272183418274,0.9963156580924988,0.9963156580924988,contradiction,0.9992687106132507,contradiction,0.9992566704750061,,,[],"[{""group"":""space"",""original"":{""beside"":1,""in"":1},""candidate"":{""in"":1,""near"":1},""field"":""premise""}]",0.13432835820895528,True,[],,,,,,,0.9347847700119019,0.9871342778205872,0.9747574925422668,0.9747574925422668,0.9091981649398804,0.8302465081214905,,,,,,,
649,443307,,443307:premise:fra_Latn,,premise,neutral,,,,,"In a tilted picture, two boys in a poor country run towards a doorway.","In a slanted image, two young men from a poor country run to a door.",0.9964704513549805,0.996085524559021,0.996085524559021,0.9964704513549805,0.996085524559021,0.996085524559021,neutral,0.9994198083877563,neutral,0.9991670846939087,,,[],"[{""group"":""space"",""original"":{""in"":2},""candidate"":{""in"":1},""field"":""premise""}]",0.26086956521739135,True,[],,,,,,,0.9211409091949463,0.9841830134391785,0.9721449017524719,0.9721449017524719,0.9105131030082703,0.5235174894332886,,,,,,,
649,443307,,443307:hypothesis:fra_Latn,,hypothesis,neutral,,,,,Two boys wearing blue run toward a doorway in a picture.,Two boys in blue running to a door in a photo.,0.9973633885383606,0.9980249404907227,0.9973633885383606,0.9973633885383606,0.9980249404907227,0.9973633885383606,neutral,0.9994198083877563,neutral,0.9984269142150879,,,[],"[{""group"":""space"",""original"":{""in"":1},""candidate"":{""in"":2},""field"":""hypothesis""}]",0.23529411764705888,True,[],,,,,,,0.9967299699783325,0.976257860660553,0.976357638835907,0.976257860660553,0.9311405420303345,0.5712672472000122,,,,,,,
650,445694,,445694:premise:fra_Latn,,premise,neutral,,,,,A person riding a horse trying to rope a calf that is running from them.,A person on a horse trying to tie up a calf that runs away.,0.9973955154418945,0.9959956407546997,0.9959956407546997,0.9973955154418945,0.9959956407546997,0.9959956407546997,neutral,0.9665780663490295,neutral,0.876724123954773,,,[],"[{""group"":""space"",""original"":{},""candidate"":{""on"":1},""field"":""premise""}]",0.26717557251908397,True,[],,,,,,,0.9295994639396667,0.9884266257286072,0.9831962585449219,0.9831962585449219,0.948763370513916,0.44262489676475525,,,,,,,
650,445694,,445694:hypothesis:fra_Latn,,hypothesis,neutral,,,,,A person is competing at a rodeo.,A person is competing in a rodeo.,0.9953463673591614,0.9959782361984253,0.9953463673591614,0.9953463673591614,0.9959782361984253,0.9953463673591614,neutral,0.9665780663490295,neutral,0.9513978362083435,,,[],"[{""group"":""space"",""original"":{},""candidate"":{""in"":1},""field"":""hypothesis""}]",0.06060606060606055,True,[],,,,,,,0.9968366622924805,0.9839539527893066,0.9813344478607178,0.9813344478607178,0.9663828611373901,0.9387177228927612,,,,,,,
651,445900,,445900:hypothesis:fra_Latn,,hypothesis,entailment,,,,,Some people are maneuvering radio controlled gadgets.,Some people operate controlled radio gadgets.,0.9945595860481262,0.995043158531189,0.9945595860481262,0.9945595860481262,0.995043158531189,0.9945595860481262,entailment,0.9962111711502075,entailment,0.9931203126907349,,,[],[],0.2857142857142857,True,[],,,,,,,0.8936498761177063,0.987076461315155,0.9798693060874939,0.9798693060874939,0.9219379425048828,0.5479433536529541,,,,,,,
653,447248,,447248:premise:fra_Latn,,premise,entailment,,,,,An Asian man makes calligraphy on a green table with newspaper on it.,An Asian guy is doing calligraphy on a green table with a newspaper on it.,0.9977184534072876,0.9977251887321472,0.9977184534072876,0.9977184534072876,0.9977251887321472,0.9977184534072876,entailment,0.8958956003189087,entailment,0.9053764343261719,,,[],[],0.14685314685314688,True,[],,,,,,,0.9967131614685059,0.9914644360542297,0.9917814135551453,0.9914644360542297,0.9726492762565613,0.6971648335456848,,,,,,,
655,448093,,448093:premise:fra_Latn,,premise,entailment,,,,,"A security guard stands by a metal, lighted sculpture.",A security guard stands near a burning metal sculpture.,0.9680427312850952,0.9949285984039307,0.9680427312850952,0.9680427312850952,0.9949285984039307,0.9680427312850952,entailment,0.996647298336029,entailment,0.9952267408370972,,,[],"[{""group"":""space"",""original"":{},""candidate"":{""near"":1},""field"":""premise""}]",0.21100917431192656,True,[],,,,,,,0.7468477487564087,0.9932543635368347,0.9913569688796997,0.9913569688796997,0.8884587287902832,0.05743428319692612,,,,,,,
655,448093,,448093:hypothesis:fra_Latn,,hypothesis,entailment,,,,,A person guards a sculpture.,A person keeps a sculpture.,0.9924302697181702,0.9604913592338562,0.9604913592338562,0.9924302697181702,0.9604913592338562,0.9604913592338562,entailment,0.996647298336029,entailment,0.9665510654449463,,,[],[],0.1636363636363637,True,[],,,,,,,0.8985587954521179,0.9891970753669739,0.8942425847053528,0.8942425847053528,0.8496934771537781,0.26669418811798096,,,,,,,
661,450897,,450897:premise:fra_Latn,,premise,contradiction,,,,,A chef is preparing some food.,A chef cooks food.,0.9965488314628601,0.9954066276550293,0.9954066276550293,0.9965488314628601,0.9954066276550293,0.9954066276550293,contradiction,0.9969047904014587,contradiction,0.999014139175415,,,[],"[{""group"":""quantifier"",""original"":{""some"":1},""candidate"":{},""field"":""premise""}]",0.41666666666666663,True,[],,,,,,,0.9062032103538513,0.9919613003730774,0.9882539510726929,0.9882539510726929,0.936548113822937,0.40430939197540283,,,,,,,
661,450897,,450897:hypothesis:fra_Latn,,hypothesis,contradiction,,,,,In the kitchen the man washes dishes.,"In the kitchen, the man washes the dishes.",0.9977641105651855,0.9981822967529297,0.9977641105651855,0.9977641105651855,0.9981822967529297,0.9977641105651855,contradiction,0.9969047904014587,contradiction,0.9989845156669617,,,[],[],0.06329113924050633,True,[],,,,,,,0.9963797926902771,0.9925549626350403,0.9938638210296631,0.9925549626350403,0.9707301259040833,0.8357915878295898,,,,,,,
664,453097,,453097:hypothesis:fra_Latn,,hypothesis,neutral,,,,,The people are almost to the finish line.,People are almost at the finish line.,0.9966778755187988,0.9935718774795532,0.9935718774795532,0.9966778755187988,0.9935718774795532,0.9935718774795532,neutral,0.9975109100341797,neutral,0.9947739243507385,,,[],[],0.07692307692307687,True,[],,,,,,,0.9967681169509888,0.9932763576507568,0.989504337310791,0.989504337310791,0.9621505737304688,0.932458758354187,,,,,,,
667,456266,,456266:premise:fra_Latn,,premise,neutral,,,,,A guy lifts some heavy weights while an older man assists him.,A guy lifts heavy weights while an older man helps him.,0.9972472786903381,0.9931424856185913,0.9931424856185913,0.9972472786903381,0.9931424856185913,0.9931424856185913,neutral,0.9930018782615662,neutral,0.9924800395965576,,,[],"[{""group"":""quantifier"",""original"":{""some"":1},""candidate"":{},""field"":""premise""}]",0.1282051282051282,True,[],,,,,,,0.9966721534729004,0.9942359328269958,0.9934701919555664,0.9934701919555664,0.9713311195373535,0.9607025980949402,,,,,,,
668,456761,,456761:premise:fra_Latn,,premise,contradiction,,,,,"Three dogs run on beach, two playing with unknown object.","Three dogs are running on the beach, two are playing with an unknown object.",0.9944422841072083,0.9958317875862122,0.9944422841072083,0.9944422841072083,0.9958317875862122,0.9944422841072083,contradiction,0.9994820952415466,contradiction,0.9993165731430054,,,[],[],0.1428571428571429,True,[],,,,,,,0.9964364767074585,0.9929383397102356,0.9935100674629211,0.9929383397102356,0.9717740416526794,0.673076868057251,,,,,,,
668,456761,,456761:hypothesis:fra_Latn,,hypothesis,contradiction,,,,,Three dogs are swimming in the ocean.,Three dogs swimming in the ocean.,0.9962044358253479,0.9960162043571472,0.9960162043571472,0.9962044358253479,0.9960162043571472,0.9960162043571472,contradiction,0.9994820952415466,contradiction,0.9994882345199585,,,[],[],0.05714285714285716,True,[],,,,,,,0.996408998966217,0.991196870803833,0.9917627573013306,0.991196870803833,0.9677427411079407,0.5359200239181519,,,,,,,
671,457899,,457899:premise:fra_Latn,,premise,entailment,,,,,A woman in a red dress and a man in a white suite are engaging in a ballet performance on a purple lit stage.,A woman in a red dress and a man in a white suite perform a ballet on a purple-lit stage.,0.9907612204551697,0.9952066540718079,0.9907612204551697,0.9907612204551697,0.9952066540718079,0.9907612204551697,entailment,0.9944114089012146,entailment,0.9955931305885315,,,[],"[{""group"":""space"",""original"":{""in"":3,""on"":1},""candidate"":{""in"":2,""on"":1},""field"":""premise""}]",0.1717171717171717,True,[],,,,,,,0.9967460632324219,0.9929208159446716,0.9928179979324341,0.9928179979324341,0.9678165316581726,0.742405891418457,,,,,,,
671,457899,,457899:hypothesis:fra_Latn,,hypothesis,entailment,,,,,A man and woman are dancing.,A man and a woman are dancing.,0.9968212842941284,0.9973016977310181,0.9968212842941284,0.9968212842941284,0.9973016977310181,0.9968212842941284,entailment,0.9944114089012146,entailment,0.9937978386878967,,,[],[],0.03448275862068961,True,[],,,,,,,0.9966013431549072,0.9934953451156616,0.9934253692626953,0.9934253692626953,0.9641662836074829,0.9670112729072571,,,,,,,
672,458599,,458599:hypothesis:fra_Latn,,hypothesis,neutral,,,,,A man is riding his bicycle in the forest to exercise.,A man is cycling in the woods to train.,0.9970609545707703,0.9950292706489563,0.9950292706489563,0.9970609545707703,0.9950292706489563,0.9950292706489563,neutral,0.9978860020637512,neutral,0.9989452958106995,,,[],[],0.3548387096774194,True,[],,,,,,,0.9816820025444031,0.9543803334236145,0.9640951156616211,0.9543803334236145,0.8477240204811096,0.15748834609985352,,,,,,,
673,458628,,458628:hypothesis:fra_Latn,,hypothesis,contradiction,,,,,The girls have no fingers.,Girls don't have fingers.,0.9971713423728943,0.9845578074455261,0.9845578074455261,0.9971713423728943,0.9845578074455261,0.9845578074455261,contradiction,0.9996150732040405,contradiction,0.9995885491371155,,,[],"[{""group"":""negation"",""original"":{""no"":1},""candidate"":{""not"":1},""field"":""hypothesis""}]",0.2549019607843137,True,[],,,,,,,0.9593719244003296,0.9940735697746277,0.9910274147987366,0.9910274147987366,0.9579029679298401,0.7620878219604492,,,,,,,
674,459828,,459828:hypothesis:fra_Latn,,hypothesis,entailment,,,,,Someone is jumping.,Somebody's going to jump.,0.9948240518569946,0.9834798574447632,0.9834798574447632,0.9948240518569946,0.9834798574447632,0.9834798574447632,entailment,0.9872714877128601,entailment,0.893547773361206,,,[],[],0.40909090909090906,True,[],,,,,,,0.8391153216362,0.985815167427063,0.9790266752243042,0.9790266752243042,0.8634681701660156,0.55462247133255,,,,,,,
677,463559,,463559:premise:fra_Latn,,premise,neutral,,,,,"A woman is jogging on a road by a shoreline, holding an item up in the air.","A woman runs down a road near a beach, holding an object in the air.",0.9974299073219299,0.9969039559364319,0.9969039559364319,0.9974299073219299,0.9969039559364319,0.9969039559364319,neutral,0.996781587600708,neutral,0.9827568531036377,,,[],"[{""group"":""space"",""original"":{""in"":1,""on"":1},""candidate"":{""in"":1,""near"":1},""field"":""premise""}]",0.30069930069930073,True,[],,,,,,,0.901122510433197,0.9936864972114563,0.9931907057762146,0.9931907057762146,0.9092004299163818,0.6342741847038269,,,,,,,
677,463559,,463559:hypothesis:fra_Latn,,hypothesis,neutral,,,,,The woman is holding a rock.,The woman is holding a stone.,0.9979016780853271,0.9981499910354614,0.9979016780853271,0.9979016780853271,0.9981499910354614,0.9979016780853271,neutral,0.996781587600708,neutral,0.9978171586990356,,,[],[],0.1228070175438597,True,[],,,,,,,0.9967448711395264,0.9913689494132996,0.9912809729576111,0.9912809729576111,0.6652176976203918,1.0256626605987549,,,,,,,
679,463687,,463687:premise:fra_Latn,,premise,neutral,,,,,Children are playing outside in a rocky area beside a river.,The children are playing outside in a rocky area by a river.,0.9940195083618164,0.996971607208252,0.9940195083618164,0.9940195083618164,0.996971607208252,0.9940195083618164,neutral,0.9972471594810486,neutral,0.996439516544342,,,[],"[{""group"":""space"",""original"":{""beside"":1,""outside"":1,""in"":1},""candidate"":{""outside"":1,""in"":1},""field"":""premise""}]",0.08333333333333337,True,[],,,,,,,0.9965850114822388,0.9934713840484619,0.9935593605041504,0.9934713840484619,0.9704751968383789,0.7029954195022583,,,,,,,
680,464513,,464513:premise:fra_Latn,,premise,contradiction,,,,,A small kid wearing a helmet smiles while his father is doing some adjustment at its back.,A little boy wearing a helmet smiles as his father makes adjustments to his back.,0.9947478175163269,0.9979636669158936,0.9947478175163269,0.9947478175163269,0.9979636669158936,0.9947478175163269,contradiction,0.9989025592803955,contradiction,0.9988510608673096,,,[],"[{""group"":""quantifier"",""original"":{""some"":1},""candidate"":{},""field"":""premise""}]",0.23976608187134507,True,[],,,,,,,0.928601086139679,0.9906665682792664,0.993848979473114,0.9906665682792664,0.957654595375061,0.6058636903762817,,,,,,,
680,464513,,464513:hypothesis:fra_Latn,,hypothesis,contradiction,,,,,The kid is flying through the sky wearing a cape.,The kid's flying in the sky in a cape.,0.9966680407524109,0.9968929290771484,0.9966680407524109,0.9966680407524109,0.9968929290771484,0.9966680407524109,contradiction,0.9989025592803955,contradiction,0.9987398982048035,,,[],"[{""group"":""space"",""original"":{""through"":1},""candidate"":{""in"":2},""field"":""hypothesis""}]",0.1954022988505747,True,[],,,,,,,0.9968228340148926,0.991830050945282,0.9917038679122925,0.9917038679122925,0.9703159928321838,0.43069976568222046,,,,,,,
681,464854,,464854:hypothesis:fra_Latn,,hypothesis,entailment,,,,,There are two boys.,There's two boys.,0.9938884973526001,0.9925715327262878,0.9925715327262878,0.9938884973526001,0.9925715327262878,0.9925715327262878,entailment,0.9669817090034485,entailment,0.9680482745170593,,,[],[],0.16666666666666663,True,[],,,,,,,0.9966313242912292,0.9933499693870544,0.9933233857154846,0.9933233857154846,0.9613469839096069,0.8043712377548218,,,,,,,
682,464901,,464901:hypothesis:fra_Latn,,hypothesis,contradiction,,,,,A man juggles on the street.,A man juggling in the street.,0.9952263832092285,0.9976685643196106,0.9952263832092285,0.9952263832092285,0.9976685643196106,0.9952263832092285,contradiction,0.9843907952308655,contradiction,0.969651460647583,,,[],"[{""group"":""space"",""original"":{""on"":1},""candidate"":{""in"":1},""field"":""hypothesis""}]",0.1228070175438597,True,[],,,,,,,0.996776282787323,0.9926643967628479,0.9930579662322998,0.9926643967628479,0.9670454859733582,0.6286109685897827,,,,,,,
684,467470,,467470:premise:fra_Latn,,premise,contradiction,,,,,A group of people are sitting on the top of a boat.,A group of people is sitting on top of a boat.,0.9975305199623108,0.9973522424697876,0.9973522424697876,0.9975305199623108,0.9973522424697876,0.9973522424697876,contradiction,0.9991703033447266,contradiction,0.9991542100906372,,,[],[],0.09278350515463918,True,[],,,,,,,0.9968640804290771,0.9922834038734436,0.9923174381256104,0.9922834038734436,0.9680965542793274,0.918872594833374,,,,,,,
684,467470,,467470:hypothesis:fra_Latn,,hypothesis,contradiction,,,,,The people are swimming,People are swimming .,0.9929838180541992,0.987351655960083,0.987351655960083,0.9929838180541992,0.987351655960083,0.987351655960083,contradiction,0.9991703033447266,contradiction,0.9950849413871765,,,[],[],0.13636363636363635,True,[],,,,,,,0.935889720916748,0.9781855344772339,0.9473095536231995,0.9473095536231995,0.9371647834777832,0.9502441883087158,,,,,,,
686,468548,,468548:premise:fra_Latn,,premise,contradiction,,,,,A class of students all doing different actions.,A class of students doing different things.,0.9944524168968201,0.9669873118400574,0.9669873118400574,0.9944524168968201,0.9669873118400574,0.9669873118400574,contradiction,0.9828447103500366,contradiction,0.9947358965873718,,,[],"[{""group"":""quantifier"",""original"":{""all"":1},""candidate"":{},""field"":""premise""}]",0.09890109890109888,True,[],,,,,,,0.8774440288543701,0.9925118684768677,0.9700082540512085,0.9700082540512085,0.9133086800575256,0.7419186234474182,,,,,,,
687,469856,,469856:hypothesis:fra_Latn,,hypothesis,neutral,,,,,There is a criminal in the back of a police van.,There's a criminal in the back of a police van.,0.9953889846801758,0.9932423233985901,0.9932423233985901,0.9953889846801758,0.9932423233985901,0.9932423233985901,neutral,0.9932206869125366,neutral,0.992734432220459,,,[],[],0.03157894736842104,True,[],,,,,,,0.9967063069343567,0.9915659427642822,0.9921757578849792,0.9915659427642822,0.9685858488082886,0.8925267457962036,,,,,,,
688,470247,,470247:premise:fra_Latn,,premise,entailment,,,,,A man with a yellow hat on is leaning on a wall of some sort.,A man in a yellow hat is leaning on a kind of wall.,0.9956386685371399,0.9916523098945618,0.9916523098945618,0.9956386685371399,0.9916523098945618,0.9916523098945618,entailment,0.9961732029914856,entailment,0.9963239431381226,,,[],"[{""group"":""quantifier"",""original"":{""some"":1},""candidate"":{},""field"":""premise""},{""group"":""space"",""original"":{""on"":2},""candidate"":{""in"":1,""on"":1},""field"":""premise""}]",0.25,True,[],,,,,,,0.9961819648742676,0.9947097301483154,0.9942002296447754,0.9942002296447754,0.9626189470291138,0.580836832523346,,,,,,,
688,470247,,470247:hypothesis:fra_Latn,,hypothesis,entailment,,,,,someone with a yellow hat leans,someone with a leaning yellow hat,0.9576364755630493,0.9678083062171936,0.9576364755630493,0.9576364755630493,0.9678083062171936,0.9576364755630493,entailment,0.9961732029914856,entailment,0.9855786561965942,,,[],[],0.21875,True,[],,,,,,,0.996732234954834,0.984365701675415,0.9877061247825623,0.984365701675415,0.9710131883621216,0.7168850302696228,,,,,,,
691,472789,,472789:premise:fra_Latn,,premise,contradiction,,,,,A young boy points a toy rifle off-camera.,A young boy points a toy rifle out of the camera.,0.9903165698051453,0.9959995746612549,0.9903165698051453,0.9903165698051453,0.9959995746612549,0.9903165698051453,contradiction,0.9994661211967468,contradiction,0.9994592070579529,,,[],[],0.1208791208791209,True,[],,,,,,,0.9931807518005371,0.9498289227485657,0.8487383127212524,0.8487383127212524,0.964695930480957,0.8078739643096924,,,,,,,
691,472789,,472789:hypothesis:fra_Latn,,hypothesis,contradiction,,,,,A boy is holding a sword.,A boy holds a sword.,0.9982060194015503,0.9976587295532227,0.9976587295532227,0.9982060194015503,0.9976587295532227,0.9976587295532227,contradiction,0.9994661211967468,contradiction,0.9992678761482239,,,[],[],0.15555555555555556,True,[],,,,,,,0.9966058731079102,0.9928725957870483,0.992606520652771,0.992606520652771,0.9647192358970642,0.9087220430374146,,,,,,,
692,473855,,473855:hypothesis:fra_Latn,,hypothesis,entailment,,,,,The person is outdoors.,The person is outside.,0.9976844787597656,0.9964697360992432,0.9964697360992432,0.9976844787597656,0.9964697360992432,0.9964697360992432,entailment,0.9745338559150696,entailment,0.9823618531227112,,,[],"[{""group"":""space"",""original"":{},""candidate"":{""outside"":1},""field"":""hypothesis""}]",0.15555555555555556,True,[],,,,,,,0.9966291785240173,0.9933930039405823,0.9937525391578674,0.9933930039405823,0.9631592035293579,0.582461953163147,,,,,,,
694,474740,,474740:premise:fra_Latn,,premise,entailment,,,,,A man in white is playing a black accordion.,A man in white plays a black accordion.,0.9966031312942505,0.9960352778434753,0.9960352778434753,0.9966031312942505,0.9960352778434753,0.9960352778434753,entailment,0.9941936135292053,entailment,0.9926983714103699,,,[],[],0.08433734939759041,True,[],,,,,,,0.9967861175537109,0.9928261041641235,0.991851270198822,0.991851270198822,0.968670129776001,0.870747447013855,,,,,,,
694,474740,,474740:hypothesis:fra_Latn,,hypothesis,entailment,,,,,man plays accordion,the man plays the accordion,0.9962168335914612,0.9961932897567749,0.9961932897567749,0.9962168335914612,0.9961932897567749,0.9961932897567749,entailment,0.9941936135292053,entailment,0.9927189350128174,,,[],[],0.17391304347826086,True,[],,,,,,,0.9967895150184631,0.9870092272758484,0.9866639375686646,0.9866639375686646,0.96864253282547,0.3532136082649231,,,,,,,
696,475232,,475232:premise:fra_Latn,,premise,neutral,,,,,A guy snowboarding down a pole that is on top of a blue vehicle into the snow.,A guy who's snowboarding on a pole that's on a blue vehicle in the snow.,0.99379962682724,0.9225995540618896,0.9225995540618896,0.99379962682724,0.9225995540618896,0.9225995540618896,neutral,0.876193106174469,neutral,0.9310048818588257,,,[],"[{""group"":""space"",""original"":{""on"":1},""candidate"":{""in"":1,""on"":2},""field"":""premise""}]",0.1333333333333333,True,[],,,,,,,0.9851073622703552,0.9255490303039551,0.9778061509132385,0.9255490303039551,0.9616537094116211,0.10008888691663742,,,,,,,
697,475671,,475671:hypothesis:fra_Latn,,hypothesis,neutral,,,,,It was a wedding for two Indian people,It was a wedding for two Indians.,0.9948550462722778,0.9882633686065674,0.9882633686065674,0.9948550462722778,0.9882633686065674,0.9882633686065674,neutral,0.9995456337928772,neutral,0.9995220899581909,,,[],[],0.12676056338028174,True,[],,,,,,,0.9961360096931458,0.9923239946365356,0.9821088314056396,0.9821088314056396,0.9581626057624817,0.7934079170227051,,,,,,,
698,477167,,477167:hypothesis:fra_Latn,,hypothesis,contradiction,,,,,The woman is wearing a white shirt.,The woman wears a white shirt.,0.9979603290557861,0.9972652196884155,0.9972652196884155,0.9979603290557861,0.9972652196884155,0.9972652196884155,contradiction,0.999419093132019,contradiction,0.9993663430213928,,,[],[],0.10769230769230764,True,[],,,,,,,0.9967356324195862,0.9927359819412231,0.9921185970306396,0.9921185970306396,0.968134343624115,0.9174597859382629,,,,,,,
700,477332,,477332:premise:fra_Latn,,premise,entailment,,,,,People are in a restaurant eating.,People eat in a restaurant.,0.9982477426528931,0.9967717528343201,0.9967717528343201,0.9982477426528931,0.9967717528343201,0.9967717528343201,entailment,0.9973662495613098,entailment,0.9959357976913452,,,[],[],0.180327868852459,True,[],,,,,,,0.9968101382255554,0.9932792782783508,0.9916091561317444,0.9916091561317444,0.9664663672447205,0.5892431139945984,,,,,,,
700,477332,,477332:hypothesis:fra_Latn,,hypothesis,entailment,,,,,A group of individuals eating in a restaurant.,A group of people eating in a restaurant.,0.9968259334564209,0.9945230484008789,0.9945230484008789,0.9968259334564209,0.9945230484008789,0.9945230484008789,entailment,0.9973662495613098,entailment,0.9944831728935242,,,[],[],0.1724137931034483,True,[],,,,,,,0.9952229857444763,0.9858762621879578,0.9899885058403015,0.9858762621879578,0.9623000025749207,1.0111433267593384,,,,,,,
702,477962,,477962:hypothesis:fra_Latn,,hypothesis,entailment,,,,,Girls are walking in the daytime.,Girls walk around during the day.,0.9975511431694031,0.9963275790214539,0.9963275790214539,0.9975511431694031,0.9963275790214539,0.9963275790214539,entailment,0.9773757457733154,entailment,0.9831383228302002,,,[],"[{""group"":""time"",""original"":{},""candidate"":{""during"":1},""field"":""hypothesis""},{""group"":""space"",""original"":{""in"":1},""candidate"":{},""field"":""hypothesis""}]",0.33333333333333337,True,[],,,,,,,0.9560046195983887,0.9935343265533447,0.993328332901001,0.993328332901001,0.9348283410072327,0.39206254482269287,,,,,,,
707,485427,,485427:premise:fra_Latn,,premise,neutral,,,,,A child jumps onto a bed.,A child jumps on a bed.,0.9979748129844666,0.9978218078613281,0.9978218078613281,0.9979748129844666,0.9978218078613281,0.9978218078613281,neutral,0.9992644190788269,neutral,0.9992384910583496,,,[],"[{""group"":""space"",""original"":{},""candidate"":{""on"":1},""field"":""premise""}]",0.04166666666666663,True,[],,,,,,,0.9962465167045593,0.9931778907775879,0.9929439425468445,0.9929439425468445,0.9667623043060303,0.9954407215118408,,,,,,,
707,485427,,485427:hypothesis:fra_Latn,,hypothesis,neutral,,,,,The child is jumping on the bed and his big sister is worried that the bed will break and they will get scolded.,The child jumps on the bed and her older sister fears that the bed will break and they will be rebuked.,0.9951778650283813,0.9966118931770325,0.9951778650283813,0.9951778650283813,0.9966118931770325,0.9951778650283813,neutral,0.9992644190788269,neutral,0.9986646175384521,,,[],[],0.2093023255813954,True,[],,,,,,,0.9302051663398743,0.9583398103713989,0.9754465222358704,0.9583398103713989,0.8641102910041809,0.5584876537322998,,,,,,,
708,485580,,485580:premise:fra_Latn,,premise,contradiction,,,,,A man who is wearing glasses is planting trees.,A man in glasses planted trees.,0.9972381591796875,0.9976383447647095,0.9972381591796875,0.9972381591796875,0.9976383447647095,0.9972381591796875,contradiction,0.9983468055725098,contradiction,0.9975330829620361,,,[],"[{""group"":""space"",""original"":{},""candidate"":{""in"":1},""field"":""premise""}]",0.2564102564102564,True,[],,,,,,,0.9544354677200317,0.9925172328948975,0.990575909614563,0.990575909614563,0.9665277004241943,0.4736107885837555,,,,,,,
708,485580,,485580:hypothesis:fra_Latn,,hypothesis,contradiction,,,,,A man plants strawberries.,A man planted strawberries.,0.9975123405456543,0.9969170093536377,0.9969170093536377,0.9975123405456543,0.9969170093536377,0.9969170093536377,contradiction,0.9983468055725098,contradiction,0.9988797307014465,,,[],[],0.05660377358490565,True,[],,,,,,,0.9967693090438843,0.9920212626457214,0.9926362037658691,0.9920212626457214,0.9681362509727478,0.7464002966880798,,,,,,,
710,485858,,485858:premise:fra_Latn,,premise,entailment,,,,,"A woman with long dark hair is walking on a sidewalk past some tall buildings, while two other people walk across the street with their dog.","A woman with long, dark hair walks down a sidewalk in front of tall buildings, while two other people cross the street with their dog.",0.9822638630867004,0.9949982166290283,0.9822638630867004,0.9822638630867004,0.9949982166290283,0.9822638630867004,entailment,0.995815098285675,entailment,0.9913148283958435,,,[],"[{""group"":""quantifier"",""original"":{""some"":1},""candidate"":{},""field"":""premise""},{""group"":""space"",""original"":{""on"":1},""candidate"":{""front"":1,""in"":1},""field"":""premise""}]",0.10948905109489049,True,[],,,,,,,0.9958999752998352,0.9939623475074768,0.9938693046569824,0.9938693046569824,0.9710608124732971,0.7168992757797241,,,,,,,
710,485858,,485858:hypothesis:fra_Latn,,hypothesis,entailment,,,,,People walking.,People are walking.,0.994902491569519,0.9964661598205566,0.994902491569519,0.994902491569519,0.9964661598205566,0.994902491569519,entailment,0.995815098285675,entailment,0.9970822930335999,,,[],[],0.11764705882352944,True,[],,,,,,,0.9848272800445557,0.9933385252952576,0.9938878417015076,0.9933385252952576,0.9580491185188293,0.8321569561958313,,,,,,,
711,486098,,486098:premise:fra_Latn,,premise,entailment,,,,,A professor explaining a University level lecture.,A professor explaining a university lecture.,0.992057740688324,0.9904800057411194,0.9904800057411194,0.992057740688324,0.9904800057411194,0.9904800057411194,entailment,0.8895876407623291,entailment,0.9202702045440674,,,[],[],0.06382978723404253,True,[],,,,,,,0.9174686670303345,0.9857618808746338,0.7369763255119324,0.7369763255119324,0.968602180480957,0.7647259831428528,,,,,,,
713,487229,,487229:premise:fra_Latn,,premise,contradiction,,,,,A young girl in a green bathing suit getting splashed with water.,A young girl in a green swimsuit gets sprayed with water.,0.9861435890197754,0.9951853156089783,0.9861435890197754,0.9861435890197754,0.9951853156089783,0.9861435890197754,contradiction,0.9990410208702087,contradiction,0.9991218447685242,,,[],[],0.16393442622950816,True,[],,,,,,,0.9967840909957886,0.9922341108322144,0.9923588633537292,0.9922341108322144,0.8993995785713196,0.6318547129631042,,,,,,,
714,487685,,487685:hypothesis:fra_Latn,,hypothesis,neutral,,,,,The people are talking.,People are talking.,0.9953835606575012,0.9916812777519226,0.9916812777519226,0.9953835606575012,0.9916812777519226,0.9916812777519226,neutral,0.9925249814987183,neutral,0.9757763743400574,,,[],[],0.09523809523809523,True,[],,,,,,,0.9952084422111511,0.9940246939659119,0.9893213510513306,0.9893213510513306,0.9538016319274902,1.073087453842163,,,,,,,
716,488702,,488702:hypothesis:fra_Latn,,hypothesis,entailment,,,,,"On the grass near the water, a person in a yellow hat walks carrying fishing gear.","On the grass by the water, a person in a yellow hat walks with fishing gear.",0.9974071383476257,0.995556652545929,0.995556652545929,0.9974071383476257,0.995556652545929,0.995556652545929,entailment,0.9972736239433289,entailment,0.9977931976318359,,,[],"[{""group"":""space"",""original"":{""in"":1,""near"":1,""on"":1},""candidate"":{""in"":1,""on"":1},""field"":""hypothesis""}]",0.10126582278481011,True,[],,,,,,,0.9964689016342163,0.9931011199951172,0.9737507700920105,0.9737507700920105,0.9514539837837219,0.6673319935798645,,,,,,,
717,488841,,488841:premise:fra_Latn,,premise,contradiction,,,,,People are standing in a room with a television that has a picture of a boat on the water.,People stand in a room with a TV that has a picture of a boat on the water.,0.98854660987854,0.9898459911346436,0.98854660987854,0.98854660987854,0.9898459911346436,0.98854660987854,contradiction,0.999595582485199,contradiction,0.9996111989021301,,,[],[],0.09090909090909094,True,[],,,,,,,0.9967700242996216,0.9932247996330261,0.9902873039245605,0.9902873039245605,0.9720978140830994,0.9452579021453857,,,,,,,
717,488841,,488841:hypothesis:fra_Latn,,hypothesis,contradiction,,,,,A man sits online in a dark room eating pizza and watching Wheel of Fortune.,"A man is sitting online in a dark room, eating pizza and watching Wheel of Fortune.",0.994082510471344,0.9960103034973145,0.994082510471344,0.994082510471344,0.9960103034973145,0.994082510471344,contradiction,0.999595582485199,contradiction,0.9995607733726501,,,[],[],0.05660377358490565,True,[],,,,,,,0.9964794516563416,0.9936302304267883,0.9935135245323181,0.9935135245323181,0.9727801084518433,0.8667792677879333,,,,,,,
718,489327,,489327:premise:fra_Latn,,premise,contradiction,,,,,A person wearing a red vest climbs up a steep rock.,A person wearing a red vest climbs a steep rock.,0.9973719120025635,0.9968057870864868,0.9968057870864868,0.9973719120025635,0.9968057870864868,0.9968057870864868,contradiction,0.9981104135513306,contradiction,0.9942243695259094,,,[],[],0.030303030303030276,True,[],,,,,,,0.9966803789138794,0.9933658242225647,0.9936356544494629,0.9933658242225647,0.9723256230354309,0.9478024840354919,,,,,,,
720,489857,,489857:premise:fra_Latn,,premise,entailment,,,,,A little boy learning how to handle an owl in the outdoors.,A little boy learning how to handle an owl outside.,0.9961701035499573,0.9922388195991516,0.9922388195991516,0.9961701035499573,0.9922388195991516,0.9922388195991516,entailment,0.9963387250900269,entailment,0.996180534362793,,,[],"[{""group"":""space"",""original"":{""in"":1},""candidate"":{""outside"":1},""field"":""premise""}]",0.12727272727272732,True,[],,,,,,,0.99662846326828,0.9937552213668823,0.9939984083175659,0.9937552213668823,0.9690181612968445,0.7282333374023438,,,,,,,
722,491039,,491039:premise:fra_Latn,,premise,entailment,,,,,A young lady is being videotaped while she's sitting in her stroller in front of a Sysco truck on the sidewalk.,A young woman is filmed as she sits in her stroller in front of a Sysco truck on the sidewalk.,0.9970609545707703,0.9981203675270081,0.9970609545707703,0.9970609545707703,0.9981203675270081,0.9970609545707703,entailment,0.996351957321167,entailment,0.9976656436920166,,,[],[],0.18048780487804883,True,[],,,,,,,0.9924170970916748,0.9941437840461731,0.9942604303359985,0.9941437840461731,0.9731532335281372,0.36749374866485596,,,,,,,
722,491039,,491039:hypothesis:fra_Latn,,hypothesis,entailment,,,,,a young woman is being filmed while she sits in her stroller on the sidewalk in front of a truck,A young woman is filmed sitting in her stroller on the sidewalk in front of a truck,0.9958788156509399,0.9965906143188477,0.9958788156509399,0.9958788156509399,0.9965906143188477,0.9958788156509399,entailment,0.996351957321167,entailment,0.9967730641365051,,,[],[],0.11731843575418999,True,[],,,,,,,0.992962658405304,0.9886609315872192,0.9890729784965515,0.9886609315872192,0.9732316732406616,0.7537748217582703,,,,,,,
723,492175,,492175:premise:fra_Latn,,premise,neutral,,,,,A person holding a small dog on a leash is bending over and looking through items.,A person holding a little dog on a leash bends over and looks at objects.,0.9974679946899414,0.9841564297676086,0.9841564297676086,0.9974679946899414,0.9841564297676086,0.9841564297676086,neutral,0.9994574189186096,neutral,0.9991539716720581,,,[],"[{""group"":""space"",""original"":{""through"":1,""over"":1,""on"":1},""candidate"":{""over"":1,""on"":1},""field"":""premise""}]",0.2129032258064516,True,[],,,,,,,0.9935199618339539,0.994086742401123,0.9661073684692383,0.9661073684692383,0.9719198346138,0.8070813417434692,,,,,,,
723,492175,,492175:hypothesis:fra_Latn,,hypothesis,neutral,,,,,The person is looking though several shopping bags.,The person looks through several shopping bags.,0.9961258769035339,0.9937322735786438,0.9937322735786438,0.9961258769035339,0.9937322735786438,0.9937322735786438,neutral,0.9994574189186096,neutral,0.9993202686309814,,,[],"[{""group"":""space"",""original"":{},""candidate"":{""through"":1},""field"":""hypothesis""}]",0.08163265306122447,True,[],,,,,,,0.9958037734031677,0.993736743927002,0.993557870388031,0.993557870388031,0.968333899974823,0.8631258010864258,,,,,,,
724,493759,,493759:premise:fra_Latn,,premise,contradiction,,,,,Yellow dog catches ball in shallow waters.,The yellow dog catches the ball in shallow water.,0.996661901473999,0.997053861618042,0.996661901473999,0.996661901473999,0.997053861618042,0.996661901473999,contradiction,0.999159574508667,contradiction,0.9992347955703735,,,[],[],0.09890109890109888,True,[],,,,,,,0.9966211318969727,0.9932783246040344,0.9942545294761658,0.9932783246040344,0.9722147583961487,0.6399833559989929,,,,,,,
724,493759,,493759:hypothesis:fra_Latn,,hypothesis,contradiction,,,,,Dog sleeping,Dogs are sleeping,0.9903182983398438,0.9819629192352295,0.9819629192352295,0.9903182983398438,0.9819629192352295,0.9819629192352295,contradiction,0.999159574508667,contradiction,0.9994159936904907,,,[],[],0.1724137931034483,True,[],,,,,,,0.959400475025177,0.9538348317146301,0.9807960987091064,0.9538348317146301,0.7314122915267944,0.06631732732057571,,,,,,,
726,495730,,495730:premise:fra_Latn,,premise,neutral,,,,,A woman in a park wearing a hat and holding a scarf over her face.,A woman in a park wearing a hat and a scarf on her face.,0.9947658777236938,0.9860617518424988,0.9860617518424988,0.9947658777236938,0.9860617518424988,0.9860617518424988,neutral,0.9978094696998596,neutral,0.9975392818450928,,,[],"[{""group"":""space"",""original"":{""over"":1,""in"":1},""candidate"":{""in"":1,""on"":1},""field"":""premise""}]",0.09836065573770492,True,[],,,,,,,0.9829230308532715,0.9934138655662537,0.958134114742279,0.958134114742279,0.9192944765090942,0.8425548076629639,,,,,,,
726,495730,,495730:hypothesis:fra_Latn,,hypothesis,neutral,,,,,A woman is in a city park.,There's a woman in a city park.,0.9975016713142395,0.9974460601806641,0.9974460601806641,0.9975016713142395,0.9974460601806641,0.9974460601806641,neutral,0.9978094696998596,neutral,0.9972084164619446,,,[],[],0.19298245614035092,True,[],,,,,,,0.9967254400253296,0.9911255240440369,0.9919940233230591,0.9911255240440369,0.9629277586936951,0.43625783920288086,,,,,,,
728,496534,,496534:premise:fra_Latn,,premise,neutral,,,,,Three guys riding on an elephant with a house-like structures and trees in the background.,Three guys riding an elephant with structures like a house and trees in the background.,0.9945929646492004,0.9940981864929199,0.9940981864929199,0.9945929646492004,0.9940981864929199,0.9940981864929199,neutral,0.9976564645767212,neutral,0.9982390403747559,,,[],"[{""group"":""space"",""original"":{""in"":1,""on"":1},""candidate"":{""in"":1},""field"":""premise""}]",0.16384180790960456,True,[],,,,,,,0.9967658519744873,0.9940540194511414,0.9938039779663086,0.9938039779663086,0.9713397026062012,0.593621551990509,,,,,,,
728,496534,,496534:hypothesis:fra_Latn,,hypothesis,neutral,,,,,The elephants sometimes fight their trainers.,Elephants sometimes fight with their trainers.,0.9970468878746033,0.9942534565925598,0.9942534565925598,0.9970468878746033,0.9942534565925598,0.9942534565925598,neutral,0.9976564645767212,neutral,0.997800886631012,,,[],[],0.09890109890109888,True,[],,,,,,,0.9891698956489563,0.9938231706619263,0.9937680959701538,0.9937680959701538,0.9702914357185364,0.7197569608688354,,,,,,,
729,499937,,499937:premise:fra_Latn,,premise,contradiction,,,,,They blow their trumpets.,They're blowing their trumpets.,0.9955267310142517,0.9970183372497559,0.9955267310142517,0.9955267310142517,0.9970183372497559,0.9955267310142517,contradiction,0.9990154504776001,contradiction,0.9995607733726501,,,[],[],0.1071428571428571,True,[],,,,,,,0.9957665205001831,0.9914370179176331,0.9938268065452576,0.9914370179176331,0.966612696647644,0.3538569509983063,,,,,,,
729,499937,,499937:hypothesis:fra_Latn,,hypothesis,contradiction,,,,,The trumpeters are playing fiddles.,The trumpets play violins.,0.9897913932800293,0.9909977912902832,0.9897913932800293,0.9897913932800293,0.9909977912902832,0.9897913932800293,contradiction,0.9990154504776001,contradiction,0.9890896677970886,,,[],[],0.3114754098360656,True,[],,,,,,,0.4778638184070587,0.009784749709069729,0.017667163163423538,0.009784749709069729,0.5068690776824951,-0.01598323881626129,,,,,,,
731,501731,,501731:hypothesis:fra_Latn,,hypothesis,contradiction,,,,,No one is jumping from a swing.,No one jumps from a swing.,0.995186984539032,0.9622446298599243,0.9622446298599243,0.995186984539032,0.9622446298599243,0.9622446298599243,contradiction,0.999648928642273,contradiction,0.9996449947357178,,,[],[],0.1228070175438597,True,[],,,,,,,0.9832456111907959,0.9926320314407349,0.981092631816864,0.981092631816864,0.9676525592803955,0.8260974884033203,,,,,,,
733,502223,,502223:premise:fra_Latn,,premise,neutral,,,,,Three men are standing next to each other wearing different colored shirts.,Three men standing next to each other in different-colored shirts.,0.9971587657928467,0.9965840578079224,0.9965840578079224,0.9971587657928467,0.9965840578079224,0.9965840578079224,neutral,0.9838272333145142,neutral,0.9911242723464966,,,[],"[{""group"":""space"",""original"":{},""candidate"":{""in"":1},""field"":""premise""}]",0.07801418439716312,True,[],,,,,,,0.996387243270874,0.9933083057403564,0.9936590790748596,0.9933083057403564,0.9702015519142151,0.7071636915206909,,,,,,,
734,502423,,502423:premise:fra_Latn,,premise,entailment,,,,,A man smiles and poses with a product he appears to be trying to sell.,A man smiles and poses with a product he seems to be trying to sell.,0.9942238926887512,0.9929429888725281,0.9929429888725281,0.9942238926887512,0.9929429888725281,0.9929429888725281,entailment,0.9982593655586243,entailment,0.9981831908226013,,,[],[],0.05797101449275366,True,[],,,,,,,0.9967092275619507,0.9940457344055176,0.9941003918647766,0.9940457344055176,0.9721943140029907,0.9812021255493164,,,,,,,
734,502423,,502423:hypothesis:fra_Latn,,hypothesis,entailment,,,,,A person is posing with an object.,A person poses with an object.,0.9972227811813354,0.9932102560997009,0.9932102560997009,0.9972227811813354,0.9932102560997009,0.9932102560997009,entailment,0.9982593655586243,entailment,0.9978100657463074,,,[],[],0.125,True,[],,,,,,,0.9966884255409241,0.9938682913780212,0.9930644631385803,0.9930644631385803,0.9645931124687195,0.7198166847229004,,,,,,,
736,504105,,504105:premise:fra_Latn,,premise,entailment,,,,,A man wearing a blue shirt smokes a cigarette in front of an official building.,A man in a blue shirt smokes a cigarette outside an official building.,0.9953709244728088,0.9948765635490417,0.9948765635490417,0.9953709244728088,0.9948765635490417,0.9948765635490417,entailment,0.9952724575996399,entailment,0.9972684383392334,,,[],"[{""group"":""space"",""original"":{""front"":1,""in"":1},""candidate"":{""outside"":1,""in"":1},""field"":""premise""}]",0.14093959731543626,True,[],,,,,,,0.9966318011283875,0.9884328246116638,0.9901077747344971,0.9884328246116638,0.9706203937530518,0.8147369623184204,,,,,,,
736,504105,,504105:hypothesis:fra_Latn,,hypothesis,entailment,,,,,A man wearing a blue shirt.,A man in a blue shirt.,0.9966062307357788,0.9970646500587463,0.9966062307357788,0.9966062307357788,0.9970646500587463,0.9966062307357788,entailment,0.9952724575996399,entailment,0.9961771965026855,,,[],"[{""group"":""space"",""original"":{},""candidate"":{""in"":1},""field"":""hypothesis""}]",0.10204081632653061,True,[],,,,,,,0.9963589310646057,0.9925668239593506,0.9929567575454712,0.9925668239593506,0.9670882821083069,0.882927417755127,,,,,,,
737,504992,,504992:hypothesis:fra_Latn,,hypothesis,entailment,,,,,There are clothes on the women.,There's clothes on women.,0.996736466884613,0.9945530295372009,0.9945530295372009,0.996736466884613,0.9945530295372009,0.9945530295372009,entailment,0.9268132448196411,entailment,0.9649501442909241,,,[],[],0.1785714285714286,True,[],,,,,,,0.9964855909347534,0.9942208528518677,0.9928585290908813,0.9928585290908813,0.9649274945259094,0.63938969373703,,,,,,,
740,508521,,508521:hypothesis:fra_Latn,,hypothesis,neutral,,,,,A person is competing in a bmx competition.,A person participates in a bmx competition.,0.9973387122154236,0.9904170036315918,0.9904170036315918,0.9973387122154236,0.9904170036315918,0.9904170036315918,neutral,0.996397852897644,neutral,0.9891303777694702,,,[],[],0.2093023255813954,True,[],,,,,,,0.9964969754219055,0.9910220503807068,0.9872122406959534,0.9872122406959534,0.9674023389816284,0.8306105136871338,,,,,,,
742,509328,,509328:hypothesis:fra_Latn,,hypothesis,entailment,,,,,A woman is touching a man.,A woman touches a man.,0.997136116027832,0.9918316006660461,0.9918316006660461,0.997136116027832,0.9918316006660461,0.9918316006660461,entailment,0.9971332550048828,entailment,0.9970695972442627,,,[],[],0.16666666666666663,True,[],,,,,,,0.9965916872024536,0.9932738542556763,0.9928252696990967,0.9928252696990967,0.9644373059272766,0.8055304884910583,,,,,,,
743,509438,,509438:premise:fra_Latn,,premise,entailment,,,,,Two women sit at desks in a large room with white walls.,Two women are sitting at offices in a large room with white walls.,0.9626240134239197,0.9400349855422974,0.9400349855422974,0.9626240134239197,0.9400349855422974,0.9400349855422974,entailment,0.9808907508850098,entailment,0.9787978529930115,,,[],[],0.1311475409836066,True,[],,,,,,,0.8631961941719055,0.9405500888824463,0.9725040793418884,0.9405500888824463,0.9515308141708374,0.6753661036491394,,,,,,,
745,510869,,510869:hypothesis:fra_Latn,,hypothesis,neutral,,,,,A man is meditating while listening to water noises.,A man meditates on the sound of water.,0.9850257039070129,0.9932307004928589,0.9850257039070129,0.9850257039070129,0.9932307004928589,0.9850257039070129,neutral,0.9992777705192566,neutral,0.9991257786750793,,,[],"[{""group"":""space"",""original"":{},""candidate"":{""on"":1},""field"":""hypothesis""}]",0.3555555555555555,True,[],,,,,,,0.8731721043586731,0.9917184114456177,0.9901337027549744,0.9901337027549744,0.9424242973327637,0.2890961170196533,,,,,,,
746,511280,,511280:hypothesis:fra_Latn,,hypothesis,contradiction,,,,,A white dog in a red collar jumping over a tree.,A white dog with a red collar jumping on a tree.,0.9890395402908325,0.9748051762580872,0.9748051762580872,0.9890395402908325,0.9748051762580872,0.9748051762580872,contradiction,0.9994698166847229,contradiction,0.9995614886283875,,,[],"[{""group"":""space"",""original"":{""over"":1,""in"":1},""candidate"":{""on"":1},""field"":""hypothesis""}]",0.08333333333333337,True,[],,,,,,,0.9570379257202148,0.891029417514801,0.9768816828727722,0.891029417514801,0.9595134854316711,0.8380363583564758,,,,,,,
747,511871,,511871:premise:fra_Latn,,premise,neutral,,,,,The man in blue is punching the man with the red gloves while he blocks his face.,The man in blue hits the man with his red gloves while he blocks his face.,0.9963154196739197,0.9844588041305542,0.9844588041305542,0.9963154196739197,0.9844588041305542,0.9844588041305542,neutral,0.9902698993682861,neutral,0.9661149382591248,,,[],[],0.09677419354838712,True,[],,,,,,,0.9962917566299438,0.9933909177780151,0.9691508412361145,0.9691508412361145,0.9190813302993774,0.7510846257209778,,,,,,,
748,512053,,512053:hypothesis:fra_Latn,,hypothesis,contradiction,,,,,Nobody is performing.,No one's playing.,0.9962934851646423,0.9958156943321228,0.9958156943321228,0.9962934851646423,0.9958156943321228,0.9958156943321228,contradiction,0.9995456337928772,contradiction,0.9997307658195496,,,[],"[{""group"":""negation"",""original"":{""nobody"":1},""candidate"":{""no"":1},""field"":""hypothesis""}]",0.4736842105263158,True,[],,,,,,,0.5978107452392578,0.9814233183860779,0.989316463470459,0.9814233183860779,0.513242781162262,0.3049830496311188,,,,,,,
749,512639,,512639:premise:fra_Latn,,premise,neutral,,,,,A skateboarder makes a jump while someone films it.,A skateboarder makes a jump while someone else is filming him.,0.9907887578010559,0.9886735081672668,0.9886735081672668,0.9907887578010559,0.9886735081672668,0.9886735081672668,neutral,0.9992159605026245,neutral,0.9990267753601074,,,[],[],0.1327433628318584,True,[],,,,,,,0.9190974831581116,0.9902809858322144,0.9840505719184875,0.9840505719184875,0.9545177221298218,0.3842153549194336,,,,,,,
750,512695,,512695:hypothesis:fra_Latn,,hypothesis,entailment,,,,,A young girl draws.,A young girl is drawing.,0.9963566064834595,0.9977096319198608,0.9963566064834595,0.9963566064834595,0.9977096319198608,0.9963566064834595,entailment,0.9232550859451294,entailment,0.8768647313117981,,,[],[],0.16279069767441856,True,[],,,,,,,0.996809184551239,0.9926741719245911,0.9929482936859131,0.9926741719245911,0.9651432037353516,0.3981773853302002,,,,,,,
751,512778,,512778:hypothesis:fra_Latn,,hypothesis,contradiction,,,,,The man is riding his atv on the city road.,The man is driving his ATV on the city road.,0.9968760013580322,0.9985954165458679,0.9968760013580322,0.9968760013580322,0.9985954165458679,0.9968760013580322,contradiction,0.9979509711265564,contradiction,0.998810887336731,,,[],[],0.03448275862068961,True,[],,,,,,,0.8976985812187195,0.9919925928115845,0.9913256764411926,0.9913256764411926,0.967521071434021,0.9526711106300354,,,,,,,
752,513211,,513211:premise:fra_Latn,,premise,neutral,,,,,two men working a construction job,two men working in a construction company,0.9839890599250793,0.995488703250885,0.9839890599250793,0.9839890599250793,0.995488703250885,0.9839890599250793,neutral,0.9990469813346863,neutral,0.9992108345031738,,,[],"[{""group"":""space"",""original"":{},""candidate"":{""in"":1},""field"":""premise""}]",0.1466666666666666,True,[],,,,,,,0.9175838828086853,0.7574769258499146,0.9505918622016907,0.7574769258499146,0.9169818758964539,0.6842166781425476,,,,,,,
755,514380,,514380:hypothesis:fra_Latn,,hypothesis,neutral,,,,,A female is going to take a picture of a car that she is trying to sell.,A female is going to take a picture of a car she's trying to sell.,0.9953136444091797,0.9949983358383179,0.9949983358383179,0.9953136444091797,0.9949983358383179,0.9949983358383179,neutral,0.9921820759773254,neutral,0.9912543892860413,,,[],[],0.05797101449275366,True,[],,,,,,,0.9964759945869446,0.9924352765083313,0.9924181699752808,0.9924181699752808,0.9710679054260254,0.9145078659057617,,,,,,,
756,515747,,515747:premise:fra_Latn,,premise,contradiction,,,,,A boy poses on a shadow-dappled lawn.,A boy poses on a shaded lawn.,0.9979311227798462,0.9961819648742676,0.9961819648742676,0.9979311227798462,0.9961819648742676,0.9961819648742676,contradiction,0.999180018901825,contradiction,0.9990308284759521,,,[],[],0.12121212121212122,True,[],,,,,,,0.8332055807113647,0.9927496910095215,0.973912239074707,0.973912239074707,0.9573758840560913,0.5791232585906982,,,,,,,
756,515747,,515747:hypothesis:fra_Latn,,hypothesis,contradiction,,,,,A boy takes a bath.,A boy is taking a bath.,0.9966431856155396,0.997702419757843,0.9966431856155396,0.9966431856155396,0.997702419757843,0.9966431856155396,contradiction,0.999180018901825,contradiction,0.9991729855537415,,,[],[],0.19047619047619047,True,[],,,,,,,0.9968504309654236,0.9894612431526184,0.9927076697349548,0.9894612431526184,0.9649869203567505,0.6905152201652527,,,,,,,
757,516128,,516128:hypothesis:fra_Latn,,hypothesis,entailment,,,,,The man is playing drums.,The man plays drums.,0.9978145360946655,0.9962206482887268,0.9962206482887268,0.9978145360946655,0.9962206482887268,0.9962206482887268,entailment,0.9933412671089172,entailment,0.9952353835105896,,,[],[],0.15555555555555556,True,[],,,,,,,0.9964408278465271,0.9932188391685486,0.9908247590065002,0.9908247590065002,0.9635649919509888,0.9144186973571777,,,,,,,
758,517858,,517858:premise:fra_Latn,,premise,entailment,,,,,Older female walking with cane next to flower wreaths.,An older female walks with a cane next to flower crowns.,0.9931578040122986,0.9706286787986755,0.9706286787986755,0.9931578040122986,0.9706286787986755,0.9706286787986755,entailment,0.9981517195701599,entailment,0.9977967739105225,,,[],[],0.1636363636363637,True,[],,,,,,,0.9476796388626099,0.2863321006298065,0.3356037437915802,0.2863321006298065,0.8558769822120667,0.5326353311538696,,,,,,,
758,517858,,517858:hypothesis:fra_Latn,,hypothesis,entailment,,,,,An older woman is walking with a cane.,An old woman walks with a cane.,0.9978854060173035,0.9971760511398315,0.9971760511398315,0.9978854060173035,0.9971760511398315,0.9971760511398315,entailment,0.9981517195701599,entailment,0.9978430271148682,,,[],[],0.13043478260869568,True,[],,,,,,,0.9966577291488647,0.9928272366523743,0.9916476011276245,0.9916476011276245,0.9676405191421509,0.7383006811141968,,,,,,,
759,518461,,518461:premise:fra_Latn,,premise,entailment,,,,,A dog up to its belly in the snow attempts to move.,A dog in the snow is trying to move to the belly.,0.9868545532226562,0.992158055305481,0.9868545532226562,0.9868545532226562,0.992158055305481,0.9868545532226562,entailment,0.9955198764801025,entailment,0.9961811304092407,,,[],[],0.43999999999999995,True,[],,,,,,,0.9360134601593018,0.9558908939361572,0.9654315710067749,0.9558908939361572,0.9555104970932007,0.22764840722084045,,,,,,,
759,518461,,518461:hypothesis:fra_Latn,,hypothesis,entailment,,,,,An animal outdoors.,It's an animal out there.,0.9901326894760132,0.9902374148368835,0.9901326894760132,0.9901326894760132,0.9902374148368835,0.9901326894760132,entailment,0.9955198764801025,entailment,0.9685705304145813,,,[],[],0.31818181818181823,True,[],,,,,,,0.9478611350059509,0.9903606176376343,0.9934453964233398,0.9903606176376343,0.9626888632774353,-0.4826679527759552,,,,,,,
762,519469,,519469:hypothesis:fra_Latn,,hypothesis,neutral,,,,,Many pigeons are sitting on a concrete wall.,A lot of pigeons are sitting on a concrete wall.,0.9983239769935608,0.9980588555335999,0.9980588555335999,0.9983239769935608,0.9980588555335999,0.9980588555335999,neutral,0.9988049268722534,neutral,0.9990057349205017,,,[],"[{""group"":""quantifier"",""original"":{""many"":1},""candidate"":{},""field"":""hypothesis""}]",0.10869565217391308,True,[],,,,,,,0.9967578053474426,0.9933241009712219,0.9938700199127197,0.9933241009712219,0.9687268733978271,0.8419244289398193,,,,,,,
763,519819,,519819:premise:fra_Latn,,premise,neutral,,,,,A man hiking with a large backpack and two poles near a collection of pointy white rocks.,A man walking with a big backpack and two poles near a collection of sharp white stones.,0.9974777102470398,0.9956895709037781,0.9956895709037781,0.9974777102470398,0.9956895709037781,0.9956895709037781,neutral,0.9987523555755615,neutral,0.9990130662918091,,,[],[],0.15254237288135597,True,[],,,,,,,0.9662718772888184,0.9924256801605225,0.9925744533538818,0.9924256801605225,0.8847154378890991,0.6261987686157227,,,,,,,
763,519819,,519819:hypothesis:fra_Latn,,hypothesis,neutral,,,,,The man hiking is caucasian.,The man who hikes is Caucasian.,0.9978296160697937,0.9970532655715942,0.9970532655715942,0.9978296160697937,0.9970532655715942,0.9970532655715942,neutral,0.9987523555755615,neutral,0.9989275336265564,,,[],[],0.15254237288135597,True,[],,,,,,,0.9967419505119324,0.993370532989502,0.9935302138328552,0.993370532989502,0.9658817052841187,0.576408326625824,,,,,,,
764,520042,,520042:premise:fra_Latn,,premise,contradiction,,,,,A Team USA player passing the ball to another player.,A player on the U.S. team passes the ball to another player.,0.9969229102134705,0.9961394667625427,0.9961394667625427,0.9969229102134705,0.9961394667625427,0.9961394667625427,contradiction,0.9994644522666931,contradiction,0.9993608593940735,,,[],"[{""group"":""space"",""original"":{},""candidate"":{""on"":1},""field"":""premise""}]",0.2743362831858407,True,[],,,,,,,0.9928336143493652,0.9918564558029175,0.9883132576942444,0.9883132576942444,0.9635103344917297,0.4706778824329376,,,,,,,
764,520042,,520042:hypothesis:fra_Latn,,hypothesis,contradiction,,,,,The people do not have a ball.,People don't have a ball.,0.9963858127593994,0.9909985065460205,0.9909985065460205,0.9963858127593994,0.9909985065460205,0.9909985065460205,contradiction,0.9994644522666931,contradiction,0.9993721842765808,,,[],[],0.12727272727272732,True,[],,,,,,,0.9940272569656372,0.9933614730834961,0.9915676712989807,0.9915676712989807,0.9667332172393799,0.8643928170204163,,,,,,,
766,521347,,521347:premise:fra_Latn,,premise,neutral,,,,,A blond woman is holding a microphone and making a zero sign with her fingers.,A blonde woman holds a microphone and makes a zero sign with her fingers.,0.9967036843299866,0.9955893754959106,0.9955893754959106,0.9967036843299866,0.9955893754959106,0.9955893754959106,neutral,0.9648100733757019,neutral,0.967139720916748,,,[],[],0.08609271523178808,True,[],,,,,,,0.9964698553085327,0.9940006136894226,0.9936602711677551,0.9936602711677551,0.9712135195732117,0.9132064580917358,,,,,,,
766,521347,,521347:hypothesis:fra_Latn,,hypothesis,neutral,,,,,A woman is speaking into a microphone.,There's a woman talking in a microphone.,0.9984117746353149,0.9982141256332397,0.9982141256332397,0.9984117746353149,0.9982141256332397,0.9982141256332397,neutral,0.9648100733757019,neutral,0.9753963947296143,,,[],"[{""group"":""space"",""original"":{},""candidate"":{""in"":1},""field"":""hypothesis""}]",0.23076923076923073,True,[],,,,,,,0.9458785653114319,0.9926458597183228,0.9933398365974426,0.9926458597183228,0.9651089310646057,0.6079407930374146,,,,,,,
767,521683,,521683:premise:fra_Latn,,premise,contradiction,,,,,A little girl in a hat sits under a grocery cart.,A little girl in a hat is sitting under a grocery basket.,0.992132842540741,0.9870479702949524,0.9870479702949524,0.992132842540741,0.9870479702949524,0.9870479702949524,contradiction,0.9995949864387512,contradiction,0.999614953994751,,,[],[],0.13207547169811318,True,[],,,,,,,0.901556670665741,0.948170006275177,0.9326210021972656,0.9326210021972656,0.9635011553764343,0.7501623034477234,,,,,,,
767,521683,,521683:hypothesis:fra_Latn,,hypothesis,contradiction,,,,,A girl is sleeping in her bed.,A girl sleeps in her bed.,0.9978733062744141,0.9970384836196899,0.9970384836196899,0.9978733062744141,0.9970384836196899,0.9970384836196899,contradiction,0.9995949864387512,contradiction,0.999632716178894,,,[],[],0.12727272727272732,True,[],,,,,,,0.996828019618988,0.9930737018585205,0.9915448427200317,0.9915448427200317,0.9674105048179626,0.8993747234344482,,,,,,,
770,524354,,524354:hypothesis:fra_Latn,,hypothesis,contradiction,,,,,Two boys were climbing a tree,Two boys climbing a tree.,0.9970695972442627,0.9940420985221863,0.9940420985221863,0.9970695972442627,0.9940420985221863,0.9940420985221863,contradiction,0.9995465874671936,contradiction,0.9996241331100464,,,[],[],0.11111111111111116,True,[],,,,,,,0.9950132966041565,0.9892616271972656,0.9774073362350464,0.9774073362350464,0.9672709703445435,0.5690990090370178,,,,,,,
772,524406,,524406:hypothesis:fra_Latn,,hypothesis,neutral,,,,,They are making soup,They make soup .,0.9939417839050293,0.9600290656089783,0.9600290656089783,0.9939417839050293,0.9600290656089783,0.9600290656089783,neutral,0.9934629201889038,neutral,0.9388926029205322,,,[],[],0.2777777777777778,True,[],,,,,,,0.9570429921150208,0.9843133687973022,0.9667890071868896,0.9667890071868896,0.9418017268180847,0.7159028649330139,,,,,,,
773,524854,,524854:premise:fra_Latn,,premise,neutral,,,,,A little girl smiling and holding a small object.,A little girl smiling and holding a little object.,0.9966844916343689,0.9933592677116394,0.9933592677116394,0.9966844916343689,0.9933592677116394,0.9933592677116394,neutral,0.9924572706222534,neutral,0.9914785027503967,,,[],[],0.07070707070707072,True,[],,,,,,,0.9967940449714661,0.9942631125450134,0.9942365288734436,0.9942365288734436,0.9709493517875671,1.0642424821853638,,,,,,,
774,527833,,527833:hypothesis:fra_Latn,,hypothesis,entailment,,,,,Two humans are having a meal.,Two humans are eating.,0.9966002106666565,0.9967319965362549,0.9966002106666565,0.9966002106666565,0.9967319965362549,0.9966002106666565,entailment,0.9979883432388306,entailment,0.9966503977775574,,,[],[],0.21568627450980393,True,[],,,,,,,0.9948762059211731,0.9939034581184387,0.9935559630393982,0.9935559630393982,0.9618282318115234,0.4979037046432495,,,,,,,
775,528482,,528482:premise:fra_Latn,,premise,entailment,,,,,A religious man in a robe is sitting in contemplation.,A religious man dressed in a robe is sitting contemplating.,0.9974615573883057,0.9971004128456116,0.9971004128456116,0.9974615573883057,0.9971004128456116,0.9971004128456116,entailment,0.9855297803878784,entailment,0.9822023510932922,,,[],"[{""group"":""space"",""original"":{""in"":2},""candidate"":{""in"":1},""field"":""premise""}]",0.11504424778761058,True,[],,,,,,,0.9964514970779419,0.9923121333122253,0.9935913681983948,0.9923121333122253,0.9704412817955017,0.45493000745773315,,,,,,,
776,528520,,528520:premise:fra_Latn,,premise,entailment,,,,,A surfer catching a wave.,A surfer who catches a wave.,0.9972124695777893,0.9971910119056702,0.9971910119056702,0.9972124695777893,0.9971910119056702,0.9971910119056702,entailment,0.9964052438735962,entailment,0.9953629970550537,,,[],[],0.16981132075471694,True,[],,,,,,,0.8994003534317017,0.9922377467155457,0.9923337697982788,0.9922377467155457,0.9681346416473389,0.7391189336776733,,,,,,,
776,528520,,528520:hypothesis:fra_Latn,,hypothesis,entailment,,,,,A person is surfing.,A surfer.,0.9908934831619263,0.9865992069244385,0.9865992069244385,0.9908934831619263,0.9865992069244385,0.9865992069244385,entailment,0.9964052438735962,entailment,0.9950320720672607,,,[],[],0.5172413793103448,True,[],,,,,,,0.9469156265258789,0.9913457632064819,0.991814911365509,0.9913457632064819,0.9538227915763855,-0.23334959149360657,,,,,,,
777,530538,,530538:hypothesis:fra_Latn,,hypothesis,entailment,,,,,Four young boys are standing in a group.,Four young boys stand in a group.,0.9966195821762085,0.9957634210586548,0.9957634210586548,0.9966195821762085,0.9957634210586548,0.9957634210586548,entailment,0.978131890296936,entailment,0.9850120544433594,,,[],[],0.09589041095890416,True,[],,,,,,,0.9967122077941895,0.9928497076034546,0.9926296472549438,0.9926296472549438,0.963706374168396,0.9461058974266052,,,,,,,
778,531157,,531157:premise:fra_Latn,,premise,contradiction,,,,,A girl sitting in the back of a cart full of various belongings.,A girl sitting in the back of a wagon full of various items.,0.9874833822250366,0.9921896457672119,0.9874833822250366,0.9874833822250366,0.9921896457672119,0.9874833822250366,contradiction,0.9964371919631958,contradiction,0.9983067512512207,,,[],[],0.14516129032258063,True,[],,,,,,,0.7760118842124939,0.9640763998031616,0.9822390079498291,0.9640763998031616,0.9034542441368103,0.5770715475082397,,,,,,,
778,531157,,531157:hypothesis:fra_Latn,,hypothesis,contradiction,,,,,A boy carries his belongings in his arms.,A boy carries his stuff in his arms.,0.9973934888839722,0.9960303902626038,0.9960303902626038,0.9973934888839722,0.9960303902626038,0.9960303902626038,contradiction,0.9964371919631958,contradiction,0.997958779335022,,,[],[],0.16883116883116878,True,[],,,,,,,0.9917530417442322,0.9931179285049438,0.994016170501709,0.9931179285049438,0.9708418846130371,0.8715389966964722,,,,,,,
779,533036,,533036:premise:fra_Latn,,premise,entailment,,,,,A woman wearing a colorful shawl on her head is using a sewing machine.,A woman wearing a colorful shawl on her head uses a sewing machine.,0.9956300258636475,0.9947803616523743,0.9947803616523743,0.9956300258636475,0.9947803616523743,0.9947803616523743,entailment,0.9974307417869568,entailment,0.9971049427986145,,,[],[],0.05797101449275366,True,[],,,,,,,0.9965164661407471,0.9932844638824463,0.992511510848999,0.992511510848999,0.971834123134613,0.8422223329544067,,,,,,,
780,534650,,534650:hypothesis:fra_Latn,,hypothesis,contradiction,,,,,The person is laying on the ground.,The person is lying on the floor.,0.952278196811676,0.978779137134552,0.952278196811676,0.952278196811676,0.978779137134552,0.952278196811676,contradiction,0.9995025396347046,contradiction,0.9992982149124146,,,[],[],0.1470588235294118,True,[],,,,,,,0.9958785772323608,0.9921262264251709,0.9921380877494812,0.9921262264251709,0.8509881496429443,1.040347933769226,,,,,,,
781,537726,,537726:premise:fra_Latn,,premise,neutral,,,,,A closeup of a bicycle rider's leg.,It's a close-up of a cyclist's leg.,0.9972634315490723,0.9971458315849304,0.9971458315849304,0.9972634315490723,0.9971458315849304,0.9971458315849304,neutral,0.9990160465240479,neutral,0.9989227652549744,,,[],[],0.22857142857142854,True,[],,,,,,,0.9221746921539307,0.9871690273284912,0.9828154444694519,0.9828154444694519,0.9553447365760803,0.12052135169506073,,,,,,,
781,537726,,537726:hypothesis:fra_Latn,,hypothesis,neutral,,,,,The person is participating in a bike race.,The person is taking part in a cycling race.,0.9977598190307617,0.9981936812400818,0.9977598190307617,0.9977598190307617,0.9981936812400818,0.9977598190307617,neutral,0.9990160465240479,neutral,0.9991264939308167,,,[],[],0.28735632183908044,True,[],,,,,,,0.9966014623641968,0.9927543997764587,0.9892751574516296,0.9892751574516296,0.9418519139289856,0.7513338923454285,,,,,,,
782,538979,,538979:premise:fra_Latn,,premise,entailment,,,,,The local street is busy with a food market and bus transportation.,The local street is occupied by a food market and bus transport.,0.9965268969535828,0.9954406023025513,0.9954406023025513,0.9965268969535828,0.9954406023025513,0.9954406023025513,entailment,0.9844241738319397,entailment,0.9714363217353821,,,[],[],0.16030534351145043,True,[],,,,,,,0.9964871406555176,0.9934778213500977,0.9937594532966614,0.9934778213500977,0.9691596627235413,0.5407441854476929,,,,,,,
782,538979,,538979:hypothesis:fra_Latn,,hypothesis,entailment,,,,,There is a bus that brings you to the local street fair that sells food.,There's a bus that takes you to the local street fair that sells food.,0.9947305917739868,0.9917866587638855,0.9917866587638855,0.9947305917739868,0.9917866587638855,0.9917866587638855,entailment,0.9844241738319397,entailment,0.9812208414077759,,,[],[],0.08450704225352113,True,[],,,,,,,0.996425211429596,0.9930657148361206,0.9930828809738159,0.9930657148361206,0.9721173048019409,0.8969018459320068,,,,,,,
784,539243,,539243:premise:fra_Latn,,premise,contradiction,,,,,Two men wearing sandals walking.,Two men in sandals are walking.,0.9976150989532471,0.9977960586547852,0.9976150989532471,0.9976150989532471,0.9977960586547852,0.9976150989532471,contradiction,0.9995550513267517,contradiction,0.9996590614318848,,,[],"[{""group"":""space"",""original"":{},""candidate"":{""in"":1},""field"":""premise""}]",0.1428571428571429,True,[],,,,,,,0.9966428279876709,0.9914171099662781,0.9908891320228577,0.9908891320228577,0.9697672724723816,0.4197794198989868,,,,,,,
784,539243,,539243:hypothesis:fra_Latn,,hypothesis,contradiction,,,,,the men are asleep in the motel,The men are sleeping in the motel.,0.9967309236526489,0.9972422122955322,0.9967309236526489,0.9967309236526489,0.9972422122955322,0.9967309236526489,contradiction,0.9995550513267517,contradiction,0.9996082186698914,,,[],[],0.07692307692307687,True,[],,,,,,,0.996567964553833,0.9931597709655762,0.9938593506813049,0.9931597709655762,0.9688215255737305,1.0059953927993774,,,,,,,
785,539998,,539998:premise:fra_Latn,,premise,neutral,,,,,A small black girl in a bathing suit,A little black girl in a swimsuit,0.9960236549377441,0.9974109530448914,0.9960236549377441,0.9960236549377441,0.9974109530448914,0.9960236549377441,neutral,0.9986940026283264,neutral,0.9984520673751831,,,[],[],0.24637681159420288,True,[],,,,,,,0.9963956475257874,0.9752521514892578,0.9784254431724548,0.9752521514892578,0.9682726860046387,0.6585385799407959,,,,,,,
785,539998,,539998:hypothesis:fra_Latn,,hypothesis,neutral,,,,,The girl is visiting her grandmother who lives on Martha's Vineyard.,The girl visits her grandmother who lives on Martha's Vineyard.,0.9977996945381165,0.9960625767707825,0.9960625767707825,0.9977996945381165,0.9960625767707825,0.9960625767707825,neutral,0.9986940026283264,neutral,0.9981491565704346,,,[],[],0.05343511450381677,True,[],,,,,,,0.9965882301330566,0.9927496910095215,0.993661642074585,0.9927496910095215,0.9703044295310974,0.8465216755867004,,,,,,,
787,540574,,540574:premise:fra_Latn,,premise,contradiction,,,,,man wearing gray jacket watching family at worship.,A man in a gray jacket watching his family at worship.,0.9877419471740723,0.9973958730697632,0.9877419471740723,0.9877419471740723,0.9973958730697632,0.9877419471740723,contradiction,0.999659538269043,contradiction,0.9996371269226074,,,[],"[{""group"":""space"",""original"":{},""candidate"":{""in"":1},""field"":""premise""}]",0.12380952380952381,True,[],,,,,,,0.9963995218276978,0.8546543121337891,0.9910290241241455,0.8546543121337891,0.9280893802642822,0.6051457524299622,,,,,,,
787,540574,,540574:hypothesis:fra_Latn,,hypothesis,contradiction,,,,,A man is at home eating dinner.,There's a man at home having dinner.,0.998454213142395,0.9977548718452454,0.9977548718452454,0.998454213142395,0.9977548718452454,0.9977548718452454,contradiction,0.999659538269043,contradiction,0.999566376209259,,,[],[],0.22388059701492535,True,[],,,,,,,0.9709977507591248,0.9921148419380188,0.9940615296363831,0.9921148419380188,0.9656134843826294,0.36220037937164307,,,,,,,
789,541746,,541746:premise:fra_Latn,,premise,contradiction,,,,,A person in yellow is riding a dirt bike on a dirt path.,A person in yellow is cycling on a dirt track.,0.9978671073913574,0.9356734156608582,0.9356734156608582,0.9978671073913574,0.9356734156608582,0.9356734156608582,contradiction,0.9994394183158875,contradiction,0.999622106552124,,,[],[],0.2549019607843137,True,[],,,,,,,0.9091306924819946,0.9905827045440674,0.9820622801780701,0.9820622801780701,0.9264536499977112,0.6144887208938599,,,,,,,
789,541746,,541746:hypothesis:fra_Latn,,hypothesis,contradiction,,,,,A guy driving an ATV through the park.,A guy driving an ATV in the park.,0.9969415068626404,0.9948369264602661,0.9948369264602661,0.9969415068626404,0.9948369264602661,0.9948369264602661,contradiction,0.9994394183158875,contradiction,0.9993270635604858,,,[],"[{""group"":""space"",""original"":{""through"":1},""candidate"":{""in"":1},""field"":""hypothesis""}]",0.12676056338028174,True,[],,,,,,,0.9915680289268494,0.9851716756820679,0.9753137230873108,0.9753137230873108,0.9637535214424133,0.8541874885559082,,,,,,,
790,542263,,542263:premise:fra_Latn,,premise,neutral,,,,,A girl in a floral bathing suit jumping on the beach in front of the waves.,A flowering swimsuit girl jumping on the beach in front of the waves.,0.9956393241882324,0.9947915077209473,0.9947915077209473,0.9956393241882324,0.9947915077209473,0.9947915077209473,neutral,0.9982169270515442,neutral,0.9945377707481384,,,[],"[{""group"":""space"",""original"":{""front"":1,""in"":2,""on"":1},""candidate"":{""front"":1,""in"":1,""on"":1},""field"":""premise""}]",0.3055555555555556,True,[],,,,,,,0.8770052790641785,0.9869028329849243,0.9883165955543518,0.9869028329849243,0.9685390591621399,0.38998380303382874,,,,,,,
790,542263,,542263:hypothesis:fra_Latn,,hypothesis,neutral,,,,,A five year old girl is on vacation with her family.,A five-year-old girl is on vacation with her family.,0.9968736171722412,0.9966367483139038,0.9966367483139038,0.9968736171722412,0.9966367483139038,0.9966367483139038,neutral,0.9982169270515442,neutral,0.9981293082237244,,,[],[],0.038461538461538436,True,[],,,,,,,0.9968132376670837,0.9930196404457092,0.993235170841217,0.9930196404457092,0.9688011407852173,0.9768157601356506,,,,,,,
791,542646,,542646:hypothesis:fra_Latn,,hypothesis,contradiction,,,,,The sports team is laying down on the field.,The sports team is lying on the field.,0.9972568154335022,0.9983314871788025,0.9972568154335022,0.9972568154335022,0.9983314871788025,0.9972568154335022,contradiction,0.9995792508125305,contradiction,0.9995156526565552,,,[],[],0.07317073170731703,True,[],,,,,,,0.9968061447143555,0.992387056350708,0.9936058521270752,0.992387056350708,0.9676592350006104,0.78731769323349,,,,,,,
795,547621,,547621:hypothesis:fra_Latn,,hypothesis,entailment,,,,,Dogs play outside.,The dogs are playing outside.,0.9955347776412964,0.9970852732658386,0.9955347776412964,0.9955347776412964,0.9970852732658386,0.9955347776412964,entailment,0.9940324425697327,entailment,0.9892866015434265,,,[],[],0.23404255319148937,True,[],,,,,,,0.9967136383056641,0.9910284876823425,0.9939166903495789,0.9910284876823425,0.9646679759025574,0.6041018962860107,,,,,,,
799,549910,,549910:premise:fra_Latn,,premise,contradiction,,,,,Crowd standing outside a metro area.,A crowd standing outside a metropolitan area.,0.9933072924613953,0.9955162405967712,0.9933072924613953,0.9933072924613953,0.9955162405967712,0.9933072924613953,contradiction,0.9995772242546082,contradiction,0.9995297193527222,,,[],[],0.11111111111111116,True,[],,,,,,,0.9857832193374634,0.9908351898193359,0.991899847984314,0.9908351898193359,0.9685700535774231,0.7955790162086487,,,,,,,
2,707,,707:premise:fra_Latn,,premise,entailment,,,,,a motorcyclist does a nose wheelie.,A motorcyclist makes a nose roll.,0.8517272472381592,0.697882354259491,0.697882354259491,0.8517272472381592,0.697882354259491,0.697882354259491,entailment,0.993026852607727,neutral,0.06052945554256439,,,[],[],0.20588235294117652,False,"[""semantic_drift"",""label_flip""]",,,,,,,0.8467526435852051,0.9534432291984558,0.5911207795143127,0.5911207795143127,0.7142847776412964,0.18131312727928162,,,,,,,
2,707,,707:hypothesis:fra_Latn,,hypothesis,entailment,,,,,A motorcyclist doing a wheelie,A motorcyclist making a wheel,0.9826411604881287,0.1023419201374054,0.1023419201374054,0.9826411604881287,0.1023419201374054,0.1023419201374054,entailment,0.993026852607727,entailment,0.9366301894187927,,,[],[],0.11864406779661019,False,"[""semantic_drift""]",,,,,,,0.7050577402114868,0.9588894844055176,0.9773620963096619,0.9588894844055176,0.8107729554176331,0.1645999252796173,,,,,,,
7,3208,,3208:hypothesis:fra_Latn,,hypothesis,entailment,,,,,A guy is at the green helm of a boat.,There's a guy on the green deck of a boat.,0.5665518641471863,0.006149317603558302,0.006149317603558302,0.5665518641471863,0.006149317603558302,0.006149317603558302,entailment,0.9686083197593689,entailment,0.8376345634460449,,,[],"[{""group"":""space"",""original"":{},""candidate"":{""on"":1},""field"":""hypothesis""}]",0.26582278481012656,False,"[""semantic_drift""]",,,,,,,0.9020824432373047,0.12199997901916504,0.06565273553133011,0.06565273553133011,0.8722922801971436,0.3540574908256531,,,,,,,
12,5321,,5321:premise:fra_Latn,,premise,entailment,,,,,"Two young adults at a rodeo, one is helping the other to fix an injury to his arm after a brief ride.","Two young adults on a rodeo, one helping the other to repair an arm injury after a short walk.",0.0011723112547770143,0.012599664740264416,0.0011723112547770143,0.0011723112547770143,0.012599664740264416,0.0011723112547770143,entailment,0.9977225661277771,entailment,0.996096670627594,,,[],"[{""group"":""space"",""original"":{},""candidate"":{""on"":1},""field"":""premise""}]",0.23076923076923073,False,"[""semantic_drift""]",,,,,,,0.8929314613342285,0.16315732896327972,0.7662612199783325,0.16315732896327972,0.8558166027069092,0.42205435037612915,,,,,,,
13,5450,,5450:premise:fra_Latn,,premise,neutral,,,,,A heavyset man is standing next to a building.,A tall man stands next to a building.,0.9828923940658569,0.9488438367843628,0.9488438367843628,0.9828923940658569,0.9488438367843628,0.9488438367843628,neutral,0.9031684994697571,neutral,0.7582346200942993,,,[],[],0.20481927710843373,False,"[""low_nli_confidence""]",,,,,,,0.8087397217750549,0.8889491558074951,0.1731126606464386,0.1731126606464386,0.7227191925048828,0.42273250222206116,,,,,,,
13,5450,,5450:hypothesis:fra_Latn,,hypothesis,neutral,,,,,The man works in the building.,The man works in the building.,0.9974853992462158,0.9974853992462158,0.9974853992462158,0.9974853992462158,0.9974853992462158,0.9974853992462158,neutral,0.9031684994697571,neutral,0.9031685590744019,,,[],[],0.0,False,"[""trivial_copy""]",,,,,,,0.9967570900917053,0.9927651286125183,0.9927651286125183,0.9927651286125183,0.9676194190979004,1.0780190229415894,,,,,,,
20,9707,,9707:hypothesis:fra_Latn,,hypothesis,neutral,,,,,Two two women are going to take the subway into town.,Two women are taking the subway to the city.,0.9939765930175781,0.9970983266830444,0.9939765930175781,0.9939765930175781,0.9970983266830444,0.9939765930175781,neutral,0.9943884015083313,neutral,0.970716655254364,,,"[{""group"":""number"",""original"":{""2"":2},""candidate"":{""2"":1},""field"":""hypothesis""}]","[{""group"":""number"",""original"":{""2"":2},""candidate"":{""2"":1},""field"":""hypothesis""}]",0.2989690721649485,False,"[""numeric_value_changed""]",,,,,,,0.9472333788871765,0.9298374056816101,0.9659121632575989,0.9298374056816101,0.8928491473197937,0.5369323492050171,,,,,,,
23,12969,,12969:premise:fra_Latn,,premise,contradiction,,,,,"Two men walk in the park, one with a shaggy dog on a leash and a device for cleaning up canine droppings.","Two men are walking in the park, one with a dog on a rope and a canine excrement cleaner.",0.9899842739105225,0.020289305597543716,0.020289305597543716,0.9899842739105225,0.020289305597543716,0.020289305597543716,contradiction,0.9983012080192566,neutral,0.0018931339727714658,,,[],[],0.3402061855670103,False,"[""semantic_drift"",""label_flip""]",,,,,,,0.8141371011734009,0.9864343404769897,0.5246464610099792,0.5246464610099792,0.786264181137085,-0.09646373987197876,,,,,,,
23,12969,,12969:hypothesis:fra_Latn,,hypothesis,contradiction,,,,,The dog isn't shaggy,The dog's not sexy.,0.022726187482476234,0.006718180142343044,0.006718180142343044,0.022726187482476234,0.006718180142343044,0.006718180142343044,contradiction,0.9983012080192566,neutral,0.006090196315199137,,,[],[],0.33333333333333337,False,"[""semantic_drift"",""label_flip""]",,,,,,,0.5185766816139221,0.8757132887840271,0.32284364104270935,0.32284364104270935,0.3098248541355133,-0.9461021423339844,,,,,,,
26,13833,,13833:premise:fra_Latn,,premise,entailment,,,,,"A balding man in a dark suit and maroon tie, with a mustache and beard, plays bagpipes, as a young blond woman standing next to him in a light blue crop top and skirt listens and sticks her tongue out.","A white-headed man in a black suit and a brown tie, with a moustache and a beard, plays pipes, while a young blonde woman stands beside him in a light blue top and a skirt listens and",0.9312997460365295,0.001005774480290711,0.001005774480290711,0.9312997460365295,0.001005774480290711,0.001005774480290711,entailment,0.9894185662269592,neutral,0.08289541304111481,,,[],"[{""group"":""space"",""original"":{""in"":2},""candidate"":{""beside"":1,""in"":2},""field"":""premise""}]",0.21875,False,"[""generation_truncated"",""semantic_drift"",""label_flip""]",,,,,,,0.8053335547447205,0.7831178903579712,0.0039027284365147352,0.0039027284365147352,0.723997950553894,0.27134597301483154,,,,,,,
26,13833,,13833:hypothesis:fra_Latn,,hypothesis,entailment,,,,,a balding man with facial hair wearing a dark suit and tie plays bagpipes as a young blonde woman stands next to him in a blue shirt and skirt sticking her tongue out.,A white-headed man with facial hair wearing a suit and a dark tie plays the pipette while a young blonde stands beside him in a blue shirt and a skirt that stretches out his tongue.,0.13866586983203888,0.9184703230857849,0.13866586983203888,0.13866586983203888,0.9184703230857849,0.13866586983203888,entailment,0.9894185662269592,entailment,0.9246857762336731,,,[],"[{""group"":""space"",""original"":{""in"":1},""candidate"":{""beside"":1,""in"":1},""field"":""hypothesis""}]",0.26436781609195403,False,"[""semantic_drift""]",,,,,,,0.8107538819313049,0.9428850412368774,0.9535738229751587,0.9428850412368774,0.8899269700050354,0.16534335911273956,,,,,,,
27,14934,,14934:premise:fra_Latn,,premise,entailment,,,,,Man riding a yellow machine on a dirt field at an event,A man aboard a yellow machine in a field at an event,0.9963898062705994,0.004186738282442093,0.004186738282442093,0.9963898062705994,0.004186738282442093,0.004186738282442093,entailment,0.9978760480880737,entailment,0.9942148327827454,,,[],"[{""group"":""space"",""original"":{""on"":1},""candidate"":{""in"":1},""field"":""premise""}]",0.15887850467289721,False,"[""semantic_drift""]",,,,,,,0.912028968334198,0.9795418977737427,0.01837356761097908,0.01837356761097908,0.8603183627128601,0.12970763444900513,,,,,,,
29,17575,,17575:hypothesis:fra_Latn,,hypothesis,neutral,,,,,The football player damaged his neck.,The footballer broke his neck.,0.005908476188778877,0.9956717491149902,0.005908476188778877,0.005908476188778877,0.9956717491149902,0.005908476188778877,neutral,0.996729850769043,neutral,0.9974433183670044,,,[],[],0.22388059701492535,False,"[""semantic_drift""]",,,,,,,0.8553474545478821,0.9545235633850098,0.9922773838043213,0.9545235633850098,0.9220550656318665,0.6473672986030579,,,,,,,
30,18456,,18456:premise:fra_Latn,,premise,neutral,,,,,A person plays with a mega joule contraption consisting of wire tracks and colored balls.,A person plays with a mega jug made up of traces of wire and colored bullets.,0.007596254348754883,0.6033747792243958,0.007596254348754883,0.007596254348754883,0.6033747792243958,0.007596254348754883,neutral,0.9564386606216431,neutral,0.9554361701011658,,,[],[],0.24096385542168675,False,"[""semantic_drift""]",,,,,,,0.8502877950668335,0.12200184911489487,0.3622102737426758,0.12200184911489487,0.8853439092636108,-0.35951489210128784,,,,,,,
30,18456,,18456:hypothesis:fra_Latn,,hypothesis,neutral,,,,,The peson has a strange life with jouls and contraptions.,The peson has a strange life with cheeks and appliances.,0.9409496188163757,0.9522989392280579,0.9409496188163757,0.9409496188163757,0.9522989392280579,0.9409496188163757,neutral,0.9564386606216431,neutral,0.7532821893692017,,,[],[],0.18584070796460173,False,"[""low_nli_confidence""]",,,,,,,0.5018399357795715,0.9278254508972168,0.981027364730835,0.9278254508972168,0.7012781500816345,-0.4678322672843933,,,,,,,
32,18686,,18686:premise:fra_Latn,,premise,contradiction,,,,,A girl in pink is holding onto a young boy wearing red.,A girl in pink holds a boy in red.,0.9969859719276428,0.5155285000801086,0.5155285000801086,0.9969859719276428,0.5155285000801086,0.5155285000801086,contradiction,0.999019980430603,contradiction,0.9983968138694763,,,[],"[{""group"":""space"",""original"":{""in"":1},""candidate"":{""in"":2},""field"":""premise""}]",0.2584269662921348,False,"[""semantic_drift""]",,,,,,,0.9733482003211975,0.9904723167419434,0.49855345487594604,0.49855345487594604,0.9372795820236206,0.43492841720581055,,,,,,,
32,18686,,18686:hypothesis:fra_Latn,,hypothesis,contradiction,,,,,A sister is holding onto her brother in all black.,A sister keeps her brother in the dark.,0.9813857674598694,0.8186876177787781,0.8186876177787781,0.9813857674598694,0.8186876177787781,0.8186876177787781,contradiction,0.999019980430603,neutral,0.10524536669254303,,,[],"[{""group"":""quantifier"",""original"":{""all"":1},""candidate"":{},""field"":""hypothesis""}]",0.348314606741573,False,"[""semantic_drift"",""label_flip""]",,,,,,,0.5443981289863586,0.1637999266386032,0.04783643037080765,0.04783643037080765,0.479278028011322,0.42142510414123535,,,,,,,
35,19844,,19844:premise:fra_Latn,,premise,entailment,,,,,A young blond boy looking at a white robot on a green table.,A young blonde looking at a white robot on a green table.,0.9933235049247742,0.019680647179484367,0.019680647179484367,0.9933235049247742,0.019680647179484367,0.019680647179484367,entailment,0.9864567518234253,entailment,0.9938108325004578,,,[],[],0.042735042735042694,False,"[""semantic_drift""]",,,,,,,0.8652182817459106,0.9885990619659424,0.01777588203549385,0.01777588203549385,0.9033161997795105,0.8198016881942749,,,,,,,
37,26244,,26244:hypothesis:fra_Latn,,hypothesis,neutral,,,,,A funny person sitting,A funny person sitting,0.9902828931808472,0.9902828931808472,0.9902828931808472,0.9902828931808472,0.9902828931808472,0.9902828931808472,neutral,0.9370047450065613,neutral,0.9370047450065613,,,[],[],0.0,False,"[""trivial_copy""]",,,,,,,0.9967939257621765,0.9825114607810974,0.9825114607810974,0.9825114607810974,0.9669083952903748,1.2206860780715942,,,,,,,
38,27041,,27041:hypothesis:fra_Latn,,hypothesis,entailment,,,,,The man is near some oranges.,The man is near some oranges.,0.9950976967811584,0.9950976967811584,0.9950976967811584,0.9950976967811584,0.9950976967811584,0.9950976967811584,entailment,0.9932605624198914,entailment,0.9932605624198914,,,[],[],0.0,False,"[""trivial_copy""]",,,,,,,0.9967593550682068,0.9934493899345398,0.9934493899345398,0.9934493899345398,0.9661457538604736,1.068070411682129,,,,,,,
39,27080,,27080:hypothesis:fra_Latn,,hypothesis,entailment,,,,,A man moves his foot,A man moves his foot,0.9917234778404236,0.9917234778404236,0.9917234778404236,0.9917234778404236,0.9917234778404236,0.9917234778404236,entailment,0.9898721575737,entailment,0.9898721575737,,,[],[],0.0,False,"[""trivial_copy""]",,,,,,,0.9967021346092224,0.9873821139335632,0.9873819947242737,0.9873819947242737,0.9698745608329773,1.1293928623199463,,,,,,,
42,29218,,29218:premise:fra_Latn,,premise,entailment,,,,,A man lying down with a maroon cloth over his eyes and someone standing over him wearing flip-flops.,"A man lying there with a brown cloth over his eyes, and someone standing over him wearing flip-flops.",0.1762104630470276,0.031819216907024384,0.031819216907024384,0.1762104630470276,0.031819216907024384,0.031819216907024384,entailment,0.9970688223838806,entailment,0.9937113523483276,,,[],[],0.07462686567164178,False,"[""semantic_drift""]",,,,,,,0.8337831497192383,0.014397700317203999,0.005203493870794773,0.005203493870794773,0.7077165246009827,0.706427812576294,,,,,,,
42,29218,,29218:hypothesis:fra_Latn,,hypothesis,entailment,,,,,The man is lying down.,The man is lying down.,0.9979482293128967,0.9979482293128967,0.9979482293128967,0.9979482293128967,0.9979482293128967,0.9979482293128967,entailment,0.9970688223838806,entailment,0.9970688223838806,,,[],[],0.0,False,"[""trivial_copy""]",,,,,,,0.996581494808197,0.993335485458374,0.993335485458374,0.993335485458374,0.9631526470184326,1.1098228693008423,,,,,,,
43,29415,,29415:premise:fra_Latn,,premise,contradiction,,,,,"A man is operating a weed eater behind a building, and there is a red van nearby.","A man is operating a cannabis eater behind a building, and there's a red pickup truck nearby.",0.0008543779258616269,0.0009919514413923025,0.0008543779258616269,0.0008543779258616269,0.0009919514413923025,0.0008543779258616269,contradiction,0.9534854888916016,contradiction,0.9896460175514221,,,[],[],0.1724137931034483,False,"[""semantic_drift""]",,,,,,,0.7661141157150269,0.17403888702392578,0.16169415414333344,0.16169415414333344,0.7224685549736023,0.579590380191803,,,,,,,
44,29765,,29765:premise:fra_Latn,,premise,contradiction,,,,,A man on a bicycle rides up the side of a tree.,A man riding a bicycle climbs a tree.,0.9940709471702576,0.8927523493766785,0.8927523493766785,0.9940709471702576,0.8927523493766785,0.8927523493766785,contradiction,0.9991926550865173,contradiction,0.9992105960845947,,,[],"[{""group"":""space"",""original"":{""on"":1},""candidate"":{},""field"":""premise""}]",0.33333333333333337,False,"[""semantic_drift""]",,,,,,,0.9320785403251648,0.9930682182312012,0.9849209189414978,0.9849209189414978,0.9070501327514648,0.5673763155937195,,,,,,,
44,29765,,29765:hypothesis:fra_Latn,,hypothesis,contradiction,,,,,A man on a skateboard.,A man on a skateboard.,0.9948161244392395,0.9948161244392395,0.9948161244392395,0.9948161244392395,0.9948161244392395,0.9948161244392395,contradiction,0.9991926550865173,contradiction,0.9991926550865173,,,[],[],0.0,False,"[""trivial_copy""]",,,,,,,0.9965596795082092,0.9917386174201965,0.991738498210907,0.991738498210907,0.9664741158485413,1.0711363554000854,,,,,,,
45,30056,,30056:hypothesis:fra_Latn,,hypothesis,neutral,,,,,Billy decided to wear his white shirt with his new glasses for his guitar recital.,Billy decided to wear his white shirt with his new glasses for his guitar recital.,0.9953258037567139,0.9953258037567139,0.9953258037567139,0.9953258037567139,0.9953258037567139,0.9953258037567139,neutral,0.9971179962158203,neutral,0.9971179962158203,,,[],[],0.0,False,"[""trivial_copy""]",,,,,,,0.9963377714157104,0.9934808015823364,0.9934808015823364,0.9934808015823364,0.9735531210899353,1.0118061304092407,,,,,,,
47,32579,,32579:hypothesis:fra_Latn,,hypothesis,neutral,,,,,The musicians are going to band practice.,The musicians are going to practice.,0.9972842931747437,0.001451246440410614,0.001451246440410614,0.9972842931747437,0.001451246440410614,0.001451246440410614,neutral,0.9976015686988831,neutral,0.9968186616897583,,,[],[],0.06493506493506496,False,"[""semantic_drift""]",,,,,,,0.7978318333625793,0.9925616383552551,0.0018779410747811198,0.0018779410747811198,0.788916826248169,0.6975564360618591,,,,,,,
48,32673,,32673:premise:fra_Latn,,premise,contradiction,,,,,A man sits in the floor slapping something while another woman watches and one stands in the kitchen talking.,One man is sitting on the floor typing something while another woman is watching and the other is standing in the kitchen talking.,0.0005267067463137209,0.000289261486614123,0.000289261486614123,0.0005267067463137209,0.000289261486614123,0.000289261486614123,contradiction,0.9993467926979065,contradiction,0.9991623163223267,,,[],"[{""group"":""space"",""original"":{""in"":2},""candidate"":{""in"":1,""on"":1},""field"":""premise""}]",0.17991631799163177,False,"[""semantic_drift""]",,,,,,,0.545505702495575,0.9352417588233948,0.3753330707550049,0.3753330707550049,0.8653802871704102,0.26477375626564026,,,,,,,
49,34221,,34221:premise:fra_Latn,,premise,neutral,,,,,Two men fix a bicycle on a trail.,Two men are fixing a bicycle on a track.,0.049101218581199646,0.2521693706512451,0.049101218581199646,0.049101218581199646,0.2521693706512451,0.049101218581199646,neutral,0.9715840220451355,contradiction,0.0025205551646649837,,,[],[],0.15068493150684936,False,"[""semantic_drift"",""label_flip""]",,,,,,,0.8566104769706726,0.9793667197227478,0.9848730564117432,0.9793667197227478,0.7806907296180725,0.5091486573219299,,,,,,,
53,38101,,38101:premise:fra_Latn,,premise,neutral,,,,,A girl running through uneven sand with some withered grass.,A girl running through the sand with dry grass.,0.9945900440216064,0.04447881132364273,0.04447881132364273,0.9945900440216064,0.04447881132364273,0.04447881132364273,neutral,0.9979598522186279,neutral,0.9963772892951965,,,[],"[{""group"":""quantifier"",""original"":{""some"":1},""candidate"":{},""field"":""premise""}]",0.19626168224299068,False,"[""semantic_drift""]",,,,,,,0.846793532371521,0.9769899845123291,0.8522599339485168,0.8522599339485168,0.7655409574508667,0.213642418384552,,,,,,,
55,40045,,40045:premise:fra_Latn,,premise,contradiction,,,,,Former First Lady Laura Bush wearing a peach colored dress speaks at a conference.,"Former First Lady Laura Bush, dressed in a fish dress, speaks at a conference.",0.0006343497661873698,0.0029429872520267963,0.0006343497661873698,0.0006343497661873698,0.0029429872520267963,0.0006343497661873698,contradiction,0.9992152452468872,contradiction,0.999265730381012,,,[],"[{""group"":""space"",""original"":{},""candidate"":{""in"":1},""field"":""premise""}]",0.275,False,"[""semantic_drift""]",,,,,,,0.6699346303939819,0.0027270978316664696,0.012477921321988106,0.0027270978316664696,0.672478199005127,-0.0692419707775116,,,,,,,
56,40130,,40130:premise:fra_Latn,,premise,entailment,,,,,A man sitting on a rock in a grass field talking on his cellphone.,A man sitting on a rock in a grass field talking on his cell phone.,0.9964902997016907,0.9942690134048462,0.9942690134048462,0.9964902997016907,0.9942690134048462,0.9942690134048462,entailment,0.9957807064056396,entailment,0.9964445233345032,,,[],[],0.007518796992481258,False,"[""trivial_copy""]",,,,,,,0.972162663936615,0.9936927556991577,0.9935976266860962,0.9935976266860962,0.9718942642211914,1.045370101928711,,,,,,,
57,40441,,40441:hypothesis:fra_Latn,,hypothesis,neutral,,,,,Two guys trying to catch the same Frisbee,Two guys trying to catch the same Frisbee.,0.9952865242958069,0.9929297566413879,0.9929297566413879,0.9952865242958069,0.9929297566413879,0.9929297566413879,neutral,0.9077663421630859,neutral,0.7785414457321167,,,[],[],0.012048192771084376,False,"[""trivial_copy"",""low_nli_confidence""]",,,,,,,0.9965754151344299,0.9938284754753113,0.9937987923622131,0.9937987923622131,0.9698894619941711,0.995977520942688,,,,,,,
58,41993,,41993:hypothesis:fra_Latn,,hypothesis,neutral,,,,,The office worker is thinking.,The office worker is thinking.,0.9966601133346558,0.9966601133346558,0.9966601133346558,0.9966601133346558,0.9966601133346558,0.9966601133346558,neutral,0.9612749218940735,neutral,0.9612749218940735,,,[],[],0.0,False,"[""trivial_copy""]",,,,,,,0.9966981410980225,0.9940922856330872,0.9940922856330872,0.9940922856330872,0.9658732414245605,1.0800716876983643,,,,,,,
59,42372,,42372:hypothesis:fra_Latn,,hypothesis,entailment,,,,,The boy is Asian.,The boy is Asian.,0.9956116080284119,0.9956116080284119,0.9956116080284119,0.9956116080284119,0.9956116080284119,0.9956116080284119,entailment,0.991329550743103,entailment,0.991329550743103,,,[],[],0.0,False,"[""trivial_copy""]",,,,,,,0.996788501739502,0.9936582446098328,0.9936582446098328,0.9936582446098328,0.9647035002708435,1.0967047214508057,,,,,,,
60,43495,,43495:premise:fra_Latn,,premise,neutral,,,,,A man with black gloves sits on someone's shoulders to take a picture.,A man in black gloves sits on someone's shoulders to take a picture.,0.9963562488555908,0.9964126944541931,0.9963562488555908,0.9963562488555908,0.9964126944541931,0.9963562488555908,neutral,0.9977750182151794,neutral,0.9973817467689514,,,[],"[{""group"":""space"",""original"":{""on"":1},""candidate"":{""in"":1,""on"":1},""field"":""premise""}]",0.02898550724637683,False,"[""trivial_copy""]",,,,,,,0.996757447719574,0.9938228130340576,0.993782103061676,0.993782103061676,0.9725553393363953,1.0065491199493408,,,,,,,
60,43495,,43495:hypothesis:fra_Latn,,hypothesis,neutral,,,,,The man is short.,The man is small.,0.9787482023239136,0.4575943648815155,0.4575943648815155,0.9787482023239136,0.4575943648815155,0.4575943648815155,neutral,0.9977750182151794,neutral,0.9822461605072021,,,[],[],0.23529411764705888,False,"[""semantic_drift""]",,,,,,,0.561575174331665,0.9928279519081116,0.9911444783210754,0.9911444783210754,0.6266914010047913,0.5175244212150574,,,,,,,
63,44726,,44726:hypothesis:fra_Latn,,hypothesis,entailment,,,,,A boy is using a computer.,A boy is using a computer.,0.9974493384361267,0.9974493384361267,0.9974493384361267,0.9974493384361267,0.9974493384361267,0.9974493384361267,entailment,0.9923093318939209,entailment,0.9923093318939209,,,[],[],0.0,False,"[""trivial_copy""]",,,,,,,0.9965019226074219,0.993202805519104,0.993202805519104,0.993202805519104,0.9652525186538696,1.0730429887771606,,,,,,,
64,45940,,45940:hypothesis:fra_Latn,,hypothesis,neutral,,,,,The dog brings the ball back to his owner.,The dog returns the bullet to its owner.,0.0013250495539978147,0.0017047892324626446,0.0013250495539978147,0.0013250495539978147,0.0017047892324626446,0.0013250495539978147,neutral,0.9955845475196838,contradiction,0.21100786328315735,,,[],[],0.2195121951219512,False,"[""semantic_drift"",""label_flip""]",,,,,,,0.5678774118423462,0.0014450668822973967,0.0020821180660277605,0.0014450668822973967,0.4406195282936096,-0.3129499554634094,,,,,,,
65,46018,,46018:hypothesis:fra_Latn,,hypothesis,neutral,,,,,The boys are wearing soccer jerseys.,The boys are wearing football shirts.,0.002735813846811652,0.008386580273509026,0.002735813846811652,0.002735813846811652,0.008386580273509026,0.002735813846811652,neutral,0.9923380017280579,neutral,0.8808263540267944,,,[],[],0.31506849315068497,False,"[""semantic_drift""]",,,,,,,0.5420006513595581,0.001279281685128808,0.0009917981224134564,0.0009917981224134564,0.5189524292945862,0.8020267486572266,,,,,,,
67,46771,,46771:premise:fra_Latn,,premise,neutral,,,,,"Girl with glasses wearing a black horizontally striped shirt, a blue tuque, and jeans sitting on a cobblestone sidewalk and street.","A girl in glasses wearing a black shirt with horizontal stripes, a blue tux and jeans sitting on a sidewalk and a paved street.",0.9673133492469788,0.06605761498212814,0.06605761498212814,0.9673133492469788,0.06605761498212814,0.06605761498212814,neutral,0.9970301389694214,neutral,0.9975255131721497,,,[],"[{""group"":""space"",""original"":{""on"":1},""candidate"":{""in"":1,""on"":1},""field"":""premise""}]",0.1937984496124031,False,"[""semantic_drift""]",,,,,,,0.9426358938217163,0.8099867701530457,0.14311736822128296,0.14311736822128296,0.8775715231895447,0.49561548233032227,,,,,,,
67,46771,,46771:hypothesis:fra_Latn,,hypothesis,neutral,,,,,A girl is waiting for her ride,There's a girl waiting for her flight.,0.22460272908210754,0.9924489259719849,0.22460272908210754,0.22460272908210754,0.9924489259719849,0.22460272908210754,neutral,0.9970301389694214,neutral,0.9903551340103149,,,[],[],0.2941176470588235,False,"[""semantic_drift""]",,,,,,,0.6252062916755676,0.9058218002319336,0.98197340965271,0.9058218002319336,0.6589851379394531,0.4138694405555725,,,,,,,
69,48793,,48793:premise:fra_Latn,,premise,entailment,,,,,A man in a jean jacket walking through town.,A man in jeans walking through town.,0.9259456396102905,0.009398985654115677,0.009398985654115677,0.9259456396102905,0.009398985654115677,0.009398985654115677,entailment,0.9964689016342163,entailment,0.9962857961654663,,,[],[],0.125,False,"[""semantic_drift""]",,,,,,,0.6454452276229858,0.9495200514793396,0.21945975720882416,0.21945975720882416,0.8357973694801331,-0.05965191125869751,,,,,,,
70,48999,,48999:hypothesis:fra_Latn,,hypothesis,neutral,,,,,A person is jumping over a bench on a bike.,A person jumps off a bicycle bench.,0.8702977895736694,0.9300181865692139,0.8702977895736694,0.8702977895736694,0.9300181865692139,0.8702977895736694,neutral,0.9978662133216858,contradiction,0.009334437549114227,,,[],"[{""group"":""space"",""original"":{""over"":1,""on"":1},""candidate"":{},""field"":""hypothesis""}]",0.3846153846153846,False,"[""semantic_drift"",""label_flip""]",,,,,,,0.8567296862602234,0.8821519613265991,0.9635658860206604,0.8821519613265991,0.9436424970626831,0.5133761167526245,,,,,,,
71,49580,,49580:premise:fra_Latn,,premise,entailment,,,,,A young boy looks out the window while traveling.,A young boy looks out the window while traveling.,0.9967261552810669,0.9967261552810669,0.9967261552810669,0.9967261552810669,0.9967261552810669,0.9967261552810669,entailment,0.9956674575805664,entailment,0.9956674575805664,,,[],[],0.0,False,"[""trivial_copy""]",,,,,,,0.9965395927429199,0.9935451745986938,0.9935451745986938,0.9935451745986938,0.9709823727607727,1.040226936340332,,,,,,,
71,49580,,49580:hypothesis:fra_Latn,,hypothesis,entailment,,,,,a child is in a moving vehicle,a child is in a moving vehicle,0.9946462512016296,0.9946462512016296,0.9946462512016296,0.9946462512016296,0.9946462512016296,0.9946462512016296,entailment,0.9956674575805664,entailment,0.9956674575805664,,,[],[],0.0,False,"[""trivial_copy""]",,,,,,,0.994763195514679,0.986264169216156,0.986264169216156,0.986264169216156,0.9682298898696899,1.1458561420440674,,,,,,,
73,50615,,50615:hypothesis:fra_Latn,,hypothesis,contradiction,,,,,A football player taking a hit,A soccer player takes a hit,0.9802457690238953,0.834844172000885,0.834844172000885,0.9802457690238953,0.834844172000885,0.834844172000885,contradiction,0.9993504881858826,contradiction,0.9992272853851318,,,[],[],0.29824561403508776,False,"[""semantic_drift""]",,,,,,,0.4909296929836273,0.009954139590263367,0.0016669858014211059,0.0016669858014211059,0.46727100014686584,0.421832412481308,,,,,,,
76,52808,,52808:hypothesis:fra_Latn,,hypothesis,contradiction,,,,,The manager is about to fire the employee.,The manager is about to fire the employee.,0.9977668523788452,0.9977668523788452,0.9977668523788452,0.9977668523788452,0.9977668523788452,0.9977668523788452,contradiction,0.9609857797622681,contradiction,0.9609856605529785,,,[],[],0.0,False,"[""trivial_copy""]",,,,,,,0.9966937303543091,0.9932450652122498,0.9932450652122498,0.9932450652122498,0.9703050255775452,1.0395324230194092,,,,,,,
79,54712,,54712:premise:fra_Latn,,premise,entailment,,,,,A man breakdances as a crowd watches.,A man dances like a crowd.,0.6737805008888245,0.005662900861352682,0.005662900861352682,0.6737805008888245,0.005662900861352682,0.005662900861352682,entailment,0.9964410662651062,neutral,0.4022902548313141,,,[],[],0.3015873015873016,False,"[""semantic_drift"",""label_flip""]",,,,,,,0.7151854634284973,0.9206551909446716,0.09668420255184174,0.09668420255184174,0.828481912612915,-0.5512788891792297,,,,,,,
79,54712,,54712:hypothesis:fra_Latn,,hypothesis,entailment,,,,,A man dances in front of a crowd.,A man dances in front of a crowd.,0.9964714050292969,0.9964714050292969,0.9964714050292969,0.9964714050292969,0.9964714050292969,0.9964714050292969,entailment,0.9964410662651062,entailment,0.9964410662651062,,,[],[],0.0,False,"[""trivial_copy""]",,,,,,,0.9967795014381409,0.9934145212173462,0.9934145212173462,0.9934145212173462,0.9669976830482483,1.0415959358215332,,,,,,,
80,54941,,54941:premise:fra_Latn,,premise,entailment,,,,,The girl in the pink California Santa Cruz sweatshirt was cutting cheese for the picnic.,The girl in the pink Santa Cruz sweatshirt was cutting cheese for the picnic.,0.9954892992973328,0.1688794195652008,0.1688794195652008,0.9954892992973328,0.1688794195652008,0.1688794195652008,entailment,0.9970095157623291,entailment,0.9970420002937317,,,[],[],0.06666666666666665,False,"[""semantic_drift""]",,,,,,,0.9387766718864441,0.9927449226379395,0.007984344847500324,0.007984344847500324,0.8787861466407776,0.9203546047210693,,,,,,,
81,55266,,55266:premise:fra_Latn,,premise,contradiction,,,,,"A man wearing a cowboy hat, overalls, and a white shirt is pointing at his music sheet and looking at someone in confusion.","A man in a cowboy hat, suit and white shirt points to his sheet of music and looks at someone in confusion.",0.025919945910573006,0.005324042867869139,0.005324042867869139,0.025919945910573006,0.005324042867869139,0.005324042867869139,contradiction,0.9994255304336548,contradiction,0.9994825124740601,,,[],"[{""group"":""space"",""original"":{""in"":1},""candidate"":{""in"":2},""field"":""premise""}]",0.19999999999999996,False,"[""semantic_drift""]",,,,,,,0.9213495850563049,0.9886242151260376,0.12662373483181,0.12662373483181,0.8200254440307617,0.5643528699874878,,,,,,,
82,55448,,55448:hypothesis:fra_Latn,,hypothesis,contradiction,,,,,A woman and a young boy are laughing.,A woman and a boy are laughing.,0.9960156083106995,0.023312469944357872,0.023312469944357872,0.9960156083106995,0.023312469944357872,0.023312469944357872,contradiction,0.9992283582687378,contradiction,0.9992603659629822,,,[],[],0.08823529411764708,False,"[""semantic_drift""]",,,,,,,0.952537477016449,0.9937356114387512,0.9166807532310486,0.9166807532310486,0.9391843676567078,0.9279437065124512,,,,,,,
83,56475,,56475:hypothesis:fra_Latn,,hypothesis,entailment,,,,,An animal is moving.,An animal is moving.,0.9968011379241943,0.9968011379241943,0.9968011379241943,0.9968011379241943,0.9968011379241943,0.9968011379241943,entailment,0.9951796531677246,entailment,0.9951796531677246,,,[],[],0.0,False,"[""trivial_copy""]",,,,,,,0.9939063191413879,0.9939045310020447,0.9939045310020447,0.9939045310020447,0.9651474356651306,1.1124932765960693,,,,,,,
84,56607,,56607:hypothesis:fra_Latn,,hypothesis,entailment,,,,,A man with a bandanna is outside.,A man with a bandana is outside.,0.9949511289596558,0.9912773370742798,0.9912773370742798,0.9949511289596558,0.9912773370742798,0.9912773370742798,entailment,0.9977753758430481,entailment,0.9974984526634216,,,[],[],0.01538461538461533,False,"[""trivial_copy""]",,,,,,,0.9967380166053772,0.9940600991249084,0.9938887357711792,0.9938887357711792,0.9707610011100769,0.7313443422317505,,,,,,,
85,56660,,56660:premise:fra_Latn,,premise,contradiction,,,,,A woman with a drink and a toy.,A woman with a drink and a toy.,0.9902036190032959,0.9902036190032959,0.9902036190032959,0.9902036190032959,0.9902036190032959,0.9902036190032959,contradiction,0.9584112763404846,contradiction,0.9584112763404846,,,[],[],0.0,False,"[""trivial_copy""]",,,,,,,0.9966807961463928,0.9922089576721191,0.9922089576721191,0.9922089576721191,0.9696005582809448,1.0551183223724365,,,,,,,
86,56738,,56738:premise:fra_Latn,,premise,contradiction,,,,,A woman scuba diving with a large sea turtle.,A woman diving with a big sea turtle.,0.9971029162406921,0.5318329334259033,0.5318329334259033,0.9971029162406921,0.5318329334259033,0.5318329334259033,contradiction,0.9975811243057251,contradiction,0.9985525012016296,,,[],[],0.14634146341463417,False,"[""semantic_drift""]",,,,,,,0.9122597575187683,0.9923904538154602,0.8000025749206543,0.8000025749206543,0.8427727818489075,0.8191801309585571,,,,,,,
88,58539,,58539:hypothesis:fra_Latn,,hypothesis,neutral,,,,,The man is living out of his car since losing his job 5 months ago.,The man's been living in his car since he lost his job five months ago.,0.9968830347061157,0.9939338564872742,0.9939338564872742,0.9968830347061157,0.9939338564872742,0.9939338564872742,neutral,0.8265563249588013,contradiction,0.10957349091768265,,,[],"[{""group"":""space"",""original"":{},""candidate"":{""in"":1},""field"":""hypothesis""}]",0.2028985507246377,False,"[""label_flip""]",,,,,,,0.9919801950454712,0.9932186007499695,0.9935124516487122,0.9932186007499695,0.9714705944061279,0.5791841745376587,,,,,,,
89,58989,,58989:premise:fra_Latn,,premise,neutral,,,,,A man in a blue shirt is taking a picture.,A man in a blue shirt is taking a picture.,0.9954177141189575,0.9954177141189575,0.9954177141189575,0.9954177141189575,0.9954177141189575,0.9954177141189575,neutral,0.9991987347602844,neutral,0.9991987347602844,,,[],[],0.0,False,"[""trivial_copy""]",,,,,,,0.9968055486679077,0.9936783909797668,0.9936783909797668,0.9936783909797668,0.970825731754303,1.0639044046401978,,,,,,,
93,62478,,62478:hypothesis:fra_Latn,,hypothesis,entailment,,,,,The dog is experiencing cold weather.,The dog knows the cold.,0.9400211572647095,0.6141924262046814,0.6141924262046814,0.9400211572647095,0.6141924262046814,0.6141924262046814,entailment,0.978808581829071,neutral,0.3408476710319519,,,[],[],0.43333333333333335,False,"[""semantic_drift"",""label_flip""]",,,,,,,0.7660837769508362,0.6339693665504456,0.9355634450912476,0.6339693665504456,0.8442268967628479,-0.1355380266904831,,,,,,,
98,64203,,64203:premise:fra_Latn,,premise,entailment,,,,,A child sleeps under a pink pillow.,A child sleeps under a pink pillow.,0.9965124726295471,0.9965124726295471,0.9965124726295471,0.9965124726295471,0.9965124726295471,0.9965124726295471,entailment,0.9869613647460938,entailment,0.9869613647460938,,,[],[],0.0,False,"[""trivial_copy""]",,,,,,,0.996772825717926,0.9935279488563538,0.9935279488563538,0.9935279488563538,0.9706447720527649,1.0659197568893433,,,,,,,
99,64354,,64354:premise:fra_Latn,,premise,contradiction,,,,,two men working in a bakery,two men working in a bakery,0.9963390827178955,0.9963390827178955,0.9963390827178955,0.9963390827178955,0.9963390827178955,0.9963390827178955,contradiction,0.9987892508506775,contradiction,0.9987892508506775,,,[],[],0.0,False,"[""trivial_copy""]",,,,,,,0.9967566132545471,0.9821180105209351,0.9821180105209351,0.9821180105209351,0.9701388478279114,1.105459213256836,,,,,,,
99,64354,,64354:hypothesis:fra_Latn,,hypothesis,contradiction,,,,,Two men checking books out of a library.,Two men checking books in a library.,0.9828870892524719,0.014690635725855827,0.014690635725855827,0.9828870892524719,0.014690635725855827,0.014690635725855827,contradiction,0.9987892508506775,contradiction,0.9990397095680237,,,[],"[{""group"":""space"",""original"":{},""candidate"":{""in"":1},""field"":""hypothesis""}]",0.10526315789473684,False,"[""semantic_drift""]",,,,,,,0.9967765212059021,0.24291224777698517,0.009114054962992668,0.009114054962992668,0.9614741206169128,0.8577321767807007,,,,,,,
100,64378,,64378:hypothesis:fra_Latn,,hypothesis,neutral,,,,,The four people are siblings.,All four are brothers and sisters.,0.1324903666973114,0.9867346286773682,0.1324903666973114,0.1324903666973114,0.9867346286773682,0.1324903666973114,neutral,0.999464213848114,neutral,0.9994526505470276,,,[],"[{""group"":""quantifier"",""original"":{},""candidate"":{""all"":1},""field"":""hypothesis""}]",0.5555555555555556,False,"[""semantic_drift""]",,,,,,,0.6857107877731323,0.8496741652488708,0.9889021515846252,0.8496741652488708,0.7620528340339661,0.49253249168395996,,,,,,,
104,66614,,66614:hypothesis:fra_Latn,,hypothesis,neutral,,,,,"Two men play on stage, hoping to get discovered by someone in the crowd.","Two men play on stage, hoping to be discovered by someone in the crowd.",0.994934618473053,0.9959838390350342,0.994934618473053,0.994934618473053,0.9959838390350342,0.994934618473053,neutral,0.99798583984375,neutral,0.9977439641952515,,,[],[],0.020979020979020935,False,"[""trivial_copy""]",,,,,,,0.9964867830276489,0.9937106370925903,0.9937466382980347,0.9937106370925903,0.9712331891059875,0.966799795627594,,,,,,,
109,69474,,69474:hypothesis:fra_Latn,,hypothesis,entailment,,,,,A man is smiling.,A man is smiling.,0.9968994855880737,0.9968994855880737,0.9968994855880737,0.9968994855880737,0.9968994855880737,0.9968994855880737,entailment,0.991447925567627,entailment,0.991447925567627,,,[],[],0.0,False,"[""trivial_copy""]",,,,,,,0.9966368675231934,0.9937382936477661,0.9937382936477661,0.9937382936477661,0.9632784128189087,1.1247140169143677,,,,,,,
111,69975,,69975:hypothesis:fra_Latn,,hypothesis,contradiction,,,,,A man in a white shirt and shorts is ready to serve the beef wellington.,A man in a white shirt and shorts is ready to serve beef wellington.,0.9950969815254211,0.9864164590835571,0.9864164590835571,0.9950969815254211,0.9864164590835571,0.9864164590835571,contradiction,0.9975041747093201,contradiction,0.9975594282150269,,,[],[],0.02857142857142858,False,"[""trivial_copy""]",,,,,,,0.9967812299728394,0.9940849542617798,0.9786747694015503,0.9786747694015503,0.9722394943237305,0.9187437295913696,,,,,,,
114,71825,,71825:premise:fra_Latn,,premise,contradiction,,,,,A boy rides a game machine.,A boy drives a game machine.,0.0022241193801164627,0.006726844701915979,0.0022241193801164627,0.0022241193801164627,0.006726844701915979,0.0022241193801164627,contradiction,0.9992719292640686,contradiction,0.9995779395103455,,,[],[],0.054545454545454564,False,"[""semantic_drift""]",,,,,,,0.8466830253601074,0.42234864830970764,0.1166110560297966,0.1166110560297966,0.9135891795158386,0.7027970552444458,,,,,,,
114,71825,,71825:hypothesis:fra_Latn,,hypothesis,contradiction,,,,,A boy is riding a toy pony.,A boy is riding a toy pony.,0.9975323677062988,0.9975323677062988,0.9975323677062988,0.9975323677062988,0.9975323677062988,0.9975323677062988,contradiction,0.9992719292640686,contradiction,0.9992719292640686,,,[],[],0.0,False,"[""trivial_copy""]",,,,,,,0.9965586066246033,0.9922594428062439,0.9922594428062439,0.9922594428062439,0.967681348323822,1.0560436248779297,,,,,,,
115,72005,,72005:premise:fra_Latn,,premise,contradiction,,,,,A group of people playing a game with a tennis ball on a beach.,A group of people playing a game with a tennis ball on a beach.,0.9933168888092041,0.9933168888092041,0.9933168888092041,0.9933168888092041,0.9933168888092041,0.9933168888092041,contradiction,0.999542236328125,contradiction,0.999542236328125,,,[],[],0.0,False,"[""trivial_copy""]",,,,,,,0.9963937401771545,0.993105947971344,0.993105947971344,0.993105947971344,0.9721274971961975,1.0228559970855713,,,,,,,
116,73032,,73032:hypothesis:fra_Latn,,hypothesis,contradiction,,,,,The man is walking a tight rope between two sky scrapers.,Man walks on a rope tied between two skyscrapers.,0.9854375123977661,0.30040088295936584,0.30040088295936584,0.9854375123977661,0.30040088295936584,0.30040088295936584,contradiction,0.9949851036071777,contradiction,0.9989064931869507,,,[],"[{""group"":""space"",""original"":{},""candidate"":{""on"":1},""field"":""hypothesis""}]",0.2264150943396226,False,"[""semantic_drift""]",,,,,,,0.9424855709075928,0.987346887588501,0.893639862537384,0.893639862537384,0.9229588508605957,-0.14589333534240723,,,,,,,
118,73554,,73554:premise:fra_Latn,,premise,entailment,,,,,"A man in a neon shirt, khakis, and an orange hard hat walks by a mulch machine.","A man in a neon shirt, khakis, and a hard orange hat passes by a flying machine.",0.002918058540672064,0.0032231558579951525,0.002918058540672064,0.002918058540672064,0.0032231558579951525,0.002918058540672064,entailment,0.9978938698768616,contradiction,0.0051144263707101345,,,[],[],0.16981132075471694,False,"[""semantic_drift"",""label_flip""]",,,,,,,0.7310845851898193,0.03491739556193352,0.03846021741628647,0.03491739556193352,0.7067750096321106,-0.02449631690979004,,,,,,,
119,73820,,73820:premise:fra_Latn,,premise,entailment,,,,,"A young boy wearing a yellow shirt and green pants pushing a baby stroller in front of houses with red and white roofs, red doors, white railing and red floor planks.","A young boy wearing a yellow shirt and green pants pushing a baby stroller in front of houses with red and white roofs, red doors, white bars and red boards.",0.9567441344261169,0.7168344855308533,0.7168344855308533,0.9567441344261169,0.7168344855308533,0.7168344855308533,entailment,0.9603135585784912,entailment,0.956040620803833,,,[],[],0.06501547987616096,False,"[""semantic_drift""]",,,,,,,0.9247560501098633,0.9218310117721558,0.8692474365234375,0.8692474365234375,0.8639690279960632,0.7295582294464111,,,,,,,
120,74358,,74358:hypothesis:fra_Latn,,hypothesis,contradiction,,,,,A woman feeds a tiger.,A woman feeds a tiger.,0.9965322017669678,0.9965322017669678,0.9965322017669678,0.9965322017669678,0.9965322017669678,0.9965322017669678,contradiction,0.9986496567726135,contradiction,0.9986496567726135,,,[],[],0.0,False,"[""trivial_copy""]",,,,,,,0.9963250756263733,0.9932754039764404,0.9932754039764404,0.9932754039764404,0.9667676687240601,0.9856115579605103,,,,,,,
121,75090,,75090:premise:fra_Latn,,premise,entailment,,,,,A runner is leaping over hurdles.,A runner jumps on obstacles.,0.9900417327880859,0.001680296496488154,0.001680296496488154,0.9900417327880859,0.001680296496488154,0.001680296496488154,entailment,0.989556610584259,entailment,0.9867724776268005,,,[],"[{""group"":""space"",""original"":{""over"":1},""candidate"":{""on"":1},""field"":""premise""}]",0.4098360655737705,False,"[""semantic_drift""]",,,,,,,0.9163435101509094,0.9800248742103577,0.9889398217201233,0.9800248742103577,0.9365783333778381,0.4260329604148865,,,,,,,
125,76517,,76517:premise:fra_Latn,,premise,contradiction,,,,,One climber helps another in the snow.,One climber helps another in the snow.,0.996587872505188,0.996587872505188,0.996587872505188,0.996587872505188,0.996587872505188,0.996587872505188,contradiction,0.9916326403617859,contradiction,0.9916326403617859,,,[],[],0.0,False,"[""trivial_copy""]",,,,,,,0.9966920614242554,0.9938125610351562,0.9938125610351562,0.9938125610351562,0.9703300595283508,1.0276981592178345,,,,,,,
128,78367,,78367:premise:fra_Latn,,premise,contradiction,,,,,"Two people sit in handicapped seats, one touching her ear while the other touches her eyes.","Two people are sitting in wheelchairs, one touching her ear and the other touching her eyes.",0.24612775444984436,0.988093912601471,0.24612775444984436,0.24612775444984436,0.988093912601471,0.24612775444984436,contradiction,0.9994749426841736,contradiction,0.999591052532196,,,[],[],0.22404371584699456,False,"[""semantic_drift""]",,,,,,,0.9720072150230408,0.9247152209281921,0.9592099189758301,0.9247152209281921,0.831425666809082,0.6906578540802002,,,,,,,
132,82658,,82658:premise:fra_Latn,,premise,neutral,,,,,A blond woman dressed in black and red is running.,A blonde dressed in black and red is short.,0.6418311595916748,0.01835421659052372,0.01835421659052372,0.6418311595916748,0.01835421659052372,0.01835421659052372,neutral,0.9973611235618591,neutral,0.7597095370292664,,,[],[],0.18279569892473113,False,"[""semantic_drift"",""low_nli_confidence""]",,,,,,,0.5880586504936218,0.06673639267683029,0.05392647907137871,0.05392647907137871,0.565584659576416,-0.39747053384780884,,,,,,,
132,82658,,82658:hypothesis:fra_Latn,,hypothesis,neutral,,,,,"A young woman is working out at her local high-school's track, running laps.",A young woman is training on her high school circuit.,0.9949406385421753,0.004190260544419289,0.004190260544419289,0.9949406385421753,0.004190260544419289,0.004190260544419289,neutral,0.9973611235618591,neutral,0.9922641515731812,,,[],"[{""group"":""space"",""original"":{},""candidate"":{""on"":1},""field"":""hypothesis""}]",0.3643410852713178,False,"[""semantic_drift""]",,,,,,,0.8198604583740234,0.9447603225708008,0.0026484241243451834,0.0026484241243451834,0.7701488137245178,-0.027530930936336517,,,,,,,
134,84582,,84582:premise:fra_Latn,,premise,entailment,,,,,A man smiling while shining another man's shoes.,A man smiling while shining another man's shoes.,0.9961016178131104,0.9961016178131104,0.9961016178131104,0.9961016178131104,0.9961016178131104,0.9961016178131104,entailment,0.989769697189331,entailment,0.989769697189331,,,[],[],0.0,False,"[""trivial_copy""]",,,,,,,0.9964855909347534,0.993678629398346,0.993678629398346,0.993678629398346,0.9719113707542419,1.0769951343536377,,,,,,,
139,88424,,88424:hypothesis:fra_Latn,,hypothesis,entailment,,,,,Two women are writing.,Two women are writing.,0.9961112141609192,0.9961112141609192,0.9961112141609192,0.9961112141609192,0.9961112141609192,0.9961112141609192,entailment,0.9955462217330933,entailment,0.9955462217330933,,,[],[],0.0,False,"[""trivial_copy""]",,,,,,,0.9965498447418213,0.9934096336364746,0.9934096336364746,0.9934096336364746,0.9633724689483643,1.0884079933166504,,,,,,,
141,89957,,89957:premise:fra_Latn,,premise,entailment,,,,,Two men in sleeveless shirts and shorts getting a beverage.,Two men in shirts with no sleeves and underwear having a drink.,0.7673213481903076,0.9730194807052612,0.7673213481903076,0.7673213481903076,0.9730194807052612,0.7673213481903076,entailment,0.9965684413909912,entailment,0.9957232475280762,,,[],"[{""group"":""negation"",""original"":{},""candidate"":{""no"":1},""field"":""premise""}]",0.4918032786885246,False,"[""semantic_drift""]",,,,,,,0.9030770659446716,0.7327302098274231,0.8705126643180847,0.7327302098274231,0.8149572014808655,0.47905105352401733,,,,,,,
142,90459,,90459:premise:fra_Latn,,premise,entailment,,,,,A possible woman dressed as a belly dancer holds out a cloth with beads on it.,A woman dressed as a belly dancer stretches a cloth with pearls on it.,0.012928365729749203,0.6473714113235474,0.012928365729749203,0.012928365729749203,0.6473714113235474,0.012928365729749203,entailment,0.9747342467308044,entailment,0.8457050323486328,,,[],[],0.18918918918918914,False,"[""semantic_drift""]",,,,,,,0.7802370190620422,0.09191657602787018,0.7129026651382446,0.09191657602787018,0.71341472864151,0.10331252217292786,,,,,,,
144,93870,,93870:premise:fra_Latn,,premise,entailment,,,,,This is a child in a snowy landscape sledding down a hill.,It's a child in a snowy landscape hanging on a hill.,0.0022901869378983974,0.00029291262035258114,0.00029291262035258114,0.0022901869378983974,0.00029291262035258114,0.00029291262035258114,entailment,0.9962921142578125,neutral,0.002731044078245759,,,[],"[{""group"":""space"",""original"":{""in"":1},""candidate"":{""in"":1,""on"":1},""field"":""premise""}]",0.1636363636363637,False,"[""semantic_drift"",""label_flip""]",,,,,,,0.6805735230445862,0.022017909213900566,0.002268758602440357,0.002268758602440357,0.6621289253234863,0.16876333951950073,,,,,,,
144,93870,,93870:hypothesis:fra_Latn,,hypothesis,entailment,,,,,The child is sledding through the snow.,The kid's hanging out in the snow.,0.6062145829200745,0.0015859546838328242,0.0015859546838328242,0.6062145829200745,0.0015859546838328242,0.0015859546838328242,entailment,0.9962921142578125,entailment,0.8541150093078613,,,[],"[{""group"":""space"",""original"":{""through"":1},""candidate"":{""in"":1},""field"":""hypothesis""}]",0.34246575342465757,False,"[""semantic_drift""]",,,,,,,0.5679742097854614,0.29881221055984497,0.015778671950101852,0.015778671950101852,0.6219508647918701,-0.29014039039611816,,,,,,,
145,93979,,93979:premise:fra_Latn,,premise,contradiction,,,,,A man stands outside of a doorway on his cellphone.,A man is standing outside a door on his cell phone.,0.9975177049636841,0.996982991695404,0.996982991695404,0.9975177049636841,0.996982991695404,0.996982991695404,contradiction,0.965035080909729,neutral,0.45711615681648254,,,[],[],0.13725490196078427,False,"[""label_flip""]",,,,,,,0.9945255517959595,0.9878145456314087,0.9845987558364868,0.9845987558364868,0.9448664784431458,0.8652403354644775,,,,,,,
145,93979,,93979:hypothesis:fra_Latn,,hypothesis,contradiction,,,,,A man with empty hands stands outside a doorway.,A man with empty hands is standing at a door.,0.9935099482536316,0.9466667175292969,0.9466667175292969,0.9935099482536316,0.9466667175292969,0.9466667175292969,contradiction,0.965035080909729,contradiction,0.7709656953811646,,,[],"[{""group"":""space"",""original"":{""outside"":1},""candidate"":{},""field"":""hypothesis""}]",0.18279569892473113,False,"[""low_nli_confidence""]",,,,,,,0.9012326002120972,0.9104167222976685,0.9767175316810608,0.9104167222976685,0.9500517249107361,0.7452990412712097,,,,,,,
147,95970,,95970:hypothesis:fra_Latn,,hypothesis,contradiction,,,,,People are in a stadium.,People are in a stadium.,0.996493399143219,0.996493399143219,0.996493399143219,0.996493399143219,0.996493399143219,0.996493399143219,contradiction,0.9995597004890442,contradiction,0.9995597004890442,,,[],[],0.0,False,"[""trivial_copy""]",,,,,,,0.9965002536773682,0.9935917258262634,0.9935917258262634,0.9935917258262634,0.9613255262374878,1.1072036027908325,,,,,,,
148,96110,,96110:hypothesis:fra_Latn,,hypothesis,contradiction,,,,,The man is sitting on the stage.,The man is sitting on the stage.,0.9976876974105835,0.9976876974105835,0.9976876974105835,0.9976876974105835,0.9976876974105835,0.9976876974105835,contradiction,0.9996128678321838,contradiction,0.9996128678321838,,,[],[],0.0,False,"[""trivial_copy""]",,,,,,,0.9967048764228821,0.9931851029396057,0.9931851029396057,0.9931851029396057,0.9662573933601379,1.0408369302749634,,,,,,,
151,97760,,97760:premise:fra_Latn,,premise,entailment,,,,,"The backs of two Asian girls, wearing red tops and holding red flags.","The back of two Asian girls, wearing red tops and holding red flags.",0.9854446053504944,0.9523014426231384,0.9523014426231384,0.9854446053504944,0.9523014426231384,0.9523014426231384,entailment,0.9952333569526672,entailment,0.9959404468536377,,,[],[],0.007299270072992692,False,"[""trivial_copy""]",,,,,,,0.9967378973960876,0.9939813017845154,0.9940165281295776,0.9939813017845154,0.9720803499221802,1.0120927095413208,,,,,,,
151,97760,,97760:hypothesis:fra_Latn,,hypothesis,entailment,,,,,Two girls are holding red flags.,Two girls are wearing red flags.,0.004181327763944864,0.009569566696882248,0.004181327763944864,0.004181327763944864,0.009569566696882248,0.004181327763944864,entailment,0.9952333569526672,contradiction,0.09402886033058167,,,[],[],0.125,False,"[""semantic_drift"",""label_flip""]",,,,,,,0.8298925757408142,0.5763334035873413,0.7292437553405762,0.5763334035873413,0.8633987903594971,0.9487882852554321,,,,,,,
154,99704,,99704:premise:fra_Latn,,premise,neutral,,,,,"Runners, some in costume, in a St Paddy's day Marathon run in the streets as people watch.","Runners, some dressed up, in a St. Paddy's marathon run through the streets as people watch.",0.9941065311431885,0.8422937393188477,0.8422937393188477,0.9941065311431885,0.8422937393188477,0.8422937393188477,neutral,0.9780031442642212,neutral,0.9254449605941772,,,[],"[{""group"":""space"",""original"":{""in"":3},""candidate"":{""through"":1,""in"":1},""field"":""premise""}]",0.1648351648351648,False,"[""semantic_drift""]",,,,,,,0.9886587262153625,0.9944520592689514,0.989997386932373,0.989997386932373,0.9730490446090698,0.6021471619606018,,,,,,,
154,99704,,99704:hypothesis:fra_Latn,,hypothesis,neutral,,,,,The runners are almost finished with the St. Patrick's Day race.,The runners almost finished the St. Patrick's race.,0.9957921504974365,0.8287786245346069,0.8287786245346069,0.9957921504974365,0.8287786245346069,0.8287786245346069,neutral,0.9780031442642212,neutral,0.9966700673103333,,,[],[],0.11304347826086958,False,"[""semantic_drift""]",,,,,,,0.9617725610733032,0.9905782341957092,0.9533562064170837,0.9533562064170837,0.9690985083580017,0.4728703796863556,,,,,,,
156,101119,,101119:premise:fra_Latn,,premise,contradiction,,,,,A man with two dogs on a beach,A Man With Two Dogs On A Beach,0.9921398758888245,0.9926129579544067,0.9921398758888245,0.9921398758888245,0.9926129579544067,0.9921398758888245,contradiction,0.9979627132415771,contradiction,0.9986374974250793,,,[],[],0.0,False,"[""trivial_copy""]",,,,,,,0.9968752861022949,0.9830684065818787,0.9817803502082825,0.9817803502082825,0.9703889489173889,1.0944472551345825,,,,,,,
156,101119,,101119:hypothesis:fra_Latn,,hypothesis,contradiction,,,,,A man is with two deer on a beach.,A man is with two deer on a beach.,0.995269238948822,0.995269238948822,0.995269238948822,0.995269238948822,0.995269238948822,0.995269238948822,contradiction,0.9979627132415771,contradiction,0.9979627132415771,,,[],[],0.0,False,"[""trivial_copy""]",,,,,,,0.9966938495635986,0.9926512837409973,0.9926512837409973,0.9926512837409973,0.9696828722953796,1.0319035053253174,,,,,,,
157,101993,,101993:hypothesis:fra_Latn,,hypothesis,entailment,,,,,A woman wears sunglasses.,A woman wears sunglasses.,0.9970724582672119,0.9970724582672119,0.9970724582672119,0.9970724582672119,0.9970724582672119,0.9970724582672119,entailment,0.9964518547058105,entailment,0.9964518547058105,,,[],[],0.0,False,"[""trivial_copy""]",,,,,,,0.9965511560440063,0.9930100440979004,0.9930100440979004,0.9930100440979004,0.9650657176971436,1.078845500946045,,,,,,,
158,103011,,103011:premise:fra_Latn,,premise,contradiction,,,,,A group of people surrounding the American flag.,A group of people surrounding the American flag.,0.9945091605186462,0.9945091605186462,0.9945091605186462,0.9945091605186462,0.9945091605186462,0.9945091605186462,contradiction,0.9994148015975952,contradiction,0.9994148015975952,,,[],[],0.0,False,"[""trivial_copy""]",,,,,,,0.9906144142150879,0.993335485458374,0.993335485458374,0.993335485458374,0.968281626701355,1.0315296649932861,,,,,,,
158,103011,,103011:hypothesis:fra_Latn,,hypothesis,contradiction,,,,,People are around a Russian flag,People are around a Russian flag,0.9880357384681702,0.9880357384681702,0.9880357384681702,0.9880357384681702,0.9880357384681702,0.9880357384681702,contradiction,0.9994148015975952,contradiction,0.9994148015975952,,,[],[],0.0,False,"[""trivial_copy""]",,,,,,,0.9958782196044922,0.9877766370773315,0.9877766370773315,0.9877766370773315,0.9688832759857178,1.180677890777588,,,,,,,
159,103148,,103148:premise:fra_Latn,,premise,entailment,,,,,People hanging about in a crowded cafe.,People in a crowded cafe.,0.9958879351615906,0.6925597190856934,0.6925597190856934,0.9958879351615906,0.6925597190856934,0.6925597190856934,entailment,0.9963744282722473,entailment,0.9970610737800598,,,[],[],0.21875,False,"[""semantic_drift""]",,,,,,,0.9005128741264343,0.9878140687942505,0.3851631283760071,0.3851631283760071,0.8704275488853455,0.6810286045074463,,,,,,,
159,103148,,103148:hypothesis:fra_Latn,,hypothesis,entailment,,,,,People are in a cafe.,People are in a cafe.,0.9967296123504639,0.9967296123504639,0.9967296123504639,0.9967296123504639,0.9967296123504639,0.9967296123504639,entailment,0.9963744282722473,entailment,0.9963744282722473,,,[],[],0.0,False,"[""trivial_copy""]",,,,,,,0.9967889785766602,0.9931992888450623,0.9931992888450623,0.9931992888450623,0.9647944569587708,1.1048893928527832,,,,,,,
161,104123,,104123:premise:fra_Latn,,premise,contradiction,,,,,A gloved man palms forward in front of arranged clothes.,A man with handcuffs palms in front of a row of clothes.,0.006967732682824135,0.1349162757396698,0.006967732682824135,0.006967732682824135,0.1349162757396698,0.006967732682824135,contradiction,0.9959993362426758,contradiction,0.9980649352073669,,,[],[],0.375,False,"[""semantic_drift""]",,,,,,,0.7798429131507874,0.06683621555566788,0.24780051410198212,0.06683621555566788,0.5818996429443359,-0.21814872324466705,,,,,,,
161,104123,,104123:hypothesis:fra_Latn,,hypothesis,contradiction,,,,,A man jumps forward in front of dogs.,A man jumps in front of the dogs.,0.9946364760398865,0.6385234594345093,0.6385234594345093,0.9946364760398865,0.6385234594345093,0.6385234594345093,contradiction,0.9959993362426758,contradiction,0.9981961846351624,,,[],[],0.17142857142857137,False,"[""semantic_drift""]",,,,,,,0.8919999003410339,0.9906788468360901,0.963967502117157,0.963967502117157,0.9119316935539246,0.8136739134788513,,,,,,,
164,105325,,105325:hypothesis:fra_Latn,,hypothesis,neutral,,,,,A group of bike riders racing.,A group of cyclists in a race.,0.9961932897567749,0.997761607170105,0.9961932897567749,0.9961932897567749,0.997761607170105,0.9961932897567749,neutral,0.8475672602653503,contradiction,0.26107269525527954,,,[],"[{""group"":""space"",""original"":{},""candidate"":{""in"":1},""field"":""hypothesis""}]",0.3666666666666667,False,"[""label_flip""]",,,,,,,0.924665093421936,0.9932448267936707,0.9920673370361328,0.9920673370361328,0.9515727758407593,0.15195360779762268,,,,,,,
165,105872,,105872:premise:fra_Latn,,premise,entailment,,,,,A man shovels snow off of a roof while another stands in the contraption that allowed them to reach the high place.,"One of them is lifting snow from the roof, while the other is standing in the machine that helped them reach the height.",0.9982103109359741,0.987736701965332,0.987736701965332,0.9982103109359741,0.987736701965332,0.987736701965332,entailment,0.9701388478279114,neutral,0.3405987024307251,,,[],[],0.3702127659574468,False,"[""label_flip""]",,,,,,,0.8913955688476562,0.9885044693946838,0.9883530735969543,0.9883530735969543,0.7467918395996094,0.21286967396736145,,,,,,,
167,107232,,107232:premise:fra_Latn,,premise,entailment,,,,,Children getting picked up from sports practice.,Children are gathered for sports training.,0.9792059659957886,0.02493862994015217,0.02493862994015217,0.9792059659957886,0.02493862994015217,0.02493862994015217,entailment,0.9624122977256775,entailment,0.8084853291511536,,,[],[],0.37777777777777777,False,"[""semantic_drift""]",,,,,,,0.676188051700592,0.9377756714820862,0.4149463176727295,0.4149463176727295,0.6321060061454773,-0.09662941098213196,,,,,,,
167,107232,,107232:hypothesis:fra_Latn,,hypothesis,entailment,,,,,children getting done with sports practice,children starting to play sports,0.00023572175996378064,9.689816943136975e-05,9.689816943136975e-05,0.00023572175996378064,9.689816943136975e-05,9.689816943136975e-05,entailment,0.9624122977256775,contradiction,0.25479546189308167,,,[],[],0.3513513513513513,False,"[""semantic_drift"",""label_flip""]",,,,,,,0.4907096028327942,0.041070353239774704,0.001730044255964458,0.001730044255964458,0.5710731148719788,0.2830517292022705,,,,,,,
168,108589,,108589:premise:fra_Latn,,premise,neutral,,,,,A group of people are dressed in multicolored clothes while performing an act.,A group of people are dressed in colorful clothes while they play.,0.3200515806674957,0.8921480178833008,0.3200515806674957,0.3200515806674957,0.8921480178833008,0.3200515806674957,neutral,0.9991293549537659,neutral,0.9993866682052612,,,[],[],0.2222222222222222,False,"[""semantic_drift""]",,,,,,,0.8203551173210144,0.6201632022857666,0.9881666302680969,0.6201632022857666,0.7832689881324768,0.39387357234954834,,,,,,,
171,109896,,109896:premise:fra_Latn,,premise,neutral,,,,,"A young Asian man wearing a conical straw hat holding straw goods, and another person in the back to the left holding straw goods.","A young Asian wearing a conical straw hat holding straw goods, and another person in the back on the left holding straw goods.",0.990884006023407,0.10102381557226181,0.10102381557226181,0.990884006023407,0.10102381557226181,0.10102381557226181,neutral,0.9976940751075745,neutral,0.9972310662269592,,,[],"[{""group"":""space"",""original"":{""left"":1,""in"":1},""candidate"":{""left"":1,""in"":1,""on"":1},""field"":""premise""}]",0.0234375,False,"[""trivial_copy"",""semantic_drift""]",,,,,,,0.8989953994750977,0.9940802454948425,0.9834569096565247,0.9834569096565247,0.885736346244812,0.8747801780700684,,,,,,,
171,109896,,109896:hypothesis:fra_Latn,,hypothesis,neutral,,,,,Two young Asian men are selling their wares at a market in China.,Two young Asians are selling their goods at a Chinese market.,0.9967886209487915,0.010391071438789368,0.010391071438789368,0.9967886209487915,0.010391071438789368,0.010391071438789368,neutral,0.9976940751075745,neutral,0.9977912902832031,,,[],"[{""group"":""space"",""original"":{""in"":1},""candidate"":{},""field"":""hypothesis""}]",0.23809523809523814,False,"[""semantic_drift""]",,,,,,,0.9041285514831543,0.9935000538825989,0.34147584438323975,0.34147584438323975,0.8911493420600891,0.6781684160232544,,,,,,,
173,111766,,111766:premise:fra_Latn,,premise,contradiction,,,,,A dog is running on the sand whilst chasing a ball.,A dog runs on the sand while chasing a bullet.,0.00021511818340513855,0.0002178578870370984,0.00021511818340513855,0.00021511818340513855,0.0002178578870370984,0.00021511818340513855,contradiction,0.9996414184570312,contradiction,0.9996046423912048,,,[],[],0.15463917525773196,False,"[""semantic_drift""]",,,,,,,0.5925884246826172,0.0006439836579374969,0.009154874831438065,0.0006439836579374969,0.5620445013046265,-0.27850091457366943,,,,,,,
173,111766,,111766:hypothesis:fra_Latn,,hypothesis,contradiction,,,,,the dog is on the couch in the living room,the dog is on the couch in the living room,0.9961711764335632,0.9961711764335632,0.9961711764335632,0.9961711764335632,0.9961711764335632,0.9961711764335632,contradiction,0.9996414184570312,contradiction,0.9996414184570312,,,[],[],0.0,False,"[""trivial_copy""]",,,,,,,0.9966267347335815,0.9860414862632751,0.9860414862632751,0.9860414862632751,0.9712345600128174,1.092408537864685,,,,,,,
175,113130,,113130:premise:fra_Latn,,premise,entailment,,,,,A person wearing a red shirt sitting in the middle of fresh fruit and vegetables.,A person wearing a red shirt sitting in the middle of fresh fruits and vegetables.,0.9926937818527222,0.992646336555481,0.992646336555481,0.9926937818527222,0.992646336555481,0.992646336555481,entailment,0.9926517605781555,entailment,0.9926193356513977,,,[],[],0.006134969325153339,False,"[""trivial_copy""]",,,,,,,0.996793806552887,0.9938021898269653,0.9937997460365295,0.9937997460365295,0.9719811081886292,0.9970166683197021,,,,,,,
175,113130,,113130:hypothesis:fra_Latn,,hypothesis,entailment,,,,,A person is surrounded by food.,A person is surrounded by food.,0.9950119256973267,0.9950119256973267,0.9950119256973267,0.9950119256973267,0.9950119256973267,0.9950119256973267,entailment,0.9926517605781555,entailment,0.9926517605781555,,,[],[],0.0,False,"[""trivial_copy""]",,,,,,,0.9966849684715271,0.9936515092849731,0.9936515092849731,0.9936515092849731,0.9673725962638855,1.0458664894104004,,,,,,,
176,113482,,113482:hypothesis:fra_Latn,,hypothesis,neutral,,,,,The worker gets paid,The worker gets paid.,0.9968608617782593,0.9949085116386414,0.9949085116386414,0.9968608617782593,0.9949085116386414,0.9949085116386414,neutral,0.9866539835929871,neutral,0.945578396320343,,,[],[],0.024390243902439046,False,"[""trivial_copy""]",,,,,,,0.9966559410095215,0.9943907856941223,0.9940969944000244,0.9940969944000244,0.9660472869873047,1.0641207695007324,,,,,,,
177,114570,,114570:premise:fra_Latn,,premise,entailment,,,,,A man in a green parks looks over his shoulder at a policeman who is helping an injured bicyclist lying in the street.,A man in a green park watches a policeman help an injured cyclist lying in the street.,0.9948280453681946,0.005655336659401655,0.005655336659401655,0.9948280453681946,0.005655336659401655,0.005655336659401655,entailment,0.9921407103538513,entailment,0.9657341241836548,,,[],"[{""group"":""space"",""original"":{""over"":1,""in"":2},""candidate"":{""in"":2},""field"":""premise""}]",0.20588235294117652,False,"[""semantic_drift""]",,,,,,,0.7724254727363586,0.992428719997406,0.6211698651313782,0.6211698651313782,0.8710938096046448,0.37501370906829834,,,,,,,
178,115153,,115153:premise:fra_Latn,,premise,contradiction,,,,,A woman in dark sunglasses checks her mobile phone while two woman walk the city crosswalk.,A woman with dark sunglasses checks her cell phone as two women walk down the street.,0.9954649806022644,0.020157091319561005,0.020157091319561005,0.9954649806022644,0.020157091319561005,0.020157091319561005,contradiction,0.9995136260986328,contradiction,0.9995416402816772,,,[],"[{""group"":""space"",""original"":{""in"":1},""candidate"":{},""field"":""premise""}]",0.23863636363636365,False,"[""semantic_drift""]",,,,,,,0.9450006484985352,0.9507942795753479,0.007071366999298334,0.007071366999298334,0.9258654713630676,0.635369598865509,,,,,,,
178,115153,,115153:hypothesis:fra_Latn,,hypothesis,contradiction,,,,,A girl drops her phone in a stream in the country side.,A girl throws her phone into a stream in the country.,0.2002139836549759,0.9273743033409119,0.2002139836549759,0.2002139836549759,0.9273743033409119,0.2002139836549759,contradiction,0.9995136260986328,contradiction,0.9996330738067627,,,[],"[{""group"":""space"",""original"":{""in"":2},""candidate"":{""in"":1},""field"":""hypothesis""}]",0.11111111111111116,False,"[""semantic_drift""]",,,,,,,0.8784878253936768,0.9896098375320435,0.9868609309196472,0.9868609309196472,0.9654050469398499,0.35518449544906616,,,,,,,
180,117167,,117167:premise:fra_Latn,,premise,neutral,,,,,An old man in front of an Iron Man truck.,An old man in front of an Iron Man truck.,0.9935378432273865,0.9935378432273865,0.9935378432273865,0.9935378432273865,0.9935378432273865,0.9935378432273865,neutral,0.9954442977905273,neutral,0.9954442977905273,,,[],[],0.0,False,"[""trivial_copy""]",,,,,,,0.9968048334121704,0.9917377829551697,0.9917377829551697,0.9917377829551697,0.9694656729698181,1.063868761062622,,,,,,,
180,117167,,117167:hypothesis:fra_Latn,,hypothesis,neutral,,,,,The man is working on the engine of the Iron Man truck.,The man's working on the engine of the Iron Man truck.,0.9980288147926331,0.9978606104850769,0.9978606104850769,0.9980288147926331,0.9978606104850769,0.9978606104850769,neutral,0.9954442977905273,neutral,0.9950085878372192,,,[],[],0.02752293577981646,False,"[""trivial_copy""]",,,,,,,0.9967819452285767,0.9931521415710449,0.9932299852371216,0.9931521415710449,0.9702532887458801,0.8044384121894836,,,,,,,
182,118176,,118176:premise:fra_Latn,,premise,neutral,,,,,A young girl in a red shirt hitting a tennis ball with a pink racket,A girl in a red shirt hits a tennis ball with a pink racquet.,0.9959039092063904,0.022871501743793488,0.022871501743793488,0.9959039092063904,0.022871501743793488,0.022871501743793488,neutral,0.9991245865821838,neutral,0.998874843120575,,,[],[],0.11627906976744184,False,"[""semantic_drift""]",,,,,,,0.9836456775665283,0.9898645281791687,0.33101221919059753,0.33101221919059753,0.9532721638679504,0.35310930013656616,,,,,,,
183,118210,,118210:premise:fra_Latn,,premise,contradiction,,,,,"A group of African boys of different ages tending to their cattle, with bushes in the background and small wagon in the center of the picture.","A group of African boys of different ages tending their livestock, with bushes in the background and a small car in the center of the image.",0.05605527013540268,0.005921160336583853,0.005921160336583853,0.05605527013540268,0.005921160336583853,0.005921160336583853,contradiction,0.995461642742157,neutral,0.000649689172860235,,,[],[],0.11347517730496459,False,"[""semantic_drift"",""label_flip""]",,,,,,,0.7002547979354858,0.7211105227470398,0.361940860748291,0.361940860748291,0.6923844814300537,0.5621603727340698,,,,,,,
183,118210,,118210:hypothesis:fra_Latn,,hypothesis,contradiction,,,,,The boys are slopping the hogs.,The boys are doing some damage.,0.9093137979507446,0.012981646694242954,0.012981646694242954,0.9093137979507446,0.012981646694242954,0.012981646694242954,contradiction,0.995461642742157,neutral,0.004248559940606356,,,[],"[{""group"":""quantifier"",""original"":{},""candidate"":{""some"":1},""field"":""hypothesis""}]",0.29032258064516125,False,"[""semantic_drift"",""label_flip""]",,,,,,,0.41299208998680115,0.9614472389221191,0.0032745113130658865,0.0032745113130658865,0.3191128075122833,-0.33921992778778076,,,,,,,
185,119934,,119934:hypothesis:fra_Latn,,hypothesis,entailment,,,,,The man is near the house.,The man is near the house.,0.99662184715271,0.99662184715271,0.99662184715271,0.99662184715271,0.99662184715271,0.99662184715271,entailment,0.8969429731369019,entailment,0.8969429731369019,,,[],[],0.0,False,"[""trivial_copy""]",,,,,,,0.9964129328727722,0.9937618374824524,0.9937618374824524,0.9937618374824524,0.96466064453125,1.0713284015655518,,,,,,,
187,123524,,123524:hypothesis:fra_Latn,,hypothesis,contradiction,,,,,The factory workers are sitting.,The factory workers are sitting.,0.9966357350349426,0.9966357350349426,0.9966357350349426,0.9966357350349426,0.9966357350349426,0.9966357350349426,contradiction,0.999640703201294,contradiction,0.999640703201294,,,[],[],0.0,False,"[""trivial_copy""]",,,,,,,0.9966945648193359,0.9940073490142822,0.9940073490142822,0.9940073490142822,0.9678431153297424,1.0768465995788574,,,,,,,
190,125168,,125168:premise:fra_Latn,,premise,entailment,,,,,"Two cyclists competing in road race, one in front of the other.","Two cyclists competing on the road, one in front of the other.",0.995010256767273,0.023538833484053612,0.023538833484053612,0.995010256767273,0.023538833484053612,0.023538833484053612,entailment,0.9974320530891418,entailment,0.9968343377113342,,,[],"[{""group"":""space"",""original"":{""front"":1,""in"":2},""candidate"":{""front"":1,""in"":1,""on"":1},""field"":""premise""}]",0.08799999999999997,False,"[""semantic_drift""]",,,,,,,0.9905560612678528,0.9881467223167419,0.3132811486721039,0.3132811486721039,0.9291925430297852,0.7979688048362732,,,,,,,
191,125334,,125334:hypothesis:fra_Latn,,hypothesis,neutral,,,,,The woman is in a play.,The woman's in a room.,0.004295014776289463,0.0003211218863725662,0.0003211218863725662,0.004295014776289463,0.0003211218863725662,0.0003211218863725662,neutral,0.9970946311950684,contradiction,0.1681245118379593,,,[],[],0.24444444444444446,False,"[""semantic_drift"",""label_flip""]",,,,,,,0.4442436695098877,0.29975080490112305,0.01514874491840601,0.01514874491840601,0.4898696839809418,-1.1148641109466553,,,,,,,
193,126867,,126867:premise:fra_Latn,,premise,neutral,,,,,A woman in a brown coat is reading a book.,A woman in a brown coat is reading a book.,0.9972147345542908,0.9972147345542908,0.9972147345542908,0.9972147345542908,0.9972147345542908,0.9972147345542908,neutral,0.9978771209716797,neutral,0.9978771209716797,,,[],[],0.0,False,"[""trivial_copy""]",,,,,,,0.9967278242111206,0.9936849474906921,0.9936849474906921,0.9936849474906921,0.9694473147392273,1.0459550619125366,,,,,,,
195,129526,,129526:premise:fra_Latn,,premise,contradiction,,,,,People walking past a fashion shops.,People are walking in front of a fashion store.,0.006277153268456459,0.10013826191425323,0.006277153268456459,0.006277153268456459,0.10013826191425323,0.006277153268456459,contradiction,0.9995163679122925,contradiction,0.9992870688438416,,,[],"[{""group"":""space"",""original"":{},""candidate"":{""front"":1,""in"":1},""field"":""premise""}]",0.27710843373493976,False,"[""semantic_drift""]",,,,,,,0.8226214051246643,0.4855652153491974,0.3961902856826782,0.3961902856826782,0.8712252378463745,0.5971777439117432,,,,,,,
196,129767,,129767:hypothesis:fra_Latn,,hypothesis,contradiction,,,,,The boy is rolling a can down the street in the rain.,The boy is rolling a can down the street in the rain.,0.9975072741508484,0.9975072741508484,0.9975072741508484,0.9975072741508484,0.9975072741508484,0.9975072741508484,contradiction,0.9996949434280396,contradiction,0.9996949434280396,,,[],[],0.0,False,"[""trivial_copy""]",,,,,,,0.9967909455299377,0.9927815794944763,0.9927815794944763,0.9927815794944763,0.9714617133140564,0.983412504196167,,,,,,,
198,132011,,132011:hypothesis:fra_Latn,,hypothesis,entailment,,,,,Two people sitting on a bench.,Two people sitting on a bench.,0.9968488812446594,0.9968488812446594,0.9968488812446594,0.9968488812446594,0.9968488812446594,0.9968488812446594,entailment,0.9983224272727966,entailment,0.9983224272727966,,,[],[],0.0,False,"[""trivial_copy""]",,,,,,,0.9967995882034302,0.9922729730606079,0.9922729730606079,0.9922729730606079,0.9670255184173584,1.0820152759552002,,,,,,,
200,134525,,134525:premise:fra_Latn,,premise,contradiction,,,,,People on the sideline of a soccer match.,People on the edge of a football game.,0.012176601216197014,0.003401329508051276,0.003401329508051276,0.012176601216197014,0.003401329508051276,0.003401329508051276,contradiction,0.9990488886833191,contradiction,0.9992239475250244,,,[],[],0.36708860759493667,False,"[""semantic_drift""]",,,,,,,0.5533314943313599,0.0019080444471910596,0.003089213278144598,0.0019080444471910596,0.49082696437835693,0.18023349344730377,,,,,,,
200,134525,,134525:hypothesis:fra_Latn,,hypothesis,contradiction,,,,,People are watching a college basketball game.,People are watching a college basketball game.,0.9974476099014282,0.9974476099014282,0.9974476099014282,0.9974476099014282,0.9974476099014282,0.9974476099014282,contradiction,0.9990488886833191,contradiction,0.9990488886833191,,,[],[],0.0,False,"[""trivial_copy""]",,,,,,,0.9965760111808777,0.9932562112808228,0.9932562112808228,0.9932562112808228,0.9690898060798645,1.077781319618225,,,,,,,
201,134613,,134613:premise:fra_Latn,,premise,neutral,,,,,"A redheaded woman with a scarf in her hair, wearing a white sweater with black bows on it.","A red-haired woman with a scarf in her hair, wearing a white sweater with black bows on it.",0.9886081218719482,0.990031361579895,0.9886081218719482,0.9886081218719482,0.990031361579895,0.9886081218719482,neutral,0.9939762353897095,neutral,0.9938458800315857,,,[],[],0.027624309392265234,False,"[""trivial_copy""]",,,,,,,0.9967132806777954,0.993070662021637,0.9931449890136719,0.993070662021637,0.9726495146751404,0.7634401321411133,,,,,,,
201,134613,,134613:hypothesis:fra_Latn,,hypothesis,neutral,,,,,The woman is out Christmas Carolling in the winter time.,The woman's out singing Christmas songs in the winter.,0.9958470463752747,0.7037005424499512,0.7037005424499512,0.9958470463752747,0.7037005424499512,0.7037005424499512,neutral,0.9939762353897095,neutral,0.9975619316101074,,,[],[],0.21818181818181814,False,"[""semantic_drift""]",,,,,,,0.8447954654693604,0.9835802912712097,0.5505012273788452,0.5505012273788452,0.8966662883758545,-0.04687394201755524,,,,,,,
202,135071,,135071:premise:fra_Latn,,premise,entailment,,,,,"A man wearing a belt, a tan jacket and brown shoes is walking next to a woman with a brown purse, a black outfit, and sunglasses on a sidewalk.","A man wearing a belt, a brown jacket, and brown shoes walked beside a woman wearing a brown sackcloth, a black dress, and sunglasses on the sidewalk.",0.04868989437818527,0.19665902853012085,0.04868989437818527,0.04868989437818527,0.19665902853012085,0.04868989437818527,entailment,0.996249258518219,entailment,0.9954710006713867,,,[],"[{""group"":""space"",""original"":{""on"":1},""candidate"":{""beside"":1,""on"":1},""field"":""premise""}]",0.20547945205479456,False,"[""semantic_drift""]",,,,,,,0.8705876469612122,0.48810452222824097,0.840601921081543,0.48810452222824097,0.763783872127533,0.5229254961013794,,,,,,,
204,136271,,136271:premise:fra_Latn,,premise,contradiction,,,,,People riding motorbikes down the street.,People riding bicycles on the street.,0.0010050471173599362,0.00023300055181607604,0.00023300055181607604,0.0010050471173599362,0.00023300055181607604,0.00023300055181607604,contradiction,0.999618649482727,contradiction,0.9995806813240051,,,[],"[{""group"":""space"",""original"":{},""candidate"":{""on"":1},""field"":""premise""}]",0.15384615384615385,False,"[""semantic_drift""]",,,,,,,0.7273073792457581,0.45446428656578064,0.17244449257850647,0.17244449257850647,0.7744531035423279,0.6442068815231323,,,,,,,
204,136271,,136271:hypothesis:fra_Latn,,hypothesis,contradiction,,,,,People are rowing a boat on a river,People are rolling a boat on a river.,0.0015234670136123896,0.0014761595521122217,0.0014761595521122217,0.0015234670136123896,0.0014761595521122217,0.0014761595521122217,contradiction,0.999618649482727,contradiction,0.9996863603591919,,,[],[],0.05555555555555558,False,"[""semantic_drift""]",,,,,,,0.8437972068786621,0.023675978183746338,0.019396962597966194,0.019396962597966194,0.6360127329826355,0.2956211566925049,,,,,,,
207,138010,,138010:premise:fra_Latn,,premise,contradiction,,,,,A lady wearing a bonnet is sitting down with her hands on her lap.,A lady wearing a hat is sitting with her hands on her knee.,0.007403064053505659,0.5754515528678894,0.007403064053505659,0.007403064053505659,0.5754515528678894,0.007403064053505659,contradiction,0.9993240833282471,contradiction,0.9993337988853455,,,[],[],0.15200000000000002,False,"[""semantic_drift""]",,,,,,,0.414135605096817,0.5706881284713745,0.3743685185909271,0.3743685185909271,0.5937647819519043,0.39448222517967224,,,,,,,
209,138332,,138332:premise:fra_Latn,,premise,neutral,,,,,Two young boys wearing collared shirts and baseball caps have their blue-tinted tongues stuck out.,Two young boys wearing collared shirts and baseball caps have deep blue tongues.,0.8197505474090576,0.8764408230781555,0.8197505474090576,0.8197505474090576,0.8764408230781555,0.8197505474090576,neutral,0.9789368510246277,neutral,0.9845108985900879,,,[],[],0.1348314606741573,False,"[""semantic_drift""]",,,,,,,0.9914376139640808,0.9784811735153198,0.9036691784858704,0.9036691784858704,0.9432818293571472,0.5330695509910583,,,,,,,
211,138993,,138993:hypothesis:fra_Latn,,hypothesis,contradiction,,,,,Some women in jumpsuits.,Women in jumpers.,0.9783279895782471,0.23917776346206665,0.23917776346206665,0.9783279895782471,0.23917776346206665,0.23917776346206665,contradiction,0.9970999956130981,contradiction,0.9967269897460938,,,[],"[{""group"":""quantifier"",""original"":{""some"":1},""candidate"":{},""field"":""hypothesis""}]",0.2682926829268293,False,"[""semantic_drift""]",,,,,,,0.920566201210022,0.4954671263694763,0.504507839679718,0.4954671263694763,0.8899143934249878,-0.2151930332183838,,,,,,,
212,141282,,141282:premise:fra_Latn,,premise,neutral,,,,,"A view of large field ringed by trees, with a large group of people milling about on the field.",You saw a large field surrounded by trees and a large crowd of people harvesting in the field.,0.19019946455955505,0.9949369430541992,0.19019946455955505,0.19019946455955505,0.9949369430541992,0.19019946455955505,neutral,0.9989770650863647,contradiction,0.001155000296421349,,,[],"[{""group"":""space"",""original"":{""on"":1},""candidate"":{""in"":1},""field"":""premise""}]",0.28042328042328046,False,"[""semantic_drift"",""label_flip""]",,,,,,,0.8386644721031189,0.02166951820254326,0.9813778400421143,0.02166951820254326,0.7744331359863281,-0.06781933456659317,,,,,,,
213,141386,,141386:hypothesis:fra_Latn,,hypothesis,contradiction,,,,,The woman is yelling at the photographer.,The woman is yelling at the photographer.,0.9977510571479797,0.9977510571479797,0.9977510571479797,0.9977510571479797,0.9977510571479797,0.9977510571479797,contradiction,0.9993948936462402,contradiction,0.9993948936462402,,,[],[],0.0,False,"[""trivial_copy""]",,,,,,,0.9967509508132935,0.9937068819999695,0.9937068819999695,0.9937068819999695,0.9683631062507629,1.0559743642807007,,,,,,,
215,141719,,141719:hypothesis:fra_Latn,,hypothesis,entailment,,,,,A boy watches his classmates play.,A boy watches his classmates play.,0.9977332353591919,0.9977332353591919,0.9977332353591919,0.9977332353591919,0.9977332353591919,0.9977332353591919,entailment,0.9976316690444946,entailment,0.9976316690444946,,,[],[],0.0,False,"[""trivial_copy""]",,,,,,,0.9966932535171509,0.9940584897994995,0.9940584897994995,0.9940584897994995,0.9688253402709961,1.0742542743682861,,,,,,,
217,143023,,143023:hypothesis:fra_Latn,,hypothesis,neutral,,,,,A group of women are walking to a wedding they're attending.,A group of women are walking to a wedding they're attending.,0.9969000816345215,0.9969000816345215,0.9969000816345215,0.9969000816345215,0.9969000816345215,0.9969000816345215,neutral,0.9986427426338196,neutral,0.9986427426338196,,,[],[],0.0,False,"[""trivial_copy""]",,,,,,,0.9967001080513,0.9935269355773926,0.9935269355773926,0.9935269355773926,0.9679311513900757,1.0108968019485474,,,,,,,
219,145395,,145395:premise:fra_Latn,,premise,neutral,,,,,Old woman with lots of ornate clothing and jewelry.,An old woman with lots of clothes and jewelry.,0.9900951385498047,0.005414273124188185,0.005414273124188185,0.9900951385498047,0.005414273124188185,0.005414273124188185,neutral,0.9980498552322388,neutral,0.9967358708381653,,,[],[],0.15463917525773196,False,"[""semantic_drift""]",,,,,,,0.8320767879486084,0.9940944314002991,0.008864548057317734,0.008864548057317734,0.8524325489997864,0.7009007930755615,,,,,,,
220,145658,,145658:hypothesis:fra_Latn,,hypothesis,entailment,,,,,A group of kids are together.,A group of kids are together.,0.9967646598815918,0.9967646598815918,0.9967646598815918,0.9967646598815918,0.9967646598815918,0.9967646598815918,entailment,0.9890698194503784,entailment,0.9890698194503784,,,[],[],0.0,False,"[""trivial_copy""]",,,,,,,0.9907054305076599,0.9938289523124695,0.9938289523124695,0.9938289523124695,0.9616464972496033,1.1021703481674194,,,,,,,
223,147325,,147325:premise:fra_Latn,,premise,neutral,,,,,Three girls are walking along the sidewalk together and the one in the middle is bouncing a basketball.,Three girls are walking along the sidewalk and the one in the middle is jumping a basketball.,0.9008987545967102,0.8816348910331726,0.8816348910331726,0.9008987545967102,0.8816348910331726,0.8816348910331726,neutral,0.9981417655944824,neutral,0.9975960850715637,,,[],[],0.08163265306122447,False,"[""semantic_drift""]",,,,,,,0.9477108716964722,0.9840165376663208,0.9485212564468384,0.9485212564468384,0.9087092876434326,0.6263588070869446,,,,,,,
223,147325,,147325:hypothesis:fra_Latn,,hypothesis,neutral,,,,,Three girls are on their way to the park to shoot some hoops.,Three girls are on their way to the park to shoot.,0.9959398508071899,0.0012342261616140604,0.0012342261616140604,0.9959398508071899,0.0012342261616140604,0.0012342261616140604,neutral,0.9981417655944824,neutral,0.9981365203857422,,,[],"[{""group"":""quantifier"",""original"":{""some"":1},""candidate"":{},""field"":""hypothesis""}]",0.09909909909909909,False,"[""semantic_drift""]",,,,,,,0.89130038022995,0.9911792874336243,0.5303329229354858,0.5303329229354858,0.8515855073928833,0.14870505034923553,,,,,,,
225,148356,,148356:premise:fra_Latn,,premise,contradiction,,,,,A man in a red shirt is interacting with a woman holding a shopping bag.,A man in a red shirt is interacting with a woman holding a shopping bag.,0.9952658414840698,0.9952658414840698,0.9952658414840698,0.9952658414840698,0.9952658414840698,0.9952658414840698,contradiction,0.9984992742538452,contradiction,0.9984992742538452,,,[],[],0.0,False,"[""trivial_copy""]",,,,,,,0.9967807531356812,0.993746280670166,0.993746280670166,0.993746280670166,0.9721073508262634,1.020666241645813,,,,,,,
227,150619,,150619:premise:fra_Latn,,premise,neutral,,,,,A person in a yellow coat is carrying a bag of three oranges.,A person in a yellow coat is carrying a bag of three oranges.,0.9955030083656311,0.9955030083656311,0.9955030083656311,0.9955030083656311,0.9955030083656311,0.9955030083656311,neutral,0.9591143727302551,neutral,0.9591143727302551,,,[],[],0.0,False,"[""trivial_copy""]",,,,,,,0.996749997138977,0.9929157495498657,0.9929157495498657,0.9929157495498657,0.9701189398765564,1.0311678647994995,,,,,,,
227,150619,,150619:hypothesis:fra_Latn,,hypothesis,neutral,,,,,A man  in a yellow coat is carrying a bag of three oranges.,A man in a yellow coat is carrying a bag of three oranges.,0.9958018660545349,0.9958018660545349,0.9958018660545349,0.9958018660545349,0.9958018660545349,0.9958018660545349,neutral,0.9591143727302551,neutral,0.9591143727302551,,,[],[],0.0,False,"[""trivial_copy""]",,,,,,,0.9968909621238708,0.9930342435836792,0.9928556680679321,0.9928556680679321,0.9454550743103027,1.0349254608154297,,,,,,,
228,150697,,150697:premise:fra_Latn,,premise,contradiction,,,,,a woman holding a small ball chasing after a small boy.,A woman holding a little bullet chasing a little boy.,0.00043722198461182415,0.0009907509665936232,0.00043722198461182415,0.00043722198461182415,0.0009907509665936232,0.00043722198461182415,contradiction,0.9997050166130066,contradiction,0.9996882677078247,,,[],"[{""group"":""time"",""original"":{""after"":1},""candidate"":{},""field"":""premise""}]",0.31481481481481477,False,"[""semantic_drift""]",,,,,,,0.5030069947242737,0.004101931117475033,0.011404748074710369,0.004101931117475033,0.5186454057693481,-0.5562469363212585,,,,,,,
229,151152,,151152:hypothesis:fra_Latn,,hypothesis,contradiction,,,,,The men are standing in the boats.,The men are in the boats.,0.9934495091438293,0.36061519384384155,0.36061519384384155,0.9934495091438293,0.36061519384384155,0.36061519384384155,contradiction,0.9992468357086182,entailment,0.0011137762339785695,,,[],[],0.15254237288135597,False,"[""semantic_drift"",""label_flip""]",,,,,,,0.848132312297821,0.9350335001945496,0.07821782678365707,0.07821782678365707,0.916684091091156,0.8466839790344238,,,,,,,
230,151395,,151395:premise:fra_Latn,,premise,entailment,,,,,Eight people are on an escalator going up or down.,Eight people are going up or down a staircase.,0.06498146802186966,0.002911139279603958,0.002911139279603958,0.06498146802186966,0.002911139279603958,0.002911139279603958,entailment,0.9976045489311218,contradiction,0.0002003294648602605,,,[],"[{""group"":""space"",""original"":{""on"":1},""candidate"":{},""field"":""premise""}]",0.29166666666666663,False,"[""semantic_drift"",""label_flip""]",,,,,,,0.717483401298523,0.07516753673553467,0.032072752714157104,0.032072752714157104,0.6746745705604553,0.45849475264549255,,,,,,,
230,151395,,151395:hypothesis:fra_Latn,,hypothesis,entailment,,,,,Group of people taking an escalator.,A group of people taking a flight of stairs.,0.4246918857097626,0.00020436389604583383,0.00020436389604583383,0.4246918857097626,0.00020436389604583383,0.00020436389604583383,entailment,0.9976045489311218,entailment,0.9942637085914612,,,[],[],0.275,False,"[""semantic_drift""]",,,,,,,0.5011777877807617,0.003929914906620979,0.0004229400656186044,0.0004229400656186044,0.6082833409309387,0.3545185327529907,,,,,,,
234,159758,,159758:premise:fra_Latn,,premise,contradiction,,,,,A man in a white shirt black tie looks out of the elevator shaft of a parking garage.,A man in a white shirt and a black tie looks into the elevator in a parking lot.,0.029560361057519913,0.004069552291184664,0.004069552291184664,0.029560361057519913,0.004069552291184664,0.004069552291184664,contradiction,0.9987940788269043,contradiction,0.9992305040359497,,,[],"[{""group"":""space"",""original"":{""in"":1},""candidate"":{""in"":2},""field"":""premise""}]",0.19999999999999996,False,"[""semantic_drift""]",,,,,,,0.9479942917823792,0.8872526288032532,0.8150841593742371,0.8150841593742371,0.8830013275146484,0.5115825533866882,,,,,,,
236,161674,,161674:premise:fra_Latn,,premise,entailment,,,,,A male is leaping above white water.,A male jumps on white water.,0.9839247465133667,0.8681672811508179,0.8681672811508179,0.9839247465133667,0.8681672811508179,0.8681672811508179,entailment,0.9958277344703674,entailment,0.9943576455116272,,,[],"[{""group"":""space"",""original"":{},""candidate"":{""on"":1},""field"":""premise""}]",0.28125,False,"[""semantic_drift""]",,,,,,,0.9119795560836792,0.8292924165725708,0.8930439352989197,0.8292924165725708,0.8959492444992065,0.5228309631347656,,,,,,,
237,163028,,163028:premise:fra_Latn,,premise,neutral,,,,,A smiling young girl in braids is playing ball.,A young girl with a smile on her face is playing ball.,0.9955331087112427,0.0009787121089175344,0.0009787121089175344,0.9955331087112427,0.0009787121089175344,0.0009787121089175344,neutral,0.9936975836753845,neutral,0.9749261736869812,,,[],"[{""group"":""space"",""original"":{""in"":1},""candidate"":{""on"":1},""field"":""premise""}]",0.306930693069307,False,"[""semantic_drift""]",,,,,,,0.855202853679657,0.9922701120376587,0.0017826614202931523,0.0017826614202931523,0.7678549289703369,0.2864353358745575,,,,,,,
237,163028,,163028:hypothesis:fra_Latn,,hypothesis,neutral,,,,,A child kicking a ball while playing.,A kid who hits a ball while playing.,0.00490708788856864,0.0010343869216740131,0.0010343869216740131,0.00490708788856864,0.0010343869216740131,0.0010343869216740131,neutral,0.9936975836753845,neutral,0.9168239235877991,,,[],[],0.26027397260273977,False,"[""semantic_drift""]",,,,,,,0.6822690367698669,0.9820823073387146,0.9442647099494934,0.9442647099494934,0.8875049352645874,0.501168429851532,,,,,,,
238,163640,,163640:premise:fra_Latn,,premise,entailment,,,,,Old man is fixing overturned bike.,The old man is fixing a broken bicycle.,0.9442101120948792,0.004612192511558533,0.004612192511558533,0.9442101120948792,0.004612192511558533,0.004612192511558533,entailment,0.9966333508491516,entailment,0.9978646636009216,,,[],[],0.28767123287671237,False,"[""semantic_drift""]",,,,,,,0.8624414801597595,0.9685807824134827,0.8382048010826111,0.8382048010826111,0.8700723052024841,0.5954684019088745,,,,,,,
240,164421,,164421:hypothesis:fra_Latn,,hypothesis,contradiction,,,,,The man is sitting on a park bench.,The man is sitting on a park bench.,0.9982523322105408,0.9982523322105408,0.9982523322105408,0.9982523322105408,0.9982523322105408,0.9982523322105408,contradiction,0.998278021812439,contradiction,0.998278021812439,,,[],[],0.0,False,"[""trivial_copy""]",,,,,,,0.9968289732933044,0.9926760792732239,0.9926760792732239,0.9926760792732239,0.9675890207290649,1.0293129682540894,,,,,,,
241,165214,,165214:hypothesis:fra_Latn,,hypothesis,contradiction,,,,,Two women are sleeping.,Two women are sleeping.,0.9959729313850403,0.9959729313850403,0.9959729313850403,0.9959729313850403,0.9959729313850403,0.9959729313850403,contradiction,0.999692440032959,contradiction,0.999692440032959,,,[],[],0.0,False,"[""trivial_copy""]",,,,,,,0.9965419173240662,0.9934271574020386,0.9934271574020386,0.9934271574020386,0.9644877314567566,1.1205296516418457,,,,,,,
242,166345,,166345:premise:fra_Latn,,premise,neutral,,,,,A young girl is drawing with an orange crayon.,A young girl is drawing with an orange pencil.,0.46020761132240295,0.08522919565439224,0.08522919565439224,0.46020761132240295,0.08522919565439224,0.08522919565439224,neutral,0.9992368221282959,neutral,0.9993267059326172,,,[],[],0.10869565217391308,False,"[""semantic_drift""]",,,,,,,0.6712431311607361,0.00454309768974781,0.0012085011694580317,0.0012085011694580317,0.8084477782249451,0.5955889225006104,,,,,,,
243,167082,,167082:premise:fra_Latn,,premise,entailment,,,,,"Four women, two with id badges.","Four women, two with badges.",0.9911150932312012,0.007208652328699827,0.007208652328699827,0.9911150932312012,0.007208652328699827,0.007208652328699827,entailment,0.9906911253929138,entailment,0.9881977438926697,,,[],[],0.05084745762711862,False,"[""semantic_drift""]",,,,,,,0.7498462796211243,0.9830848574638367,0.019499793648719788,0.019499793648719788,0.7808098793029785,0.7100762128829956,,,,,,,
243,167082,,167082:hypothesis:fra_Latn,,hypothesis,entailment,,,,,Two women have badges.,Two women have badges.,0.9944255352020264,0.9944255352020264,0.9944255352020264,0.9944255352020264,0.9944255352020264,0.9944255352020264,entailment,0.9906911253929138,entailment,0.9906911253929138,,,[],[],0.0,False,"[""trivial_copy""]",,,,,,,0.9963068962097168,0.9938015341758728,0.9938015341758728,0.9938015341758728,0.9645873308181763,1.042784333229065,,,,,,,
246,168963,,168963:premise:fra_Latn,,premise,contradiction,,,,,A man is on a casual bike ride during the day into town.,A man takes a bike ride in the city during the day.,0.9947803616523743,0.07409320771694183,0.07409320771694183,0.9947803616523743,0.07409320771694183,0.07409320771694183,contradiction,0.9943495392799377,contradiction,0.9970550537109375,,,[],"[{""group"":""space"",""original"":{""on"":1},""candidate"":{""in"":1},""field"":""premise""}]",0.3457943925233645,False,"[""semantic_drift""]",,,,,,,0.9340248703956604,0.8685392141342163,0.3639812171459198,0.3639812171459198,0.8568560481071472,0.4176191985607147,,,,,,,
247,169049,,169049:premise:fra_Latn,,premise,contradiction,,,,,Man and baby posing in front of an engine of an old train.,A man and a baby standing in front of an old train engine.,0.9831959009170532,0.6096571087837219,0.6096571087837219,0.9831959009170532,0.6096571087837219,0.6096571087837219,contradiction,0.9204383492469788,contradiction,0.9839630722999573,,,[],[],0.2586206896551724,False,"[""semantic_drift""]",,,,,,,0.9661404490470886,0.99036705493927,0.9410200119018555,0.9410200119018555,0.9559798836708069,0.35531172156333923,,,,,,,
249,169167,,169167:hypothesis:fra_Latn,,hypothesis,neutral,,,,,The skater is performing for a cameraman.,The skater is playing a cameraman.,0.09879745543003082,0.9279977679252625,0.09879745543003082,0.09879745543003082,0.9279977679252625,0.09879745543003082,neutral,0.9992984533309937,neutral,0.9965884685516357,,,[],[],0.17333333333333334,False,"[""semantic_drift""]",,,,,,,0.7306264638900757,0.7710545659065247,0.9382898807525635,0.7710545659065247,0.8812451958656311,-0.2358383983373642,,,,,,,
252,170297,,170297:premise:fra_Latn,,premise,entailment,,,,,Two Latin dancers dancing with Mariachi band playing in the background with a crowd watching.,Two Latin dancers dancing with the Mariachi band playing in the background with a crowd watching.,0.9867141842842102,0.992443859577179,0.9867141842842102,0.9867141842842102,0.992443859577179,0.9867141842842102,entailment,0.8614192008972168,entailment,0.8420803546905518,,,[],[],0.021052631578947323,False,"[""trivial_copy""]",,,,,,,0.9968047142028809,0.9922508597373962,0.9937633872032166,0.9922508597373962,0.9724367260932922,0.9832565784454346,,,,,,,
252,170297,,170297:hypothesis:fra_Latn,,hypothesis,entailment,,,,,The dancers are performing for the crowd.,The dancers perform in front of the crowd.,0.9975454211235046,0.9967758059501648,0.9967758059501648,0.9975454211235046,0.9967758059501648,0.9967758059501648,entailment,0.8614192008972168,contradiction,0.3253037631511688,,,[],"[{""group"":""space"",""original"":{},""candidate"":{""front"":1,""in"":1},""field"":""hypothesis""}]",0.15662650602409633,False,"[""label_flip""]",,,,,,,0.990273654460907,0.9934961795806885,0.9908389449119568,0.9908389449119568,0.9578427672386169,0.5524507761001587,,,,,,,
253,171597,,171597:premise:fra_Latn,,premise,neutral,,,,,"A small South American child running on a cobblestone pathway, by a blue wall with a door.","A little South American boy running down a paved road, near a blue wall with a door.",0.2048092484474182,0.47302210330963135,0.2048092484474182,0.2048092484474182,0.47302210330963135,0.2048092484474182,neutral,0.9969927072525024,contradiction,0.0008391512092202902,,,[],"[{""group"":""space"",""original"":{""on"":1},""candidate"":{""near"":1},""field"":""premise""}]",0.27586206896551724,False,"[""semantic_drift"",""label_flip""]",,,,,,,0.849829912185669,0.9460806846618652,0.21165020763874054,0.21165020763874054,0.7705819010734558,0.44341760873794556,,,,,,,
254,172675,,172675:hypothesis:fra_Latn,,hypothesis,contradiction,,,,,The arcade is closed.,The arcade is closed.,0.9976713061332703,0.9976713061332703,0.9976713061332703,0.9976713061332703,0.9976713061332703,0.9976713061332703,contradiction,0.9987307190895081,contradiction,0.9987307190895081,,,[],[],0.0,False,"[""trivial_copy""]",,,,,,,0.9965487122535706,0.9935349225997925,0.9935349225997925,0.9935349225997925,0.9677988886833191,1.0671758651733398,,,,,,,
256,173016,,173016:hypothesis:fra_Latn,,hypothesis,contradiction,,,,,The man and his dog are playing basketball at the gym.,The man and his dog are playing basketball at the gym.,0.9966245889663696,0.9966245889663696,0.9966245889663696,0.9966245889663696,0.9966245889663696,0.9966245889663696,contradiction,0.9907602071762085,contradiction,0.9907602071762085,,,[],[],0.0,False,"[""trivial_copy""]",,,,,,,0.996767520904541,0.9932295083999634,0.9932295083999634,0.9932295083999634,0.9711886644363403,1.0385403633117676,,,,,,,
257,173774,,173774:premise:fra_Latn,,premise,entailment,,,,,"In China, workers in the field carry out their tasks as the sun sets.","In China, workers do their jobs at sunset.",0.9954308271408081,0.007892366498708725,0.007892366498708725,0.9954308271408081,0.007892366498708725,0.007892366498708725,entailment,0.9941110014915466,entailment,0.9962305426597595,,,[],"[{""group"":""space"",""original"":{""in"":2},""candidate"":{""in"":1},""field"":""premise""}]",0.29729729729729726,False,"[""semantic_drift""]",,,,,,,0.8981390595436096,0.9933465719223022,0.0035329912789165974,0.0035329912789165974,0.8630651235580444,-0.12010429799556732,,,,,,,
258,175645,,175645:premise:fra_Latn,,premise,entailment,,,,,Kids jump their bikes off of dirt ramps near a waterfront.,Kids are jumping their bikes off the dirt roads near a beach.,0.9235068559646606,0.4851924180984497,0.4851924180984497,0.9235068559646606,0.4851924180984497,0.4851924180984497,entailment,0.8402102589607239,entailment,0.9195146560668945,,,[],[],0.24369747899159666,False,"[""semantic_drift""]",,,,,,,0.9066348075866699,0.9700619578361511,0.9791759252548218,0.9700619578361511,0.933685302734375,0.36107122898101807,,,,,,,
261,176956,,176956:premise:fra_Latn,,premise,neutral,,,,,A woman in a magazine stand.,A woman in a magazine stand.,0.9940444827079773,0.9940444827079773,0.9940444827079773,0.9940444827079773,0.9940444827079773,0.9940444827079773,neutral,0.9977352619171143,neutral,0.9977352619171143,,,[],[],0.0,False,"[""trivial_copy""]",,,,,,,0.9967342615127563,0.9883862137794495,0.9883862137794495,0.9883862137794495,0.9649426341056824,1.0493298768997192,,,,,,,
261,176956,,176956:hypothesis:fra_Latn,,hypothesis,neutral,,,,,The magazine stand has a wide variety of material.,The magazine contains a wide variety of topics.,0.9463405609130859,0.07514496147632599,0.07514496147632599,0.9463405609130859,0.07514496147632599,0.07514496147632599,neutral,0.9977352619171143,neutral,0.9971933960914612,,,[],[],0.19587628865979378,False,"[""semantic_drift""]",,,,,,,0.8966057896614075,0.9893960356712341,0.5548192858695984,0.5548192858695984,0.887718915939331,0.4597778916358948,,,,,,,
262,177271,,177271:premise:fra_Latn,,premise,entailment,,,,,"A young lady in a colorful dress, holds a white stuffed animal stands in the rain hold a plaid umbrella.","A young woman in a colorful dress, holding a white stuffed animal, standing in the rain, holding an umbrella.",0.9952352643013,0.0005914510693401098,0.0005914510693401098,0.9952352643013,0.0005914510693401098,0.0005914510693401098,entailment,0.9871655702590942,neutral,0.001165257766842842,,,[],[],0.12676056338028174,False,"[""semantic_drift"",""label_flip""]",,,,,,,0.8765954375267029,0.99334716796875,0.0014664101181551814,0.0014664101181551814,0.8153032660484314,0.4553086459636688,,,,,,,
262,177271,,177271:hypothesis:fra_Latn,,hypothesis,entailment,,,,,A lady wearing a colorful dress holds a plaid umbrella and a white stuffed animal in the rain.,A lady dressed in a colorful dress holds an umbrella in her lap and a white stuffed animal in the rain.,0.012749163433909416,0.0009676161571405828,0.0009676161571405828,0.012749163433909416,0.0009676161571405828,0.0009676161571405828,entailment,0.9871655702590942,neutral,0.3028518855571747,,,[],"[{""group"":""space"",""original"":{""in"":1},""candidate"":{""in"":3},""field"":""hypothesis""}]",0.14720812182741116,False,"[""semantic_drift"",""label_flip""]",,,,,,,0.8740766644477844,0.8442935943603516,0.001660594716668129,0.001660594716668129,0.8028964996337891,0.5021504759788513,,,,,,,
263,177566,,177566:premise:fra_Latn,,premise,entailment,,,,,A little boy with a green shirt is running on a rock ledge.,A little boy in a green shirt runs up a cliff.,0.8913734555244446,0.7089256644248962,0.7089256644248962,0.8913734555244446,0.7089256644248962,0.7089256644248962,entailment,0.9970114231109619,entailment,0.996436357498169,,,[],"[{""group"":""space"",""original"":{""on"":1},""candidate"":{""in"":1},""field"":""premise""}]",0.2571428571428571,False,"[""semantic_drift""]",,,,,,,0.9642717838287354,0.9597831964492798,0.9289727210998535,0.9289727210998535,0.8129307627677917,0.47068488597869873,,,,,,,
263,177566,,177566:hypothesis:fra_Latn,,hypothesis,entailment,,,,,A child is running.,A short child.,0.0018705717520788312,0.0015809726901352406,0.0015809726901352406,0.0018705717520788312,0.0015809726901352406,0.0015809726901352406,entailment,0.9970114231109619,neutral,0.24805648624897003,,,[],[],0.5151515151515151,False,"[""semantic_drift"",""label_flip""]",,,,,,,0.5008373856544495,0.04293878376483917,0.01230819895863533,0.01230819895863533,0.29649674892425537,-1.1218578815460205,,,,,,,
264,177718,,177718:premise:fra_Latn,,premise,entailment,,,,,Three women are rollerskating in full roller derby attire.,Three women are roller skating in full costume.,0.7952108979225159,0.020749101415276527,0.020749101415276527,0.7952108979225159,0.020749101415276527,0.020749101415276527,entailment,0.9934461712837219,entailment,0.9900151491165161,,,[],[],0.19999999999999996,False,"[""semantic_drift""]",,,,,,,0.8947872519493103,0.9902903437614441,0.08531870692968369,0.08531870692968369,0.8518946170806885,0.37446123361587524,,,,,,,
264,177718,,177718:hypothesis:fra_Latn,,hypothesis,entailment,,,,,Three women are rollerskating,Three women are skating on wheels,0.9830538630485535,0.028290947899222374,0.028290947899222374,0.9830538630485535,0.028290947899222374,0.028290947899222374,entailment,0.9934461712837219,entailment,0.9710809588432312,,,[],"[{""group"":""space"",""original"":{},""candidate"":{""on"":1},""field"":""hypothesis""}]",0.25806451612903225,False,"[""semantic_drift""]",,,,,,,0.747960090637207,0.9757712483406067,0.7381802201271057,0.7381802201271057,0.8122201561927795,-0.03128474950790405,,,,,,,
265,178067,,178067:hypothesis:fra_Latn,,hypothesis,entailment,,,,,A man is looking at an object.,A man is looking at an object.,0.9965680837631226,0.9965680837631226,0.9965680837631226,0.9965680837631226,0.9965680837631226,0.9965680837631226,entailment,0.9927378296852112,entailment,0.9927378296852112,,,[],[],0.0,False,"[""trivial_copy""]",,,,,,,0.9963263869285583,0.9933945536613464,0.9933945536613464,0.9933945536613464,0.966079592704773,1.0817172527313232,,,,,,,
266,178078,,178078:hypothesis:fra_Latn,,hypothesis,contradiction,,,,,Asian girls dancing in the streets.,Asian girls dancing in the streets.,0.997063934803009,0.997063934803009,0.997063934803009,0.997063934803009,0.997063934803009,0.997063934803009,contradiction,0.999232292175293,contradiction,0.999232292175293,,,[],[],0.0,False,"[""trivial_copy""]",,,,,,,0.9967852830886841,0.9920129179954529,0.9920129179954529,0.9920129179954529,0.9656084179878235,1.1080496311187744,,,,,,,
268,182297,,182297:premise:fra_Latn,,premise,neutral,,,,,A man is snowboarding over a structure on a snowy hill.,A man is snowboarding on a structure on a snowy hill.,0.9850395917892456,0.8205209970474243,0.8205209970474243,0.9850395917892456,0.8205209970474243,0.8205209970474243,neutral,0.999229907989502,neutral,0.9991570711135864,,,[],"[{""group"":""space"",""original"":{""over"":1,""on"":1},""candidate"":{""on"":2},""field"":""premise""}]",0.03703703703703709,False,"[""semantic_drift""]",,,,,,,0.9039635062217712,0.837565004825592,0.979062557220459,0.837565004825592,0.9592559337615967,0.9298186898231506,,,,,,,
268,182297,,182297:hypothesis:fra_Latn,,hypothesis,neutral,,,,,The snowboard has stripes.,The snowboard has bands.,0.14490316808223724,0.11464991420507431,0.11464991420507431,0.14490316808223724,0.11464991420507431,0.11464991420507431,neutral,0.999229907989502,neutral,0.9709020256996155,,,[],[],0.19999999999999996,False,"[""semantic_drift""]",,,,,,,0.4512430429458618,0.3018591105937958,0.16052177548408508,0.16052177548408508,0.588126003742218,-0.2731582224369049,,,,,,,
269,182307,,182307:hypothesis:fra_Latn,,hypothesis,contradiction,,,,,Kids walking home.,The kids are going home.,0.9846737384796143,0.009057767689228058,0.009057767689228058,0.9846737384796143,0.009057767689228058,0.009057767689228058,contradiction,0.9987543821334839,contradiction,0.9008931517601013,,,[],[],0.2857142857142857,False,"[""semantic_drift""]",,,,,,,0.8995935320854187,0.9863954782485962,0.9852946996688843,0.9852946996688843,0.7984080910682678,0.15231359004974365,,,,,,,
272,184494,,184494:premise:fra_Latn,,premise,neutral,,,,,An oriental woman in a white gabardine and dressy shoes standing outside waiting for a ride.,An oriental woman in a white robe and shoes standing outside waiting for a ride.,0.9894165396690369,0.0037130427081137896,0.0037130427081137896,0.9894165396690369,0.0037130427081137896,0.0037130427081137896,neutral,0.9992088675498962,neutral,0.9991957545280457,,,[],[],0.09302325581395354,False,"[""semantic_drift""]",,,,,,,0.8559556007385254,0.9930238723754883,0.46045491099357605,0.46045491099357605,0.8760599493980408,0.5890875458717346,,,,,,,
272,184494,,184494:hypothesis:fra_Latn,,hypothesis,neutral,,,,,The woman is a bride on her way to a church.,The woman is a bride on her way to church.,0.995139479637146,0.9933857321739197,0.9933857321739197,0.995139479637146,0.9933857321739197,0.9933857321739197,neutral,0.9992088675498962,neutral,0.9990875720977783,,,[],[],0.023255813953488413,False,"[""trivial_copy""]",,,,,,,0.9966642260551453,0.9902374148368835,0.9904677271842957,0.9902374148368835,0.9697874188423157,0.8690690398216248,,,,,,,
273,184671,,184671:premise:fra_Latn,,premise,contradiction,,,,,A person in a yellow safety vest kneeling in the street.,A person in a yellow vest kneeling down the street.,0.9723219871520996,0.07548771053552628,0.07548771053552628,0.9723219871520996,0.07548771053552628,0.07548771053552628,contradiction,0.9985999464988708,contradiction,0.9991500377655029,,,[],"[{""group"":""space"",""original"":{""in"":2},""candidate"":{""in"":1},""field"":""premise""}]",0.10280373831775702,False,"[""semantic_drift""]",,,,,,,0.9208746552467346,0.9750300049781799,0.02845039777457714,0.02845039777457714,0.8567821383476257,0.6595019102096558,,,,,,,
274,184879,,184879:premise:fra_Latn,,premise,neutral,,,,,A young girl expanding the time of childhood through colorful play.,A young girl who expands her childhood through colorful games.,0.9682736992835999,0.991402804851532,0.9682736992835999,0.9682736992835999,0.991402804851532,0.9682736992835999,neutral,0.903498113155365,contradiction,0.06301283091306686,,,[],[],0.1937984496124031,False,"[""label_flip""]",,,,,,,0.9722706079483032,0.9859036803245544,0.9876059293746948,0.9859036803245544,0.924769401550293,0.38493895530700684,,,,,,,
275,185263,,185263:premise:fra_Latn,,premise,contradiction,,,,,A man and two young girls in a forest.,A man and two girls in a forest.,0.9935482144355774,0.017524896189570427,0.017524896189570427,0.9935482144355774,0.017524896189570427,0.017524896189570427,contradiction,0.999330997467041,contradiction,0.999356210231781,,,[],[],0.08571428571428574,False,"[""semantic_drift""]",,,,,,,0.9537115097045898,0.9929391145706177,0.03351853787899017,0.03351853787899017,0.941646933555603,0.8726063370704651,,,,,,,
277,188199,,188199:premise:fra_Latn,,premise,entailment,,,,,A woman with a floral shirt and purse and a man with a black shirt are walking while another man walks behind them.,A woman in a shirt and a bag of flowers and a man in a black shirt are walking while another man is walking behind them.,0.9770575761795044,0.9929918050765991,0.9770575761795044,0.9770575761795044,0.9929918050765991,0.9770575761795044,entailment,0.9951932430267334,contradiction,0.25612130761146545,,,[],"[{""group"":""space"",""original"":{""behind"":1},""candidate"":{""behind"":1,""in"":2},""field"":""premise""}]",0.16595744680851066,False,"[""label_flip""]",,,,,,,0.905127763748169,0.987345278263092,0.9719855785369873,0.9719855785369873,0.9450002908706665,0.6172386407852173,,,,,,,
277,188199,,188199:hypothesis:fra_Latn,,hypothesis,entailment,,,,,the woman has a purse,The woman has a purse,0.9954642653465271,0.9974258542060852,0.9954642653465271,0.9954642653465271,0.9974258542060852,0.9954642653465271,entailment,0.9951932430267334,entailment,0.9948697090148926,,,[],[],0.0,False,"[""trivial_copy""]",,,,,,,0.9967404007911682,0.9874261617660522,0.986404299736023,0.986404299736023,0.9678301811218262,1.158697485923767,,,,,,,
281,188981,,188981:hypothesis:fra_Latn,,hypothesis,neutral,,,,,A man holds his guitar and talks to a man who just gave him a tip.,A man holds his guitar and talks to a man who just gave him a tip.,0.9937509894371033,0.9937509894371033,0.9937509894371033,0.9937509894371033,0.9937509894371033,0.9937509894371033,neutral,0.9979447722434998,neutral,0.9979447722434998,,,[],[],0.0,False,"[""trivial_copy""]",,,,,,,0.9967144727706909,0.9943708777427673,0.9943708777427673,0.9943708777427673,0.9734939336776733,1.0273464918136597,,,,,,,
282,189281,,189281:hypothesis:fra_Latn,,hypothesis,neutral,,,,,peoples are tested by group discussion.,People are tested by group discussion.,0.9962208867073059,0.9962324500083923,0.9962208867073059,0.9962208867073059,0.9962324500083923,0.9962208867073059,neutral,0.9900975227355957,neutral,0.9925948977470398,,,[],[],0.012987012987012991,False,"[""trivial_copy""]",,,,,,,0.9965986609458923,0.9935170412063599,0.9928355813026428,0.9928355813026428,0.9617261290550232,1.021320104598999,,,,,,,
283,192390,,192390:premise:fra_Latn,,premise,contradiction,,,,,"A woman, fit and toned, runs in a race as a crowd of runners follow.","A woman, in shape and shape, follows a crowd of runners in a race.",0.48655369877815247,0.1367177963256836,0.1367177963256836,0.48655369877815247,0.1367177963256836,0.1367177963256836,contradiction,0.9982823133468628,contradiction,0.9951251149177551,,,[],"[{""group"":""space"",""original"":{""in"":1},""candidate"":{""in"":2},""field"":""premise""}]",0.4029850746268657,False,"[""semantic_drift""]",,,,,,,0.9143157005310059,0.7511849403381348,0.9868741631507874,0.7511849403381348,0.941197395324707,0.02763041853904724,,,,,,,
285,194020,,194020:premise:fra_Latn,,premise,entailment,,,,,A man on a laptop at a table.,A man on a laptop at a table.,0.9934630393981934,0.9934630393981934,0.9934630393981934,0.9934630393981934,0.9934630393981934,0.9934630393981934,entailment,0.9940350651741028,entailment,0.9940350651741028,,,[],[],0.0,False,"[""trivial_copy""]",,,,,,,0.9968397617340088,0.9913188815116882,0.9913188815116882,0.9913188815116882,0.9681227207183838,1.0710546970367432,,,,,,,
289,197235,,197235:hypothesis:fra_Latn,,hypothesis,entailment,,,,,A man fishing in the ocean.,A man fishing in the ocean.,0.9966866374015808,0.9966866374015808,0.9966866374015808,0.9966866374015808,0.9966866374015808,0.9966866374015808,entailment,0.9972240924835205,entailment,0.9972240924835205,,,[],[],0.0,False,"[""trivial_copy""]",,,,,,,0.9966011047363281,0.9927098751068115,0.9927098751068115,0.9927098751068115,0.9682092070579529,1.0667695999145508,,,,,,,
290,199215,,199215:hypothesis:fra_Latn,,hypothesis,neutral,,,,,The hckey game is about to begin.,The hockey game is about to begin.,0.015337985008955002,0.20636986196041107,0.015337985008955002,0.015337985008955002,0.20636986196041107,0.015337985008955002,neutral,0.9846817255020142,neutral,0.787387490272522,,,[],[],0.014925373134328401,False,"[""trivial_copy"",""semantic_drift"",""low_nli_confidence""]",,,,,,,0.9171567559242249,0.9912902116775513,0.9877452254295349,0.9877452254295349,0.9618389010429382,0.00394817441701889,,,,,,,
292,200662,,200662:premise:fra_Latn,,premise,neutral,,,,,A man in a hat is walking across a lawn from a small truck to a van with a satellite.,A man in a hat crosses a lawn from a pickup truck to a van with a satellite.,0.9581199288368225,0.5703927874565125,0.5703927874565125,0.9581199288368225,0.5703927874565125,0.5703927874565125,neutral,0.9472551941871643,neutral,0.9707233905792236,,,[],[],0.15527950310559002,False,"[""semantic_drift""]",,,,,,,0.8643600940704346,0.7174534201622009,0.9648250937461853,0.7174534201622009,0.8634239435195923,0.604473888874054,,,,,,,
293,200772,,200772:hypothesis:fra_Latn,,hypothesis,neutral,,,,,The wakeboader is a man.,The wakeboader is a man.,0.9961062073707581,0.9961062073707581,0.9961062073707581,0.9961062073707581,0.9961062073707581,0.9961062073707581,neutral,0.9951594471931458,neutral,0.9951594471931458,,,[],[],0.0,False,"[""trivial_copy""]",,,,,,,0.9966277480125427,0.993621289730072,0.993621289730072,0.993621289730072,0.9674408435821533,0.9589042067527771,,,,,,,
295,203055,,203055:hypothesis:fra_Latn,,hypothesis,contradiction,,,,,a rabbit runs,a short rabbit,0.02103562280535698,0.32092076539993286,0.02103562280535698,0.02103562280535698,0.32092076539993286,0.02103562280535698,contradiction,0.9988422989845276,contradiction,0.998784601688385,,,[],[],0.40740740740740744,False,"[""semantic_drift""]",,,,,,,0.624076783657074,0.07902780175209045,0.4631631076335907,0.07902780175209045,0.559124767780304,-0.8253383040428162,,,,,,,
297,204719,,204719:premise:fra_Latn,,premise,contradiction,,,,,The men are waving as they are standing in snow.,Men act like they stand in the snow.,0.9033808708190918,0.0005798456841148436,0.0005798456841148436,0.9033808708190918,0.0005798456841148436,0.0005798456841148436,contradiction,0.9994925260543823,contradiction,0.9989559650421143,,,[],[],0.38095238095238093,False,"[""semantic_drift""]",,,,,,,0.7679648995399475,0.9536688923835754,0.0015088084619492292,0.0015088084619492292,0.6791494488716125,-0.0024421662092208862,,,,,,,
298,204800,,204800:hypothesis:fra_Latn,,hypothesis,contradiction,,,,,Two women are running.,Two women are running.,0.9964607357978821,0.9964607357978821,0.9964607357978821,0.9964607357978821,0.9964607357978821,0.9964607357978821,contradiction,0.9993088245391846,contradiction,0.9993088245391846,,,[],[],0.0,False,"[""trivial_copy""]",,,,,,,0.9966818690299988,0.9932206869125366,0.9932206869125366,0.9932206869125366,0.9640675187110901,1.1142158508300781,,,,,,,
299,205153,,205153:hypothesis:fra_Latn,,hypothesis,neutral,,,,,The men are wearing safety gear.,The men are wearing safety gear.,0.9974018335342407,0.9974018335342407,0.9974018335342407,0.9974018335342407,0.9974018335342407,0.9974018335342407,neutral,0.9993688464164734,neutral,0.9993688464164734,,,[],[],0.0,False,"[""trivial_copy""]",,,,,,,0.996566891670227,0.9937939643859863,0.9937939643859863,0.9937939643859863,0.966367244720459,1.0787664651870728,,,,,,,
300,206106,,206106:premise:fra_Latn,,premise,neutral,,,,,There is a man with a red hat on his hand.,There's a man with a red hat in his hand.,0.9452794194221497,0.86262047290802,0.86262047290802,0.9452794194221497,0.86262047290802,0.86262047290802,neutral,0.9984846711158752,neutral,0.9984686970710754,,,[],"[{""group"":""space"",""original"":{""on"":1},""candidate"":{""in"":1},""field"":""premise""}]",0.06024096385542166,False,"[""semantic_drift""]",,,,,,,0.9966643452644348,0.9618313312530518,0.9776190519332886,0.9618313312530518,0.9709630608558655,0.870688259601593,,,,,,,
305,209684,,209684:premise:fra_Latn,,premise,entailment,,,,,"A man sits back on an elegant sofa, sticking his feet up on the coffee table.",A man sits on an elegant sofa and sets his feet on the coffee table.,0.9956568479537964,0.23492315411567688,0.23492315411567688,0.9956568479537964,0.23492315411567688,0.23492315411567688,entailment,0.9918839931488037,entailment,0.9922260046005249,,,[],[],0.1448275862068965,False,"[""semantic_drift""]",,,,,,,0.9531539678573608,0.9939284324645996,0.8786450624465942,0.8786450624465942,0.921319842338562,0.7987802624702454,,,,,,,
306,209775,,209775:hypothesis:fra_Latn,,hypothesis,neutral,,,,,the people were on concrete,People were on the concrete.,0.9959610104560852,0.9959143996238708,0.9959143996238708,0.9959610104560852,0.9959143996238708,0.9959143996238708,neutral,0.9433273077011108,entailment,0.318083792924881,,,[],[],0.1636363636363637,False,"[""label_flip""]",,,,,,,0.9951726794242859,0.9932106137275696,0.989283561706543,0.989283561706543,0.9591962695121765,0.8684729337692261,,,,,,,
307,211350,,211350:premise:fra_Latn,,premise,entailment,,,,,Two women in military uniform are standing with other soldiers in formation.,Two women in military uniforms stand with other soldiers in training.,0.2913035452365875,0.7413352727890015,0.2913035452365875,0.2913035452365875,0.7413352727890015,0.2913035452365875,entailment,0.9833884239196777,entailment,0.7188165187835693,,,[],[],0.11724137931034484,False,"[""semantic_drift"",""low_nli_confidence""]",,,,,,,0.8687214255332947,0.8605377674102783,0.91805499792099,0.8605377674102783,0.9007130265235901,0.4751739799976349,,,,,,,
307,211350,,211350:hypothesis:fra_Latn,,hypothesis,entailment,,,,,Two women in military uniform are standing with others in formation,Two women in military uniform stand with others in training.,0.7830868363380432,0.7258549332618713,0.7258549332618713,0.7830868363380432,0.7258549332618713,0.7258549332618713,entailment,0.9833884239196777,entailment,0.8016545176506042,,,[],[],0.13385826771653542,False,"[""semantic_drift""]",,,,,,,0.871659517288208,0.5953874588012695,0.8822945952415466,0.5953874588012695,0.8628995418548584,0.38331955671310425,,,,,,,
308,211927,,211927:premise:fra_Latn,,premise,neutral,,,,,A boat floating on blue water.,A boat floating on blue water.,0.9967965483665466,0.9967965483665466,0.9967965483665466,0.9967965483665466,0.9967965483665466,0.9967965483665466,neutral,0.9778068661689758,neutral,0.9778068661689758,,,[],[],0.0,False,"[""trivial_copy""]",,,,,,,0.9910258650779724,0.9930029511451721,0.9930029511451721,0.9930029511451721,0.968784511089325,1.0892629623413086,,,,,,,
308,211927,,211927:hypothesis:fra_Latn,,hypothesis,neutral,,,,,The boat is about to be taken out on the water.,The boat is about to be put back into the water.,0.31591495871543884,0.9856770038604736,0.31591495871543884,0.31591495871543884,0.9856770038604736,0.31591495871543884,neutral,0.9778068661689758,contradiction,0.09339170902967453,,,[],"[{""group"":""space"",""original"":{""on"":1},""candidate"":{},""field"":""hypothesis""}]",0.17894736842105263,False,"[""semantic_drift"",""label_flip""]",,,,,,,0.8771260380744934,0.528751015663147,0.821287214756012,0.528751015663147,0.9240216612815857,0.6061315536499023,,,,,,,
309,213001,,213001:premise:fra_Latn,,premise,entailment,,,,,Two girls play in the shower with their clothes on.,Two girls playing in the shower with their clothes on.,0.9965793490409851,0.996957540512085,0.9965793490409851,0.9965793490409851,0.996957540512085,0.9965793490409851,entailment,0.9962660670280457,entailment,0.9964026212692261,,,[],[],0.02857142857142858,False,"[""trivial_copy""]",,,,,,,0.9960480332374573,0.993533730506897,0.9935817718505859,0.993533730506897,0.9714236855506897,0.8355498313903809,,,,,,,
311,213566,,213566:premise:fra_Latn,,premise,neutral,,,,,A little boy in a cowboy hat eating something.,A little boy in a cowboy hat eating something.,0.9947965741157532,0.9947965741157532,0.9947965741157532,0.9947965741157532,0.9947965741157532,0.9947965741157532,neutral,0.9986898303031921,neutral,0.9986898303031921,,,[],[],0.0,False,"[""trivial_copy""]",,,,,,,0.9960408210754395,0.9940463304519653,0.9940463304519653,0.9940463304519653,0.970445454120636,1.074328064918518,,,,,,,
311,213566,,213566:hypothesis:fra_Latn,,hypothesis,neutral,,,,,The boy is eating his birthday cake with the other party guests.,The boy is eating his birthday cake with the other guests.,0.9941698312759399,0.24644887447357178,0.24644887447357178,0.9941698312759399,0.24644887447357178,0.24644887447357178,neutral,0.9986898303031921,neutral,0.9988214373588562,,,[],[],0.049180327868852514,False,"[""semantic_drift""]",,,,,,,0.9914002418518066,0.9933573603630066,0.18589231371879578,0.18589231371879578,0.9115106463432312,0.8966532349586487,,,,,,,
312,214226,,214226:hypothesis:fra_Latn,,hypothesis,contradiction,,,,,a mouse eating chees,a mouse eating cheese,0.9937677383422852,0.98696368932724,0.98696368932724,0.9937677383422852,0.98696368932724,0.98696368932724,contradiction,0.9993904829025269,contradiction,0.9993996620178223,,,[],[],0.024390243902439046,False,"[""trivial_copy""]",,,,,,,0.9968371391296387,0.9786478281021118,0.9784673452377319,0.9784673452377319,0.966296911239624,-0.5304593443870544,,,,,,,
313,214998,,214998:premise:fra_Latn,,premise,neutral,,,,,A runner is sliding into home while the cathcer covers the plate in a softball game.,A runner slips into the house while the catcher covers the plate during a softball game.,0.9955270886421204,0.992384672164917,0.992384672164917,0.9955270886421204,0.992384672164917,0.992384672164917,neutral,0.9977096319198608,contradiction,0.014001469127833843,,,[],"[{""group"":""time"",""original"":{},""candidate"":{""during"":1},""field"":""premise""},{""group"":""space"",""original"":{""in"":1},""candidate"":{},""field"":""premise""}]",0.12790697674418605,False,"[""label_flip""]",,,,,,,0.8280609250068665,0.9814132452011108,0.9039257168769836,0.9039257168769836,0.8454355597496033,0.3268193006515503,,,,,,,
313,214998,,214998:hypothesis:fra_Latn,,hypothesis,neutral,,,,,A runner slides home for the winning run in a softball game.,A runner comes home for the winning race in a softball game.,0.9650982618331909,0.03311644494533539,0.03311644494533539,0.9650982618331909,0.03311644494533539,0.03311644494533539,neutral,0.9977096319198608,neutral,0.9857199788093567,,,[],[],0.09999999999999998,False,"[""semantic_drift""]",,,,,,,0.9054976105690002,0.9721642732620239,0.9626079201698303,0.9626079201698303,0.947479248046875,0.17351016402244568,,,,,,,
316,215759,,215759:premise:fra_Latn,,premise,contradiction,,,,,White girl in a white dress and white bird-looking wings holding some blue ads.,A white girl in a white dress and white bird wings holding blue ads.,0.9908333420753479,0.7024396061897278,0.7024396061897278,0.9908333420753479,0.7024396061897278,0.7024396061897278,contradiction,0.9993879795074463,contradiction,0.9993298053741455,,,[],"[{""group"":""quantifier"",""original"":{""some"":1},""candidate"":{},""field"":""premise""}]",0.10204081632653061,False,"[""semantic_drift""]",,,,,,,0.9962936043739319,0.9931249618530273,0.8199453353881836,0.8199453353881836,0.9615944623947144,0.7957506775856018,,,,,,,
317,215835,,215835:premise:fra_Latn,,premise,neutral,,,,,Soccer players in jerseys representing two teams mill around on a soccer field.,Football players in shirts representing two teams gather on a football field.,0.001787681831046939,0.011700085364282131,0.001787681831046939,0.001787681831046939,0.011700085364282131,0.001787681831046939,neutral,0.995371401309967,neutral,0.9623482823371887,,,[],[],0.2948717948717948,False,"[""semantic_drift""]",,,,,,,0.5429223775863647,0.002882055938243866,0.005691608879715204,0.002882055938243866,0.6681290864944458,0.3964800238609314,,,,,,,
317,215835,,215835:hypothesis:fra_Latn,,hypothesis,neutral,,,,,The soccer players are getting ready to play.,The football players are getting ready to play.,0.06136151775717735,0.6791723370552063,0.06136151775717735,0.06136151775717735,0.6791723370552063,0.06136151775717735,neutral,0.995371401309967,contradiction,0.10249032825231552,,,[],[],0.13043478260869568,False,"[""semantic_drift"",""label_flip""]",,,,,,,0.47965019941329956,0.00035916673368774354,0.0004562949179671705,0.00035916673368774354,0.5069960951805115,0.49662452936172485,,,,,,,
318,215950,,215950:premise:fra_Latn,,premise,neutral,,,,,"A guy in a blue shirt, shorts and sandals is giving a speech with a microphone to some people sitting in the front row of an auditorium.","A guy in a blue shirt, pants, and sandals gives a talk with a microphone to some people sitting in the front row of an auditorium.",0.01793290488421917,0.029450010508298874,0.01793290488421917,0.01793290488421917,0.029450010508298874,0.01793290488421917,neutral,0.950130820274353,neutral,0.9566231369972229,,,[],[],0.09774436090225569,False,"[""semantic_drift""]",,,,,,,0.827237606048584,0.9625431895256042,0.9619430303573608,0.9619430303573608,0.817275881767273,0.7786614894866943,,,,,,,
318,215950,,215950:hypothesis:fra_Latn,,hypothesis,neutral,,,,,A man is giving his campaing speech.,A man is giving his campaign speech.,0.9969028830528259,0.994644045829773,0.994644045829773,0.9969028830528259,0.994644045829773,0.994644045829773,neutral,0.950130820274353,neutral,0.9980207681655884,,,[],[],0.02777777777777779,False,"[""trivial_copy""]",,,,,,,0.580456018447876,0.9926242232322693,0.9841141700744629,0.9841141700744629,0.9637820720672607,-0.09534651041030884,,,,,,,
320,217803,,217803:hypothesis:fra_Latn,,hypothesis,entailment,,,,,People are looking at something.,People are looking at something.,0.9952754974365234,0.9952754974365234,0.9952754974365234,0.9952754974365234,0.9952754974365234,0.9952754974365234,entailment,0.9786309003829956,entailment,0.9786309003829956,,,[],[],0.0,False,"[""trivial_copy""]",,,,,,,0.9909104704856873,0.9938998222351074,0.9938998222351074,0.9938998222351074,0.962773859500885,1.116570234298706,,,,,,,
321,218103,,218103:premise:fra_Latn,,premise,entailment,,,,,A teenage girl wearing a t-shirt and bathing suit bottom jumps into a body of water.,A teenage girl wearing a t-shirt and a swimsuit jumps into a water tank.,0.0028166493866592646,0.9485068917274475,0.0028166493866592646,0.0028166493866592646,0.9485068917274475,0.0028166493866592646,entailment,0.9985931515693665,entailment,0.9983267188072205,,,[],[],0.1923076923076923,False,"[""semantic_drift""]",,,,,,,0.8925533294677734,0.25135117769241333,0.9796459078788757,0.25135117769241333,0.903406023979187,0.45885664224624634,,,,,,,
326,223038,,223038:premise:fra_Latn,,premise,neutral,,,,,A boy in a blue life jacket jumps into the water.,A boy in a blue vest jumps into the water.,0.3479253053665161,0.048541124910116196,0.048541124910116196,0.3479253053665161,0.048541124910116196,0.048541124910116196,neutral,0.9921446442604065,neutral,0.9942084550857544,,,[],[],0.1208791208791209,False,"[""semantic_drift""]",,,,,,,0.8862922191619873,0.9653319120407104,0.20678578317165375,0.20678578317165375,0.873435378074646,0.6371927261352539,,,,,,,
328,224071,,224071:hypothesis:fra_Latn,,hypothesis,contradiction,,,,,Three men riding their motorcycles.,Three men on a bicycle.,0.0002850803139153868,0.00023459777003154159,0.00023459777003154159,0.0002850803139153868,0.00023459777003154159,0.00023459777003154159,contradiction,0.9996057152748108,contradiction,0.9993797540664673,,,[],"[{""group"":""space"",""original"":{},""candidate"":{""on"":1},""field"":""hypothesis""}]",0.4137931034482759,False,"[""semantic_drift""]",,,,,,,0.37806200981140137,0.3274518847465515,0.07094302773475647,0.07094302773475647,0.4157504141330719,0.4832693338394165,,,,,,,
331,226116,,226116:hypothesis:fra_Latn,,hypothesis,neutral,,,,,they just finished shopping,They just finished shopping.,0.9918730854988098,0.9941826462745667,0.9918730854988098,0.9918730854988098,0.9941826462745667,0.9918730854988098,neutral,0.9838452339172363,neutral,0.9888272285461426,,,[],[],0.018181818181818188,False,"[""trivial_copy""]",,,,,,,0.9962271451950073,0.9937822222709656,0.9931939840316772,0.9931939840316772,0.9696546196937561,1.1127629280090332,,,,,,,
332,226394,,226394:premise:fra_Latn,,premise,neutral,,,,,A black bird in the air with leaves in its mouth.,A black bird in the air with leaves in its mouth.,0.992499053478241,0.992499053478241,0.992499053478241,0.992499053478241,0.992499053478241,0.992499053478241,neutral,0.9641255736351013,neutral,0.9641255736351013,,,[],[],0.0,False,"[""trivial_copy""]",,,,,,,0.9966779947280884,0.9934521913528442,0.9934521913528442,0.9934521913528442,0.9713435173034668,1.0801256895065308,,,,,,,
332,226394,,226394:hypothesis:fra_Latn,,hypothesis,neutral,,,,,A black bird is making a nest.,A black bird makes a nest.,0.9970006346702576,0.9942926168441772,0.9942926168441772,0.9970006346702576,0.9942926168441772,0.9942926168441772,neutral,0.9641255736351013,neutral,0.7695412635803223,,,[],[],0.1428571428571429,False,"[""low_nli_confidence""]",,,,,,,0.9968059062957764,0.9928843975067139,0.9850761294364929,0.9850761294364929,0.9692496061325073,0.8107138276100159,,,,,,,
333,226504,,226504:hypothesis:fra_Latn,,hypothesis,neutral,,,,,the child was happy,the child was happy,0.9957276582717896,0.9957276582717896,0.9957276582717896,0.9957276582717896,0.9957276582717896,0.9957276582717896,neutral,0.9831127524375916,neutral,0.9831127524375916,,,[],[],0.0,False,"[""trivial_copy""]",,,,,,,0.9906632900238037,0.9882895946502686,0.9882895946502686,0.9882895946502686,0.9664448499679565,1.2205549478530884,,,,,,,
335,226981,,226981:hypothesis:fra_Latn,,hypothesis,entailment,,,,,A cafe where two men sit alone.,A cafe where two men are alone.,0.98058021068573,0.784130871295929,0.784130871295929,0.98058021068573,0.784130871295929,0.784130871295929,entailment,0.9970670342445374,entailment,0.9964174032211304,,,[],[],0.09677419354838712,False,"[""semantic_drift""]",,,,,,,0.9705860018730164,0.9914373755455017,0.945670485496521,0.945670485496521,0.9692434072494507,0.7927748560905457,,,,,,,
337,229906,,229906:premise:fra_Latn,,premise,contradiction,,,,,A dark-skinned security officer smiles.,A black security officer smiles.,0.021215492859482765,0.9894563555717468,0.021215492859482765,0.021215492859482765,0.9894563555717468,0.021215492859482765,contradiction,0.9996108412742615,contradiction,0.9996132254600525,,,[],[],0.18309859154929575,False,"[""semantic_drift""]",,,,,,,0.837811291217804,0.9360038638114929,0.9927787184715271,0.9360038638114929,0.6539003849029541,0.5061870217323303,,,,,,,
337,229906,,229906:hypothesis:fra_Latn,,hypothesis,contradiction,,,,,A security officer is angry and scowling.,A security guard is angry and scared.,0.013719785027205944,0.013196277432143688,0.013196277432143688,0.013719785027205944,0.013196277432143688,0.013196277432143688,contradiction,0.9996108412742615,contradiction,0.9993738532066345,,,[],[],0.2564102564102564,False,"[""semantic_drift""]",,,,,,,0.7437013983726501,0.1951468139886856,0.012129103764891624,0.012129103764891624,0.6587380170822144,0.3756532073020935,,,,,,,
338,230044,,230044:premise:fra_Latn,,premise,neutral,,,,,A man with a guitar and a woman with a microphone perform.,A man with a guitar and a woman with a microphone perform.,0.9931135773658752,0.9931135773658752,0.9931135773658752,0.9931135773658752,0.9931135773658752,0.9931135773658752,neutral,0.9994099140167236,neutral,0.9994099140167236,,,[],[],0.0,False,"[""trivial_copy""]",,,,,,,0.996563732624054,0.9936151504516602,0.9936151504516602,0.9936151504516602,0.9704722762107849,1.0523470640182495,,,,,,,
339,230599,,230599:premise:fra_Latn,,premise,contradiction,,,,,"Two men are kayaking, one in front of the other.","Two men are kayaking, one in front of the other.",0.9934219717979431,0.9934219717979431,0.9934219717979431,0.9934219717979431,0.9934219717979431,0.9934219717979431,contradiction,0.999735414981842,contradiction,0.999735414981842,,,[],[],0.0,False,"[""trivial_copy""]",,,,,,,0.9964679479598999,0.9922949075698853,0.9922949075698853,0.9922949075698853,0.9689516425132751,1.0593949556350708,,,,,,,
340,231324,,231324:premise:fra_Latn,,premise,entailment,,,,,A smiling woman with dark hair is sitting at a table.,A smiling woman with black hair is sitting at a table.,0.0017076443182304502,0.9893454909324646,0.0017076443182304502,0.0017076443182304502,0.9893454909324646,0.0017076443182304502,entailment,0.9983744621276855,entailment,0.9983417987823486,,,[],[],0.04672897196261683,False,"[""semantic_drift""]",,,,,,,0.9255804419517517,0.8010655045509338,0.9846758246421814,0.8010655045509338,0.7647559642791748,0.8751323819160461,,,,,,,
342,232796,,232796:hypothesis:fra_Latn,,hypothesis,entailment,,,,,Two people talking.,Two people talking.,0.9942445158958435,0.9942445158958435,0.9942445158958435,0.9942445158958435,0.9942445158958435,0.9942445158958435,entailment,0.997729480266571,entailment,0.997729480266571,,,[],[],0.0,False,"[""trivial_copy""]",,,,,,,0.9966979026794434,0.9914528131484985,0.9914528131484985,0.9914528131484985,0.9627693891525269,1.1836886405944824,,,,,,,
343,232922,,232922:premise:fra_Latn,,premise,entailment,,,,,A person standing outside is using an umbrella in the heavy rain.,A person standing outside using an umbrella in the heavy rain.,0.9971823692321777,0.9969346523284912,0.9969346523284912,0.9971823692321777,0.9969346523284912,0.9969346523284912,entailment,0.998066246509552,entailment,0.9977403879165649,,,[],[],0.023622047244094446,False,"[""trivial_copy""]",,,,,,,0.996807336807251,0.9915082454681396,0.9921231865882874,0.9915082454681396,0.9701648354530334,0.5441451072692871,,,,,,,
348,233997,,233997:hypothesis:fra_Latn,,hypothesis,contradiction,,,,,Child wearing nothing at all standing on a sleigh.,A child who carries nothing standing on a sled.,0.9898305535316467,0.9826257228851318,0.9826257228851318,0.9898305535316467,0.9826257228851318,0.9826257228851318,contradiction,0.9994896650314331,neutral,0.024500194936990738,,,[],"[{""group"":""quantifier"",""original"":{""all"":1},""candidate"":{},""field"":""hypothesis""}]",0.23711340206185572,False,"[""label_flip""]",,,,,,,0.8081256747245789,0.9590209722518921,0.8626444339752197,0.8626444339752197,0.7070870399475098,0.039815887808799744,,,,,,,
349,234990,,234990:premise:fra_Latn,,premise,neutral,,,,,The man in black shorts and a green shirt with the number 25 on the back is about to kick the soccer ball.,The man in black shorts and a green shirt with the number 25 on his back is about to kick the football.,0.9461653232574463,0.8793640732765198,0.8793640732765198,0.9461653232574463,0.8793640732765198,0.8793640732765198,neutral,0.9876989126205444,neutral,0.9871794581413269,,,[],[],0.062200956937799035,False,"[""semantic_drift""]",,,,,,,0.865725576877594,0.0171189121901989,0.0076061333529651165,0.0076061333529651165,0.7388332486152649,0.695642352104187,,,,,,,
349,234990,,234990:hypothesis:fra_Latn,,hypothesis,neutral,,,,,He is aiming at a goal.,He's aiming for something.,0.9956056475639343,0.9866372346878052,0.9866372346878052,0.9956056475639343,0.9866372346878052,0.9866372346878052,neutral,0.9876989126205444,neutral,0.5671296119689941,,,[],[],0.4285714285714286,False,"[""low_nli_confidence""]",,,,,,,0.7846452593803406,0.9934592247009277,0.9434840083122253,0.9434840083122253,0.7198033332824707,0.3275480270385742,,,,,,,
350,235554,,235554:premise:fra_Latn,,premise,neutral,,,,,The man in a red shirt just got a rebound in a basketball game.,The man in the red shirt just bounced in a basketball game.,0.9579993486404419,0.862802267074585,0.862802267074585,0.9579993486404419,0.862802267074585,0.862802267074585,neutral,0.9517473578453064,neutral,0.9441512227058411,,,[],[],0.11475409836065575,False,"[""semantic_drift""]",,,,,,,0.9910564422607422,0.9776001572608948,0.9799103736877441,0.9776001572608948,0.7910017967224121,0.30509769916534424,,,,,,,
351,236796,,236796:premise:fra_Latn,,premise,neutral,,,,,"Two dancers performing in the spotlight, on stage.","Two dancers performing in the spotlight, on stage.",0.9941062927246094,0.9941062927246094,0.9941062927246094,0.9941062927246094,0.9941062927246094,0.9941062927246094,neutral,0.9989483952522278,neutral,0.9989483952522278,,,[],[],0.0,False,"[""trivial_copy""]",,,,,,,0.9968165755271912,0.9883788824081421,0.9883788824081421,0.9883788824081421,0.9703453183174133,1.0684881210327148,,,,,,,
352,237247,,237247:premise:fra_Latn,,premise,neutral,,,,,Two boys are standing in a kitchen.,Two boys are standing in a kitchen.,0.9967644214630127,0.9967644214630127,0.9967644214630127,0.9967644214630127,0.9967644214630127,0.9967644214630127,neutral,0.9985515475273132,neutral,0.9985515475273132,,,[],[],0.0,False,"[""trivial_copy""]",,,,,,,0.996607780456543,0.9935129284858704,0.9935129284858704,0.9935129284858704,0.9659649729728699,1.0672568082809448,,,,,,,
352,237247,,237247:hypothesis:fra_Latn,,hypothesis,neutral,,,,,Two boys are inside a house inside a kitchen wearing pink aprons.,Two boys are inside a house inside a kitchen wearing pink upholstery.,0.0016621001996099949,0.004009691067039967,0.0016621001996099949,0.0016621001996099949,0.004009691067039967,0.0016621001996099949,neutral,0.9985515475273132,neutral,0.9915454983711243,,,[],[],0.08955223880597019,False,"[""semantic_drift""]",,,,,,,0.7954201698303223,0.19966937601566315,0.03573291748762131,0.03573291748762131,0.7883384227752686,0.5766830444335938,,,,,,,
353,237389,,237389:hypothesis:fra_Latn,,hypothesis,entailment,,,,,two people are in bed,Two people are in bed.,0.9961548447608948,0.9957389831542969,0.9957389831542969,0.9961548447608948,0.9957389831542969,0.9957389831542969,entailment,0.9922115802764893,entailment,0.9927622675895691,,,[],[],0.023255813953488413,False,"[""trivial_copy""]",,,,,,,0.9967549443244934,0.9935513734817505,0.9936069250106812,0.9935513734817505,0.9648347496986389,1.075364589691162,,,,,,,
354,238210,,238210:premise:fra_Latn,,premise,entailment,,,,,A bearded man is wearing a redhead scarf and holding a forked green and white branch.,A bearded man wears a scarlet-haired scarf and holds a green and white forked branch.,0.875186562538147,0.9577591419219971,0.875186562538147,0.875186562538147,0.9577591419219971,0.875186562538147,entailment,0.9970334768295288,entailment,0.9970752000808716,,,[],[],0.23529411764705888,False,"[""semantic_drift""]",,,,,,,0.8731196522712708,0.9684789180755615,0.9644781947135925,0.9644781947135925,0.7746533751487732,0.48368632793426514,,,,,,,
357,241686,,241686:hypothesis:fra_Latn,,hypothesis,contradiction,,,,,A dog is sleeping in the owner's backyard.,A dog sleeps in the owner's garden.,0.0016283607110381126,0.007482659537345171,0.0016283607110381126,0.0016283607110381126,0.007482659537345171,0.0016283607110381126,contradiction,0.9996954202651978,contradiction,0.9996762275695801,,,[],[],0.19480519480519476,False,"[""semantic_drift""]",,,,,,,0.7978205680847168,0.9388814568519592,0.9692866802215576,0.9388814568519592,0.8455587029457092,0.2264176905155182,,,,,,,
358,243896,,243896:premise:fra_Latn,,premise,entailment,,,,,A woman on a cellphone is sitting in a chair.,A woman on a cell phone is sitting in a chair.,0.9973819851875305,0.9962629675865173,0.9962629675865173,0.9973819851875305,0.9962629675865173,0.9962629675865173,entailment,0.9922958612442017,entailment,0.9961993098258972,,,[],[],0.01098901098901095,False,"[""trivial_copy""]",,,,,,,0.9968740940093994,0.9935271739959717,0.9935198426246643,0.9935198426246643,0.9700716137886047,1.0229451656341553,,,,,,,
360,246031,,246031:hypothesis:fra_Latn,,hypothesis,contradiction,,,,,The woman is black.,The woman is black.,0.996522068977356,0.996522068977356,0.996522068977356,0.996522068977356,0.996522068977356,0.996522068977356,contradiction,0.9990297555923462,contradiction,0.9990297555923462,,,[],[],0.0,False,"[""trivial_copy""]",,,,,,,0.9967638254165649,0.9938871264457703,0.9938871264457703,0.9938871264457703,0.96608567237854,1.059046983718872,,,,,,,
361,248126,,248126:premise:fra_Latn,,premise,entailment,,,,,"one white little girl, riding on a brown and white saddle which is on top of brown adult horse with black hair, both outside on a sunny day.","A little white girl, riding a brown and white saddle that's on top of a brown adult horse with black hair, both out on a sunny day.",0.9958218336105347,0.9951837658882141,0.9951837658882141,0.9958218336105347,0.9951837658882141,0.9951837658882141,entailment,0.9901540875434875,entailment,0.9946696162223816,,,"[{""group"":""number"",""original"":{""1"":1,""2"":1},""candidate"":{""2"":1},""field"":""premise""}]","[{""group"":""number"",""original"":{""1"":1,""2"":1},""candidate"":{""2"":1},""field"":""premise""},{""group"":""space"",""original"":{""outside"":1,""on"":3},""candidate"":{""on"":2},""field"":""premise""}]",0.12915129151291516,False,"[""numeric_value_changed""]",,,,,,,0.9952130317687988,0.9944604635238647,0.9926624298095703,0.9926624298095703,0.9496747255325317,0.5960326790809631,,,,,,,
363,250993,,250993:premise:fra_Latn,,premise,entailment,,,,,A man walks into a maroon building as a dog looks on.,A man enters a brown building looking at a dog.,0.005849081091582775,0.005074833985418081,0.005074833985418081,0.005849081091582775,0.005074833985418081,0.005074833985418081,entailment,0.9895715713500977,entailment,0.9615476727485657,,,[],"[{""group"":""space"",""original"":{""on"":1},""candidate"":{},""field"":""premise""}]",0.36,False,"[""semantic_drift""]",,,,,,,0.7578725218772888,0.0669112429022789,0.02349391207098961,0.02349391207098961,0.6398591995239258,0.07357196509838104,,,,,,,
364,251441,,251441:premise:fra_Latn,,premise,contradiction,,,,,A sign on a store in and urban neighborhood.,A sign on a store in the downtown area.,0.005607666447758675,0.3902645707130432,0.005607666447758675,0.005607666447758675,0.3902645707130432,0.005607666447758675,contradiction,0.9952608942985535,contradiction,0.992572546005249,,,[],[],0.37349397590361444,False,"[""semantic_drift""]",,,,,,,0.978040337562561,0.18929322063922882,0.9125497341156006,0.18929322063922882,0.7266499400138855,0.4896906614303589,,,,,,,
365,252089,,252089:premise:fra_Latn,,premise,entailment,,,,,"A woman sitting at a desk labeled Programmes and Ice Cream, the stand appears to be out of ice cream.","A woman sitting at a desk labeled ""Programmes and Ice Cream"", the stand seems to be running out of ice.",0.007073413580656052,0.10910206288099289,0.007073413580656052,0.007073413580656052,0.10910206288099289,0.007073413580656052,entailment,0.9895414710044861,entailment,0.9423853158950806,,,[],[],0.11764705882352944,False,"[""semantic_drift""]",,,,,,,0.9966775178909302,0.6348146200180054,0.9436070322990417,0.6348146200180054,0.9697051644325256,0.09451353549957275,,,,,,,
367,253837,,253837:premise:fra_Latn,,premise,neutral,,,,,A young man in a gray t-shirt and dark pants is mowing a lawn outside a white clapboard building.,A young man in a gray t-shirt and black pants is cutting a lawn in front of a white-plate building.,0.29537031054496765,0.9485325217247009,0.29537031054496765,0.29537031054496765,0.9485325217247009,0.29537031054496765,neutral,0.9993672966957092,neutral,0.9994283318519592,,,[],"[{""group"":""space"",""original"":{""outside"":1,""in"":1},""candidate"":{""front"":1,""in"":2},""field"":""premise""}]",0.19387755102040816,False,"[""semantic_drift""]",,,,,,,0.9036825895309448,0.1609499305486679,0.7747141122817993,0.1609499305486679,0.8126245737075806,0.25344303250312805,,,,,,,
369,254814,,254814:premise:fra_Latn,,premise,neutral,,,,,A skateboarder performs a trick in front of a business building.,A skateboarder does a thing in front of a business building.,0.9950709342956543,0.09583475440740585,0.09583475440740585,0.9950709342956543,0.09583475440740585,0.09583475440740585,neutral,0.9837415218353271,neutral,0.9905084371566772,,,[],[],0.11290322580645162,False,"[""semantic_drift""]",,,,,,,0.9488443732261658,0.9938663840293884,0.9220554828643799,0.9220554828643799,0.866507887840271,0.3381270170211792,,,,,,,
369,254814,,254814:hypothesis:fra_Latn,,hypothesis,neutral,,,,,A skateboarder irritates business people by doing tricks downtown.,A skateboarder irritates business people by taking tours around town.,0.0007166501600295305,0.001217235461808741,0.0007166501600295305,0.0007166501600295305,0.001217235461808741,0.0007166501600295305,neutral,0.9837415218353271,contradiction,0.09703506529331207,,,[],[],0.14074074074074072,False,"[""semantic_drift"",""label_flip""]",,,,,,,0.585350751876831,0.00593219231814146,0.01904124952852726,0.00593219231814146,0.6671227812767029,0.23894798755645752,,,,,,,
370,256030,,256030:hypothesis:fra_Latn,,hypothesis,contradiction,,,,,The men are inside watching TV.,The men are inside watching TV.,0.9978936314582825,0.9978936314582825,0.9978936314582825,0.9978936314582825,0.9978936314582825,0.9978936314582825,contradiction,0.9997174143791199,contradiction,0.9997174143791199,,,[],[],0.0,False,"[""trivial_copy""]",,,,,,,0.9968311190605164,0.9936639070510864,0.9936639070510864,0.9936639070510864,0.9682645201683044,1.0346108675003052,,,,,,,
372,258168,,258168:premise:fra_Latn,,premise,neutral,,,,,"Two men are swimming in a body of water, near which is an area of land covered in vegetation.",Two men are swimming in a reservoir near which there is a vegetated area of land.,0.001782237901352346,0.9958536624908447,0.001782237901352346,0.001782237901352346,0.9958536624908447,0.001782237901352346,neutral,0.9986109733581543,neutral,0.9981656670570374,,,[],"[{""group"":""space"",""original"":{""in"":2,""near"":1},""candidate"":{""in"":1,""near"":1},""field"":""premise""}]",0.33333333333333337,False,"[""semantic_drift""]",,,,,,,0.8803094029426575,0.4063439965248108,0.9942104816436768,0.4063439965248108,0.927725076675415,0.24024802446365356,,,,,,,
373,258343,,258343:premise:fra_Latn,,premise,entailment,,,,,A man working on the construction of a large boat.,A man working on a big ship.,0.990748941898346,0.8380929231643677,0.8380929231643677,0.990748941898346,0.8380929231643677,0.8380929231643677,entailment,0.9968552589416504,entailment,0.9920852780342102,,,[],[],0.4358974358974359,False,"[""semantic_drift""]",,,,,,,0.7643216252326965,0.9853030443191528,0.9311243295669556,0.9311243295669556,0.8073439002037048,0.45164668560028076,,,,,,,
375,258365,,258365:premise:fra_Latn,,premise,contradiction,,,,,A woman pushing a shopping cart at a grocery store.,A woman pushing a basket at the grocery store.,0.5885633230209351,0.7604905962944031,0.5885633230209351,0.5885633230209351,0.7604905962944031,0.5885633230209351,contradiction,0.9980502128601074,contradiction,0.9968516230583191,,,[],[],0.19587628865979378,False,"[""semantic_drift""]",,,,,,,0.8778179287910461,0.9762577414512634,0.9636950492858887,0.9636950492858887,0.8861939907073975,0.8012748956680298,,,,,,,
376,259128,,259128:premise:fra_Latn,,premise,entailment,,,,,A greyhound running on a track.,A puppy running on a track.,0.0207107812166214,0.0031610100995749235,0.0031610100995749235,0.0207107812166214,0.0031610100995749235,0.0031610100995749235,entailment,0.9862813353538513,entailment,0.986645519733429,,,[],[],0.2068965517241379,False,"[""semantic_drift""]",,,,,,,0.7390069961547852,0.9726408123970032,0.05203383043408394,0.05203383043408394,0.6314277052879333,-0.7156885862350464,,,,,,,
377,259206,,259206:premise:fra_Latn,,premise,contradiction,,,,,"The two boys, in matching red shirts, fell asleep in the same position.","The two boys, dressed in the same red shirts, fell asleep in the same position.",0.9919643402099609,0.7604219913482666,0.7604219913482666,0.9919643402099609,0.7604219913482666,0.7604219913482666,contradiction,0.998906135559082,contradiction,0.9988278746604919,,,[],[],0.1466666666666666,False,"[""semantic_drift""]",,,,,,,0.9967558979988098,0.9925495386123657,0.9489105939865112,0.9489105939865112,0.9669185280799866,0.8714762330055237,,,,,,,
379,261954,,261954:hypothesis:fra_Latn,,hypothesis,entailment,,,,,Two girls make toys together.,Two girls make toys together.,0.9963604807853699,0.9963604807853699,0.9963604807853699,0.9963604807853699,0.9963604807853699,0.9963604807853699,entailment,0.9570333361625671,entailment,0.9570333361625671,,,[],[],0.0,False,"[""trivial_copy""]",,,,,,,0.9964197874069214,0.9933958649635315,0.9933958649635315,0.9933958649635315,0.9673969149589539,1.0996805429458618,,,,,,,
380,262023,,262023:premise:fra_Latn,,premise,contradiction,,,,,People sitting in a room talking to a panel.,People sitting in a room talking to a panel.,0.9964269995689392,0.9964269995689392,0.9964269995689392,0.9964269995689392,0.9964269995689392,0.9964269995689392,contradiction,0.9921229481697083,contradiction,0.9921229481697083,,,[],[],0.0,False,"[""trivial_copy""]",,,,,,,0.9967473745346069,0.9927858114242554,0.9927858114242554,0.9927858114242554,0.966996967792511,1.0760592222213745,,,,,,,
381,263405,,263405:premise:fra_Latn,,premise,neutral,,,,,A woman is playing ice hockey.,There's a woman playing ice hockey.,0.9978196620941162,0.9974270462989807,0.9974270462989807,0.9978196620941162,0.9974270462989807,0.9974270462989807,neutral,0.8756958842277527,entailment,0.49615779519081116,,,[],[],0.16923076923076918,False,"[""label_flip""]",,,,,,,0.9967799782752991,0.9922693967819214,0.9930323362350464,0.9922693967819214,0.9629450440406799,0.28150248527526855,,,,,,,
384,264764,,264764:premise:fra_Latn,,premise,entailment,,,,,Two children are on a fairground ride.,Two kids are taking a walk on the fairground.,0.00023708934895694256,0.00020707731891889125,0.00020707731891889125,0.00023708934895694256,0.00020707731891889125,0.00020707731891889125,entailment,0.9822264909744263,entailment,0.9939343333244324,,,[],[],0.37349397590361444,False,"[""semantic_drift""]",,,,,,,0.6651865243911743,0.0029276267159730196,0.014239453710615635,0.0029276267159730196,0.6829861402511597,0.22829118371009827,,,,,,,
387,268411,,268411:premise:fra_Latn,,premise,contradiction,,,,,A man waits at a crosswalk holding a motorbike helmet.,A man waits at a crossroads holding a motorcycle helmet.,0.9259119629859924,0.6935995817184448,0.6935995817184448,0.9259119629859924,0.6935995817184448,0.6935995817184448,contradiction,0.9916214942932129,contradiction,0.9970126152038574,,,[],[],0.12727272727272732,False,"[""semantic_drift""]",,,,,,,0.919215977191925,0.7943965196609497,0.9798147082328796,0.7943965196609497,0.9685331583023071,0.4299022853374481,,,,,,,
388,268796,,268796:premise:fra_Latn,,premise,entailment,,,,,Children playing on a merry-go-round on a chilly day.,Kids playing on the walk on a cold day.,0.44405892491340637,0.002377811586484313,0.002377811586484313,0.44405892491340637,0.002377811586484313,0.002377811586484313,entailment,0.9902731776237488,contradiction,0.00020879064686596394,,,[],[],0.3913043478260869,False,"[""semantic_drift"",""label_flip""]",,,,,,,0.5659656524658203,0.29449737071990967,0.011926818639039993,0.011926818639039993,0.5720956921577454,0.047790125012397766,,,,,,,
388,268796,,268796:hypothesis:fra_Latn,,hypothesis,entailment,,,,,Children are playing on a merry go,The kids are playing at the party.,0.12280598282814026,0.0006923961918801069,0.0006923961918801069,0.12280598282814026,0.0006923961918801069,0.0006923961918801069,entailment,0.9902731776237488,neutral,0.0017134543741121888,,,[],"[{""group"":""space"",""original"":{""on"":1},""candidate"":{},""field"":""hypothesis""}]",0.4117647058823529,False,"[""semantic_drift"",""label_flip""]",,,,,,,0.6359392404556274,0.05496235564351082,0.014273278415203094,0.014273278415203094,0.5097814202308655,-0.19630572199821472,,,,,,,
391,271629,,271629:premise:fra_Latn,,premise,entailment,,,,,"A woman with red eyes and green makeup on her face, holds up a beige colored, ornately designed fan to cover her mouth.",A woman with red eyes and green makeup holds a beige fan to cover her mouth.,0.9965705871582031,0.0018293894827365875,0.0018293894827365875,0.9965705871582031,0.0018293894827365875,0.0018293894827365875,entailment,0.992901086807251,entailment,0.992790937423706,,,[],"[{""group"":""space"",""original"":{""on"":1},""candidate"":{},""field"":""premise""}]",0.2205128205128205,False,"[""semantic_drift""]",,,,,,,0.8919931054115295,0.993213415145874,0.008622945286333561,0.008622945286333561,0.8777067065238953,0.6560861468315125,,,,,,,
391,271629,,271629:hypothesis:fra_Latn,,hypothesis,entailment,,,,,A women hides her mouth behind the fan.,A woman hides her mouth behind the fan.,0.99755859375,0.9953891038894653,0.9953891038894653,0.99755859375,0.9953891038894653,0.9953891038894653,entailment,0.992901086807251,entailment,0.993050217628479,,,[],[],0.02564102564102566,False,"[""trivial_copy""]",,,,,,,0.9965198040008545,0.9927238821983337,0.9927129149436951,0.9927129149436951,0.9685834646224976,0.9750165939331055,,,,,,,
392,272383,,272383:hypothesis:fra_Latn,,hypothesis,neutral,,,,,A lacrosse player is catching a ball.,A lacrosse player takes a ball.,0.7944315075874329,0.3758487105369568,0.3758487105369568,0.7944315075874329,0.3758487105369568,0.3758487105369568,neutral,0.9304444193840027,neutral,0.9804030656814575,,,[],[],0.20588235294117652,False,"[""semantic_drift""]",,,,,,,0.7575958967208862,0.9556984901428223,0.9013053178787231,0.9013053178787231,0.8916001319885254,0.37458422780036926,,,,,,,
393,272751,,272751:hypothesis:fra_Latn,,hypothesis,entailment,,,,,Sleeping women.,Sleeping women.,0.9879037737846375,0.9879037737846375,0.9879037737846375,0.9879037737846375,0.9879037737846375,0.9879037737846375,entailment,0.9847090244293213,entailment,0.9847090244293213,,,[],[],0.0,False,"[""trivial_copy""]",,,,,,,0.9940710663795471,0.9905524253845215,0.9905524253845215,0.9905524253845215,0.9644739627838135,1.1958551406860352,,,,,,,
394,272787,,272787:hypothesis:fra_Latn,,hypothesis,contradiction,,,,,A young boy is spitting.,A young boy spits.,0.997104823589325,0.9957833290100098,0.9957833290100098,0.997104823589325,0.9957833290100098,0.9957833290100098,contradiction,0.9873722791671753,contradiction,0.6553197503089905,,,[],[],0.19047619047619047,False,"[""low_nli_confidence""]",,,,,,,0.993930459022522,0.992099404335022,0.9892011880874634,0.9892011880874634,0.9649760127067566,0.3852566182613373,,,,,,,
399,277522,,277522:premise:fra_Latn,,premise,entailment,,,,,An Indian man is writing on something in a crowd of women and children.,An Indian writes about something in a crowd of women and children.,0.9948257207870483,0.03430822119116783,0.03430822119116783,0.9948257207870483,0.03430822119116783,0.03430822119116783,entailment,0.9959806203842163,contradiction,0.18989624083042145,,,[],"[{""group"":""space"",""original"":{""in"":1,""on"":1},""candidate"":{""in"":1},""field"":""premise""}]",0.12408759124087587,False,"[""semantic_drift"",""label_flip""]",,,,,,,0.8794804215431213,0.9921283721923828,0.048048410564661026,0.048048410564661026,0.7827073335647583,0.5681648850440979,,,,,,,
402,277982,,277982:premise:fra_Latn,,premise,entailment,,,,,A man with a black hat is standing and shading his eyes.,"A man in a black hat stands up, and his eyes are dark.",0.6793109178543091,0.03791624307632446,0.03791624307632446,0.6793109178543091,0.03791624307632446,0.03791624307632446,entailment,0.9980227947235107,entailment,0.995928943157196,,,[],"[{""group"":""space"",""original"":{},""candidate"":{""in"":1},""field"":""premise""}]",0.2909090909090909,False,"[""semantic_drift""]",,,,,,,0.8419936895370483,0.9147323369979858,0.8972236514091492,0.8972236514091492,0.7528934478759766,0.1325681358575821,,,,,,,
403,278462,,278462:hypothesis:fra_Latn,,hypothesis,neutral,,,,,A boy swings on the swing his mother built.,A boy is swinging on the momentum his mother built.,0.8897193074226379,0.8854062557220459,0.8854062557220459,0.8897193074226379,0.8854062557220459,0.8854062557220459,neutral,0.9988318085670471,neutral,0.9886006712913513,,,[],[],0.19148936170212771,False,"[""semantic_drift""]",,,,,,,0.888407289981842,0.6636887788772583,0.9644278883934021,0.6636887788772583,0.8845669031143188,0.09949029982089996,,,,,,,
404,278595,,278595:hypothesis:fra_Latn,,hypothesis,neutral,,,,,The family is on the way to a movie.,The family goes to the movies.,0.9832474589347839,0.8109484314918518,0.8109484314918518,0.9832474589347839,0.8109484314918518,0.8109484314918518,neutral,0.9951677322387695,contradiction,0.0007518204511143267,,,[],"[{""group"":""space"",""original"":{""on"":1},""candidate"":{},""field"":""hypothesis""}]",0.24242424242424243,False,"[""semantic_drift"",""label_flip""]",,,,,,,0.818172812461853,0.9896047115325928,0.7943898439407349,0.7943898439407349,0.8539940714836121,0.4105928838253021,,,,,,,
408,280508,,280508:premise:fra_Latn,,premise,contradiction,,,,,Men are working on scaffolding outside of a building while other men watch.,Some men are working on scaffolding in front of a building while others are watching.,0.9882823824882507,0.8928003907203674,0.8928003907203674,0.9882823824882507,0.8928003907203674,0.8928003907203674,contradiction,0.9995068311691284,contradiction,0.9993184804916382,,,[],"[{""group"":""quantifier"",""original"":{},""candidate"":{""some"":1},""field"":""premise""},{""group"":""space"",""original"":{""outside"":1,""on"":1},""candidate"":{""front"":1,""in"":1,""on"":1},""field"":""premise""}]",0.15000000000000002,False,"[""semantic_drift""]",,,,,,,0.9819355010986328,0.9918892979621887,0.991856575012207,0.991856575012207,0.9547250866889954,0.5639491081237793,,,,,,,
413,282686,,282686:hypothesis:fra_Latn,,hypothesis,neutral,,,,,Local hipster bar is ripped off when ordering artwork and displays it anyways.,The local hipster bar gets stolen when you order artwork and still show it.,0.9964118599891663,0.9967895150184631,0.9964118599891663,0.9964118599891663,0.9967895150184631,0.9964118599891663,neutral,0.9957476258277893,contradiction,0.04765590280294418,,,[],[],0.33333333333333337,False,"[""label_flip""]",,,,,,,0.9942413568496704,0.99403977394104,0.9914379715919495,0.9914379715919495,0.9552603363990784,0.21447166800498962,,,,,,,
414,282806,,282806:premise:fra_Latn,,premise,entailment,,,,,Two kids in a green tree.,Two kids in a green tree.,0.9931848645210266,0.9931848645210266,0.9931848645210266,0.9931848645210266,0.9931848645210266,0.9931848645210266,entailment,0.9870772361755371,entailment,0.9870772361755371,,,[],[],0.0,False,"[""trivial_copy""]",,,,,,,0.9966073036193848,0.9905202388763428,0.9905202388763428,0.9905202388763428,0.9681830406188965,1.1096079349517822,,,,,,,
415,284212,,284212:premise:fra_Latn,,premise,entailment,,,,,A man doing a trick on a bicycle in a wooded area.,A man doing something on a bike in a wooded area.,0.9948531985282898,0.003918418660759926,0.003918418660759926,0.9948531985282898,0.003918418660759926,0.003918418660759926,entailment,0.9963716268539429,neutral,0.004921175539493561,,,[],[],0.1717171717171717,False,"[""semantic_drift"",""label_flip""]",,,,,,,0.9389215707778931,0.993240237236023,0.04082988202571869,0.04082988202571869,0.8209151029586792,0.5197334885597229,,,,,,,
415,284212,,284212:hypothesis:fra_Latn,,hypothesis,entailment,,,,,A man does a trick,A man does a trick,0.992780864238739,0.992780864238739,0.992780864238739,0.992780864238739,0.992780864238739,0.992780864238739,entailment,0.9963716268539429,entailment,0.9963716268539429,,,[],[],0.0,False,"[""trivial_copy""]",,,,,,,0.9960557222366333,0.9847829937934875,0.9847829937934875,0.9847829937934875,0.9674586057662964,1.1459619998931885,,,,,,,
416,285462,,285462:hypothesis:fra_Latn,,hypothesis,contradiction,,,,,A person in a white wetsuit surfing,A person in a surfing white suit,0.9851273894309998,0.8707824945449829,0.8707824945449829,0.9851273894309998,0.8707824945449829,0.8707824945449829,contradiction,0.9990559220314026,contradiction,0.9988835453987122,,,[],[],0.3731343283582089,False,"[""semantic_drift""]",,,,,,,0.918565034866333,0.9599277377128601,0.12528862059116364,0.12528862059116364,0.9071565270423889,0.24338430166244507,,,,,,,
417,286692,,286692:hypothesis:fra_Latn,,hypothesis,contradiction,,,,,There is a dog playing catch.,There's a dog playing hunting.,0.00021236215252429247,0.00023682658502366394,0.00021236215252429247,0.00021236215252429247,0.00023682658502366394,0.00021236215252429247,contradiction,0.9989489912986755,contradiction,0.9991958737373352,,,[],[],0.22033898305084743,False,"[""semantic_drift""]",,,,,,,0.5636997818946838,0.0013903504004701972,0.003832839196547866,0.0013903504004701972,0.4821895956993103,0.08828499913215637,,,,,,,
418,287124,,287124:premise:fra_Latn,,premise,neutral,,,,,Two female rollerskaters competing.,Two skaters competing.,0.9962598085403442,0.0003776468802243471,0.0003776468802243471,0.9962598085403442,0.0003776468802243471,0.0003776468802243471,neutral,0.9989724159240723,neutral,0.9989675283432007,,,[],[],0.22807017543859653,False,"[""semantic_drift""]",,,,,,,0.7266901731491089,0.9795406460762024,0.0018256234470754862,0.0018256234470754862,0.7401912808418274,0.25048017501831055,,,,,,,
420,290260,,290260:hypothesis:fra_Latn,,hypothesis,entailment,,,,,Kids were having fun.,The kids were having fun.,0.9954751133918762,0.9969732761383057,0.9954751133918762,0.9954751133918762,0.9969732761383057,0.9954751133918762,entailment,0.9478506445884705,entailment,0.5941582918167114,,,[],[],0.08695652173913049,False,"[""low_nli_confidence""]",,,,,,,0.9910768270492554,0.9939296245574951,0.9941630959510803,0.9939296245574951,0.9559686779975891,0.9578269720077515,,,,,,,
422,290839,,290839:premise:fra_Latn,,premise,entailment,,,,,The man in the red shirt pretends to play the violin with an umbrella.,The man in the red shirt pretends to play the violin with an umbrella.,0.9966082572937012,0.9966082572937012,0.9966082572937012,0.9966082572937012,0.9966082572937012,0.9966082572937012,entailment,0.9982421398162842,entailment,0.9982421398162842,,,[],[],0.0,False,"[""trivial_copy""]",,,,,,,0.9965901374816895,0.9935452938079834,0.9935452938079834,0.9935452938079834,0.9734300971031189,0.9938040971755981,,,,,,,
423,291507,,291507:premise:fra_Latn,,premise,neutral,,,,,The young boy is jumping into the pool on his belly.,The boy jumps into the pool on his stomach.,0.9973273277282715,0.36121246218681335,0.36121246218681335,0.9973273277282715,0.36121246218681335,0.36121246218681335,neutral,0.994611382484436,neutral,0.9963461756706238,,,[],[],0.26315789473684215,False,"[""semantic_drift""]",,,,,,,0.8073107600212097,0.9915347695350647,0.34566089510917664,0.34566089510917664,0.9386657476425171,0.7126210927963257,,,,,,,
424,291984,,291984:premise:fra_Latn,,premise,neutral,,,,,A woman dressed in black boots and a black trench coat is walking down the middle of the street.,A woman in black boots and a black robe walks in the middle of the street.,0.007656755391508341,0.017347900196909904,0.007656755391508341,0.007656755391508341,0.017347900196909904,0.007656755391508341,neutral,0.9989538192749023,neutral,0.998630702495575,,,[],"[{""group"":""space"",""original"":{""in"":1},""candidate"":{""in"":2},""field"":""premise""}]",0.17647058823529416,False,"[""semantic_drift""]",,,,,,,0.8356856107711792,0.1575375348329544,0.16817311942577362,0.1575375348329544,0.7237007021903992,0.4701424837112427,,,,,,,
425,292713,,292713:premise:fra_Latn,,premise,neutral,,,,,a young girl in a pick shirt swinging up in the air on a swing set,a girl in a pick-up shirt swinging in the air on a swinging game,0.9771396517753601,0.023735415190458298,0.023735415190458298,0.9771396517753601,0.023735415190458298,0.023735415190458298,neutral,0.9370590448379517,neutral,0.9906231760978699,,,[],[],0.15384615384615385,False,"[""semantic_drift""]",,,,,,,0.9389386177062988,0.96309894323349,0.7381141781806946,0.7381141781806946,0.9385072588920593,0.16969791054725647,,,,,,,
425,292713,,292713:hypothesis:fra_Latn,,hypothesis,neutral,,,,,The girl is having fun on the playground at recess.,The girl's having fun on the playground during the break.,0.989992082118988,0.569058895111084,0.569058895111084,0.989992082118988,0.569058895111084,0.569058895111084,neutral,0.9370590448379517,neutral,0.9894464612007141,,,[],"[{""group"":""time"",""original"":{},""candidate"":{""during"":1},""field"":""hypothesis""}]",0.18518518518518523,False,"[""semantic_drift""]",,,,,,,0.9297800660133362,0.987089216709137,0.9874677658081055,0.987089216709137,0.9680572152137756,0.20283344388008118,,,,,,,
426,292795,,292795:premise:fra_Latn,,premise,contradiction,,,,,Woman looking out the window at a man.,A woman looking out the window at a man.,0.9933386445045471,0.9950633645057678,0.9933386445045471,0.9933386445045471,0.9950633645057678,0.9933386445045471,contradiction,0.9976373910903931,contradiction,0.9978922009468079,,,[],[],0.02564102564102566,False,"[""trivial_copy""]",,,,,,,0.9968084692955017,0.9929770827293396,0.9930747747421265,0.9929770827293396,0.9685974717140198,0.9825631380081177,,,,,,,
426,292795,,292795:hypothesis:fra_Latn,,hypothesis,contradiction,,,,,The woman is standing outdoors.,The woman's outside.,0.998063862323761,0.8776220083236694,0.8776220083236694,0.998063862323761,0.8776220083236694,0.8776220083236694,contradiction,0.9976373910903931,contradiction,0.9921920895576477,,,[],"[{""group"":""space"",""original"":{},""candidate"":{""outside"":1},""field"":""hypothesis""}]",0.37254901960784315,False,"[""semantic_drift""]",,,,,,,0.9164460301399231,0.9924115538597107,0.4179079532623291,0.4179079532623291,0.9370465278625488,-0.4082048833370209,,,,,,,
429,293493,,293493:premise:fra_Latn,,premise,neutral,,,,,"A Frisbee team huddles around a Frisbee, each holding a part of it.","A frisbee team gathers around a frisbee, each holding a game.",0.43928465247154236,0.985464870929718,0.43928465247154236,0.43928465247154236,0.985464870929718,0.43928465247154236,neutral,0.9949700236320496,neutral,0.9962299466133118,,,[],[],0.15625,False,"[""semantic_drift""]",,,,,,,0.8900722861289978,0.07323811948299408,0.9524632692337036,0.07323811948299408,0.8382306098937988,0.21811595559120178,,,,,,,
429,293493,,293493:hypothesis:fra_Latn,,hypothesis,neutral,,,,,A frisbee team does a chant before their game in a circle.,A frisbee team is singing a song before their game in a circle.,0.7329984903335571,0.09475960582494736,0.09475960582494736,0.7329984903335571,0.09475960582494736,0.09475960582494736,neutral,0.9949700236320496,neutral,0.9754461646080017,,,[],[],0.15702479338842978,False,"[""semantic_drift""]",,,,,,,0.5721525549888611,0.8262358903884888,0.9510775804519653,0.8262358903884888,0.7082827687263489,0.5311182141304016,,,,,,,
430,293560,,293560:hypothesis:fra_Latn,,hypothesis,neutral,,,,,Two men are cleaning up garbage that was spilled after a block party.,Two men are cleaning up the garbage that was spilled after a neighborhood party.,0.9570658802986145,0.6379044651985168,0.6379044651985168,0.9570658802986145,0.6379044651985168,0.6379044651985168,neutral,0.9995211362838745,neutral,0.9995205402374268,,,[],[],0.11409395973154357,False,"[""semantic_drift""]",,,,,,,0.932800829410553,0.9800768494606018,0.9791694283485413,0.9791694283485413,0.9069714546203613,0.70042884349823,,,,,,,
431,293833,,293833:premise:fra_Latn,,premise,entailment,,,,,A young girl with red-hair blows bubbles in clear water.,A red-haired girl blows bubbles in clear water.,0.9972679615020752,0.10288167744874954,0.10288167744874954,0.9972679615020752,0.10288167744874954,0.10288167744874954,entailment,0.9926329255104065,entailment,0.9916918277740479,,,[],[],0.22330097087378642,False,"[""semantic_drift""]",,,,,,,0.960246741771698,0.9938653111457825,0.6099033355712891,0.6099033355712891,0.9528054594993591,0.7061362266540527,,,,,,,
432,294178,,294178:premise:fra_Latn,,premise,entailment,,,,,"A basketball player in a white jersey with the word price on it, posting up against another player in a blue uniform.","A basketball player in a white shirt with the word prize on it, standing up against another player in a blue uniform.",0.648705780506134,0.7230148911476135,0.648705780506134,0.648705780506134,0.7230148911476135,0.648705780506134,entailment,0.9962751865386963,entailment,0.9924820065498352,,,[],[],0.06837606837606836,False,"[""semantic_drift""]",,,,,,,0.6951273083686829,0.07169133424758911,0.9333130121231079,0.07169133424758911,0.7335190773010254,0.5523648262023926,,,,,,,
432,294178,,294178:hypothesis:fra_Latn,,hypothesis,entailment,,,,,a player dressed in white,a player dressed in white,0.9963625073432922,0.9963625073432922,0.9963625073432922,0.9963625073432922,0.9963625073432922,0.9963625073432922,entailment,0.9962751865386963,entailment,0.9962751865386963,,,[],[],0.0,False,"[""trivial_copy""]",,,,,,,0.996820330619812,0.9840989708900452,0.9840989708900452,0.9840989708900452,0.9685453176498413,1.1289868354797363,,,,,,,
433,294223,,294223:premise:fra_Latn,,premise,contradiction,,,,,A photographer capturing a skateboarder mid trick.,A photographer capturing a skateboarder in the middle of the game.,0.04725297912955284,0.26689183712005615,0.04725297912955284,0.04725297912955284,0.26689183712005615,0.04725297912955284,contradiction,0.9997392296791077,contradiction,0.9996787309646606,,,[],"[{""group"":""space"",""original"":{},""candidate"":{""in"":1},""field"":""premise""}]",0.2068965517241379,False,"[""semantic_drift""]",,,,,,,0.6926497220993042,0.7381873726844788,0.5525317788124084,0.5525317788124084,0.7480452060699463,0.33240577578544617,,,,,,,
433,294223,,294223:hypothesis:fra_Latn,,hypothesis,contradiction,,,,,No cameras are around when the skateboard performs his trick.,There's no cameras when the skateboard does its thing.,0.995091438293457,0.729493260383606,0.729493260383606,0.995091438293457,0.729493260383606,0.729493260383606,contradiction,0.9997392296791077,contradiction,0.9995564818382263,,,[],[],0.30434782608695654,False,"[""semantic_drift""]",,,,,,,0.9703721404075623,0.9916505217552185,0.9629353880882263,0.9629353880882263,0.8459444642066956,0.18135862052440643,,,,,,,
435,295231,,295231:premise:fra_Latn,,premise,neutral,,,,,A restaurant in downtown Korea.,A restaurant in the center of Korea.,0.9479199647903442,0.578596293926239,0.578596293926239,0.9479199647903442,0.578596293926239,0.578596293926239,neutral,0.9941619038581848,neutral,0.9917877316474915,,,[],[],0.22388059701492535,False,"[""semantic_drift""]",,,,,,,0.9384039640426636,0.9653136134147644,0.6231609582901001,0.6231609582901001,0.9174599647521973,0.6090573668479919,,,,,,,
435,295231,,295231:hypothesis:fra_Latn,,hypothesis,neutral,,,,,The restaurant in downtown Korea has Korean food.,The restaurant in downtown Korea has Korean food.,0.9974907636642456,0.9974907636642456,0.9974907636642456,0.9974907636642456,0.9974907636642456,0.9974907636642456,neutral,0.9941619038581848,neutral,0.9941619038581848,,,[],[],0.0,False,"[""trivial_copy""]",,,,,,,0.9963387250900269,0.993812084197998,0.993812084197998,0.993812084197998,0.9701317548751831,1.0524832010269165,,,,,,,
436,295609,,295609:premise:fra_Latn,,premise,contradiction,,,,,a beige dog running on the grass with a tennis ball in his mouth,a beige dog running on the grass with a tennis ball in his mouth,0.9911278486251831,0.9911278486251831,0.9911278486251831,0.9911278486251831,0.9911278486251831,0.9911278486251831,contradiction,0.9993450045585632,contradiction,0.9993450045585632,,,[],[],0.0,False,"[""trivial_copy""]",,,,,,,0.9967813491821289,0.9876442551612854,0.9876442551612854,0.9876442551612854,0.9725995659828186,1.0850855112075806,,,,,,,
437,295641,,295641:premise:fra_Latn,,premise,neutral,,,,,A wedding party scene with the bride throwing the bouquet of flowers to onlooking women.,A wedding party scene with the bride throwing the bouquet of flowers at women watching.,0.9931674599647522,0.9941802024841309,0.9931674599647522,0.9931674599647522,0.9941802024841309,0.9931674599647522,neutral,0.9709680080413818,neutral,0.6974002122879028,,,[],[],0.12,False,"[""low_nli_confidence""]",,,,,,,0.9748129844665527,0.9917226433753967,0.9917098879814148,0.9917098879814148,0.9403899908065796,0.40200528502464294,,,,,,,
438,297956,,297956:premise:fra_Latn,,premise,contradiction,,,,,A man in a gray shirt is pouring a drink into a flute.,A man in a gray shirt poured a glass into a flute.,0.02273782342672348,0.9900464415550232,0.02273782342672348,0.02273782342672348,0.9900464415550232,0.02273782342672348,contradiction,0.999309778213501,contradiction,0.9994924068450928,,,[],[],0.17307692307692313,False,"[""semantic_drift""]",,,,,,,0.9235676527023315,0.9831526279449463,0.9797356128692627,0.9797356128692627,0.8177822828292847,0.7349302172660828,,,,,,,
438,297956,,297956:hypothesis:fra_Latn,,hypothesis,contradiction,,,,,A woman in a gray shirt is pouring a drink into a flute.,A woman in a gray shirt poured a glass into a flute.,0.01954239420592785,0.9898614883422852,0.01954239420592785,0.01954239420592785,0.9898614883422852,0.01954239420592785,contradiction,0.999309778213501,contradiction,0.9994889497756958,,,[],[],0.16666666666666663,False,"[""semantic_drift""]",,,,,,,0.9296144247055054,0.9836316108703613,0.9798448085784912,0.9798448085784912,0.8234405517578125,0.7296460866928101,,,,,,,
441,299161,,299161:premise:fra_Latn,,premise,entailment,,,,,A couple of boys are in a gym with partially assembled bicycles.,A couple of boys are in a gym with partially assembled bicycles.,0.992813766002655,0.992813766002655,0.992813766002655,0.992813766002655,0.992813766002655,0.992813766002655,entailment,0.9670435786247253,entailment,0.9670435786247253,,,[],[],0.0,False,"[""trivial_copy""]",,,,,,,0.9968621730804443,0.9934793710708618,0.9934793710708618,0.9934793710708618,0.9697760939598083,1.0164424180984497,,,,,,,
441,299161,,299161:hypothesis:fra_Latn,,hypothesis,entailment,,,,,The boys are working on their bikes inside.,The boys are working on their bikes inside.,0.997783362865448,0.997783362865448,0.997783362865448,0.997783362865448,0.997783362865448,0.997783362865448,entailment,0.9670435786247253,entailment,0.9670435786247253,,,[],[],0.0,False,"[""trivial_copy""]",,,,,,,0.9967902302742004,0.9934802055358887,0.9934802055358887,0.9934802055358887,0.971050500869751,1.0548514127731323,,,,,,,
445,301270,,301270:premise:fra_Latn,,premise,entailment,,,,,A young woman wearing sunglasses and a blue shirt is holding a white sheet while a little girl in pigtails writes on it with a marker.,A young woman wearing sunglasses and a blue shirt holds a white sheet while a little girl in a shell will write on it with a marker.,0.8196759819984436,0.2109300196170807,0.2109300196170807,0.8196759819984436,0.2109300196170807,0.2109300196170807,entailment,0.9921446442604065,entailment,0.9589435458183289,,,[],"[{""group"":""modal"",""original"":{},""candidate"":{""will"":1},""field"":""premise""}]",0.08270676691729328,False,"[""semantic_drift""]",,,,,,,0.8556495904922485,0.38530266284942627,0.2631765902042389,0.2631765902042389,0.7948815226554871,0.2019694447517395,,,,,,,
447,302107,,302107:premise:fra_Latn,,premise,neutral,,,,,Men share an item on mini trains.,The men are sharing an article about mini trains.,0.4490463137626648,0.9863227605819702,0.4490463137626648,0.4490463137626648,0.9863227605819702,0.4490463137626648,neutral,0.9811827540397644,contradiction,0.08368851244449615,,,[],"[{""group"":""space"",""original"":{""on"":1},""candidate"":{},""field"":""premise""}]",0.3414634146341463,False,"[""semantic_drift"",""label_flip""]",,,,,,,0.8722580671310425,0.9885435104370117,0.9907095432281494,0.9885435104370117,0.9500188827514648,0.23260045051574707,,,,,,,
450,304578,,304578:premise:fra_Latn,,premise,contradiction,,,,,A girl sits at a desk and reads a paper.,There's a girl sitting at a desk reading a newspaper.,0.0011381092481315136,0.9948247671127319,0.0011381092481315136,0.0011381092481315136,0.9948247671127319,0.0011381092481315136,contradiction,0.998870313167572,contradiction,0.9980282187461853,,,[],[],0.26881720430107525,False,"[""semantic_drift""]",,,,,,,0.9488798975944519,0.9408803582191467,0.9907488226890564,0.9408803582191467,0.7964123487472534,0.5224628448486328,,,,,,,
453,307679,,307679:hypothesis:fra_Latn,,hypothesis,neutral,,,,,The man owns the saxophone.,The man has the saxophone.,0.9970284104347229,0.9948294758796692,0.9948294758796692,0.9970284104347229,0.9948294758796692,0.9948294758796692,neutral,0.9948171973228455,entailment,0.005569200497120619,,,[],[],0.09433962264150941,False,"[""label_flip""]",,,,,,,0.9939388036727905,0.9803624749183655,0.9904885292053223,0.9803624749183655,0.9370588660240173,0.6959168910980225,,,,,,,
455,309108,,309108:premise:fra_Latn,,premise,contradiction,,,,,A woman in a brown sweater is sewing on her machine.,A woman in a brown sweater sewing on her machine.,0.9970026612281799,0.9966654181480408,0.9966654181480408,0.9970026612281799,0.9966654181480408,0.9966654181480408,contradiction,0.9996144771575928,contradiction,0.9996180534362793,,,[],[],0.02970297029702973,False,"[""trivial_copy""]",,,,,,,0.9967737793922424,0.991094172000885,0.9929323196411133,0.991094172000885,0.9708789587020874,0.4603723883628845,,,,,,,
455,309108,,309108:hypothesis:fra_Latn,,hypothesis,contradiction,,,,,The woman doesn't have a sewing machine.,The woman doesn't have a sewing machine.,0.9974632263183594,0.9974632263183594,0.9974632263183594,0.9974632263183594,0.9974632263183594,0.9974632263183594,contradiction,0.9996144771575928,contradiction,0.9996144771575928,,,[],[],0.0,False,"[""trivial_copy""]",,,,,,,0.9966145157814026,0.9928845763206482,0.9928845763206482,0.9928845763206482,0.9713813066482544,1.0267770290374756,,,,,,,
457,310001,,310001:premise:fra_Latn,,premise,entailment,,,,,A bearded man with glasses does a toe-touch.,A bearded man with glasses touches his finger.,0.005631024483591318,0.0007394323474727571,0.0007394323474727571,0.005631024483591318,0.0007394323474727571,0.0007394323474727571,entailment,0.9659766554832458,entailment,0.7322633266448975,,,[],[],0.2666666666666667,False,"[""semantic_drift"",""low_nli_confidence""]",,,,,,,0.622647762298584,0.428007036447525,0.018342094495892525,0.018342094495892525,0.6232959628105164,0.3282186686992645,,,,,,,
457,310001,,310001:hypothesis:fra_Latn,,hypothesis,entailment,,,,,A man is moving.,A man is moving.,0.9968382120132446,0.9968382120132446,0.9968382120132446,0.9968382120132446,0.9968382120132446,0.9968382120132446,entailment,0.9659766554832458,entailment,0.9659766554832458,,,[],[],0.0,False,"[""trivial_copy""]",,,,,,,0.9963717460632324,0.993884265422821,0.993884265422821,0.993884265422821,0.9634983539581299,1.1173710823059082,,,,,,,
461,311121,,311121:premise:fra_Latn,,premise,contradiction,,,,,A woman in shorts and a white top is taking a picture with a digital camera as a young man watches.,A woman in shorts and a white shirt takes a photo with a digital camera while a young man watches.,0.8998230695724487,0.9870741367340088,0.8998230695724487,0.8998230695724487,0.9870741367340088,0.8998230695724487,contradiction,0.9721757173538208,contradiction,0.9824005365371704,,,[],[],0.14720812182741116,False,"[""semantic_drift""]",,,,,,,0.9966580867767334,0.9939267039299011,0.9926102757453918,0.9926102757453918,0.9644032716751099,0.627062201499939,,,,,,,
461,311121,,311121:hypothesis:fra_Latn,,hypothesis,contradiction,,,,,A woman in shorts and a white top is talking on her cellphone to a close friend.,A woman in shorts and a white shirt is talking on her cell phone to a close friend.,0.8501359224319458,0.9614531993865967,0.8501359224319458,0.8501359224319458,0.9614531993865967,0.8501359224319458,contradiction,0.9721757173538208,contradiction,0.9911296367645264,,,[],[],0.042944785276073594,False,"[""semantic_drift""]",,,,,,,0.9966926574707031,0.9906123280525208,0.9916058778762817,0.9906123280525208,0.9468346834182739,0.7363982200622559,,,,,,,
463,311574,,311574:hypothesis:fra_Latn,,hypothesis,entailment,,,,,It is mealtime.,It's time for dinner.,0.18855828046798706,0.9839170575141907,0.18855828046798706,0.18855828046798706,0.9839170575141907,0.18855828046798706,entailment,0.9395235180854797,neutral,0.06361930817365646,,,[],[],0.5,False,"[""semantic_drift"",""label_flip""]",,,,,,,0.8151786923408508,0.7624027729034424,0.9888111352920532,0.7624027729034424,0.9366631507873535,0.6380682587623596,,,,,,,
468,314343,,314343:premise:fra_Latn,,premise,entailment,,,,,"A group of people sit in folding chairs in a small area under two umbrellas outdoors, with a few cars parked in the background.","A group of people is sitting in a small space under two umbrellas outside, with a few cars parked in the background.",0.9951294660568237,0.0004936234327033162,0.0004936234327033162,0.9951294660568237,0.0004936234327033162,0.0004936234327033162,entailment,0.9987090826034546,entailment,0.9983437061309814,,,[],"[{""group"":""space"",""original"":{""under"":1,""in"":3},""candidate"":{""under"":1,""outside"":1,""in"":2},""field"":""premise""}]",0.12757201646090532,False,"[""semantic_drift""]",,,,,,,0.81391841173172,0.9944209456443787,0.0026034479960799217,0.0026034479960799217,0.8303045034408569,0.6779032945632935,,,,,,,
471,316194,,316194:hypothesis:fra_Latn,,hypothesis,entailment,,,,,Three children and three adults have a basket.,Three children and three adults have a basket.,0.9947373270988464,0.9947373270988464,0.9947373270988464,0.9947373270988464,0.9947373270988464,0.9947373270988464,entailment,0.9957183003425598,entailment,0.9957183003425598,,,[],[],0.0,False,"[""trivial_copy""]",,,,,,,0.9967672824859619,0.9936675429344177,0.9936675429344177,0.9936675429344177,0.9685539603233337,1.0529654026031494,,,,,,,
474,319482,,319482:premise:fra_Latn,,premise,entailment,,,,,"Two boys are looking upwards with their arms streteched to the sky, the boy on the left is wearing a blue vest jacket with a gray long-sleeved shirt and black jogging pants, and black tennis shoes and a hat, and the boy on the right is wearing a silver vest jacket, with blue long-sleeved undershirt, gray pants, and black tennis shoes and has black short hair and glasses.","Two boys looking up with their arms outstretched to the sky, the boy on the left is wearing a blue jacket with a long sleeve shirt and grey black jogging pants, and black tennis shoes and a hat, and",0.7979027032852173,0.004403217695653439,0.004403217695653439,0.7979027032852173,0.004403217695653439,0.004403217695653439,entailment,0.9409997463226318,entailment,0.9872584939002991,,,[],"[{""group"":""space"",""original"":{""left"":1,""right"":1,""on"":2},""candidate"":{""left"":1,""on"":1},""field"":""premise""}]",0.3380035026269702,False,"[""generation_truncated"",""semantic_drift""]",,,,,,,0.834317684173584,0.9658028483390808,0.28062576055526733,0.28062576055526733,0.7299311757087708,0.192302405834198,,,,,,,
475,319797,,319797:premise:fra_Latn,,premise,contradiction,,,,,A woman in a gray and blue shirt smiles as she unwraps and cuts into a calzone.,A woman in a gray and blue shirt smiles as she rolls around and cuts into a calzone.,0.291526198387146,0.6344907283782959,0.291526198387146,0.291526198387146,0.6344907283782959,0.291526198387146,contradiction,0.9991596937179565,contradiction,0.9991438388824463,,,[],[],0.09202453987730064,False,"[""semantic_drift""]",,,,,,,0.8034788370132446,0.2556179165840149,0.975150465965271,0.2556179165840149,0.8283728361129761,0.5878156423568726,,,,,,,
475,319797,,319797:hypothesis:fra_Latn,,hypothesis,contradiction,,,,,The woman is cutting into her arm.,The woman cuts off her arm.,0.0015204352093860507,0.921820878982544,0.0015204352093860507,0.0015204352093860507,0.921820878982544,0.0015204352093860507,contradiction,0.9991596937179565,contradiction,0.998992383480072,,,[],[],0.21311475409836067,False,"[""semantic_drift""]",,,,,,,0.9381680488586426,0.8677752614021301,0.9584040641784668,0.8677752614021301,0.9448943734169006,0.408321738243103,,,,,,,
477,321435,,321435:premise:fra_Latn,,premise,neutral,,,,,A dog leaps to catch a ball in a field.,A dog jumps to catch a bullet in a field.,0.00041385460644960403,0.0009237885242328048,0.00041385460644960403,0.00041385460644960403,0.0009237885242328048,0.00041385460644960403,neutral,0.9985753297805786,contradiction,0.01792147569358349,,,[],[],0.125,False,"[""semantic_drift"",""label_flip""]",,,,,,,0.5289934873580933,0.0005177549319341779,0.0022686768788844347,0.0005177549319341779,0.5568759441375732,-0.4797462224960327,,,,,,,
477,321435,,321435:hypothesis:fra_Latn,,hypothesis,neutral,,,,,A dog caught a ball in a field but then dropped it.,"A dog caught a bullet in a field, but then dropped it.",0.0005954763619229198,0.001267791260033846,0.0005954763619229198,0.0005954763619229198,0.001267791260033846,0.0005954763619229198,neutral,0.9985753297805786,contradiction,0.0021144510246813297,,,[],[],0.04761904761904767,False,"[""semantic_drift"",""label_flip""]",,,,,,,0.602546751499176,0.0018736867932602763,0.005379451904445887,0.0018736867932602763,0.5824329257011414,-0.49062395095825195,,,,,,,
479,322299,,322299:hypothesis:fra_Latn,,hypothesis,neutral,,,,,A boy band is performing a concert for a crowd.,A group of boys playing a concert for a crowd.,0.9970644116401672,0.9886667728424072,0.9886667728424072,0.9970644116401672,0.9886667728424072,0.9886667728424072,neutral,0.9721665978431702,entailment,0.07786738872528076,,,[],[],0.26881720430107525,False,"[""label_flip""]",,,,,,,0.8434824347496033,0.9935094714164734,0.9900487661361694,0.9900487661361694,0.9432487487792969,0.13498936593532562,,,,,,,
481,323424,,323424:premise:fra_Latn,,premise,contradiction,,,,,Two hockey players one in yellow and one in white competing against each other to gain control of the hockey puck.,"Two hockey players, one in yellow and one in white, compete to take control of the hockey box.",0.0021103182807564735,0.0032168913166970015,0.0021103182807564735,0.0021103182807564735,0.0032168913166970015,0.0021103182807564735,contradiction,0.9996150732040405,contradiction,0.9995973706245422,,,[],[],0.17307692307692313,False,"[""semantic_drift""]",,,,,,,0.8182975649833679,0.03924863412976265,0.6937773823738098,0.03924863412976265,0.8576903343200684,0.31618180871009827,,,,,,,
481,323424,,323424:hypothesis:fra_Latn,,hypothesis,contradiction,,,,,Two friends are playing basketball.,Two friends are playing basketball.,0.9964053630828857,0.9964053630828857,0.9964053630828857,0.9964053630828857,0.9964053630828857,0.9964053630828857,contradiction,0.9996150732040405,contradiction,0.9996150732040405,,,[],[],0.0,False,"[""trivial_copy""]",,,,,,,0.9966230392456055,0.9931086301803589,0.9931086301803589,0.9931086301803589,0.9655450582504272,1.0846538543701172,,,,,,,
482,324702,,324702:hypothesis:fra_Latn,,hypothesis,neutral,,,,,The streets are crowded.,The streets are crowded.,0.9943548440933228,0.9943548440933228,0.9943548440933228,0.9943548440933228,0.9943548440933228,0.9943548440933228,neutral,0.9991064667701721,neutral,0.9991064667701721,,,[],[],0.0,False,"[""trivial_copy""]",,,,,,,0.996632993221283,0.9940259456634521,0.9940259456634521,0.9940259456634521,0.964393138885498,1.1000008583068848,,,,,,,
484,326312,,326312:premise:fra_Latn,,premise,entailment,,,,,A dog peeks out of a red play tunnel.,A dog looks out of a red game tunnel.,0.9718157052993774,0.989054799079895,0.9718157052993774,0.9718157052993774,0.989054799079895,0.9718157052993774,entailment,0.8506692051887512,neutral,0.07055690139532089,,,[],[],0.16216216216216217,False,"[""label_flip""]",,,,,,,0.9339882731437683,0.8961617350578308,0.9521473050117493,0.8961617350578308,0.9155251383781433,0.4742579460144043,,,,,,,
484,326312,,326312:hypothesis:fra_Latn,,hypothesis,entailment,,,,,a dog playing,a dog playing,0.9930018782615662,0.9930018782615662,0.9930018782615662,0.9930018782615662,0.9930018782615662,0.9930018782615662,entailment,0.8506692051887512,entailment,0.8506692051887512,,,[],[],0.0,False,"[""trivial_copy""]",,,,,,,0.9967958331108093,0.9867737293243408,0.9867737293243408,0.9867737293243408,0.9677081108093262,1.2165393829345703,,,,,,,
486,327111,,327111:hypothesis:fra_Latn,,hypothesis,contradiction,,,,,The man has a beer.,The man has a beer.,0.9967150688171387,0.9967150688171387,0.9967150688171387,0.9967150688171387,0.9967150688171387,0.9967150688171387,contradiction,0.9890542030334473,contradiction,0.9890542030334473,,,[],[],0.0,False,"[""trivial_copy""]",,,,,,,0.9965456128120422,0.9934183359146118,0.9934183359146118,0.9934183359146118,0.9669798016548157,1.0688025951385498,,,,,,,
488,327733,,327733:premise:fra_Latn,,premise,entailment,,,,,A little boy in red stands on top of a rock with a smile and outstretched arms.,A little boy in red stands on top of a rock with a smile and outstretched arms.,0.9934126734733582,0.9934126734733582,0.9934126734733582,0.9934126734733582,0.9934126734733582,0.9934126734733582,entailment,0.9723532199859619,entailment,0.9723532199859619,,,[],[],0.0,False,"[""trivial_copy""]",,,,,,,0.9967085123062134,0.9939150214195251,0.9939150214195251,0.9939150214195251,0.9720823764801025,1.0234295129776,,,,,,,
489,328469,,328469:hypothesis:fra_Latn,,hypothesis,entailment,,,,,There are several people in the room.,There are several people in the room.,0.9947276711463928,0.9947276711463928,0.9947276711463928,0.9947276711463928,0.9947276711463928,0.9947276711463928,entailment,0.9788185358047485,entailment,0.9788185358047485,,,[],[],0.0,False,"[""trivial_copy""]",,,,,,,0.9965224266052246,0.9937449097633362,0.9937449097633362,0.9937449097633362,0.9646837115287781,1.068839430809021,,,,,,,
490,330719,,330719:hypothesis:fra_Latn,,hypothesis,contradiction,,,,,A cat is playing with yarn.,A cat playing with a wire.,0.00012273844913579524,0.0001760880695655942,0.00012273844913579524,0.00012273844913579524,0.0001760880695655942,0.00012273844913579524,contradiction,0.9995431900024414,contradiction,0.9996720552444458,,,[],[],0.16981132075471694,False,"[""semantic_drift""]",,,,,,,0.49958181381225586,0.04524606093764305,0.019219567999243736,0.019219567999243736,0.5259644389152527,-0.48142683506011963,,,,,,,
492,331212,,331212:premise:fra_Latn,,premise,contradiction,,,,,"A little girl in a red shirt is suspended in midair on a contraption, as a man wearing white shorts looks up at her.",A little girl in a red shirt hangs out in the open on a camera while a man in white shorts looks at her.,0.26420852541923523,0.6116561889648438,0.26420852541923523,0.26420852541923523,0.6116561889648438,0.26420852541923523,contradiction,0.9990647435188293,contradiction,0.9746959805488586,,,[],"[{""group"":""space"",""original"":{""in"":2,""on"":1},""candidate"":{""in"":3,""on"":1},""field"":""premise""}]",0.2545454545454545,False,"[""semantic_drift""]",,,,,,,0.6037076115608215,0.6553146243095398,0.9037398099899292,0.6553146243095398,0.8023744225502014,0.11257973313331604,,,,,,,
493,332168,,332168:hypothesis:fra_Latn,,hypothesis,contradiction,,,,,A man is leaning his head against a pulpit.,A man bows his head against a pulpit.,0.7805790305137634,0.9789268374443054,0.7805790305137634,0.7805790305137634,0.9789268374443054,0.7805790305137634,contradiction,0.9978678226470947,contradiction,0.994005560874939,,,[],[],0.15000000000000002,False,"[""semantic_drift""]",,,,,,,0.9605113863945007,0.9506462216377258,0.9773941040039062,0.9506462216377258,0.8151966333389282,0.4174710214138031,,,,,,,
496,334987,,334987:hypothesis:fra_Latn,,hypothesis,entailment,,,,,The group walks outside.,The group's leaving.,0.08887290209531784,0.11017628014087677,0.08887290209531784,0.08887290209531784,0.11017628014087677,0.08887290209531784,entailment,0.9904142022132874,neutral,0.006483696401119232,,,[],"[{""group"":""space"",""original"":{""outside"":1},""candidate"":{},""field"":""hypothesis""}]",0.40909090909090906,False,"[""semantic_drift"",""label_flip""]",,,,,,,0.5731578469276428,0.8362037539482117,0.6269460916519165,0.6269460916519165,0.5500081181526184,-0.9355741143226624,,,,,,,
498,336330,,336330:hypothesis:fra_Latn,,hypothesis,entailment,,,,,The woman has a backpack,The woman has a backpack.,0.9971253275871277,0.99598228931427,0.99598228931427,0.9971253275871277,0.99598228931427,0.99598228931427,entailment,0.9959520101547241,entailment,0.9972412586212158,,,[],[],0.020408163265306145,False,"[""trivial_copy""]",,,,,,,0.9964715242385864,0.9918033480644226,0.9934333562850952,0.9918033480644226,0.9668503999710083,1.0018435716629028,,,,,,,
500,337152,,337152:hypothesis:fra_Latn,,hypothesis,contradiction,,,,,They are camping out in the wilderness,They're camping in the desert.,0.007301732432097197,0.6200595498085022,0.007301732432097197,0.007301732432097197,0.6200595498085022,0.007301732432097197,contradiction,0.9988101720809937,contradiction,0.9980581402778625,,,[],[],0.2647058823529411,False,"[""semantic_drift""]",,,,,,,0.7131283283233643,0.19968834519386292,0.9224868416786194,0.19968834519386292,0.5556549429893494,0.21378368139266968,,,,,,,
502,338139,,338139:premise:fra_Latn,,premise,contradiction,,,,,A mom and a young boy on a seesaw.,A mother and a young boy on stage.,0.0026969576720148325,0.00026734688435681164,0.00026734688435681164,0.0026969576720148325,0.00026734688435681164,0.00026734688435681164,contradiction,0.995822548866272,contradiction,0.9934875965118408,,,[],[],0.20588235294117652,False,"[""semantic_drift""]",,,,,,,0.2051122784614563,0.01666415110230446,0.034738581627607346,0.01666415110230446,0.46356794238090515,-0.44764333963394165,,,,,,,
504,338834,,338834:premise:fra_Latn,,premise,entailment,,,,,A very excited man on top of a mountain jumping into the air.,A very excited man on top of a mountain jumping into the air.,0.9928312301635742,0.9928312301635742,0.9928312301635742,0.9928312301635742,0.9928312301635742,0.9928312301635742,entailment,0.9916649460792542,entailment,0.9916649460792542,,,[],[],0.0,False,"[""trivial_copy""]",,,,,,,0.996792733669281,0.9926716089248657,0.9926716089248657,0.9926716089248657,0.9712632894515991,1.0645122528076172,,,,,,,
505,338871,,338871:premise:fra_Latn,,premise,contradiction,,,,,A snowboarder rides a snowboard down a railing beside a flight of steps.,A snowboarder climbs a snowboard on a fence next to a staircase.,0.5161289572715759,0.984143853187561,0.5161289572715759,0.5161289572715759,0.984143853187561,0.5161289572715759,contradiction,0.9933318495750427,contradiction,0.995201587677002,,,[],"[{""group"":""space"",""original"":{""beside"":1},""candidate"":{""on"":1},""field"":""premise""}]",0.3529411764705882,False,"[""semantic_drift""]",,,,,,,0.754967987537384,0.9309740662574768,0.693995475769043,0.693995475769043,0.8566762208938599,0.28707894682884216,,,,,,,
506,339401,,339401:premise:fra_Latn,,premise,contradiction,,,,,Several people are in an enclosed garden space while a young Black boy and another person hold onto a wooden frame of a raised plant bed.,Several people are in a closed garden while a young black boy and another person are standing on a wooden frame of a tall plant bed.,0.3392261266708374,0.9524710774421692,0.3392261266708374,0.3392261266708374,0.9524710774421692,0.3392261266708374,contradiction,0.9997408986091614,contradiction,0.9997379183769226,,,[],"[{""group"":""space"",""original"":{""in"":1},""candidate"":{""in"":1,""on"":1},""field"":""premise""}]",0.12267657992565051,False,"[""semantic_drift""]",,,,,,,0.9074839949607849,0.8837906122207642,0.9697675108909607,0.8837906122207642,0.9095754027366638,0.33940616250038147,,,,,,,
507,339454,,339454:premise:fra_Latn,,premise,contradiction,,,,,"Ow, my head, you silly a-hole watch what you are doing next time.","Oh, my head, you stupid hole watch what you do next time.",0.9956257343292236,0.9808783531188965,0.9808783531188965,0.9956257343292236,0.9808783531188965,0.9808783531188965,contradiction,0.9319962859153748,neutral,0.2999144494533539,,,[],[],0.14754098360655743,False,"[""label_flip""]",,,,,,,0.9936727285385132,0.9851680994033813,0.9749695658683777,0.9749695658683777,0.9403079748153687,0.2912246584892273,,,,,,,
507,339454,,339454:hypothesis:fra_Latn,,hypothesis,contradiction,,,,,"Ow, you just punched me in the shoulder.",You hit me on the shoulder.,0.9978546500205994,0.13124988973140717,0.13124988973140717,0.9978546500205994,0.13124988973140717,0.13124988973140717,contradiction,0.9319962859153748,contradiction,0.9825490713119507,,,[],"[{""group"":""space"",""original"":{""in"":1},""candidate"":{""on"":1},""field"":""hypothesis""}]",0.28358208955223885,False,"[""semantic_drift""]",,,,,,,0.8267514705657959,0.988783061504364,0.7163187265396118,0.7163187265396118,0.8218275904655457,0.30249834060668945,,,,,,,
508,340397,,340397:hypothesis:fra_Latn,,hypothesis,contradiction,,,,,The man is wearing a green outfit.,The man is wearing a green outfit.,0.9971388578414917,0.9971388578414917,0.9971388578414917,0.9971388578414917,0.9971388578414917,0.9971388578414917,contradiction,0.9993459582328796,contradiction,0.9993459582328796,,,[],[],0.0,False,"[""trivial_copy""]",,,,,,,0.9966669678688049,0.9926466941833496,0.9926466941833496,0.9926466941833496,0.9681977033615112,1.0842365026474,,,,,,,
509,340830,,340830:premise:fra_Latn,,premise,neutral,,,,,"Two individuals, in full fencing attire, with their masks on and the swords in their hands, fencing in the gym.","Two individuals, dressed in full scaffolding, with their masks and swords in their hands, scaffolding in the gym.",0.0002952157228719443,0.002126586390659213,0.0002952157228719443,0.0002952157228719443,0.002126586390659213,0.0002952157228719443,neutral,0.9497272968292236,contradiction,0.009770754724740982,,,[],"[{""group"":""space"",""original"":{""in"":3,""on"":1},""candidate"":{""in"":3},""field"":""premise""}]",0.1875,False,"[""semantic_drift"",""label_flip""]",,,,,,,0.664149820804596,0.8134124875068665,0.9416319131851196,0.8134124875068665,0.9166613221168518,0.14618584513664246,,,,,,,
509,340830,,340830:hypothesis:fra_Latn,,hypothesis,neutral,,,,,"Two men, in full fencing attire, with their masks on and the swords in their hands, fencing in the gym.","Two men, scaffolded, masked and with swords in their hands, scaffolded in the gym.",0.02036435157060623,0.05052492395043373,0.02036435157060623,0.02036435157060623,0.05052492395043373,0.02036435157060623,neutral,0.9497272968292236,contradiction,0.10988522320985794,,,[],"[{""group"":""space"",""original"":{""in"":3,""on"":1},""candidate"":{""in"":2},""field"":""hypothesis""}]",0.39459459459459456,False,"[""semantic_drift"",""label_flip""]",,,,,,,0.849673330783844,0.9343672394752502,0.7830978035926819,0.7830978035926819,0.9527035355567932,-0.021092161536216736,,,,,,,
511,341509,,341509:premise:fra_Latn,,premise,contradiction,,,,,"Two men dressed in matching blue uniforms, celebrate a victory.","Two men dressed in blue uniforms, celebrating a victory.",0.9932451844215393,0.011470534838736057,0.011470534838736057,0.9932451844215393,0.011470534838736057,0.011470534838736057,contradiction,0.9995684027671814,contradiction,0.9995680451393127,,,[],[],0.10924369747899154,False,"[""semantic_drift""]",,,,,,,0.9568787813186646,0.9935203194618225,0.007354815024882555,0.007354815024882555,0.8900358080863953,0.8746461868286133,,,,,,,
512,341844,,341844:hypothesis:fra_Latn,,hypothesis,contradiction,,,,,the men are at the restaurant eating,The men are at the restaurant eating,0.9958022236824036,0.9975305199623108,0.9958022236824036,0.9958022236824036,0.9975305199623108,0.9958022236824036,contradiction,0.9994044303894043,contradiction,0.9993845224380493,,,[],[],0.0,False,"[""trivial_copy""]",,,,,,,0.9968448877334595,0.9882269501686096,0.9870856404304504,0.9870856404304504,0.9689114093780518,1.0334584712982178,,,,,,,
513,342089,,342089:hypothesis:fra_Latn,,hypothesis,contradiction,,,,,The men broke the water pipes and are waiting for the repairman.,The men broke the water pipes and are waiting for the repairman.,0.9972915053367615,0.9972915053367615,0.9972915053367615,0.9972915053367615,0.9972915053367615,0.9972915053367615,contradiction,0.9993013143539429,contradiction,0.9993013143539429,,,[],[],0.0,False,"[""trivial_copy""]",,,,,,,0.9967383742332458,0.9936949610710144,0.9936949610710144,0.9936949610710144,0.9733163714408875,1.0102638006210327,,,,,,,
514,342956,,342956:premise:fra_Latn,,premise,entailment,,,,,"A male wearing a strange helmet covering face and head is seated on the accordion case in a street apparently blocked off, perhaps for a block party, while onlookers walk behind and listeners are seated in front in lawn chairs.","A man wearing a strange headset that covers his face and head is sitting on the accordion box in a seemingly closed street, perhaps for a neighborhood party, while spectators walk behind and listeners sit",0.9978991746902466,0.011766402050852776,0.011766402050852776,0.9978991746902466,0.011766402050852776,0.011766402050852776,entailment,0.9977397918701172,entailment,0.7429851293563843,,,[],"[{""group"":""space"",""original"":{""front"":1,""behind"":1,""in"":3,""on"":1},""candidate"":{""behind"":1,""in"":1,""on"":1},""field"":""premise""}]",0.6937354988399071,False,"[""generation_truncated"",""semantic_drift"",""low_nli_confidence""]",,,,,,,0.8960621953010559,0.9668028354644775,0.019825853407382965,0.019825853407382965,0.829005241394043,0.3570178151130676,,,,,,,
514,342956,,342956:hypothesis:fra_Latn,,hypothesis,entailment,,,,,a boy in a head covering is next to a blocked road that's near a crowd of people sitting on chairs,A boy in a head covering is next to a blocked road that's next to a crowd of people sitting in chairs,0.8787874579429626,0.9802541136741638,0.8787874579429626,0.8787874579429626,0.9802541136741638,0.8787874579429626,entailment,0.9977397918701172,entailment,0.9974316954612732,,,[],"[{""group"":""space"",""original"":{""in"":1,""near"":1,""on"":1},""candidate"":{""in"":2},""field"":""hypothesis""}]",0.045226130653266305,False,"[""semantic_drift""]",,,,,,,0.9928602576255798,0.9884299039840698,0.9893737435340881,0.9884299039840698,0.972539484500885,0.9122863411903381,,,,,,,
516,343889,,343889:premise:fra_Latn,,premise,neutral,,,,,A man catches a ball in front of a large crowd.,A man takes a bullet in front of a large crowd.,0.00020345253869891167,0.00013643827696796507,0.00013643827696796507,0.00020345253869891167,0.00013643827696796507,0.00013643827696796507,neutral,0.9960468411445618,contradiction,0.00023205261095426977,,,[],[],0.1063829787234043,False,"[""semantic_drift"",""label_flip""]",,,,,,,0.31225720047950745,0.001018547103740275,0.00033269249252043664,0.00033269249252043664,0.29229259490966797,-0.4531724154949188,,,,,,,
516,343889,,343889:hypothesis:fra_Latn,,hypothesis,neutral,,,,,The football player caught the pass.,The football player caught the pass.,0.9981568455696106,0.9981568455696106,0.9981568455696106,0.9981568455696106,0.9981568455696106,0.9981568455696106,neutral,0.9960468411445618,neutral,0.9960468411445618,,,[],[],0.0,False,"[""trivial_copy""]",,,,,,,0.9964588284492493,0.9924893379211426,0.9924893379211426,0.9924893379211426,0.9681752324104309,1.0177693367004395,,,,,,,
517,344181,,344181:premise:fra_Latn,,premise,neutral,,,,,A boy contorts his face while holding an electronic device.,A boy turns his face away holding an electronic device.,0.19108401238918304,0.9092665910720825,0.19108401238918304,0.19108401238918304,0.9092665910720825,0.19108401238918304,neutral,0.9988605976104736,neutral,0.9989832043647766,,,[],[],0.14035087719298245,False,"[""semantic_drift""]",,,,,,,0.6811396479606628,0.8974648714065552,0.9890073537826538,0.8974648714065552,0.851004958152771,0.12415286898612976,,,,,,,
517,344181,,344181:hypothesis:fra_Latn,,hypothesis,neutral,,,,,A boy has a cell phone.,A boy has a cell phone.,0.9968200922012329,0.9968200922012329,0.9968200922012329,0.9968200922012329,0.9968200922012329,0.9968200922012329,neutral,0.9988605976104736,neutral,0.9988605976104736,,,[],[],0.0,False,"[""trivial_copy""]",,,,,,,0.9963089823722839,0.9933468103408813,0.9933468103408813,0.9933468103408813,0.9667556881904602,1.0864673852920532,,,,,,,
518,344451,,344451:hypothesis:fra_Latn,,hypothesis,neutral,,,,,An upturned hat half filled with coins sits next to the street performer.,A half-folded hat filled with coins is sitting next to the street artist.,0.9566851854324341,0.1406022608280182,0.1406022608280182,0.9566851854324341,0.1406022608280182,0.1406022608280182,neutral,0.994032084941864,neutral,0.9907604455947876,,,[],[],0.28767123287671237,False,"[""semantic_drift""]",,,,,,,0.9069998860359192,0.9383093118667603,0.9844214916229248,0.9383093118667603,0.865168035030365,0.4441564083099365,,,,,,,
520,344964,,344964:hypothesis:fra_Latn,,hypothesis,contradiction,,,,,The man is going up an escalator.,The man is climbing a ladder.,0.0002325974201085046,0.00016039481852203608,0.00016039481852203608,0.0002325974201085046,0.00016039481852203608,0.00016039481852203608,contradiction,0.9995288848876953,contradiction,0.9994853734970093,,,[],[],0.3548387096774194,False,"[""semantic_drift""]",,,,,,,0.34751611948013306,0.023432528600096703,0.00856068916618824,0.00856068916618824,0.4851333796977997,0.3445062041282654,,,,,,,
521,346374,,346374:premise:fra_Latn,,premise,contradiction,,,,,"Two boys, one in a red and one in a white uniform, fight for control over the ball during a soccer match.","Two boys, one in red and the other in white, are fighting for control of the ball during a football game.",0.023720720782876015,0.08619310706853867,0.023720720782876015,0.023720720782876015,0.08619310706853867,0.023720720782876015,contradiction,0.9993866682052612,contradiction,0.9992979764938354,,,"[{""group"":""number"",""original"":{""1"":2,""2"":1},""candidate"":{""1"":1,""2"":1},""field"":""premise""}]","[{""group"":""number"",""original"":{""1"":2,""2"":1},""candidate"":{""1"":1,""2"":1},""field"":""premise""},{""group"":""space"",""original"":{""over"":1,""in"":2},""candidate"":{""in"":2},""field"":""premise""}]",0.23809523809523814,False,"[""numeric_value_changed"",""semantic_drift""]",,,,,,,0.7635647058486938,0.0016588662983849645,0.01581892929971218,0.0016588662983849645,0.696453332901001,0.4913214445114136,,,,,,,
523,349312,,349312:hypothesis:fra_Latn,,hypothesis,contradiction,,,,,The man is skiing in the snow.,The man is skiing in the snow.,0.9980352520942688,0.9980352520942688,0.9980352520942688,0.9980352520942688,0.9980352520942688,0.9980352520942688,contradiction,0.9989191293716431,contradiction,0.9989191293716431,,,[],[],0.0,False,"[""trivial_copy""]",,,,,,,0.9967097043991089,0.9927898049354553,0.9927898049354553,0.9927898049354553,0.967438817024231,1.0372555255889893,,,,,,,
525,349723,,349723:hypothesis:fra_Latn,,hypothesis,contradiction,,,,,A mann handing a cashier money.,A man putting money in the safe.,0.0001378017768729478,0.0001297050912398845,0.0001297050912398845,0.0001378017768729478,0.0001297050912398845,0.0001297050912398845,contradiction,0.9987183809280396,contradiction,0.9788368344306946,,,[],"[{""group"":""space"",""original"":{},""candidate"":{""in"":1},""field"":""hypothesis""}]",0.4920634920634921,False,"[""semantic_drift""]",,,,,,,0.26316365599632263,0.0025302362628281116,0.005373493768274784,0.0025302362628281116,0.37045300006866455,-0.10037307441234589,,,,,,,
526,350091,,350091:premise:fra_Latn,,premise,neutral,,,,,"Three girls dressed alike in plaid skirts and hats, green sweaters, and blue knee socks walk together.","Three girls, dressed in skirts and hats, green sweaters and blue socks, are walking together.",0.9930718541145325,0.0015895282849669456,0.0015895282849669456,0.9930718541145325,0.0015895282849669456,0.0015895282849669456,neutral,0.9834451079368591,neutral,0.9926804900169373,,,[],[],0.1384615384615384,False,"[""semantic_drift""]",,,,,,,0.8778001070022583,0.9937447905540466,0.005848192609846592,0.005848192609846592,0.8160000443458557,0.5878407955169678,,,,,,,
526,350091,,350091:hypothesis:fra_Latn,,hypothesis,neutral,,,,,The three girls are twins.,The three girls are twins.,0.9949283599853516,0.9949283599853516,0.9949283599853516,0.9949283599853516,0.9949283599853516,0.9949283599853516,neutral,0.9834451079368591,neutral,0.9834451079368591,,,[],[],0.0,False,"[""trivial_copy""]",,,,,,,0.996525228023529,0.9936867356300354,0.9936867356300354,0.9936867356300354,0.9650061130523682,1.0476559400558472,,,,,,,
528,351322,,351322:premise:fra_Latn,,premise,contradiction,,,,,"There are two men on a ladder one is at the top handing down to the other guy the number ""O"" as this what they do for a living.","There's two men on a ladder, one of them is at the top, and the other gives the number ""O"" because that's what they do for a living.",0.990982711315155,0.9851307272911072,0.9851307272911072,0.990982711315155,0.9851307272911072,0.9851307272911072,contradiction,0.9997043013572693,contradiction,0.9997085928916931,,,"[{""group"":""number"",""original"":{""1"":1,""2"":1},""candidate"":{""2"":1},""field"":""premise""}]","[{""group"":""number"",""original"":{""1"":1,""2"":1},""candidate"":{""2"":1},""field"":""premise""}]",0.16602316602316602,False,"[""numeric_value_changed""]",,,,,,,0.9655953049659729,0.98943030834198,0.9786105751991272,0.9786105751991272,0.9484409093856812,0.4637412428855896,,,,,,,
528,351322,,351322:hypothesis:fra_Latn,,hypothesis,contradiction,,,,,Two men are at office desks.,There's two men in the office.,0.9958407282829285,0.03330496698617935,0.03330496698617935,0.9958407282829285,0.03330496698617935,0.03330496698617935,contradiction,0.9997043013572693,contradiction,0.9988497495651245,,,[],"[{""group"":""space"",""original"":{},""candidate"":{""in"":1},""field"":""hypothesis""}]",0.4137931034482759,False,"[""semantic_drift""]",,,,,,,0.869201123714447,0.9766512513160706,0.03024553880095482,0.03024553880095482,0.9106791615486145,0.4454389810562134,,,,,,,
529,351356,,351356:premise:fra_Latn,,premise,neutral,,,,,A black man in a white shirt is cooking on a commercial stove.,A black man in a white shirt is cooking in a commercial kitchen.,0.9743985533714294,0.01924566738307476,0.01924566738307476,0.9743985533714294,0.01924566738307476,0.01924566738307476,neutral,0.9966030120849609,neutral,0.9947388768196106,,,[],"[{""group"":""space"",""original"":{""in"":1,""on"":1},""candidate"":{""in"":2},""field"":""premise""}]",0.07936507936507942,False,"[""semantic_drift""]",,,,,,,0.9881795644760132,0.9822156429290771,0.9441737532615662,0.9441737532615662,0.9697347283363342,0.7434537410736084,,,,,,,
529,351356,,351356:hypothesis:fra_Latn,,hypothesis,neutral,,,,,A man is preparing food on the commercial stove for the restaurant patrons.,A man prepares food on the commercial kitchen for the restaurant's guests.,0.9922065138816833,0.5348758101463318,0.5348758101463318,0.9922065138816833,0.5348758101463318,0.5348758101463318,neutral,0.9966030120849609,neutral,0.9804392457008362,,,[],[],0.18120805369127513,False,"[""semantic_drift""]",,,,,,,0.9959316849708557,0.9804878830909729,0.9808238744735718,0.9804878830909729,0.9687724113464355,0.5442558526992798,,,,,,,
532,352765,,352765:premise:fra_Latn,,premise,entailment,,,,,A fluffy dog looking at a yellow chew toy.,A dusty dog looking at a yellow toy to chew.,0.02721257507801056,0.16998246312141418,0.02721257507801056,0.02721257507801056,0.16998246312141418,0.02721257507801056,entailment,0.9947056174278259,entailment,0.9937365055084229,,,[],[],0.2093023255813954,False,"[""semantic_drift""]",,,,,,,0.770577609539032,0.3734949827194214,0.4961146414279938,0.3734949827194214,0.7257095575332642,-0.5567274689674377,,,,,,,
534,353921,,353921:premise:fra_Latn,,premise,contradiction,,,,,Two men wearing dark pants and red shirts are leaping in-synch in front of a white building.,Two men in black pants and red shirts jump in sync in front of a white building.,0.7758718729019165,0.9967371821403503,0.7758718729019165,0.7758718729019165,0.9967371821403503,0.7758718729019165,contradiction,0.9994876384735107,contradiction,0.9993069171905518,,,[],"[{""group"":""space"",""original"":{""front"":1,""in"":2},""candidate"":{""front"":1,""in"":3},""field"":""premise""}]",0.15116279069767447,False,"[""semantic_drift""]",,,,,,,0.9663221836090088,0.9807003736495972,0.9880936741828918,0.9807003736495972,0.7964605093002319,0.6769410967826843,,,,,,,
536,355209,,355209:hypothesis:fra_Latn,,hypothesis,contradiction,,,,,There is a girl dressed in light colored clothing frowning at a man.,There's a girl in brightly colored clothes who's rubbing a man.,0.00018160781473852694,0.00033364558476023376,0.00018160781473852694,0.00018160781473852694,0.00033364558476023376,0.00018160781473852694,contradiction,0.9995692372322083,contradiction,0.9994526505470276,,,[],[],0.3129770992366412,False,"[""semantic_drift""]",,,,,,,0.3958658277988434,0.004094019997864962,0.0005981220165267587,0.0005981220165267587,0.42916637659072876,-0.5698796510696411,,,,,,,
538,356013,,356013:hypothesis:fra_Latn,,hypothesis,entailment,,,,,Women are standing.,The women are up.,0.9937418103218079,0.9927089214324951,0.9927089214324951,0.9937418103218079,0.9927089214324951,0.9927089214324951,entailment,0.9944912195205688,entailment,0.6365990042686462,,,[],[],0.38888888888888884,False,"[""low_nli_confidence""]",,,,,,,0.7379752397537231,0.9885728359222412,0.9918183088302612,0.9885728359222412,0.8593018054962158,-0.618183434009552,,,,,,,
540,357578,,357578:premise:fra_Latn,,premise,contradiction,,,,,Small child in green shorts and green shirt squatting and looking at something.,A little boy in green shorts and a green shirt who's crouching and staring at something.,0.1626119464635849,0.9974244832992554,0.1626119464635849,0.1626119464635849,0.9974244832992554,0.1626119464635849,contradiction,0.9994580149650574,contradiction,0.9995948672294617,,,[],[],0.23353293413173648,False,"[""semantic_drift""]",,,,,,,0.9088301658630371,0.991443932056427,0.9936197400093079,0.991443932056427,0.896091878414154,0.44904470443725586,,,,,,,
546,360709,,360709:premise:fra_Latn,,premise,contradiction,,,,,Three school boys posing under a blue umbrella.,Three schoolchildren posing under a blue umbrella.,0.9927774667739868,0.023143690079450607,0.023143690079450607,0.9927774667739868,0.023143690079450607,0.023143690079450607,contradiction,0.9982041120529175,contradiction,0.9981277585029602,,,[],[],0.134020618556701,False,"[""semantic_drift""]",,,,,,,0.8581264019012451,0.9884616136550903,0.9315838813781738,0.9315838813781738,0.922568678855896,0.8180521726608276,,,,,,,
546,360709,,360709:hypothesis:fra_Latn,,hypothesis,contradiction,,,,,The umbrella is red.,The umbrella is red.,0.9963108897209167,0.9963108897209167,0.9963108897209167,0.9963108897209167,0.9963108897209167,0.9963108897209167,contradiction,0.9982041120529175,contradiction,0.9982041120529175,,,[],[],0.0,False,"[""trivial_copy""]",,,,,,,0.996657133102417,0.9934332370758057,0.9934332370758057,0.9934332370758057,0.9685338139533997,1.0734800100326538,,,,,,,
548,361621,,361621:premise:fra_Latn,,premise,neutral,,,,,A woman wearing sunglasses and a black shirt is running on the beach.,A woman wearing sunglasses and a black shirt runs to the beach.,0.9593701362609863,0.9857174158096313,0.9593701362609863,0.9593701362609863,0.9857174158096313,0.9593701362609863,neutral,0.9944227337837219,contradiction,0.009680444374680519,,,[],"[{""group"":""space"",""original"":{""on"":1},""candidate"":{},""field"":""premise""}]",0.0757575757575758,False,"[""label_flip""]",,,,,,,0.9967668056488037,0.9866399168968201,0.9819372296333313,0.9819372296333313,0.9702612161636353,0.7216358184814453,,,,,,,
548,361621,,361621:hypothesis:fra_Latn,,hypothesis,neutral,,,,,A woman runs away from a lobster.,A woman runs away from a lobster.,0.9971826076507568,0.9971826076507568,0.9971826076507568,0.9971826076507568,0.9971826076507568,0.9971826076507568,neutral,0.9944227337837219,neutral,0.9944227337837219,,,[],[],0.0,False,"[""trivial_copy""]",,,,,,,0.996829092502594,0.9919078350067139,0.9919078350067139,0.9919078350067139,0.9693925976753235,0.9948874711990356,,,,,,,
549,363227,,363227:premise:fra_Latn,,premise,entailment,,,,,a middle-aged man working on a dock.,A middle-aged man working on a dock.,0.9958735108375549,0.9970312118530273,0.9958735108375549,0.9958735108375549,0.9970312118530273,0.9958735108375549,entailment,0.9731098413467407,entailment,0.9503093957901001,,,[],[],0.0,False,"[""trivial_copy""]",,,,,,,0.9967983365058899,0.9924212098121643,0.9918261766433716,0.9918261766433716,0.9688896536827087,1.0842931270599365,,,,,,,
549,363227,,363227:hypothesis:fra_Latn,,hypothesis,entailment,,,,,A man is fixing a dock.,A man is fixing a dock.,0.997559666633606,0.997559666633606,0.997559666633606,0.997559666633606,0.997559666633606,0.997559666633606,entailment,0.9731098413467407,entailment,0.9731098413467407,,,[],[],0.0,False,"[""trivial_copy""]",,,,,,,0.9967895150184631,0.9936642646789551,0.9936642646789551,0.9936642646789551,0.9670804738998413,1.0723819732666016,,,,,,,
550,364369,,364369:hypothesis:fra_Latn,,hypothesis,contradiction,,,,,A man and woman are sitting on a couch.,A man and a woman are sitting on a couch.,0.9973747730255127,0.9978485107421875,0.9973747730255127,0.9973747730255127,0.9978485107421875,0.9973747730255127,contradiction,0.9993535876274109,contradiction,0.9992232322692871,,,[],[],0.025000000000000022,False,"[""trivial_copy""]",,,,,,,0.9967519044876099,0.9932330250740051,0.9933292865753174,0.9932330250740051,0.967456042766571,0.9944722652435303,,,,,,,
551,364429,,364429:hypothesis:fra_Latn,,hypothesis,neutral,,,,,A man and a woman are in the park,A man and a woman are in the park.,0.9958475828170776,0.995617151260376,0.995617151260376,0.9958475828170776,0.995617151260376,0.995617151260376,neutral,0.9676528573036194,neutral,0.9358646869659424,,,[],[],0.014925373134328401,False,"[""trivial_copy""]",,,,,,,0.9967683553695679,0.9931641221046448,0.9931267499923706,0.9931267499923706,0.965700089931488,0.9935410022735596,,,,,,,
555,369396,,369396:hypothesis:fra_Latn,,hypothesis,contradiction,,,,,A teenage girl is standing on the table.,A teenage girl is standing on the table.,0.9971122741699219,0.9971122741699219,0.9971122741699219,0.9971122741699219,0.9971122741699219,0.9971122741699219,contradiction,0.9935770630836487,contradiction,0.9935770630836487,,,[],[],0.0,False,"[""trivial_copy""]",,,,,,,0.9965925812721252,0.9932911396026611,0.9932911396026611,0.9932911396026611,0.9644026756286621,1.0425063371658325,,,,,,,
561,372611,,372611:premise:fra_Latn,,premise,entailment,,,,,A brown dog carries a multiple colored toy in the grass.,A brown dog carries a multicolored toy in the grass.,0.7073532342910767,0.9938173890113831,0.7073532342910767,0.7073532342910767,0.9938173890113831,0.7073532342910767,entailment,0.9933757185935974,entailment,0.9943689703941345,,,[],[],0.03703703703703709,False,"[""semantic_drift""]",,,,,,,0.9966878294944763,0.993398904800415,0.9933684468269348,0.9933684468269348,0.9728047251701355,0.8163785338401794,,,,,,,
562,372919,,372919:premise:fra_Latn,,premise,neutral,,,,,A woman with curly brown hair looks at a menu.,A woman with curly brown hair looks at a menu.,0.9959194660186768,0.9959194660186768,0.9959194660186768,0.9959194660186768,0.9959194660186768,0.9959194660186768,neutral,0.9944473505020142,neutral,0.9944473505020142,,,[],[],0.0,False,"[""trivial_copy""]",,,,,,,0.9967431426048279,0.9935325384140015,0.9935325384140015,0.9935325384140015,0.9714888334274292,1.0617923736572266,,,,,,,
563,373879,,373879:hypothesis:fra_Latn,,hypothesis,contradiction,,,,,The clidren are watching a game,The Clidren are watching a game.,0.9973387122154236,0.9970889687538147,0.9970889687538147,0.9973387122154236,0.9970889687538147,0.9970889687538147,contradiction,0.9996262788772583,contradiction,0.9996534585952759,,,[],[],0.015873015873015928,False,"[""trivial_copy""]",,,,,,,0.9965643286705017,0.9926924109458923,0.9934099316596985,0.9926924109458923,0.9679329991340637,1.0270919799804688,,,,,,,
565,374596,,374596:premise:fra_Latn,,premise,neutral,,,,,A group of people sitting in white plastic chairs are having a picnic.,A group of people sitting in white plastic chairs are having a picnic.,0.9960600733757019,0.9960600733757019,0.9960600733757019,0.9960600733757019,0.9960600733757019,0.9960600733757019,neutral,0.9979286193847656,neutral,0.9979286193847656,,,[],[],0.0,False,"[""trivial_copy""]",,,,,,,0.9967737793922424,0.9936961531639099,0.9936961531639099,0.9936961531639099,0.9709649682044983,1.0536142587661743,,,,,,,
565,374596,,374596:hypothesis:fra_Latn,,hypothesis,neutral,,,,,All arrived at the picnic on foot.,Everyone walked to the picnic.,0.9970443844795227,0.9960249662399292,0.9960249662399292,0.9970443844795227,0.9960249662399292,0.9960249662399292,neutral,0.9979286193847656,contradiction,0.0828697457909584,,,[],"[{""group"":""quantifier"",""original"":{""all"":1},""candidate"":{},""field"":""hypothesis""},{""group"":""space"",""original"":{""on"":1},""candidate"":{},""field"":""hypothesis""}]",0.4375,False,"[""label_flip""]",,,,,,,0.772868275642395,0.99359530210495,0.9939969778060913,0.99359530210495,0.8757919669151306,0.5902381539344788,,,,,,,
568,375602,,375602:hypothesis:fra_Latn,,hypothesis,neutral,,,,,A man is praying while holding a latern.,A man praying with a lantern.,0.000940103258471936,0.19043157994747162,0.000940103258471936,0.000940103258471936,0.19043157994747162,0.000940103258471936,neutral,0.9945825934410095,neutral,0.9966323971748352,,,[],[],0.24637681159420288,False,"[""semantic_drift""]",,,,,,,0.5492480993270874,0.5940204858779907,0.9659172892570496,0.5940204858779907,0.4947170913219452,-0.5061702728271484,,,,,,,
570,376867,,376867:premise:fra_Latn,,premise,neutral,,,,,A dog with a muzzle is leading several other dogs in a race,A dog with a mustache is ahead of several other dogs in a race.,0.4952601194381714,0.9013580679893494,0.4952601194381714,0.4952601194381714,0.9013580679893494,0.4952601194381714,neutral,0.9974184036254883,neutral,0.976477324962616,,,[],[],0.14754098360655743,False,"[""semantic_drift""]",,,,,,,0.6715268492698669,0.04345652461051941,0.13883733749389648,0.04345652461051941,0.6433361768722534,0.08590001612901688,,,,,,,
570,376867,,376867:hypothesis:fra_Latn,,hypothesis,neutral,,,,,The muzzled dog is really having fun.,The mutilated dog is having a really good time.,0.5685330033302307,0.9533692002296448,0.5685330033302307,0.5685330033302307,0.9533692002296448,0.5685330033302307,neutral,0.9974184036254883,neutral,0.976824939250946,,,[],[],0.38095238095238093,False,"[""semantic_drift""]",,,,,,,0.889702320098877,0.9878331422805786,0.9608075618743896,0.9608075618743896,0.6869047284126282,-0.6071414947509766,,,,,,,
571,377799,,377799:hypothesis:fra_Latn,,hypothesis,contradiction,,,,,The gentleman is 10 years old.,The gentleman is 10 years old.,0.9962354302406311,0.9962354302406311,0.9962354302406311,0.9962354302406311,0.9962354302406311,0.9962354302406311,contradiction,0.9964756369590759,contradiction,0.9964756369590759,,,[],[],0.0,False,"[""trivial_copy""]",,,,,,,0.9966434240341187,0.9924261569976807,0.9924261569976807,0.9924261569976807,0.9666710495948792,1.089329481124878,,,,,,,
572,377914,,377914:hypothesis:fra_Latn,,hypothesis,contradiction,,,,,A woman in red holds a black kidney bean.,A woman in red holds a black kidney.,0.263858824968338,0.046648070216178894,0.046648070216178894,0.263858824968338,0.046648070216178894,0.046648070216178894,contradiction,0.9956269264221191,contradiction,0.9960183501243591,,,[],[],0.06493506493506496,False,"[""semantic_drift""]",,,,,,,0.8329147100448608,0.7850248217582703,0.08608300238847733,0.08608300238847733,0.7669088244438171,0.5339053869247437,,,,,,,
575,381415,,381415:premise:fra_Latn,,premise,neutral,,,,,Two men in magenta costumes performing.,Two men in magenta suits coming out.,0.00310847582295537,0.010158159770071507,0.00310847582295537,0.00310847582295537,0.010158159770071507,0.00310847582295537,neutral,0.9973044395446777,neutral,0.9617884159088135,,,[],[],0.30666666666666664,False,"[""semantic_drift""]",,,,,,,0.6904653906822205,0.9464561343193054,0.663547933101654,0.663547933101654,0.8241909146308899,0.0008614435791969299,,,,,,,
575,381415,,381415:hypothesis:fra_Latn,,hypothesis,neutral,,,,,Two men are putting on a large show.,Two men are doing a great show.,0.19478192925453186,0.014766705222427845,0.014766705222427845,0.19478192925453186,0.014766705222427845,0.014766705222427845,neutral,0.9973044395446777,neutral,0.995854377746582,,,[],"[{""group"":""space"",""original"":{""on"":1},""candidate"":{},""field"":""hypothesis""}]",0.25373134328358204,False,"[""semantic_drift""]",,,,,,,0.9315510392189026,0.9904593229293823,0.984286904335022,0.984286904335022,0.8925898671150208,0.6616406440734863,,,,,,,
576,381818,,381818:premise:fra_Latn,,premise,neutral,,,,,Two men juggling in front of a group of people.,Two men juggling in front of a group of people.,0.9934098124504089,0.9934098124504089,0.9934098124504089,0.9934098124504089,0.9934098124504089,0.9934098124504089,neutral,0.9964345693588257,neutral,0.9964345693588257,,,[],[],0.0,False,"[""trivial_copy""]",,,,,,,0.9966880679130554,0.9896863102912903,0.9896863102912903,0.9896863102912903,0.9679631590843201,1.0698446035385132,,,,,,,
579,383368,,383368:premise:fra_Latn,,premise,contradiction,,,,,A man in an orange shirt and black cap is standing in front of a stage with several women dancing.,A man dressed in a purple shirt and a black hat stood in front of the stage with many women dancing.,0.0006111207767389715,0.002754368120804429,0.0006111207767389715,0.0006111207767389715,0.002754368120804429,0.0006111207767389715,contradiction,0.9444877505302429,contradiction,0.8033909201622009,,,[],"[{""group"":""quantifier"",""original"":{""several"":1},""candidate"":{""many"":1},""field"":""premise""}]",0.23232323232323238,False,"[""semantic_drift""]",,,,,,,0.7353891134262085,0.025273175910115242,0.07379919290542603,0.025273175910115242,0.6912922859191895,0.37073633074760437,,,,,,,
579,383368,,383368:hypothesis:fra_Latn,,hypothesis,contradiction,,,,,A man dancing with women on stage.,A man dancing with women on stage.,0.9954087138175964,0.9954087138175964,0.9954087138175964,0.9954087138175964,0.9954087138175964,0.9954087138175964,contradiction,0.9444877505302429,contradiction,0.9444877505302429,,,[],[],0.0,False,"[""trivial_copy""]",,,,,,,0.9966816306114197,0.9937775135040283,0.9937775135040283,0.9937775135040283,0.9679133892059326,1.057720422744751,,,,,,,
581,385656,,385656:premise:fra_Latn,,premise,neutral,,,,,A man playing drums on upside down jugs.,A man playing drums on pots upside down.,0.9822284579277039,0.8701163530349731,0.8701163530349731,0.9822284579277039,0.8701163530349731,0.8701163530349731,neutral,0.9992802739143372,neutral,0.9992371797561646,,,[],[],0.125,False,"[""semantic_drift""]",,,,,,,0.7934103608131409,0.05933995544910431,0.022753341123461723,0.022753341123461723,0.5931535363197327,0.23464196920394897,,,,,,,
581,385656,,385656:hypothesis:fra_Latn,,hypothesis,neutral,,,,,The jugs the man is playing on are very big.,The guys the man plays on are very big.,0.028308624401688576,0.018148209899663925,0.018148209899663925,0.028308624401688576,0.018148209899663925,0.018148209899663925,neutral,0.9992802739143372,neutral,0.9888091683387756,,,[],[],0.1325301204819277,False,"[""semantic_drift""]",,,,,,,0.6045914888381958,0.8811954855918884,0.4914571940898895,0.4914571940898895,0.6318235993385315,-0.12328960001468658,,,,,,,
582,387067,,387067:hypothesis:fra_Latn,,hypothesis,neutral,,,,,A woman in shorts is running.,A woman in short shorts.,0.9804671406745911,0.0008353274897672236,0.0008353274897672236,0.9804671406745911,0.0008353274897672236,0.0008353274897672236,neutral,0.9974660873413086,neutral,0.9748645424842834,,,[],[],0.28301886792452835,False,"[""semantic_drift""]",,,,,,,0.7287734746932983,0.9869856238365173,0.001254011644050479,0.001254011644050479,0.5777360796928406,-0.25445568561553955,,,,,,,
583,388849,,388849:premise:fra_Latn,,premise,contradiction,,,,,An elderly man with a beard in a dark suit is walking through a rainy city.,An old man with a beard in a black suit walks through a rainy town.,0.29827502369880676,0.9938392043113708,0.29827502369880676,0.29827502369880676,0.9938392043113708,0.29827502369880676,contradiction,0.9996663331985474,contradiction,0.999640941619873,,,[],[],0.16901408450704225,False,"[""semantic_drift""]",,,,,,,0.9959410429000854,0.9328476190567017,0.9397386312484741,0.9328476190567017,0.8087247014045715,0.5903895497322083,,,,,,,
585,389577,,389577:hypothesis:fra_Latn,,hypothesis,entailment,,,,,A person wear a costume.,A person wears a suit.,0.0007080300711095333,0.01725461147725582,0.0007080300711095333,0.0007080300711095333,0.01725461147725582,0.0007080300711095333,entailment,0.9969184398651123,contradiction,0.00026148324832320213,,,[],[],0.17391304347826086,False,"[""semantic_drift"",""label_flip""]",,,,,,,0.46706900000572205,0.7921249270439148,0.9548777937889099,0.7921249270439148,0.4717329442501068,0.29542073607444763,,,,,,,
586,390330,,390330:premise:fra_Latn,,premise,contradiction,,,,,"A woman in a white shirt, with a red bandanna holding the end of a sign post.","A woman in a white shirt, with a red band holding the tip of a signpost.",0.975739598274231,0.03926221281290054,0.03926221281290054,0.975739598274231,0.03926221281290054,0.03926221281290054,contradiction,0.9977604150772095,contradiction,0.999049961566925,,,[],[],0.0738255033557047,False,"[""semantic_drift""]",,,,,,,0.9229732751846313,0.962367057800293,0.785434901714325,0.785434901714325,0.8904964327812195,0.5138559341430664,,,,,,,
591,396067,,396067:hypothesis:fra_Latn,,hypothesis,neutral,,,,,A girl with blonde hair in front of a mirror.,A girl with blond hair in front of a mirror.,0.9952926635742188,0.9964672327041626,0.9952926635742188,0.9952926635742188,0.9964672327041626,0.9952926635742188,neutral,0.9959322810173035,neutral,0.9967395663261414,,,[],[],0.011235955056179803,False,"[""trivial_copy""]",,,,,,,0.9967431426048279,0.9917530417442322,0.9917702674865723,0.9917530417442322,0.9686465263366699,1.0652333498001099,,,,,,,
593,396554,,396554:premise:fra_Latn,,premise,entailment,,,,,"A child in a coat and hat is standing in a yellow doorway, and a woman in a coat and hat is standing outside, holding a cup.","A boy in a yellow robe and hat stood at a gate, and a woman in a robe and hat stood outside, holding a cup.",0.0008137804688885808,0.0923345685005188,0.0008137804688885808,0.0008137804688885808,0.0923345685005188,0.0008137804688885808,entailment,0.8252729177474976,contradiction,0.0009805683512240648,,,[],"[{""group"":""space"",""original"":{""outside"":1,""in"":3},""candidate"":{""outside"":1,""in"":2},""field"":""premise""}]",0.34199134199134196,False,"[""semantic_drift"",""label_flip""]",,,,,,,0.7759939432144165,0.9082402586936951,0.9685313701629639,0.9082402586936951,0.8478246927261353,0.5094310641288757,,,,,,,
593,396554,,396554:hypothesis:fra_Latn,,hypothesis,entailment,,,,,The door is open.,The door is open.,0.9971107244491577,0.9971107244491577,0.9971107244491577,0.9971107244491577,0.9971107244491577,0.9971107244491577,entailment,0.8252729177474976,entailment,0.8252729177474976,,,[],[],0.0,False,"[""trivial_copy""]",,,,,,,0.9962722063064575,0.9939974546432495,0.9939974546432495,0.9939974546432495,0.964630126953125,1.1267893314361572,,,,,,,
597,399855,,399855:hypothesis:fra_Latn,,hypothesis,entailment,,,,,a girl has a balloon,a girl has a ball,0.940924882888794,0.68727707862854,0.68727707862854,0.940924882888794,0.68727707862854,0.68727707862854,entailment,0.8535900115966797,contradiction,0.010619518347084522,,,[],[],0.08108108108108103,False,"[""semantic_drift"",""label_flip""]",,,,,,,0.536345362663269,0.43680429458618164,0.249106302857399,0.249106302857399,0.24356113374233246,-0.2674671411514282,,,,,,,
598,400206,,400206:hypothesis:fra_Latn,,hypothesis,neutral,,,,,The girls are wearing tights.,The girls are wearing pants.,0.00038591446354985237,0.00019660656107589602,0.00019660656107589602,0.00038591446354985237,0.00019660656107589602,0.00019660656107589602,neutral,0.9995505213737488,neutral,0.9989450573921204,,,[],[],0.1228070175438597,False,"[""semantic_drift""]",,,,,,,0.3907020092010498,0.0006418509874492884,0.00022086493845563382,0.00022086493845563382,0.3878900408744812,0.4637224078178406,,,,,,,
599,400731,,400731:hypothesis:fra_Latn,,hypothesis,entailment,,,,,A group of children is performing outside.,A group of kids playing outside.,0.34325066208839417,0.2610834836959839,0.2610834836959839,0.34325066208839417,0.2610834836959839,0.2610834836959839,entailment,0.9974445104598999,contradiction,0.011049571447074413,,,[],[],0.2432432432432432,False,"[""semantic_drift"",""label_flip""]",,,,,,,0.675861656665802,0.9404013752937317,0.9497309923171997,0.9404013752937317,0.7203863263130188,0.4469175636768341,,,,,,,
600,400864,,400864:hypothesis:fra_Latn,,hypothesis,neutral,,,,,A person was outside playing a threw something.,Someone was out there playing a throwing something.,0.9973796606063843,0.9975676536560059,0.9973796606063843,0.9973796606063843,0.9975676536560059,0.9973796606063843,neutral,0.9583387970924377,entailment,0.375914603471756,,,[],"[{""group"":""space"",""original"":{""outside"":1},""candidate"":{},""field"":""hypothesis""}]",0.22448979591836737,False,"[""label_flip""]",,,,,,,0.9750267863273621,0.9930753707885742,0.9933751225471497,0.9930753707885742,0.9687427282333374,0.6224098205566406,,,,,,,
602,403554,,403554:premise:fra_Latn,,premise,neutral,,,,,A man in checkered pants rides a unicycle down the street while juggling for a crowd.,A man in chess pants drives a single-seat car down the street juggling for a crowd.,8.673829142935574e-05,0.00011662462202366441,8.673829142935574e-05,8.673829142935574e-05,0.00011662462202366441,8.673829142935574e-05,neutral,0.9148843288421631,neutral,0.8517856001853943,,,[],"[{""group"":""number"",""original"":{},""candidate"":{""1"":1},""field"":""premise""}]",0.20238095238095233,False,"[""semantic_drift""]",,,,,,,0.6471638679504395,0.0003648189303930849,0.0009205093956552446,0.0003648189303930849,0.5805208683013916,-0.20098349452018738,,,,,,,
603,403976,,403976:hypothesis:fra_Latn,,hypothesis,contradiction,,,,,The people are standing in the desert.,The people are standing in the desert.,0.9969527721405029,0.9969527721405029,0.9969527721405029,0.9969527721405029,0.9969527721405029,0.9969527721405029,contradiction,0.9997472167015076,contradiction,0.9997472167015076,,,[],[],0.0,False,"[""trivial_copy""]",,,,,,,0.9967789053916931,0.9936875700950623,0.9936875700950623,0.9936875700950623,0.9649945497512817,1.0322843790054321,,,,,,,
607,407321,,407321:premise:fra_Latn,,premise,neutral,,,,,Several people are walking on a sidewalk while one person is laying down.,Several people are walking down a sidewalk while one person is lying down.,0.990059494972229,0.9969545602798462,0.990059494972229,0.990059494972229,0.9969545602798462,0.990059494972229,neutral,0.9973529577255249,neutral,0.9983117580413818,,,[],"[{""group"":""space"",""original"":{""on"":1},""candidate"":{},""field"":""premise""}]",0.020408163265306145,False,"[""trivial_copy""]",,,,,,,0.9962221384048462,0.993705689907074,0.993845522403717,0.993705689907074,0.9723142385482788,0.904699981212616,,,,,,,
610,413131,,413131:hypothesis:fra_Latn,,hypothesis,neutral,,,,,The men are coworkers.,Men are colleagues.,0.9916371703147888,0.9859960675239563,0.9859960675239563,0.9916371703147888,0.9859960675239563,0.9859960675239563,neutral,0.9985820055007935,neutral,0.7811066508293152,,,[],[],0.36585365853658536,False,"[""low_nli_confidence""]",,,,,,,0.9716007113456726,0.9865635633468628,0.9864894151687622,0.9864894151687622,0.9519617557525635,0.29049211740493774,,,,,,,
613,416052,,416052:premise:fra_Latn,,premise,entailment,,,,,Man carries empty Coke bottles on his head across dirt road.,A man is carrying empty Coca-Cola bottles on his head across the street.,0.993950605392456,0.00158750731498003,0.00158750731498003,0.993950605392456,0.00158750731498003,0.00158750731498003,entailment,0.9087825417518616,entailment,0.9841920137405396,,,[],[],0.25757575757575757,False,"[""semantic_drift""]",,,,,,,0.906286895275116,0.9378050565719604,0.003476274898275733,0.003476274898275733,0.7850080132484436,0.48177653551101685,,,,,,,
614,417237,,417237:premise:fra_Latn,,premise,entailment,,,,,"Several people sitting, relaxing in the snow.","Several people sitting, relaxing in the snow.",0.9942564368247986,0.9942564368247986,0.9942564368247986,0.9942564368247986,0.9942564368247986,0.9942564368247986,entailment,0.9663259387016296,entailment,0.9663259387016296,,,[],[],0.0,False,"[""trivial_copy""]",,,,,,,0.9966983199119568,0.9934764504432678,0.9934764504432678,0.9934764504432678,0.9690790772438049,1.1062393188476562,,,,,,,
615,418334,,418334:premise:fra_Latn,,premise,entailment,,,,,A pedicab driving sitting on the side and waiting for his next customer.,A pedicure driver sits on the side and waits for his next customer.,0.9967255592346191,0.9845378398895264,0.9845378398895264,0.9967255592346191,0.9845378398895264,0.9845378398895264,entailment,0.9950491786003113,entailment,0.7376106381416321,,,[],[],0.13669064748201443,False,"[""low_nli_confidence""]",,,,,,,0.9323442578315735,0.865660548210144,0.8532223105430603,0.8532223105430603,0.8940624594688416,0.44009706377983093,,,,,,,
615,418334,,418334:hypothesis:fra_Latn,,hypothesis,entailment,,,,,The cab is waiting for a customer.,The cab is waiting for a customer.,0.9978675842285156,0.9978675842285156,0.9978675842285156,0.9978675842285156,0.9978675842285156,0.9978675842285156,entailment,0.9950491786003113,entailment,0.9950491786003113,,,[],[],0.0,False,"[""trivial_copy""]",,,,,,,0.9966139197349548,0.9932669401168823,0.9932669401168823,0.9932669401168823,0.9681164622306824,1.0320113897323608,,,,,,,
623,424612,,424612:premise:fra_Latn,,premise,contradiction,,,,,Two female bikers pose on a bridge as other riders travel by in a marathon.,Two cyclists stand on a bridge while others ride a marathon.,0.9976658821105957,0.0006568901590071619,0.0006568901590071619,0.9976658821105957,0.0006568901590071619,0.0006568901590071619,contradiction,0.9991752505302429,contradiction,0.999321699142456,,,[],"[{""group"":""space"",""original"":{""in"":1,""on"":1},""candidate"":{""on"":1},""field"":""premise""}]",0.33333333333333337,False,"[""semantic_drift""]",,,,,,,0.8794907927513123,0.9925385117530823,0.0232070405036211,0.0232070405036211,0.8303720951080322,0.32511210441589355,,,,,,,
623,424612,,424612:hypothesis:fra_Latn,,hypothesis,contradiction,,,,,"The two woman are repelling down a rock face, attempting to get to the bottom of the rock wall.","The two women push back a rocky face, trying to reach the bottom of the rock wall.",0.7336173057556152,0.8735899925231934,0.7336173057556152,0.7336173057556152,0.8735899925231934,0.7336173057556152,contradiction,0.9991752505302429,contradiction,0.7813566327095032,,,[],[],0.2542372881355932,False,"[""semantic_drift"",""low_nli_confidence""]",,,,,,,0.9822704195976257,0.9597457647323608,0.7718868255615234,0.7718868255615234,0.8843364119529724,0.5045470595359802,,,,,,,
626,426473,,426473:premise:fra_Latn,,premise,contradiction,,,,,A little boy in a bright green field has kicked a soccer ball very high in the air.,A little boy in a bright green field kicked a football high in the air.,0.009646064601838589,0.6019015312194824,0.009646064601838589,0.009646064601838589,0.6019015312194824,0.009646064601838589,contradiction,0.99857497215271,contradiction,0.9991118311882019,,,[],[],0.11688311688311692,False,"[""semantic_drift""]",,,,,,,0.6607096195220947,0.08601554483175278,0.04725325480103493,0.04725325480103493,0.6844741106033325,0.42371881008148193,,,,,,,
626,426473,,426473:hypothesis:fra_Latn,,hypothesis,contradiction,,,,,A boy watches soccer on TV at his house.,A boy watches football on TV at home.,0.3361586630344391,0.7394552230834961,0.3361586630344391,0.3361586630344391,0.7394552230834961,0.3361586630344391,contradiction,0.99857497215271,contradiction,0.9991379976272583,,,[],[],0.24675324675324672,False,"[""semantic_drift""]",,,,,,,0.5705615878105164,0.0006381730199791491,0.0009821299463510513,0.0006381730199791491,0.5530555248260498,0.7057995200157166,,,,,,,
628,426839,,426839:hypothesis:fra_Latn,,hypothesis,entailment,,,,,Two women have drinks on the deck.,Two women have drinks on the bridge.,0.04854520410299301,0.6282787919044495,0.04854520410299301,0.04854520410299301,0.6282787919044495,0.04854520410299301,entailment,0.9848479628562927,contradiction,0.002748325001448393,,,[],[],0.08571428571428574,False,"[""semantic_drift"",""label_flip""]",,,,,,,0.6402294635772705,0.45106038451194763,0.8057672381401062,0.45106038451194763,0.6758018136024475,0.6262290477752686,,,,,,,
629,427833,,427833:premise:fra_Latn,,premise,neutral,,,,,A little girl in a white jacket holding a piglet toy.,A little girl in a white jacket holding a pig toy.,0.9941989183425903,0.9697599411010742,0.9697599411010742,0.9941989183425903,0.9697599411010742,0.9697599411010742,neutral,0.959830105304718,neutral,0.957714319229126,,,[],[],0.029126213592232997,False,"[""trivial_copy""]",,,,,,,0.9317128658294678,0.9856024384498596,0.10948944836854935,0.10948944836854935,0.8955439925193787,0.8527644872665405,,,,,,,
629,427833,,427833:hypothesis:fra_Latn,,hypothesis,neutral,,,,,The little girl is caucasian.,The little girl's from the Caucasus.,0.09919925034046173,0.552826464176178,0.09919925034046173,0.09919925034046173,0.552826464176178,0.09919925034046173,neutral,0.959830105304718,neutral,0.998963475227356,,,[],[],0.2615384615384615,False,"[""semantic_drift""]",,,,,,,0.8064454197883606,0.46939438581466675,0.9790746569633484,0.46939438581466675,0.7822253108024597,-0.23369696736335754,,,,,,,
632,430526,,430526:hypothesis:fra_Latn,,hypothesis,contradiction,,,,,The surfer is sitting in the sand.,The surfer is sitting in the sand.,0.9977385997772217,0.9977385997772217,0.9977385997772217,0.9977385997772217,0.9977385997772217,0.9977385997772217,contradiction,0.9994837045669556,contradiction,0.9994837045669556,,,[],[],0.0,False,"[""trivial_copy""]",,,,,,,0.9967175126075745,0.993147075176239,0.993147075176239,0.993147075176239,0.9692499041557312,1.02955961227417,,,,,,,
633,431648,,431648:premise:fra_Latn,,premise,contradiction,,,,,"A young woman in a striped sweater, knitted hat and jeans and wearing a black winter coat is ice skating at a rink with several other young women.","A young woman in a striped sweater, a knitted hat and jeans and a black winter patin coat with several other young women.",0.8904975652694702,0.0014100878033787012,0.0014100878033787012,0.8904975652694702,0.0014100878033787012,0.0014100878033787012,contradiction,0.9991962313652039,neutral,0.0032154174987226725,,,[],[],0.15355805243445697,False,"[""semantic_drift"",""label_flip""]",,,,,,,0.8348022699356079,0.8519365191459656,0.0012624328956007957,0.0012624328956007957,0.687161386013031,-0.2768433392047882,,,,,,,
633,431648,,431648:hypothesis:fra_Latn,,hypothesis,contradiction,,,,,The woman in the sweater was rollerblading.,The woman in the sweater was rollerblading.,0.9966579675674438,0.9966579675674438,0.9966579675674438,0.9966579675674438,0.9966579675674438,0.9966579675674438,contradiction,0.9991962313652039,contradiction,0.9991962313652039,,,[],[],0.0,False,"[""trivial_copy""]",,,,,,,0.9967982172966003,0.992893636226654,0.992893636226654,0.992893636226654,0.9698469638824463,1.0210435390472412,,,,,,,
634,431938,,431938:hypothesis:fra_Latn,,hypothesis,contradiction,,,,,A woman is sleeping.,A woman is sleeping.,0.9966869950294495,0.9966869950294495,0.9966869950294495,0.9966869950294495,0.9966869950294495,0.9966869950294495,contradiction,0.9997377991676331,contradiction,0.9997377991676331,,,[],[],0.0,False,"[""trivial_copy""]",,,,,,,0.9966758489608765,0.9939946532249451,0.9939946532249451,0.9939946532249451,0.9618512988090515,1.1075135469436646,,,,,,,
636,432209,,432209:premise:fra_Latn,,premise,contradiction,,,,,A woman in a brown flowered tank top dances with a puppet,A woman in brown-flowered pants dancing with a puppet.,0.002782524796202779,0.0005614702822640538,0.0005614702822640538,0.002782524796202779,0.0005614702822640538,0.0005614702822640538,contradiction,0.999560534954071,contradiction,0.9996556043624878,,,[],[],0.15315315315315314,False,"[""semantic_drift""]",,,,,,,0.8646193742752075,0.05760006606578827,0.012222669087350368,0.012222669087350368,0.7595223188400269,0.10293054580688477,,,,,,,
641,439665,,439665:premise:fra_Latn,,premise,contradiction,,,,,"A man dressed in a red t-shirt and blue jeans eats food he's holding in his hand, as he walks along a busy sidewalk, with an antique-style sign advertising wedding rings on the right-hand side of the picture.","A man dressed in a red t-shirt and blue jeans eats the food he holds in his hand, as he walks down a busy sidewalk, with an antique-style sign announcing wedding rings on the right side of",0.9720630049705505,0.8792370557785034,0.8792370557785034,0.9720630049705505,0.8792370557785034,0.8792370557785034,contradiction,0.9996262788772583,contradiction,0.9995633959770203,,,[],[],0.11616161616161613,False,"[""generation_truncated"",""semantic_drift""]",,,,,,,0.971371054649353,0.9927884936332703,0.9229558110237122,0.9229558110237122,0.9597049355506897,0.7030982375144958,,,,,,,
641,439665,,439665:hypothesis:fra_Latn,,hypothesis,contradiction,,,,,A man in a suit holds a briefcase as he walks along an empty sidewalk.,A man in a suitcase is walking down an empty sidewalk.,0.05186861753463745,0.3623475134372711,0.05186861753463745,0.05186861753463745,0.3623475134372711,0.05186861753463745,contradiction,0.9996262788772583,contradiction,0.9996750354766846,,,[],[],0.24193548387096775,False,"[""semantic_drift""]",,,,,,,0.8542486429214478,0.8935493230819702,0.3983193039894104,0.3983193039894104,0.875316858291626,0.27048546075820923,,,,,,,
642,441211,,441211:premise:fra_Latn,,premise,contradiction,,,,,Three dogs pull a sled during a race in the snow.,Three dogs are skating during a race in the snow.,0.0003836892428807914,0.0002466489968355745,0.0002466489968355745,0.0003836892428807914,0.0002466489968355745,0.0002466489968355745,contradiction,0.9975579977035522,contradiction,0.9984470009803772,,,[],[],0.16326530612244894,False,"[""semantic_drift""]",,,,,,,0.5676876306533813,0.02729628048837185,0.0097346818074584,0.0097346818074584,0.5945709943771362,-0.17330533266067505,,,,,,,
642,441211,,441211:hypothesis:fra_Latn,,hypothesis,contradiction,,,,,Four dogs are winning a sled race.,Four dogs win a sled race.,0.9917939305305481,0.9318681359291077,0.9318681359291077,0.9917939305305481,0.9318681359291077,0.9318681359291077,contradiction,0.9975579977035522,contradiction,0.5971842408180237,,,[],[],0.1333333333333333,False,"[""low_nli_confidence""]",,,,,,,0.9966611862182617,0.9934717416763306,0.964943528175354,0.964943528175354,0.9677971005439758,0.8586132526397705,,,,,,,
644,441625,,441625:premise:fra_Latn,,premise,neutral,,,,,Three teenage boys sitting down talking and fixing their shoes.,Three teenagers sitting around talking and fixing their shoes.,0.9757490158081055,0.012649479322135448,0.012649479322135448,0.9757490158081055,0.012649479322135448,0.012649479322135448,neutral,0.9986316561698914,neutral,0.9981124401092529,,,[],[],0.10399999999999998,False,"[""semantic_drift""]",,,,,,,0.9042865633964539,0.98589688539505,0.9899700284004211,0.98589688539505,0.9653847813606262,0.7952623963356018,,,,,,,
644,441625,,441625:hypothesis:fra_Latn,,hypothesis,neutral,,,,,Three schoolboys take time out from soccer practice to talk,Three schoolchildren take a break after training to talk.,0.9974198341369629,0.002074724528938532,0.002074724528938532,0.9974198341369629,0.002074724528938532,0.002074724528938532,neutral,0.9986316561698914,neutral,0.9654029011726379,,,[],"[{""group"":""time"",""original"":{},""candidate"":{""after"":1},""field"":""hypothesis""}]",0.43103448275862066,False,"[""semantic_drift""]",,,,,,,0.8146612644195557,0.9916958212852478,0.004300189670175314,0.004300189670175314,0.8079962134361267,0.2979825735092163,,,,,,,
645,441649,,441649:hypothesis:fra_Latn,,hypothesis,entailment,,,,,Boys holding sword,Boys with Swords,0.9353086352348328,0.97098708152771,0.9353086352348328,0.9353086352348328,0.97098708152771,0.9353086352348328,entailment,0.9400140047073364,neutral,0.2515324354171753,,,[],[],0.2941176470588235,False,"[""label_flip""]",,,,,,,0.9070279598236084,0.9793365597724915,0.9743950366973877,0.9743950366973877,0.9387375712394714,0.4223959445953369,,,,,,,
646,442027,,442027:hypothesis:fra_Latn,,hypothesis,contradiction,,,,,A man wearing a red shirt riding a cow.,A man dressed in a red horse shirt on a cow.,0.029325775802135468,0.993129312992096,0.029325775802135468,0.029325775802135468,0.993129312992096,0.029325775802135468,contradiction,0.9992687106132507,contradiction,0.9992715716362,,,[],"[{""group"":""space"",""original"":{},""candidate"":{""in"":1,""on"":1},""field"":""hypothesis""}]",0.27710843373493976,False,"[""semantic_drift""]",,,,,,,0.9122137427330017,0.5771178007125854,0.9919248223304749,0.5771178007125854,0.8623430728912354,0.23196882009506226,,,,,,,
647,442332,,442332:premise:fra_Latn,,premise,contradiction,,,,,A man in a gray t-shirt walks down a public street past a pair of tall office buildings.,A man in a gray t-shirt walks down a public street in front of a pair of tall office buildings.,0.5443453788757324,0.5777170062065125,0.5443453788757324,0.5443453788757324,0.5777170062065125,0.5443453788757324,contradiction,0.9997001886367798,contradiction,0.9997221827507019,,,[],"[{""group"":""space"",""original"":{""in"":1},""candidate"":{""front"":1,""in"":2},""field"":""premise""}]",0.07103825136612019,False,"[""semantic_drift""]",,,,,,,0.9940844178199768,0.9729941487312317,0.9896951913833618,0.9729941487312317,0.9669919610023499,0.8736004829406738,,,,,,,
647,442332,,442332:hypothesis:fra_Latn,,hypothesis,contradiction,,,,,A man is unable to walk.,A man is unable to walk.,0.9973313808441162,0.9973313808441162,0.9973313808441162,0.9973313808441162,0.9973313808441162,0.9973313808441162,contradiction,0.9997001886367798,contradiction,0.9997001886367798,,,[],[],0.0,False,"[""trivial_copy""]",,,,,,,0.996587872505188,0.9937100410461426,0.9937100410461426,0.9937100410461426,0.9688174724578857,1.0731736421585083,,,,,,,
648,442910,,442910:premise:fra_Latn,,premise,contradiction,,,,,A person wearing a gray sweatshirt and tennis shoes is sitting on something.,A person wearing a grey sweatshirt and tennis shoes is sitting on something.,0.9960758090019226,0.9960112571716309,0.9960112571716309,0.9960758090019226,0.9960112571716309,0.9960112571716309,contradiction,0.9866107106208801,contradiction,0.9818030595779419,,,[],[],0.013157894736842146,False,"[""trivial_copy""]",,,,,,,0.9967781901359558,0.9942470788955688,0.994246780872345,0.994246780872345,0.9722866415977478,1.0157078504562378,,,,,,,
648,442910,,442910:hypothesis:fra_Latn,,hypothesis,contradiction,,,,,A person dust lint off his suit.,A person stripped off his dust suit.,0.01639060489833355,0.03090655244886875,0.01639060489833355,0.01639060489833355,0.03090655244886875,0.01639060489833355,contradiction,0.9866107106208801,contradiction,0.9980853796005249,,,[],[],0.23529411764705888,False,"[""semantic_drift""]",,,,,,,0.7695722579956055,0.6480740308761597,0.3226111829280853,0.3226111829280853,0.7728825807571411,-0.34661680459976196,,,,,,,
651,445900,,445900:premise:fra_Latn,,premise,entailment,,,,,Several men are tinkering with radio controlled items.,Several men are handling radio-controlled objects.,0.9966025352478027,0.3502925634384155,0.3502925634384155,0.9966025352478027,0.3502925634384155,0.3502925634384155,entailment,0.9962111711502075,entailment,0.9930279850959778,,,[],[],0.23076923076923073,False,"[""semantic_drift""]",,,,,,,0.8977102637290955,0.9872280359268188,0.46046891808509827,0.46046891808509827,0.8752516508102417,0.6318454146385193,,,,,,,
652,446052,,446052:premise:fra_Latn,,premise,entailment,,,,,A man on a white surfboard in the ocean riding the waves.,A man on a white surfboard in the ocean riding on the waves.,0.9909810423851013,0.9937068819999695,0.9909810423851013,0.9909810423851013,0.9937068819999695,0.9909810423851013,entailment,0.9937751293182373,entailment,0.9880727529525757,,,[],"[{""group"":""space"",""original"":{""in"":1,""on"":1},""candidate"":{""in"":1,""on"":2},""field"":""premise""}]",0.02564102564102566,False,"[""trivial_copy""]",,,,,,,0.9966691136360168,0.9909571409225464,0.9931570887565613,0.9909571409225464,0.9716794490814209,0.837731122970581,,,,,,,
652,446052,,446052:hypothesis:fra_Latn,,hypothesis,entailment,,,,,A surfer is standing on his board in the water.,A surfer is standing on his board in the water.,0.9980011582374573,0.9980011582374573,0.9980011582374573,0.9980011582374573,0.9980011582374573,0.9980011582374573,entailment,0.9937751293182373,entailment,0.9937751293182373,,,[],[],0.0,False,"[""trivial_copy""]",,,,,,,0.9967377781867981,0.9926632642745972,0.9926632642745972,0.9926632642745972,0.9706118702888489,1.0022400617599487,,,,,,,
653,447248,,447248:hypothesis:fra_Latn,,hypothesis,entailment,,,,,A man is drawing.,A man is drawing.,0.9967899918556213,0.9967899918556213,0.9967899918556213,0.9967899918556213,0.9967899918556213,0.9967899918556213,entailment,0.8958956003189087,entailment,0.8958956003189087,,,[],[],0.0,False,"[""trivial_copy""]",,,,,,,0.9966846108436584,0.9935706853866577,0.9935706853866577,0.9935706853866577,0.9606188535690308,1.09812593460083,,,,,,,
658,449726,,449726:premise:fra_Latn,,premise,contradiction,,,,,Two young blond-haired children are laying in their sleeping bags.,Two young blond-haired children are lying in their sleeping bags.,0.9966945648193359,0.9976955056190491,0.9966945648193359,0.9966945648193359,0.9976955056190491,0.9966945648193359,contradiction,0.9988306164741516,contradiction,0.9988407492637634,,,[],[],0.007633587786259555,False,"[""trivial_copy""]",,,,,,,0.9967165589332581,0.9936659932136536,0.9936177730560303,0.9936177730560303,0.9697383046150208,1.0348892211914062,,,,,,,
658,449726,,449726:hypothesis:fra_Latn,,hypothesis,contradiction,,,,,Their hair is red.,Their hair is red.,0.995940089225769,0.995940089225769,0.995940089225769,0.995940089225769,0.995940089225769,0.995940089225769,contradiction,0.9988306164741516,contradiction,0.9988306164741516,,,[],[],0.0,False,"[""trivial_copy""]",,,,,,,0.9967798590660095,0.9940217137336731,0.9940217137336731,0.9940217137336731,0.9665044546127319,1.1154547929763794,,,,,,,
659,450435,,450435:premise:fra_Latn,,premise,neutral,,,,,People ordering food from a lunch cart outside.,People order food in a basket outside.,0.8548594117164612,0.0033871661871671677,0.0033871661871671677,0.8548594117164612,0.0033871661871671677,0.0033871661871671677,neutral,0.9985629916191101,neutral,0.9973959922790527,,,[],"[{""group"":""space"",""original"":{""outside"":1},""candidate"":{""outside"":1,""in"":1},""field"":""premise""}]",0.24705882352941178,False,"[""semantic_drift""]",,,,,,,0.6970838308334351,0.7414423823356628,0.09528470039367676,0.09528470039367676,0.6936368346214294,0.5810495615005493,,,,,,,
659,450435,,450435:hypothesis:fra_Latn,,hypothesis,neutral,,,,,The lunch cart is mexican food.,The basket is Mexican food.,0.984822154045105,0.0058726100251078606,0.0058726100251078606,0.984822154045105,0.0058726100251078606,0.0058726100251078606,neutral,0.9985629916191101,neutral,0.9984880685806274,,,[],[],0.2068965517241379,False,"[""semantic_drift""]",,,,,,,0.7942167520523071,0.8956189751625061,0.32992327213287354,0.32992327213287354,0.6419017314910889,0.34803307056427,,,,,,,
664,453097,,453097:premise:fra_Latn,,premise,neutral,,,,,A group of people are running a race.,There's a group of people running.,0.998451828956604,0.02200957015156746,0.02200957015156746,0.998451828956604,0.02200957015156746,0.02200957015156746,neutral,0.9975109100341797,neutral,0.9983640313148499,,,[],[],0.2676056338028169,False,"[""semantic_drift""]",,,,,,,0.8309057950973511,0.9911540150642395,0.06714046001434326,0.06714046001434326,0.849766194820404,-0.17852385342121124,,,,,,,
666,456117,,456117:premise:fra_Latn,,premise,neutral,,,,,Three women in a hospital.,Three women in a hospital.,0.9936186075210571,0.9936186075210571,0.9936186075210571,0.9936186075210571,0.9936186075210571,0.9936186075210571,neutral,0.9936884045600891,neutral,0.9936884045600891,,,[],[],0.0,False,"[""trivial_copy""]",,,,,,,0.9965192079544067,0.991054117679596,0.991054117679596,0.991054117679596,0.9672892689704895,1.0880650281906128,,,,,,,
666,456117,,456117:hypothesis:fra_Latn,,hypothesis,neutral,,,,,the skateboard was black,The skateboard was black.,0.996189534664154,0.9974082112312317,0.996189534664154,0.996189534664154,0.9974082112312317,0.996189534664154,neutral,0.9936884045600891,neutral,0.9804471731185913,,,[],[],0.020408163265306145,False,"[""trivial_copy""]",,,,,,,0.996733546257019,0.9929894208908081,0.9932892918586731,0.9929894208908081,0.9691767692565918,1.0486217737197876,,,,,,,
667,456266,,456266:hypothesis:fra_Latn,,hypothesis,neutral,,,,,A man helping another man bench press.,A man who helps another man.,0.9925277233123779,0.0019984429236501455,0.0019984429236501455,0.9925277233123779,0.0019984429236501455,0.0019984429236501455,neutral,0.9930018782615662,entailment,0.0071129994466900826,,,[],[],0.303030303030303,False,"[""semantic_drift"",""label_flip""]",,,,,,,0.6707198023796082,0.9896165132522583,0.0009853194933384657,0.0009853194933384657,0.6909456253051758,0.23157203197479248,,,,,,,
669,456772,,456772:premise:fra_Latn,,premise,contradiction,,,,,Two large white dogs and one large tan dog in a red collar run along a beach.,Two big white dogs and a big brown dog with a red collar running along a beach.,0.02404751069843769,0.05313854664564133,0.02404751069843769,0.02404751069843769,0.05313854664564133,0.02404751069843769,contradiction,0.9734965562820435,contradiction,0.9968219995498657,,,"[{""group"":""number"",""original"":{""1"":1,""2"":1},""candidate"":{""2"":1},""field"":""premise""}]","[{""group"":""number"",""original"":{""1"":1,""2"":1},""candidate"":{""2"":1},""field"":""premise""},{""group"":""space"",""original"":{""in"":1},""candidate"":{},""field"":""premise""}]",0.21794871794871795,False,"[""numeric_value_changed"",""semantic_drift""]",,,,,,,0.9232118129730225,0.5842563509941101,0.8124002814292908,0.5842563509941101,0.7969779968261719,0.4608619511127472,,,,,,,
669,456772,,456772:hypothesis:fra_Latn,,hypothesis,contradiction,,,,,Three dogs are lying in the grass in the shade.,Three dogs are lying in the grass in the shade.,0.9966912269592285,0.9966912269592285,0.9966912269592285,0.9966912269592285,0.9966912269592285,0.9966912269592285,contradiction,0.9734965562820435,contradiction,0.9734965562820435,,,[],[],0.0,False,"[""trivial_copy""]",,,,,,,0.9965835213661194,0.9935775399208069,0.9935775399208069,0.9935775399208069,0.9701372385025024,1.0397565364837646,,,,,,,
670,457878,,457878:premise:fra_Latn,,premise,entailment,,,,,A girl doing something on her cellphone.,A girl doing something on her cell phone.,0.997313916683197,0.996246874332428,0.996246874332428,0.997313916683197,0.996246874332428,0.996246874332428,entailment,0.9960917830467224,entailment,0.9960638880729675,,,[],[],0.012345679012345734,False,"[""trivial_copy""]",,,,,,,0.9822598099708557,0.9937898516654968,0.9936898946762085,0.9936898946762085,0.9690538644790649,1.0762293338775635,,,,,,,
670,457878,,457878:hypothesis:fra_Latn,,hypothesis,entailment,,,,,There is a person with a telecommunications device.,There's a person with a telecommunications device.,0.9929152727127075,0.9908388257026672,0.9908388257026672,0.9929152727127075,0.9908388257026672,0.9908388257026672,entailment,0.9960917830467224,entailment,0.9964244961738586,,,[],[],0.02970297029702973,False,"[""trivial_copy""]",,,,,,,0.9961806535720825,0.9916797280311584,0.9918298125267029,0.9916797280311584,0.9656256437301636,0.6884568333625793,,,,,,,
672,458599,,458599:premise:fra_Latn,,premise,neutral,,,,,A closeup of a man riding his bicycle through the forest.,A man on a bicycle approaches in the woods.,0.8112071752548218,0.03584820777177811,0.03584820777177811,0.8112071752548218,0.03584820777177811,0.03584820777177811,neutral,0.9978860020637512,neutral,0.9968532919883728,,,[],"[{""group"":""space"",""original"":{""through"":1},""candidate"":{""in"":1,""on"":1},""field"":""premise""}]",0.43999999999999995,False,"[""semantic_drift""]",,,,,,,0.6824948191642761,0.8427419662475586,0.7715753316879272,0.7715753316879272,0.8310644030570984,0.19862395524978638,,,,,,,
673,458628,,458628:premise:fra_Latn,,premise,contradiction,,,,,Two young girls one blond one brunette are puckering there lips and showing a peace sign with there fingers.,"Two young girls, a blonde and a brown, cut each other's lips and showed a sign of peace with their fingers.",0.0437086820602417,0.9682371020317078,0.0437086820602417,0.0437086820602417,0.9682371020317078,0.0437086820602417,contradiction,0.9996150732040405,contradiction,0.9996254444122314,,,"[{""group"":""number"",""original"":{""1"":2,""2"":1},""candidate"":{""2"":1},""field"":""premise""}]","[{""group"":""number"",""original"":{""1"":2,""2"":1},""candidate"":{""2"":1},""field"":""premise""}]",0.3023255813953488,False,"[""numeric_value_changed"",""semantic_drift""]",,,,,,,0.8334972262382507,0.8712818026542664,0.910202145576477,0.8712818026542664,0.7384676337242126,-0.27584242820739746,,,,,,,
674,459828,,459828:premise:fra_Latn,,premise,entailment,,,,,Young girl jumping off a swing.,A girl who jumps from a swing.,0.9962143301963806,0.18919162452220917,0.18919162452220917,0.9962143301963806,0.18919162452220917,0.18919162452220917,entailment,0.9872714877128601,entailment,0.9936186075210571,,,[],[],0.3114754098360656,False,"[""semantic_drift""]",,,,,,,0.9116508364677429,0.9918339252471924,0.9156521558761597,0.9156521558761597,0.9213252067565918,0.2852640151977539,,,,,,,
675,461143,,461143:premise:fra_Latn,,premise,contradiction,,,,,A woman in a white shirt sitting on a gray bench in front of a wall with graffiti written on it.,A woman in a white shirt sitting on a gray bench in front of a wall with graffiti on it.,0.985937774181366,0.8445373773574829,0.8445373773574829,0.985937774181366,0.8445373773574829,0.8445373773574829,contradiction,0.999292254447937,contradiction,0.9992856383323669,,,[],[],0.04347826086956519,False,"[""semantic_drift""]",,,,,,,0.969092607498169,0.9939942955970764,0.9923455119132996,0.9923455119132996,0.9711834788322449,0.9401372671127319,,,,,,,
675,461143,,461143:hypothesis:fra_Latn,,hypothesis,contradiction,,,,,A person in a white shirt swimming in a lake.,A person in a white shirt swimming in a lake.,0.995603084564209,0.995603084564209,0.995603084564209,0.995603084564209,0.995603084564209,0.995603084564209,contradiction,0.999292254447937,contradiction,0.999292254447937,,,[],[],0.0,False,"[""trivial_copy""]",,,,,,,0.9964954257011414,0.9914832711219788,0.9914832711219788,0.9914832711219788,0.9709364175796509,1.055954098701477,,,,,,,
679,463687,,463687:hypothesis:fra_Latn,,hypothesis,neutral,,,,,Children are playing oustide with their parents.,Children play a lot with their parents.,0.508773684501648,0.02718680538237095,0.02718680538237095,0.508773684501648,0.02718680538237095,0.02718680538237095,neutral,0.9972471594810486,neutral,0.9958640336990356,,,[],[],0.1724137931034483,False,"[""semantic_drift""]",,,,,,,0.7672383189201355,0.6180119514465332,0.1272820681333542,0.1272820681333542,0.8199365139007568,-0.25637415051460266,,,,,,,
681,464854,,464854:premise:fra_Latn,,premise,entailment,,,,,Little boy pushing another little boy up the pole.,A little boy pushing another little boy to the stake.,0.03063921257853508,0.07321390509605408,0.03063921257853508,0.03063921257853508,0.07321390509605408,0.03063921257853508,entailment,0.9669817090034485,entailment,0.9532554745674133,,,[],[],0.12621359223300976,False,"[""semantic_drift""]",,,,,,,0.5007003545761108,0.8695083856582642,0.9711053371429443,0.8695083856582642,0.571424663066864,-0.3549167513847351,,,,,,,
682,464901,,464901:premise:fra_Latn,,premise,contradiction,,,,,A man wearing a colorful suit sits on a sidewalk playing a basset horn to collect money.,A man dressed in a colorful suit was sitting on the sidewalk playing a trumpet to collect money.,0.942338228225708,0.01725255325436592,0.01725255325436592,0.942338228225708,0.01725255325436592,0.01725255325436592,contradiction,0.9843907952308655,contradiction,0.9952462315559387,,,[],"[{""group"":""space"",""original"":{""on"":1},""candidate"":{""in"":1,""on"":1},""field"":""premise""}]",0.2065217391304348,False,"[""semantic_drift""]",,,,,,,0.844999372959137,0.03674529120326042,0.0768798440694809,0.03674529120326042,0.6547803282737732,0.5505897402763367,,,,,,,
683,466557,,466557:premise:fra_Latn,,premise,neutral,,,,,Woman walking on a puddle of water.,A woman walking on a pond of water.,0.6160669326782227,0.9336166381835938,0.6160669326782227,0.6160669326782227,0.9336166381835938,0.6160669326782227,neutral,0.9988013505935669,neutral,0.9983158111572266,,,[],[],0.11428571428571432,False,"[""semantic_drift""]",,,,,,,0.827623724937439,0.9908697009086609,0.9808725118637085,0.9808725118637085,0.9418426156044006,-0.3009001314640045,,,,,,,
683,466557,,466557:hypothesis:fra_Latn,,hypothesis,neutral,,,,,A woman with wet Nike sneakers.,A woman with wet Nike sneakers.,0.9933937191963196,0.9933937191963196,0.9933937191963196,0.9933937191963196,0.9933937191963196,0.9933937191963196,neutral,0.9988013505935669,neutral,0.9988013505935669,,,[],[],0.0,False,"[""trivial_copy""]",,,,,,,0.9967896342277527,0.9926409125328064,0.9926409125328064,0.9926409125328064,0.9686704874038696,1.0824528932571411,,,,,,,
686,468548,,468548:hypothesis:fra_Latn,,hypothesis,contradiction,,,,,A class of students working on one math problem.,A class of students working on a math problem.,0.9961857199668884,0.9821627736091614,0.9821627736091614,0.9961857199668884,0.9821627736091614,0.9821627736091614,contradiction,0.9828447103500366,neutral,0.028826437890529633,,,[],"[{""group"":""number"",""original"":{""1"":1},""candidate"":{},""field"":""hypothesis""}]",0.04255319148936165,False,"[""label_flip""]",,,,,,,0.9120648503303528,0.9903188943862915,0.9912814497947693,0.9903188943862915,0.9588384032249451,0.8710173964500427,,,,,,,
687,469856,,469856:premise:fra_Latn,,premise,neutral,,,,,The men are talking to the person in the police van.,The men are talking to the person in the police van.,0.9969762563705444,0.9969762563705444,0.9969762563705444,0.9969762563705444,0.9969762563705444,0.9969762563705444,neutral,0.9932206869125366,neutral,0.9932206869125366,,,[],[],0.0,False,"[""trivial_copy""]",,,,,,,0.9967148303985596,0.993548572063446,0.993548572063446,0.993548572063446,0.9690395593643188,1.046876072883606,,,,,,,
689,470257,,470257:premise:fra_Latn,,premise,contradiction,,,,,A child wearing a green shirt and blowing bubbles.,A child wearing a green shirt and blowing bubbles.,0.9957644939422607,0.9957644939422607,0.9957644939422607,0.9957644939422607,0.9957644939422607,0.9957644939422607,contradiction,0.9557705521583557,contradiction,0.9557705521583557,,,[],[],0.0,False,"[""trivial_copy""]",,,,,,,0.9966094493865967,0.9938714504241943,0.9938714504241943,0.9938714504241943,0.9714113473892212,1.0625395774841309,,,,,,,
689,470257,,470257:hypothesis:fra_Latn,,hypothesis,contradiction,,,,,A child in green is playing baseball.,A green kid playing baseball.,0.9964146614074707,0.9969494938850403,0.9964146614074707,0.9964146614074707,0.9969494938850403,0.9964146614074707,contradiction,0.9557705521583557,contradiction,0.7766164541244507,,,[],"[{""group"":""space"",""original"":{""in"":1},""candidate"":{},""field"":""hypothesis""}]",0.18181818181818177,False,"[""low_nli_confidence""]",,,,,,,0.9804278016090393,0.9923190474510193,0.9929036498069763,0.9923190474510193,0.9627886414527893,-0.04987609386444092,,,,,,,
690,472747,,472747:premise:fra_Latn,,premise,entailment,,,,,Young boy delivers a jumping martial arts kick.,A young boy kicks a kick in the martial arts.,0.9939348101615906,0.0016672612400725484,0.0016672612400725484,0.9939348101615906,0.0016672612400725484,0.0016672612400725484,entailment,0.9079321026802063,entailment,0.9882391691207886,,,[],"[{""group"":""space"",""original"":{},""candidate"":{""in"":1},""field"":""premise""}]",0.32608695652173914,False,"[""semantic_drift""]",,,,,,,0.8251990675926208,0.9833304286003113,0.006809564772993326,0.006809564772993326,0.8406228423118591,0.21978601813316345,,,,,,,
690,472747,,472747:hypothesis:fra_Latn,,hypothesis,entailment,,,,,The boy practices martial arts.,The boy is practicing martial arts.,0.9967722296714783,0.9980065226554871,0.9967722296714783,0.9967722296714783,0.9980065226554871,0.9967722296714783,entailment,0.9079321026802063,neutral,0.45691928267478943,,,[],[],0.12121212121212122,False,"[""label_flip""]",,,,,,,0.9967002272605896,0.9917654395103455,0.9926499724388123,0.9917654395103455,0.9669504165649414,0.7617629170417786,,,,,,,
692,473855,,473855:premise:fra_Latn,,premise,entailment,,,,,There is a person sitting on a plastic blow-up float in the high piled snow.,There's a person sitting on a plastic float in the stacked snow.,0.9970338344573975,0.1518411636352539,0.1518411636352539,0.9970338344573975,0.1518411636352539,0.1518411636352539,entailment,0.9745338559150696,entailment,0.9653680324554443,,,[],[],0.17142857142857137,False,"[""semantic_drift""]",,,,,,,0.8945370316505432,0.9924923777580261,0.682132363319397,0.682132363319397,0.8699857592582703,0.43670082092285156,,,,,,,
696,475232,,475232:hypothesis:fra_Latn,,hypothesis,neutral,,,,,A man performs snowboard stunts in a scored event.,A man does snowboarding in a high-profile event.,0.08412099629640579,0.034287068992853165,0.034287068992853165,0.08412099629640579,0.034287068992853165,0.034287068992853165,neutral,0.876193106174469,neutral,0.9462582468986511,,,[],[],0.30612244897959184,False,"[""semantic_drift""]",,,,,,,0.9042647480964661,0.9893697500228882,0.0595049224793911,0.0595049224793911,0.8026082515716553,0.17630231380462646,,,,,,,
697,475671,,475671:premise:fra_Latn,,premise,neutral,,,,,The people are standing outside after a wedding.,People are out after a wedding.,0.9977636337280273,0.6395142078399658,0.6395142078399658,0.9977636337280273,0.6395142078399658,0.6395142078399658,neutral,0.9995456337928772,neutral,0.999492883682251,,,[],"[{""group"":""space"",""original"":{""outside"":1},""candidate"":{},""field"":""premise""}]",0.21518987341772156,False,"[""semantic_drift""]",,,,,,,0.9910769462585449,0.9930806756019592,0.9289892911911011,0.9289892911911011,0.8935343623161316,0.004720777273178101,,,,,,,
698,477167,,477167:premise:fra_Latn,,premise,contradiction,,,,,A man in a white t-shirt is standing outside on a busy street.,A man in a white t-shirt is standing outside in a busy street.,0.9953325390815735,0.9960654377937317,0.9953325390815735,0.9953325390815735,0.9960654377937317,0.9953325390815735,contradiction,0.999419093132019,contradiction,0.9994255304336548,,,[],"[{""group"":""space"",""original"":{""outside"":1,""in"":1,""on"":1},""candidate"":{""outside"":1,""in"":2},""field"":""premise""}]",0.016129032258064502,False,"[""trivial_copy""]",,,,,,,0.9967905879020691,0.9938218593597412,0.9938278794288635,0.9938218593597412,0.9721196293830872,0.9942522048950195,,,,,,,
702,477962,,477962:premise:fra_Latn,,premise,entailment,,,,,Three teenage girls walking down the sidewalk together on a nice day,Three teenage girls walking together on the sidewalk one beautiful day.,0.9812445044517517,0.9853001236915588,0.9812445044517517,0.9812445044517517,0.9853001236915588,0.9812445044517517,entailment,0.9773757457733154,entailment,0.9673606157302856,,,"[{""group"":""number"",""original"":{""3"":1},""candidate"":{""1"":1,""3"":1},""field"":""premise""}]","[{""group"":""number"",""original"":{""3"":1},""candidate"":{""1"":1,""3"":1},""field"":""premise""}]",0.237410071942446,False,"[""numeric_value_changed""]",,,,,,,0.996379554271698,0.9890859127044678,0.9892184138298035,0.9890859127044678,0.9618074893951416,0.5480017066001892,,,,,,,
706,484972,,484972:premise:fra_Latn,,premise,entailment,,,,,Four cheerleaders at a basketball game dance at half-court during a break in the game.,Four women coaches at a basketball game are dancing half-shots during a break in the game.,0.0016381171299144626,0.0008583380840718746,0.0008583380840718746,0.0016381171299144626,0.0008583380840718746,0.0008583380840718746,entailment,0.9965575933456421,contradiction,0.0005351767176762223,,,[],[],0.19318181818181823,False,"[""semantic_drift"",""label_flip""]",,,,,,,0.662312388420105,0.00817829743027687,0.010500892996788025,0.00817829743027687,0.7412415146827698,-0.15370148420333862,,,,,,,
706,484972,,484972:hypothesis:fra_Latn,,hypothesis,entailment,,,,,Four cheerleaders dance during a break in the game.,Four entertainers are dancing during a break in the game.,0.9919837117195129,0.0007287574117071927,0.0007287574117071927,0.9919837117195129,0.0007287574117071927,0.0007287574117071927,entailment,0.9965575933456421,entailment,0.9971458315849304,,,[],[],0.16666666666666663,False,"[""semantic_drift""]",,,,,,,0.664742648601532,0.983828067779541,0.003451278433203697,0.003451278433203697,0.7816240191459656,0.4138507843017578,,,,,,,
711,486098,,486098:hypothesis:fra_Latn,,hypothesis,entailment,,,,,A professor in class.,A teacher in the classroom.,0.993040919303894,0.017539698630571365,0.017539698630571365,0.993040919303894,0.017539698630571365,0.017539698630571365,entailment,0.8895876407623291,entailment,0.8872877955436707,,,[],[],0.41666666666666663,False,"[""semantic_drift""]",,,,,,,0.6711969375610352,0.9772994518280029,0.8591722249984741,0.8591722249984741,0.7768778800964355,0.2979188859462738,,,,,,,
712,486675,,486675:premise:fra_Latn,,premise,contradiction,,,,,Two people are hugging and one is wearing a pink-hooded stretch top.,Two people are kissing and one is wearing a high rose.,0.00015175319276750088,7.400937465718016e-05,7.400937465718016e-05,0.00015175319276750088,7.400937465718016e-05,7.400937465718016e-05,contradiction,0.9991241097450256,contradiction,0.9994474053382874,,,[],[],0.2622950819672131,False,"[""semantic_drift""]",,,,,,,0.24410480260849,0.06363122165203094,0.04218501225113869,0.04218501225113869,0.29074421525001526,-0.48265206813812256,,,,,,,
712,486675,,486675:hypothesis:fra_Latn,,hypothesis,contradiction,,,,,Both people are wearing scuba suits.,Both people are wearing diving suits.,0.9550538063049316,0.1847062110900879,0.1847062110900879,0.9550538063049316,0.1847062110900879,0.1847062110900879,contradiction,0.9991241097450256,contradiction,0.9988996982574463,,,[],[],0.15068493150684936,False,"[""semantic_drift""]",,,,,,,0.8208945393562317,0.9831845164299011,0.9481960535049438,0.9481960535049438,0.7522998452186584,0.9869881868362427,,,,,,,
713,487229,,487229:hypothesis:fra_Latn,,hypothesis,contradiction,,,,,A girl in a red tank top gets splashed with water.,A girl in a red top is splashed with water.,0.9936034083366394,0.02773207612335682,0.02773207612335682,0.9936034083366394,0.02773207612335682,0.02773207612335682,contradiction,0.9990410208702087,contradiction,0.9987547397613525,,,[],[],0.09677419354838712,False,"[""semantic_drift""]",,,,,,,0.9062187671661377,0.9935898780822754,0.08046383410692215,0.08046383410692215,0.9702568650245667,0.6126909255981445,,,,,,,
714,487685,,487685:premise:fra_Latn,,premise,neutral,,,,,There are three people sitting on a bench outside a building and one man standing next to it looking at a newspaper.,There are three people sitting on a bench in front of a building and a man standing next to them looking at a newspaper.,0.9925878643989563,0.9943948984146118,0.9925878643989563,0.9925878643989563,0.9943948984146118,0.9925878643989563,neutral,0.9925249814987183,neutral,0.9930607080459595,,,"[{""group"":""number"",""original"":{""1"":1,""3"":1},""candidate"":{""3"":1},""field"":""premise""}]","[{""group"":""number"",""original"":{""1"":1,""3"":1},""candidate"":{""3"":1},""field"":""premise""},{""group"":""space"",""original"":{""outside"":1,""on"":1},""candidate"":{""front"":1,""in"":1,""on"":1},""field"":""premise""}]",0.09322033898305082,False,"[""numeric_value_changed""]",,,,,,,0.9678386449813843,0.9938714504241943,0.9900444746017456,0.9900444746017456,0.9712170958518982,0.7422887682914734,,,,,,,
716,488702,,488702:premise:fra_Latn,,premise,entailment,,,,,"A person in a yellow hat, carrying a bag and a fishing pole, walks in a grassy area near a small body of water.","A person wearing a yellow hat, a sack and a fishing rod walks through a grassed area near a small reservoir.",0.017978910356760025,0.9946578145027161,0.017978910356760025,0.017978910356760025,0.9946578145027161,0.017978910356760025,entailment,0.9972736239433289,entailment,0.9971169233322144,,,[],"[{""group"":""space"",""original"":{""in"":2,""near"":1},""candidate"":{""through"":1,""near"":1},""field"":""premise""}]",0.25114155251141557,False,"[""semantic_drift""]",,,,,,,0.906855583190918,0.9711928367614746,0.992797315120697,0.9711928367614746,0.8662312030792236,0.3427891135215759,,,,,,,
718,489327,,489327:hypothesis:fra_Latn,,hypothesis,contradiction,,,,,A person is repelling down the mountain.,Someone's pushing the mountain back.,0.038152143359184265,0.0015577459707856178,0.0015577459707856178,0.038152143359184265,0.0015577459707856178,0.0015577459707856178,contradiction,0.9981104135513306,neutral,0.3317374289035797,,,[],[],0.4736842105263158,False,"[""semantic_drift"",""label_flip""]",,,,,,,0.8313753604888916,0.17806120216846466,0.33220961689949036,0.17806120216846466,0.4652092158794403,0.2049139142036438,,,,,,,
719,489352,,489352:premise:fra_Latn,,premise,contradiction,,,,,A young man is taking his hat off while walking from his graduation.,A young man takes off his hat as he graduates.,0.9957420229911804,0.04492585361003876,0.04492585361003876,0.9957420229911804,0.04492585361003876,0.04492585361003876,contradiction,0.9989909529685974,neutral,0.2821812927722931,,,[],[],0.368421052631579,False,"[""semantic_drift"",""label_flip""]",,,,,,,0.9246761202812195,0.891399621963501,0.07361204922199249,0.07361204922199249,0.8929013609886169,0.4202316403388977,,,,,,,
719,489352,,489352:hypothesis:fra_Latn,,hypothesis,contradiction,,,,,A student is sitting after graduating.,A student is sitting after graduation.,0.9971197843551636,0.9972518086433411,0.9971197843551636,0.9971197843551636,0.9972518086433411,0.9971197843551636,contradiction,0.9989909529685974,contradiction,0.99856036901474,,,[],[],0.02631578947368418,False,"[""trivial_copy""]",,,,,,,0.9966211318969727,0.9929894208908081,0.9931195974349976,0.9929894208908081,0.9674296975135803,0.978036642074585,,,,,,,
720,489857,,489857:hypothesis:fra_Latn,,hypothesis,entailment,,,,,A boy is learning.,A boy is learning.,0.9961638450622559,0.9961638450622559,0.9961638450622559,0.9961638450622559,0.9961638450622559,0.9961638450622559,entailment,0.9963387250900269,entailment,0.9963387250900269,,,[],[],0.0,False,"[""trivial_copy""]",,,,,,,0.9965991377830505,0.9940773248672485,0.9940773248672485,0.9940773248672485,0.9630910754203796,1.101690649986267,,,,,,,
725,494996,,494996:premise:fra_Latn,,premise,entailment,,,,,Greyhound dogs wearing racing stripes are running out of a gate on a track.,Garou dogs carrying racetracks come out of a door on a track.,0.011801044456660748,0.018408412113785744,0.011801044456660748,0.011801044456660748,0.018408412113785744,0.011801044456660748,entailment,0.9933224320411682,contradiction,0.052352916449308395,,,[],[],0.32352941176470584,False,"[""semantic_drift"",""label_flip""]",,,,,,,0.6567590832710266,0.7468048930168152,0.49699872732162476,0.49699872732162476,0.6823534369468689,-0.32693296670913696,,,,,,,
725,494996,,494996:hypothesis:fra_Latn,,hypothesis,entailment,,,,,Dogs wearing racing stripes are running out of a gate on a track.,Dogs with treadmills run through a door on a track.,0.00027107709320262074,0.0002128634077962488,0.0002128634077962488,0.00027107709320262074,0.0002128634077962488,0.0002128634077962488,entailment,0.9933224320411682,contradiction,0.00033853991772048175,,,[],"[{""group"":""space"",""original"":{""on"":1},""candidate"":{""through"":1,""on"":1},""field"":""hypothesis""}]",0.4482758620689655,False,"[""semantic_drift"",""label_flip""]",,,,,,,0.6811381578445435,0.059557076543569565,0.09068845212459564,0.059557076543569565,0.6324594616889954,-0.30398303270339966,,,,,,,
727,495795,,495795:premise:fra_Latn,,premise,entailment,,,,,A man is walking on a trail in the woods while a young girl is attempting to climb some boards of wood.,"A man walks on a path in the forest, while a girl tries to climb wooden planks.",0.9985197186470032,0.986273467540741,0.986273467540741,0.9985197186470032,0.986273467540741,0.986273467540741,entailment,0.9974374771118164,neutral,0.39963650703430176,,,[],"[{""group"":""quantifier"",""original"":{""some"":1},""candidate"":{},""field"":""premise""}]",0.3626373626373627,False,"[""label_flip""]",,,,,,,0.9422004222869873,0.9942302703857422,0.9483999609947205,0.9483999609947205,0.9505836367607117,0.5733441710472107,,,,,,,
727,495795,,495795:hypothesis:fra_Latn,,hypothesis,entailment,,,,,A man walks in the woods while a young girl climbs.,A man walks in the woods while a girl climbs.,0.9947022795677185,0.008369534276425838,0.008369534276425838,0.9947022795677185,0.008369534276425838,0.008369534276425838,entailment,0.9974374771118164,entailment,0.9976264834403992,,,[],[],0.0625,False,"[""semantic_drift""]",,,,,,,0.9864632487297058,0.9936224818229675,0.3263801038265228,0.3263801038265228,0.9278298616409302,0.8709237575531006,,,,,,,
730,500623,,500623:premise:fra_Latn,,premise,contradiction,,,,,The horse on the left has a white mane.,The horse on the left has a white lead.,0.01523846946656704,0.027425283566117287,0.01523846946656704,0.01523846946656704,0.027425283566117287,0.01523846946656704,contradiction,0.9993835687637329,contradiction,0.9989845156669617,,,[],[],0.07692307692307687,False,"[""semantic_drift""]",,,,,,,0.4886787235736847,0.0676531121134758,0.08980543166399002,0.0676531121134758,0.6673765778541565,-0.38222718238830566,,,,,,,
730,500623,,500623:hypothesis:fra_Latn,,hypothesis,contradiction,,,,,The horse is solid black.,The horse is black.,0.9944779872894287,0.24622277915477753,0.24622277915477753,0.9944779872894287,0.24622277915477753,0.24622277915477753,contradiction,0.9993835687637329,contradiction,0.998672366142273,,,[],[],0.13636363636363635,False,"[""semantic_drift""]",,,,,,,0.9004653096199036,0.9919644594192505,0.8418667912483215,0.8418667912483215,0.909779965877533,0.5893229842185974,,,,,,,
731,501731,,501731:premise:fra_Latn,,premise,contradiction,,,,,"Two people, a woman wearing an orange shirt and a man wearing a blue shirt, are jumping out of swings in midair.","Two people, a woman dressed in a orange shirt and a man dressed in a blue shirt, were jumping scales in the air.",0.004385735839605331,0.001299650059081614,0.001299650059081614,0.004385735839605331,0.001299650059081614,0.001299650059081614,contradiction,0.999648928642273,contradiction,0.9987185001373291,,,[],"[{""group"":""space"",""original"":{""in"":1},""candidate"":{""in"":3},""field"":""premise""}]",0.2142857142857143,False,"[""semantic_drift""]",,,,,,,0.5633084177970886,0.981162428855896,0.2832900285720825,0.2832900285720825,0.808089554309845,-0.13985438644886017,,,,,,,
732,501926,,501926:premise:fra_Latn,,premise,contradiction,,,,,A man in a plaid shirt exhales smoke on a crowded city street.,A man in a plain shirt is breathing smoke in a crowded street in the city.,0.00098683952819556,0.0002343074738746509,0.0002343074738746509,0.00098683952819556,0.0002343074738746509,0.0002343074738746509,contradiction,0.8559443354606628,neutral,0.06799910962581635,,,[],"[{""group"":""space"",""original"":{""in"":1,""on"":1},""candidate"":{""in"":3},""field"":""premise""}]",0.2647058823529411,False,"[""semantic_drift"",""label_flip""]",,,,,,,0.8350505232810974,0.9652559757232666,0.005206904839724302,0.005206904839724302,0.7582334280014038,0.25124019384384155,,,,,,,
732,501926,,501926:hypothesis:fra_Latn,,hypothesis,contradiction,,,,,A firetruck goes down the street.,There's a fire truck down the street.,0.9969772100448608,0.9950998425483704,0.9950998425483704,0.9969772100448608,0.9950998425483704,0.9950998425483704,contradiction,0.8559443354606628,neutral,0.003983394708484411,,,[],[],0.19999999999999996,False,"[""label_flip""]",,,,,,,0.9469434022903442,0.9894904494285583,0.9900608062744141,0.9894904494285583,0.9470234513282776,0.10210426896810532,,,,,,,
733,502223,,502223:hypothesis:fra_Latn,,hypothesis,neutral,,,,,Three brothers wearing their favorite color shirt.,Three brothers wearing their favorite colored shirt.,0.9886232614517212,0.9926884174346924,0.9886232614517212,0.9886232614517212,0.9926884174346924,0.9886232614517212,neutral,0.9838272333145142,neutral,0.9854571223258972,,,[],[],0.019607843137254943,False,"[""trivial_copy""]",,,,,,,0.9967696666717529,0.9929810762405396,0.9932912588119507,0.9929810762405396,0.9691635966300964,1.0480161905288696,,,,,,,
735,503039,,503039:premise:fra_Latn,,premise,neutral,,,,,Girl poses on couch on suburban lawn.,There's a girl lying on the couch on the lawn in the suburbs.,0.863680362701416,0.616723895072937,0.616723895072937,0.863680362701416,0.616723895072937,0.616723895072937,neutral,0.9980321526527405,neutral,0.9899832010269165,,,[],"[{""group"":""space"",""original"":{""on"":2},""candidate"":{""in"":1,""on"":2},""field"":""premise""}]",0.4897959183673469,False,"[""semantic_drift""]",,,,,,,0.8500598073005676,0.07372305542230606,0.2952527701854706,0.07372305542230606,0.9187183976173401,-0.16269633173942566,,,,,,,
735,503039,,503039:hypothesis:fra_Latn,,hypothesis,neutral,,,,,A girl posing for a photo shoot on a couch.,A girl posing for a photo shoot on a couch.,0.9962406158447266,0.9962406158447266,0.9962406158447266,0.9962406158447266,0.9962406158447266,0.9962406158447266,neutral,0.9980321526527405,neutral,0.9980321526527405,,,[],[],0.0,False,"[""trivial_copy""]",,,,,,,0.9968197345733643,0.9929498434066772,0.9929498434066772,0.9929498434066772,0.97028648853302,1.0724378824234009,,,,,,,
737,504992,,504992:premise:fra_Latn,,premise,entailment,,,,,Two women walking toward the camera along a sidewalk while wearing a backpack and showing midriff.,"Two women walking towards the camera along a sidewalk, carrying a backpack and showing their stomachs.",0.9934887886047363,0.9959138035774231,0.9934887886047363,0.9934887886047363,0.9959138035774231,0.9934887886047363,entailment,0.9268132448196411,entailment,0.7065557837486267,,,[],[],0.16000000000000003,False,"[""low_nli_confidence""]",,,,,,,0.7751397490501404,0.9590941667556763,0.9586759209632874,0.9586759209632874,0.7994438409805298,0.23739218711853027,,,,,,,
739,506414,,506414:premise:fra_Latn,,premise,neutral,,,,,The trees are green,The trees are green.,0.9953839182853699,0.9957143664360046,0.9953839182853699,0.9953839182853699,0.9957143664360046,0.9953839182853699,neutral,0.900074303150177,neutral,0.9104642868041992,,,[],[],0.02564102564102566,False,"[""trivial_copy""]",,,,,,,0.9966177344322205,0.9943285584449768,0.9942968487739563,0.9942968487739563,0.9664417505264282,0.9904844760894775,,,,,,,
739,506414,,506414:hypothesis:fra_Latn,,hypothesis,neutral,,,,,All trees are green.,All the trees are green.,0.9943217039108276,0.9945047497749329,0.9943217039108276,0.9943217039108276,0.9945047497749329,0.9943217039108276,neutral,0.900074303150177,neutral,0.7734698057174683,,,[],[],0.09090909090909094,False,"[""low_nli_confidence""]",,,,,,,0.9956191182136536,0.9935557246208191,0.9944379329681396,0.9935557246208191,0.9632455706596375,0.9597668647766113,,,,,,,
740,508521,,508521:premise:fra_Latn,,premise,neutral,,,,,A person in a red shirt doing tricks on a bicycle.,A person in a red shirt does things on a bike.,0.9966830611228943,0.0038930275477468967,0.0038930275477468967,0.9966830611228943,0.0038930275477468967,0.0038930275477468967,neutral,0.996397852897644,neutral,0.9966543912887573,,,[],[],0.16666666666666663,False,"[""semantic_drift""]",,,,,,,0.9248314499855042,0.9939519762992859,0.14967502653598785,0.14967502653598785,0.8450928330421448,0.4033994674682617,,,,,,,
741,509169,,509169:premise:fra_Latn,,premise,neutral,,,,,A couple hug in a crowded place.,A hug in a crowded place.,0.9927375912666321,0.0007369605591520667,0.0007369605591520667,0.9927375912666321,0.0007369605591520667,0.0007369605591520667,neutral,0.9978508949279785,neutral,0.9984250068664551,,,[],"[{""group"":""number"",""original"":{""2"":1},""candidate"":{},""field"":""premise""},{""group"":""quantifier"",""original"":{""couple"":1},""candidate"":{},""field"":""premise""}]",0.1228070175438597,False,"[""semantic_drift""]",,,,,,,0.7217398285865784,0.9927107095718384,0.015132231637835503,0.015132231637835503,0.7257648706436157,0.5354973673820496,,,,,,,
741,509169,,509169:hypothesis:fra_Latn,,hypothesis,neutral,,,,,A man hugs his boyfriend at a protest.,A man kisses his boyfriend at a demonstration.,0.0009054492111317813,0.00655590882524848,0.0009054492111317813,0.0009054492111317813,0.00655590882524848,0.0009054492111317813,neutral,0.9978508949279785,contradiction,0.28124603629112244,,,[],[],0.26190476190476186,False,"[""semantic_drift"",""label_flip""]",,,,,,,0.6948074698448181,0.7009106278419495,0.9692213535308838,0.7009106278419495,0.7839646935462952,-0.07923483848571777,,,,,,,
742,509328,,509328:premise:fra_Latn,,premise,entailment,,,,,A woman in an orange bikini is massaging a man.,A woman in an orange bikini slaps a man.,0.00018034456297755241,0.000157698814291507,0.000157698814291507,0.00018034456297755241,0.000157698814291507,0.000157698814291507,entailment,0.9971332550048828,entailment,0.9925121068954468,,,[],[],0.12643678160919536,False,"[""semantic_drift""]",,,,,,,0.2852672338485718,0.0003744611458387226,0.0011914100032299757,0.0003744611458387226,0.5519848465919495,0.03991086781024933,,,,,,,
743,509438,,509438:hypothesis:fra_Latn,,hypothesis,entailment,,,,,The women are esitting in a white room.,The women are in a white room.,0.9958434700965881,0.015538721345365047,0.015538721345365047,0.9958434700965881,0.015538721345365047,0.015538721345365047,entailment,0.9808907508850098,entailment,0.9839969277381897,,,[],[],0.13043478260869568,False,"[""semantic_drift""]",,,,,,,0.869097113609314,0.9905387163162231,0.75417160987854,0.75417160987854,0.8940837979316711,0.48925405740737915,,,,,,,
744,510455,,510455:premise:fra_Latn,,premise,entailment,,,,,Here is a picture of an older lady wearing a beanie and carrying her terrier in a field outside.,Here's a picture of an old lady wearing a beanie and carrying her terrier in a field outside.,0.9939085245132446,0.9866926074028015,0.9866926074028015,0.9939085245132446,0.9866926074028015,0.9866926074028015,entailment,0.9954686164855957,entailment,0.9968605041503906,,,[],[],0.02645502645502651,False,"[""trivial_copy""]",,,,,,,0.9968305230140686,0.9938685297966003,0.9939561486244202,0.9938685297966003,0.9722684621810913,0.9358195066452026,,,,,,,
744,510455,,510455:hypothesis:fra_Latn,,hypothesis,entailment,,,,,Here is a picture of a older person wearing a hat and carrying her dog outside.,Here's a picture of an elderly person wearing a hat and carrying his dog outside.,0.006676763296127319,0.0030970650259405375,0.0030970650259405375,0.006676763296127319,0.0030970650259405375,0.0030970650259405375,entailment,0.9954686164855957,entailment,0.5066754817962646,,,[],[],0.07499999999999996,False,"[""semantic_drift"",""low_nli_confidence""]",,,,,,,0.9007900953292847,0.4695926606655121,0.8489306569099426,0.4695926606655121,0.8498630523681641,0.6854043006896973,,,,,,,
745,510869,,510869:premise:fra_Latn,,premise,neutral,,,,,A man is sitting on the floor meditating,A man is sitting on the floor meditating.,0.9976246953010559,0.9972395896911621,0.9972395896911621,0.9976246953010559,0.9972395896911621,0.9972395896911621,neutral,0.9992777705192566,neutral,0.999226450920105,,,[],[],0.012345679012345734,False,"[""trivial_copy""]",,,,,,,0.9966626763343811,0.9931422472000122,0.9934784173965454,0.9931422472000122,0.9674152135848999,1.0313136577606201,,,,,,,
746,511280,,511280:premise:fra_Latn,,premise,contradiction,,,,,A mottled black and gray dog in a blue collar jumping over a fallen tree.,"A black gray dog with a blue collar, jumping on a fallen tree.",0.9450488686561584,0.0329962819814682,0.0329962819814682,0.9450488686561584,0.0329962819814682,0.0329962819814682,contradiction,0.9994698166847229,contradiction,0.999652624130249,,,[],"[{""group"":""space"",""original"":{""over"":1,""in"":1},""candidate"":{""on"":1},""field"":""premise""}]",0.15555555555555556,False,"[""semantic_drift""]",,,,,,,0.9115465879440308,0.9657794833183289,0.2463039755821228,0.2463039755821228,0.8246909379959106,0.5193843245506287,,,,,,,
747,511871,,511871:hypothesis:fra_Latn,,hypothesis,neutral,,,,,Floyd Mayweather is laying some smack down on a hapless challenger.,Floyd Mayweather is taking on an unfortunate challenge.,0.9438246488571167,0.43820950388908386,0.43820950388908386,0.9438246488571167,0.43820950388908386,0.43820950388908386,neutral,0.9902698993682861,neutral,0.9461125731468201,,,[],"[{""group"":""quantifier"",""original"":{""some"":1},""candidate"":{},""field"":""hypothesis""}]",0.29508196721311475,False,"[""semantic_drift""]",,,,,,,0.594653308391571,0.9871107339859009,0.9206398725509644,0.9206398725509644,0.7157769203186035,0.2708243131637573,,,,,,,
748,512053,,512053:premise:fra_Latn,,premise,contradiction,,,,,"Man performing stunt, lady breaking block on his stomach with sludge hammer.","A man cascades, a woman breaks a block on her stomach with a mud hammer.",0.2570866048336029,0.3874528706073761,0.2570866048336029,0.2570866048336029,0.3874528706073761,0.2570866048336029,contradiction,0.9995456337928772,contradiction,0.99941086769104,,,[],[],0.32432432432432434,False,"[""semantic_drift""]",,,,,,,0.8464260697364807,0.8266721963882446,0.8833412528038025,0.8266721963882446,0.7221983075141907,-0.6873555183410645,,,,,,,
749,512639,,512639:hypothesis:fra_Latn,,hypothesis,neutral,,,,,The skateboarder landed the jump perfectly.,The skateboarder landed perfectly.,0.9948587417602539,0.014136108569800854,0.014136108569800854,0.9948587417602539,0.014136108569800854,0.014136108569800854,neutral,0.9992159605026245,neutral,0.995628833770752,,,[],[],0.11688311688311692,False,"[""semantic_drift""]",,,,,,,0.7619597315788269,0.9925717711448669,0.02005092427134514,0.02005092427134514,0.7398915886878967,0.6211537718772888,,,,,,,
750,512695,,512695:premise:fra_Latn,,premise,entailment,,,,,A young girl in a pink shirt creates a painting on paper.,A girl in a pink shirt creates a painting on paper.,0.996565043926239,0.025700222700834274,0.025700222700834274,0.996565043926239,0.025700222700834274,0.025700222700834274,entailment,0.9232550859451294,entailment,0.519309937953949,,,[],[],0.05555555555555558,False,"[""semantic_drift"",""low_nli_confidence""]",,,,,,,0.952033281326294,0.993564784526825,0.03844638168811798,0.03844638168811798,0.9464146494865417,0.9069412350654602,,,,,,,
751,512778,,512778:premise:fra_Latn,,premise,contradiction,,,,,"A man riding a four-wheel ATV in the dessert, kicking up sand in his wake.","A four-wheeled man in dessert, climbing sand after him.",0.9231176972389221,0.008820603601634502,0.008820603601634502,0.9231176972389221,0.008820603601634502,0.008820603601634502,contradiction,0.9979509711265564,contradiction,0.8099085688591003,,,[],"[{""group"":""time"",""original"":{},""candidate"":{""after"":1},""field"":""premise""},{""group"":""space"",""original"":{""in"":2},""candidate"":{""in"":1},""field"":""premise""}]",0.3643410852713178,False,"[""semantic_drift""]",,,,,,,0.8476454615592957,0.9359174966812134,0.284494012594223,0.284494012594223,0.7610209584236145,-0.16782167553901672,,,,,,,
752,513211,,513211:hypothesis:fra_Latn,,hypothesis,neutral,,,,,The two men are sweating.,The two men are sweating.,0.9978464841842651,0.9978464841842651,0.9978464841842651,0.9978464841842651,0.9978464841842651,0.9978464841842651,neutral,0.9990469813346863,neutral,0.9990469813346863,,,[],[],0.0,False,"[""trivial_copy""]",,,,,,,0.9962987303733826,0.9939312934875488,0.9939312934875488,0.9939312934875488,0.9669018983840942,1.0665165185928345,,,,,,,
755,514380,,514380:premise:fra_Latn,,premise,neutral,,,,,"A woman, with a drink in hand, is leaning against a silver car parked along the street, while looking at the camera.","A woman, holding a glass in her hand, leans on a silver car parked along the street, looking at the camera.",0.6113067269325256,0.9963390827178955,0.6113067269325256,0.6113067269325256,0.9963390827178955,0.6113067269325256,neutral,0.9921820759773254,neutral,0.9939801692962646,,,[],"[{""group"":""space"",""original"":{""in"":1},""candidate"":{""in"":1,""on"":1},""field"":""premise""}]",0.2017937219730942,False,"[""semantic_drift""]",,,,,,,0.9330452084541321,0.9845896363258362,0.9921659231185913,0.9845896363258362,0.823456346988678,0.6832826733589172,,,,,,,
757,516128,,516128:premise:fra_Latn,,premise,entailment,,,,,A man in a green striped shirt drums furiously.,A man in a green striped shirt is beating furiously.,0.9952417612075806,0.9938812255859375,0.9938812255859375,0.9952417612075806,0.9938812255859375,0.9938812255859375,entailment,0.9933412671089172,neutral,0.30313485860824585,,,[],[],0.13131313131313127,False,"[""label_flip""]",,,,,,,0.8656922578811646,0.9836220145225525,0.931437075138092,0.931437075138092,0.7387679219245911,-0.048752181231975555,,,,,,,
761,519201,,519201:premise:fra_Latn,,premise,contradiction,,,,,A white ice cream truck stopped on the side of the road and a man stopped to buy some.,A truck of white ice stopped by the side of the road and a man stopped to buy one.,0.5529099106788635,0.017106734216213226,0.017106734216213226,0.5529099106788635,0.017106734216213226,0.017106734216213226,contradiction,0.9991689920425415,contradiction,0.9993847608566284,,,[],"[{""group"":""number"",""original"":{},""candidate"":{""1"":1},""field"":""premise""},{""group"":""quantifier"",""original"":{""some"":1},""candidate"":{},""field"":""premise""},{""group"":""space"",""original"":{""on"":1},""candidate"":{},""field"":""premise""}]",0.16666666666666663,False,"[""semantic_drift""]",,,,,,,0.8769208192825317,0.9924192428588867,0.8869315385818481,0.8869315385818481,0.9107839465141296,0.3562471270561218,,,,,,,
761,519201,,519201:hypothesis:fra_Latn,,hypothesis,contradiction,,,,,A green ice cream truck stopped on the side of the road and a woman stopped to buy some.,A green ice truck stopped by the side of the road and a woman stopped to buy one.,0.4827346205711365,0.016939643770456314,0.016939643770456314,0.4827346205711365,0.016939643770456314,0.016939643770456314,contradiction,0.9991689920425415,contradiction,0.9993900060653687,,,[],"[{""group"":""number"",""original"":{},""candidate"":{""1"":1},""field"":""hypothesis""},{""group"":""quantifier"",""original"":{""some"":1},""candidate"":{},""field"":""hypothesis""},{""group"":""space"",""original"":{""on"":1},""candidate"":{},""field"":""hypothesis""}]",0.07692307692307687,False,"[""semantic_drift""]",,,,,,,0.8446959853172302,0.9933384656906128,0.1914447396993637,0.1914447396993637,0.8889299631118774,0.603791356086731,,,,,,,
762,519469,,519469:premise:fra_Latn,,premise,neutral,,,,,Many birds are sitting on a concrete wall.,Many birds are sitting on a concrete wall.,0.9964966177940369,0.9964966177940369,0.9964966177940369,0.9964966177940369,0.9964966177940369,0.9964966177940369,neutral,0.9988049268722534,neutral,0.9988049268722534,,,[],[],0.0,False,"[""trivial_copy""]",,,,,,,0.9968366622924805,0.9937388896942139,0.9937388896942139,0.9937388896942139,0.9685750007629395,1.03693687915802,,,,,,,
768,523638,,523638:premise:fra_Latn,,premise,contradiction,,,,,A person is walking by a wall that is surrounding a church.,A person walks through a wall that surrounds a church.,0.0012444236781448126,0.29195907711982727,0.0012444236781448126,0.0012444236781448126,0.29195907711982727,0.0012444236781448126,contradiction,0.997591495513916,contradiction,0.9990922212600708,,,[],"[{""group"":""space"",""original"":{},""candidate"":{""through"":1},""field"":""premise""}]",0.20353982300884954,False,"[""semantic_drift""]",,,,,,,0.9033620953559875,0.9130016565322876,0.9604153633117676,0.9130016565322876,0.9194480180740356,0.7935166954994202,,,,,,,
768,523638,,523638:hypothesis:fra_Latn,,hypothesis,contradiction,,,,,A person is walking by an ice cream stand.,A person is walking by an ice stand.,0.041658464819192886,0.007713252678513527,0.007713252678513527,0.041658464819192886,0.007713252678513527,0.007713252678513527,contradiction,0.997591495513916,contradiction,0.9979471564292908,,,[],[],0.07692307692307687,False,"[""semantic_drift""]",,,,,,,0.9086106419563293,0.9912897348403931,0.1986524909734726,0.1986524909734726,0.8651252388954163,0.5344612002372742,,,,,,,
769,524089,,524089:premise:fra_Latn,,premise,entailment,,,,,A brunette with a lei around her head.,A brunette with a law around her head.,0.09877017885446548,0.003161299740895629,0.003161299740895629,0.09877017885446548,0.003161299740895629,0.003161299740895629,entailment,0.9881415367126465,contradiction,0.0016448568785563111,,,[],[],0.052631578947368474,False,"[""semantic_drift"",""label_flip""]",,,,,,,0.5527864098548889,0.6618078947067261,0.4054470956325531,0.4054470956325531,0.5325171947479248,-0.29022932052612305,,,,,,,
769,524089,,524089:hypothesis:fra_Latn,,hypothesis,entailment,,,,,A person with a lei around their head.,A person with a law around his head.,0.010588658042252064,0.0012290002778172493,0.0012290002778172493,0.010588658042252064,0.0012290002778172493,0.0012290002778172493,entailment,0.9881415367126465,contradiction,0.0009279523510485888,,,[],[],0.10810810810810811,False,"[""semantic_drift"",""label_flip""]",,,,,,,0.4827919006347656,0.7826738953590393,0.164316326379776,0.164316326379776,0.34982454776763916,-0.602215051651001,,,,,,,
770,524354,,524354:premise:fra_Latn,,premise,contradiction,,,,,Two girls looking at bubbles in the air.,Two girls looking at bubbles in the air.,0.994158148765564,0.994158148765564,0.994158148765564,0.994158148765564,0.994158148765564,0.994158148765564,contradiction,0.9995465874671936,contradiction,0.9995465874671936,,,[],[],0.0,False,"[""trivial_copy""]",,,,,,,0.9966033697128296,0.9925225377082825,0.9925225377082825,0.9925225377082825,0.9687578678131104,1.0805705785751343,,,,,,,
771,524385,,524385:premise:fra_Latn,,premise,neutral,,,,,A boy in a flowered apron standing at a stove while a woman stirs a pot in the background.,An abortion boy blooms standing in front of a stove while a woman moves a pot in the background.,0.08757104724645615,0.03392508998513222,0.03392508998513222,0.08757104724645615,0.03392508998513222,0.03392508998513222,neutral,0.8443605303764343,neutral,0.7223085165023804,,,[],"[{""group"":""space"",""original"":{""in"":2},""candidate"":{""front"":1,""in"":2},""field"":""premise""}]",0.25806451612903225,False,"[""semantic_drift"",""low_nli_confidence""]",,,,,,,0.6713839173316956,0.8472066521644592,0.1378888189792633,0.1378888189792633,0.6601967811584473,-0.6459120512008667,,,,,,,
771,524385,,524385:hypothesis:fra_Latn,,hypothesis,neutral,,,,,A boy in a flowered apron is helping make soup.,An abortion boy with flowers helps prepare the soup.,0.36551326513290405,0.00822922307997942,0.00822922307997942,0.36551326513290405,0.00822922307997942,0.00822922307997942,neutral,0.8443605303764343,neutral,0.853721559047699,,,[],"[{""group"":""space"",""original"":{""in"":1},""candidate"":{},""field"":""hypothesis""}]",0.41414141414141414,False,"[""semantic_drift""]",,,,,,,0.6601136922836304,0.9830217361450195,0.6122605800628662,0.6122605800628662,0.6926541328430176,-0.6144769787788391,,,,,,,
772,524406,,524406:premise:fra_Latn,,premise,neutral,,,,,A young woman is stirring something in a pot while a young boy wearing a flowered apron stands by her.,"A young woman is moving something in a pot, while a young boy is standing next to her wearing a flower bed.",0.18631115555763245,0.5167336463928223,0.18631115555763245,0.18631115555763245,0.5167336463928223,0.18631115555763245,neutral,0.9934629201889038,neutral,0.9968619346618652,,,[],[],0.26315789473684215,False,"[""semantic_drift""]",,,,,,,0.7294034957885742,0.725395679473877,0.08624383807182312,0.08624383807182312,0.7344542741775513,-0.022467926144599915,,,,,,,
773,524854,,524854:hypothesis:fra_Latn,,hypothesis,neutral,,,,,A girl is proud of her object.,A girl is proud of her object.,0.9964214563369751,0.9964214563369751,0.9964214563369751,0.9964214563369751,0.9964214563369751,0.9964214563369751,neutral,0.9924572706222534,neutral,0.9924572706222534,,,[],[],0.0,False,"[""trivial_copy""]",,,,,,,0.9967317581176758,0.9940782785415649,0.9940782785415649,0.9940782785415649,0.9678847789764404,1.0365409851074219,,,,,,,
774,527833,,527833:premise:fra_Latn,,premise,entailment,,,,,These two people are eating.,These two people are eating.,0.9968841671943665,0.9968841671943665,0.9968841671943665,0.9968841671943665,0.9968841671943665,0.9968841671943665,entailment,0.9979883432388306,entailment,0.9979883432388306,,,[],[],0.0,False,"[""trivial_copy""]",,,,,,,0.9967970252037048,0.9941151142120361,0.9941151142120361,0.9941151142120361,0.9629066586494446,1.0715117454528809,,,,,,,
775,528482,,528482:hypothesis:fra_Latn,,hypothesis,entailment,,,,,A man wearing a robe looks to be very religious,A man dressed in a dress seems very religious.,0.02011094056069851,0.15845559537410736,0.02011094056069851,0.02011094056069851,0.15845559537410736,0.02011094056069851,entailment,0.9855297803878784,entailment,0.8745798468589783,,,[],"[{""group"":""space"",""original"":{},""candidate"":{""in"":1},""field"":""hypothesis""}]",0.31182795698924726,False,"[""semantic_drift""]",,,,,,,0.7161738276481628,0.4615667462348938,0.17744016647338867,0.17744016647338867,0.6706110239028931,0.5879387855529785,,,,,,,
777,530538,,530538:premise:fra_Latn,,premise,entailment,,,,,Four young boys are standing around a grill.,Four young boys are standing around a grill.,0.9961387515068054,0.9961387515068054,0.9961387515068054,0.9961387515068054,0.9961387515068054,0.9961387515068054,entailment,0.978131890296936,entailment,0.978131890296936,,,[],[],0.0,False,"[""trivial_copy""]",,,,,,,0.9967599511146545,0.9936972260475159,0.9936972260475159,0.9936972260475159,0.9667125940322876,1.043209433555603,,,,,,,
779,533036,,533036:hypothesis:fra_Latn,,hypothesis,entailment,,,,,A sewing machine is used by a woman wearing a colorful shawl.,A sewing machine is used by a woman wearing a colorful shawl.,0.991874635219574,0.991874635219574,0.991874635219574,0.991874635219574,0.991874635219574,0.991874635219574,entailment,0.9974307417869568,entailment,0.9974307417869568,,,[],[],0.0,False,"[""trivial_copy""]",,,,,,,0.9967389702796936,0.9926935434341431,0.9926935434341431,0.9926935434341431,0.9720891118049622,1.0141572952270508,,,,,,,
780,534650,,534650:premise:fra_Latn,,premise,contradiction,,,,,Someone in a blue coat and white sneakers is airborne.,Someone in a blue coat and white sneakers is on the run.,0.05197768285870552,0.0627240315079689,0.05197768285870552,0.05197768285870552,0.0627240315079689,0.05197768285870552,contradiction,0.9995025396347046,contradiction,0.9989847540855408,,,[],"[{""group"":""space"",""original"":{""in"":1},""candidate"":{""in"":1,""on"":1},""field"":""premise""}]",0.12727272727272732,False,"[""semantic_drift""]",,,,,,,0.6577185392379761,0.8172279596328735,0.7166169881820679,0.7166169881820679,0.6936146020889282,0.4077957570552826,,,,,,,
786,540283,,540283:premise:fra_Latn,,premise,neutral,,,,,"A horse pulls a wagon with a bale of hay on top, while a man sits on top of the bale with his hand in the air.","A horse pulls a chariot with a hay ball on top, while a man sits on the ball with his hand up in the air.",0.0010390996467322111,0.01280529610812664,0.0010390996467322111,0.0010390996467322111,0.01280529610812664,0.0010390996467322111,neutral,0.9991987347602844,neutral,0.9983988404273987,,,[],[],0.15348837209302324,False,"[""semantic_drift""]",,,,,,,0.5655673742294312,0.26508069038391113,0.5076124668121338,0.26508069038391113,0.8058038353919983,0.07817508280277252,,,,,,,
786,540283,,540283:hypothesis:fra_Latn,,hypothesis,neutral,,,,,A man wears a hat.,A man wears a hat.,0.9977420568466187,0.9977420568466187,0.9977420568466187,0.9977420568466187,0.9977420568466187,0.9977420568466187,neutral,0.9991987347602844,neutral,0.9991987347602844,,,[],[],0.0,False,"[""trivial_copy""]",,,,,,,0.9966261386871338,0.9929745197296143,0.9929745197296143,0.9929745197296143,0.9657025337219238,1.0665020942687988,,,,,,,
791,542646,,542646:premise:fra_Latn,,premise,contradiction,,,,,A sports team is lined up outside.,There's a sports team outside.,0.9963721036911011,0.015959948301315308,0.015959948301315308,0.9963721036911011,0.015959948301315308,0.015959948301315308,contradiction,0.9995792508125305,neutral,0.008430393412709236,,,[],[],0.3125,False,"[""semantic_drift"",""label_flip""]",,,,,,,0.8548675775527954,0.9889623522758484,0.10333952307701111,0.10333952307701111,0.8929228782653809,0.3950374722480774,,,,,,,
792,543160,,543160:premise:fra_Latn,,premise,entailment,,,,,A man has a pan and what looks like a block of dirt.,A man has a pot and what looks like a block of earth.,0.9734148383140564,0.8912726044654846,0.8912726044654846,0.9734148383140564,0.8912726044654846,0.8912726044654846,entailment,0.993747353553772,contradiction,0.04224377125501633,,,[],[],0.08571428571428574,False,"[""semantic_drift"",""label_flip""]",,,,,,,0.8666691780090332,0.9435016512870789,0.9418491721153259,0.9418491721153259,0.5749546885490417,-0.018609367311000824,,,,,,,
792,543160,,543160:hypothesis:fra_Latn,,hypothesis,entailment,,,,,A man with a pan.,A man with a pot.,0.2274814397096634,0.07313630729913712,0.07313630729913712,0.2274814397096634,0.07313630729913712,0.07313630729913712,entailment,0.993747353553772,entailment,0.49000653624534607,,,[],[],0.11764705882352944,False,"[""semantic_drift"",""low_nli_confidence""]",,,,,,,0.9240595698356628,0.9055824875831604,0.5082806348800659,0.5082806348800659,0.4651840031147003,0.09618622064590454,,,,,,,
794,546367,,546367:premise:fra_Latn,,premise,entailment,,,,,Two people are standing in a flower shop.,Two people are standing in a flower shop.,0.9969442486763,0.9969442486763,0.9969442486763,0.9969442486763,0.9969442486763,0.9969442486763,entailment,0.9933868050575256,entailment,0.9933868050575256,,,[],[],0.0,False,"[""trivial_copy""]",,,,,,,0.9967404007911682,0.9934443235397339,0.9934443235397339,0.9934443235397339,0.968295156955719,1.0660731792449951,,,,,,,
794,546367,,546367:hypothesis:fra_Latn,,hypothesis,entailment,,,,,People in a store.,People in a store.,0.9944296479225159,0.9944296479225159,0.9944296479225159,0.9944296479225159,0.9944296479225159,0.9944296479225159,entailment,0.9933868050575256,entailment,0.9933868050575256,,,[],[],0.0,False,"[""trivial_copy""]",,,,,,,0.9925343990325928,0.9808128476142883,0.9808128476142883,0.9808128476142883,0.9616233706474304,1.1257092952728271,,,,,,,
795,547621,,547621:premise:fra_Latn,,premise,entailment,,,,,Three dogs playing in the snow.,Three dogs playing in the snow.,0.9956069588661194,0.9956069588661194,0.9956069588661194,0.9956069588661194,0.9956069588661194,0.9956069588661194,entailment,0.9940324425697327,entailment,0.9940324425697327,,,[],[],0.0,False,"[""trivial_copy""]",,,,,,,0.9959514141082764,0.9933952689170837,0.9933952689170837,0.9933952689170837,0.9686510562896729,1.0922508239746094,,,,,,,
796,548940,,548940:premise:fra_Latn,,premise,neutral,,,,,A man in a yellow shirt is reading a book.,A man in a yellow shirt is reading a book.,0.9973325729370117,0.9973325729370117,0.9973325729370117,0.9973325729370117,0.9973325729370117,0.9973325729370117,neutral,0.9986711740493774,neutral,0.9986711740493774,,,[],[],0.0,False,"[""trivial_copy""]",,,,,,,0.9967097043991089,0.9937204122543335,0.9937204122543335,0.9937204122543335,0.9692167639732361,1.060884952545166,,,,,,,
796,548940,,548940:hypothesis:fra_Latn,,hypothesis,neutral,,,,,A man is reading while waiting for a bus.,A man is reading while waiting for a bus.,0.9974192380905151,0.9974192380905151,0.9974192380905151,0.9974192380905151,0.9974192380905151,0.9974192380905151,neutral,0.9986711740493774,neutral,0.9986711740493774,,,[],[],0.0,False,"[""trivial_copy""]",,,,,,,0.9964097142219543,0.9934362173080444,0.9934362173080444,0.9934362173080444,0.9691691994667053,1.0552096366882324,,,,,,,
798,549274,,549274:premise:fra_Latn,,premise,entailment,,,,,A female swimmer wearing a swim cap and nose clips moves slowly through the water is seen from below.,A swimming woman wearing a swimming cap and nosebrushes moves slowly into the water.,0.9514005184173584,0.03219350054860115,0.03219350054860115,0.9514005184173584,0.03219350054860115,0.03219350054860115,entailment,0.99709153175354,entailment,0.9965575933456421,,,[],"[{""group"":""space"",""original"":{""through"":1},""candidate"":{},""field"":""premise""}]",0.3189189189189189,False,"[""semantic_drift""]",,,,,,,0.8870128393173218,0.5039476752281189,0.7874687314033508,0.5039476752281189,0.8589061498641968,0.2067725658416748,,,,,,,
798,549274,,549274:hypothesis:fra_Latn,,hypothesis,entailment,,,,,A female swimmer swims.,A swimmer is swimming.,0.9975354671478271,0.0007921837968751788,0.0007921837968751788,0.9975354671478271,0.0007921837968751788,0.0007921837968751788,entailment,0.99709153175354,entailment,0.9957973957061768,,,[],[],0.33333333333333337,False,"[""semantic_drift""]",,,,,,,0.7890607118606567,0.9778032302856445,0.08056671917438507,0.08056671917438507,0.7736654281616211,-0.48178553581237793,,,,,,,
799,549910,,549910:hypothesis:fra_Latn,,hypothesis,contradiction,,,,,The crowd is sitting in a field.,The crowd is sitting in a field.,0.9971952438354492,0.9971952438354492,0.9971952438354492,0.9971952438354492,0.9971952438354492,0.9971952438354492,contradiction,0.9995772242546082,contradiction,0.9995772242546082,,,[],[],0.0,False,"[""trivial_copy""]",,,,,,,0.9968093037605286,0.9936376214027405,0.9936376214027405,0.9936376214027405,0.9671890735626221,0.9950302839279175,,,,,,,
