input_position,source_index,candidate_id,augmented_field,gold_label,source_nli_status,original_nli_predicted_label,original_nli_gold_probability,translation_performed,original_sentence,back_translated_sentence,semantic_forward,semantic_backward,semantic_min,candidate_nli_predicted_label,candidate_nli_gold_probability,generation_truncated,source_to_pivot_generation_truncated,pivot_to_source_generation_truncated,logical_cue_changes,hard_cue_changes,soft_cue_changes,change_ratio,accepted,reasons,translation_model,translation_model_revision,verifier_model,verifier_model_revision
0,21,21:premise:fra_Latn,premise,neutral,RELIABLE_GOLD,neutral,0.9951857924461365,True,"A man with blond-hair, and a brown shirt drinking out of a public water fountain.",A man with blond hair and a brown shirt drinking from a public water fountain.,0.995466947555542,0.9952712655067444,0.9952712655067444,neutral,0.995555579662323,False,False,False,[],[],[],0.0691823899371069,True,[],facebook/nllb-200-distilled-600M,f8d333a098d19b4fd9a8b18f94170487ad3f821d,MoritzLaurer/DeBERTa-v3-base-mnli-fever-anli,6f5cf0a2b59cabb106aca4c287eed12e357e90eb
0,21,21:hypothesis:fra_Latn,hypothesis,neutral,RELIABLE_GOLD,neutral,0.9951857924461365,True,A blond man getting a drink of water from a fountain in the park.,Blonde man drinking water from a fountain in the park.,0.9981529116630554,0.9976881742477417,0.9976881742477417,neutral,0.9938858151435852,False,False,False,[],[],[],0.15966386554621848,True,[],facebook/nllb-200-distilled-600M,f8d333a098d19b4fd9a8b18f94170487ad3f821d,MoritzLaurer/DeBERTa-v3-base-mnli-fever-anli,6f5cf0a2b59cabb106aca4c287eed12e357e90eb
1,90,90:premise:fra_Latn,premise,contradiction,RELIABLE_GOLD,contradiction,0.9988769888877869,True,"A woman is walking across the street eating a banana, while a man is following with his briefcase.","A woman crosses the street eating a banana, while a man follows with his suitcase.",0.9955536723136902,0.9937716126441956,0.9937716126441956,contradiction,0.9983671307563782,False,False,False,[],[],[],0.15555555555555556,True,[],facebook/nllb-200-distilled-600M,f8d333a098d19b4fd9a8b18f94170487ad3f821d,MoritzLaurer/DeBERTa-v3-base-mnli-fever-anli,6f5cf0a2b59cabb106aca4c287eed12e357e90eb
1,90,90:hypothesis:fra_Latn,hypothesis,contradiction,RELIABLE_GOLD,contradiction,0.9988769888877869,True,Nobody has food.,No one has food.,0.9970947504043579,0.9971195459365845,0.9970947504043579,contradiction,0.9993472695350647,False,False,False,[],[],[],0.1875,True,[],facebook/nllb-200-distilled-600M,f8d333a098d19b4fd9a8b18f94170487ad3f821d,MoritzLaurer/DeBERTa-v3-base-mnli-fever-anli,6f5cf0a2b59cabb106aca4c287eed12e357e90eb
4,941,941:premise:fra_Latn,premise,contradiction,RELIABLE_GOLD,contradiction,0.9978331923484802,True,A woman talks to two other women and a man with notepads in an office building with large windows.,A woman is talking to two other women and a man with notebooks in an office building with large windows.,0.9940477609634399,0.993462324142456,0.993462324142456,contradiction,0.9987118244171143,False,False,False,[],[],[],0.06930693069306926,True,[],facebook/nllb-200-distilled-600M,f8d333a098d19b4fd9a8b18f94170487ad3f821d,MoritzLaurer/DeBERTa-v3-base-mnli-fever-anli,6f5cf0a2b59cabb106aca4c287eed12e357e90eb
4,941,941:hypothesis:fra_Latn,hypothesis,contradiction,RELIABLE_GOLD,contradiction,0.9978331923484802,True,a man talks to ducks in a pond,A man is talking to ducks in a pond,0.9932776093482971,0.9962608218193054,0.9932776093482971,contradiction,0.9990010857582092,False,False,False,[],[],[],0.10769230769230764,True,[],facebook/nllb-200-distilled-600M,f8d333a098d19b4fd9a8b18f94170487ad3f821d,MoritzLaurer/DeBERTa-v3-base-mnli-fever-anli,6f5cf0a2b59cabb106aca4c287eed12e357e90eb
6,2194,2194:premise:fra_Latn,premise,neutral,RELIABLE_GOLD,neutral,0.9989271759986877,True,Two people are planting small bushes near a grassy area.,Two people are planting little bushes near a grassy area.,0.9979504942893982,0.9974109530448914,0.9974109530448914,neutral,0.9988778233528137,False,False,False,[],[],[],0.06194690265486724,True,[],facebook/nllb-200-distilled-600M,f8d333a098d19b4fd9a8b18f94170487ad3f821d,MoritzLaurer/DeBERTa-v3-base-mnli-fever-anli,6f5cf0a2b59cabb106aca4c287eed12e357e90eb
6,2194,2194:hypothesis:fra_Latn,hypothesis,neutral,RELIABLE_GOLD,neutral,0.9989271759986877,True,Two people are planting bushes for charity.,Two people planting bushes for charity.,0.9966105818748474,0.993664026260376,0.993664026260376,neutral,0.9989591836929321,False,False,False,[],[],[],0.04878048780487809,True,[],facebook/nllb-200-distilled-600M,f8d333a098d19b4fd9a8b18f94170487ad3f821d,MoritzLaurer/DeBERTa-v3-base-mnli-fever-anli,6f5cf0a2b59cabb106aca4c287eed12e357e90eb
7,3208,3208:premise:fra_Latn,premise,entailment,RELIABLE_GOLD,entailment,0.9686083197593689,True,A boat captain steering a large green wheel.,A ship captain driving a big green wheel.,0.9961495399475098,0.997067391872406,0.9961495399475098,entailment,0.9822490215301514,False,False,False,[],[],[],0.24705882352941178,True,[],facebook/nllb-200-distilled-600M,f8d333a098d19b4fd9a8b18f94170487ad3f821d,MoritzLaurer/DeBERTa-v3-base-mnli-fever-anli,6f5cf0a2b59cabb106aca4c287eed12e357e90eb
8,3931,3931:premise:fra_Latn,premise,contradiction,RELIABLE_GOLD,contradiction,0.9816632270812988,True,Band playing in front of a small crowd outside.,The band plays in front of a small crowd outside.,0.9955717325210571,0.9971604347229004,0.9955717325210571,contradiction,0.990672767162323,False,False,False,[],[],[],0.08333333333333337,True,[],facebook/nllb-200-distilled-600M,f8d333a098d19b4fd9a8b18f94170487ad3f821d,MoritzLaurer/DeBERTa-v3-base-mnli-fever-anli,6f5cf0a2b59cabb106aca4c287eed12e357e90eb
8,3931,3931:hypothesis:fra_Latn,hypothesis,contradiction,RELIABLE_GOLD,contradiction,0.9816632270812988,True,There are thousands of people watching them perform.,Thousands of people watch them play.,0.9955645799636841,0.9959243535995483,0.9955645799636841,contradiction,0.9844326972961426,False,False,False,[],[],[],0.25,True,[],facebook/nllb-200-distilled-600M,f8d333a098d19b4fd9a8b18f94170487ad3f821d,MoritzLaurer/DeBERTa-v3-base-mnli-fever-anli,6f5cf0a2b59cabb106aca4c287eed12e357e90eb
9,4111,4111:premise:fra_Latn,premise,neutral,RELIABLE_GOLD,neutral,0.9993659853935242,True,Tattooed man getting a tattoo.,A man with a tattoo gets a tattoo.,0.997239351272583,0.9921482801437378,0.9921482801437378,neutral,0.9991587400436401,False,False,False,[],[],[],0.375,True,[],facebook/nllb-200-distilled-600M,f8d333a098d19b4fd9a8b18f94170487ad3f821d,MoritzLaurer/DeBERTa-v3-base-mnli-fever-anli,6f5cf0a2b59cabb106aca4c287eed12e357e90eb
9,4111,4111:hypothesis:fra_Latn,hypothesis,neutral,RELIABLE_GOLD,neutral,0.9993659853935242,True,A tattooed man is getting a tattoo of a Chinese character.,A tattooed man gets a Chinese character tattooed.,0.9970977306365967,0.9915760159492493,0.9915760159492493,neutral,0.9986774325370789,False,False,False,[],[],[],0.2710280373831776,True,[],facebook/nllb-200-distilled-600M,f8d333a098d19b4fd9a8b18f94170487ad3f821d,MoritzLaurer/DeBERTa-v3-base-mnli-fever-anli,6f5cf0a2b59cabb106aca4c287eed12e357e90eb
10,4403,4403:premise:fra_Latn,premise,neutral,RELIABLE_GOLD,neutral,0.9945354461669922,True,A man in a unique costume is playing the bagpipes while some people stare at him.,A man in a unique suit plays a pipe while people watch him.,0.9796615839004517,0.9840208888053894,0.9796615839004517,neutral,0.989096999168396,False,False,False,"[{""group"":""quantifier"",""original"":{""some"":1},""candidate"":{},""field"":""premise""}]",[],"[{""group"":""quantifier"",""original"":{""some"":1},""candidate"":{},""field"":""premise""}]",0.2571428571428571,True,[],facebook/nllb-200-distilled-600M,f8d333a098d19b4fd9a8b18f94170487ad3f821d,MoritzLaurer/DeBERTa-v3-base-mnli-fever-anli,6f5cf0a2b59cabb106aca4c287eed12e357e90eb
10,4403,4403:hypothesis:fra_Latn,hypothesis,neutral,RELIABLE_GOLD,neutral,0.9945354461669922,True,A man in a unique costume is playing the bagpipes  for monetary gain.,A man in a unique suit plays the bagpipes to make money.,0.9564880728721619,0.9799052476882935,0.9564880728721619,neutral,0.9702602028846741,False,False,False,[],[],[],0.24193548387096775,True,[],facebook/nllb-200-distilled-600M,f8d333a098d19b4fd9a8b18f94170487ad3f821d,MoritzLaurer/DeBERTa-v3-base-mnli-fever-anli,6f5cf0a2b59cabb106aca4c287eed12e357e90eb
12,5321,5321:hypothesis:fra_Latn,hypothesis,entailment,RELIABLE_GOLD,entailment,0.9977225661277771,True,Two young adults are at a rodeo.,Two young adults are in a rodeo.,0.9753323197364807,0.9936805963516235,0.9753323197364807,entailment,0.9962078332901001,False,False,False,"[{""group"":""space"",""original"":{},""candidate"":{""in"":1},""field"":""hypothesis""}]",[],"[{""group"":""space"",""original"":{},""candidate"":{""in"":1},""field"":""hypothesis""}]",0.0625,True,[],facebook/nllb-200-distilled-600M,f8d333a098d19b4fd9a8b18f94170487ad3f821d,MoritzLaurer/DeBERTa-v3-base-mnli-fever-anli,6f5cf0a2b59cabb106aca4c287eed12e357e90eb
14,5560,5560:premise:fra_Latn,premise,neutral,RELIABLE_GOLD,neutral,0.9966065883636475,True,A group of young students are hanging out together in a university.,A group of young students hanging out together at a university.,0.9953858256340027,0.9940946698188782,0.9940946698188782,neutral,0.9955888986587524,False,False,False,"[{""group"":""space"",""original"":{""in"":1},""candidate"":{},""field"":""premise""}]",[],"[{""group"":""space"",""original"":{""in"":1},""candidate"":{},""field"":""premise""}]",0.06153846153846154,True,[],facebook/nllb-200-distilled-600M,f8d333a098d19b4fd9a8b18f94170487ad3f821d,MoritzLaurer/DeBERTa-v3-base-mnli-fever-anli,6f5cf0a2b59cabb106aca4c287eed12e357e90eb
14,5560,5560:hypothesis:fra_Latn,hypothesis,neutral,RELIABLE_GOLD,neutral,0.9966065883636475,True,Students sit together by the Student Union building.,The students are sitting together near the Student Union building.,0.9978126287460327,0.9973689317703247,0.9973689317703247,neutral,0.9986727237701416,False,False,False,"[{""group"":""space"",""original"":{},""candidate"":{""near"":1},""field"":""hypothesis""}]",[],"[{""group"":""space"",""original"":{},""candidate"":{""near"":1},""field"":""hypothesis""}]",0.15254237288135597,True,[],facebook/nllb-200-distilled-600M,f8d333a098d19b4fd9a8b18f94170487ad3f821d,MoritzLaurer/DeBERTa-v3-base-mnli-fever-anli,6f5cf0a2b59cabb106aca4c287eed12e357e90eb
15,5704,5704:premise:fra_Latn,premise,neutral,RELIABLE_GOLD,neutral,0.9921020865440369,True,A blond singer is performing as people dance behind her.,A blonde singer performs as people dance behind her.,0.9974015951156616,0.9969237446784973,0.9969237446784973,neutral,0.9906813502311707,False,False,False,[],[],[],0.07407407407407407,True,[],facebook/nllb-200-distilled-600M,f8d333a098d19b4fd9a8b18f94170487ad3f821d,MoritzLaurer/DeBERTa-v3-base-mnli-fever-anli,6f5cf0a2b59cabb106aca4c287eed12e357e90eb
15,5704,5704:hypothesis:fra_Latn,hypothesis,neutral,RELIABLE_GOLD,neutral,0.9921020865440369,True,Gwen Stefani sings while fans dance.,Gwen Stefani sings while the fans dance.,0.9950972199440002,0.9968830943107605,0.9950972199440002,neutral,0.9957078695297241,False,False,False,[],[],[],0.052631578947368474,True,[],facebook/nllb-200-distilled-600M,f8d333a098d19b4fd9a8b18f94170487ad3f821d,MoritzLaurer/DeBERTa-v3-base-mnli-fever-anli,6f5cf0a2b59cabb106aca4c287eed12e357e90eb
16,6279,6279:premise:fra_Latn,premise,neutral,RELIABLE_GOLD,neutral,0.995549201965332,True,"A man in sunglasses, a red striped sweater, and a leather jacket smiles and points his finger.","A man with sunglasses, a striped red sweater and a leather jacket smiles and points his finger.",0.9901705384254456,0.9924111366271973,0.9901705384254456,neutral,0.9950945377349854,False,False,False,"[{""group"":""space"",""original"":{""in"":1},""candidate"":{},""field"":""premise""}]",[],"[{""group"":""space"",""original"":{""in"":1},""candidate"":{},""field"":""premise""}]",0.06878306878306883,True,[],facebook/nllb-200-distilled-600M,f8d333a098d19b4fd9a8b18f94170487ad3f821d,MoritzLaurer/DeBERTa-v3-base-mnli-fever-anli,6f5cf0a2b59cabb106aca4c287eed12e357e90eb
16,6279,6279:hypothesis:fra_Latn,hypothesis,neutral,RELIABLE_GOLD,neutral,0.995549201965332,True,A black man in sunglasses and a leather jacket is smiling while pointing a finger,A black man with sunglasses and a leather jacket smiles pointing a finger.,0.9879569411277771,0.9907644987106323,0.9879569411277771,neutral,0.9935203194618225,False,False,False,"[{""group"":""space"",""original"":{""in"":1},""candidate"":{},""field"":""hypothesis""}]",[],"[{""group"":""space"",""original"":{""in"":1},""candidate"":{},""field"":""hypothesis""}]",0.10967741935483866,True,[],facebook/nllb-200-distilled-600M,f8d333a098d19b4fd9a8b18f94170487ad3f821d,MoritzLaurer/DeBERTa-v3-base-mnli-fever-anli,6f5cf0a2b59cabb106aca4c287eed12e357e90eb
18,8269,8269:premise:fra_Latn,premise,entailment,RELIABLE_GOLD,entailment,0.9953662157058716,True,A dog running fast with ears flying.,A dog that runs fast with flying ears.,0.9957169890403748,0.9942838549613953,0.9942838549613953,entailment,0.9910236597061157,False,False,False,[],[],[],0.2702702702702703,True,[],facebook/nllb-200-distilled-600M,f8d333a098d19b4fd9a8b18f94170487ad3f821d,MoritzLaurer/DeBERTa-v3-base-mnli-fever-anli,6f5cf0a2b59cabb106aca4c287eed12e357e90eb
18,8269,8269:hypothesis:fra_Latn,hypothesis,entailment,RELIABLE_GOLD,entailment,0.9953662157058716,True,The dog is running fast.,The dog runs fast.,0.9975548386573792,0.9948099851608276,0.9948099851608276,entailment,0.99335116147995,False,False,False,[],[],[],0.19047619047619047,True,[],facebook/nllb-200-distilled-600M,f8d333a098d19b4fd9a8b18f94170487ad3f821d,MoritzLaurer/DeBERTa-v3-base-mnli-fever-anli,6f5cf0a2b59cabb106aca4c287eed12e357e90eb
20,9707,9707:premise:fra_Latn,premise,neutral,RELIABLE_GOLD,neutral,0.9943884015083313,True,A woman in a white jacket is standing next to an older woman while reviewing a subway map.,A woman in a white jacket is standing next to an elderly woman looking at a map of the subway.,0.9870295524597168,0.9974886178970337,0.9870295524597168,neutral,0.9935508966445923,False,False,False,[],[],[],0.19565217391304346,True,[],facebook/nllb-200-distilled-600M,f8d333a098d19b4fd9a8b18f94170487ad3f821d,MoritzLaurer/DeBERTa-v3-base-mnli-fever-anli,6f5cf0a2b59cabb106aca4c287eed12e357e90eb
21,10680,10680:premise:fra_Latn,premise,contradiction,RELIABLE_GOLD,contradiction,0.9993793964385986,True,Two girls looking in microscopes.,Two girls looking at the microscope.,0.9767071008682251,0.9540716409683228,0.9540716409683228,contradiction,0.9994245767593384,False,False,False,"[{""group"":""space"",""original"":{""in"":1},""candidate"":{},""field"":""premise""}]",[],"[{""group"":""space"",""original"":{""in"":1},""candidate"":{},""field"":""premise""}]",0.13043478260869568,True,[],facebook/nllb-200-distilled-600M,f8d333a098d19b4fd9a8b18f94170487ad3f821d,MoritzLaurer/DeBERTa-v3-base-mnli-fever-anli,6f5cf0a2b59cabb106aca4c287eed12e357e90eb
21,10680,10680:hypothesis:fra_Latn,hypothesis,contradiction,RELIABLE_GOLD,contradiction,0.9993793964385986,True,the two girls are listening to music while in science class instead of doing their homework,Both girls listen to music in science class instead of doing their homework.,0.9962235689163208,0.995875895023346,0.995875895023346,contradiction,0.9995075464248657,False,False,False,[],[],[],0.12574850299401197,True,[],facebook/nllb-200-distilled-600M,f8d333a098d19b4fd9a8b18f94170487ad3f821d,MoritzLaurer/DeBERTa-v3-base-mnli-fever-anli,6f5cf0a2b59cabb106aca4c287eed12e357e90eb
24,13229,13229:premise:fra_Latn,premise,contradiction,RELIABLE_GOLD,contradiction,0.999629020690918,True,A woman wearing a black stands in front of a counter while she holds a piece of meat.,A woman in black is standing in front of a counter holding a piece of meat.,0.9966766834259033,0.9976118803024292,0.9966766834259033,contradiction,0.999494194984436,False,False,False,"[{""group"":""space"",""original"":{""front"":1,""in"":1},""candidate"":{""front"":1,""in"":2},""field"":""premise""}]",[],"[{""group"":""space"",""original"":{""front"":1,""in"":1},""candidate"":{""front"":1,""in"":2},""field"":""premise""}]",0.17500000000000004,True,[],facebook/nllb-200-distilled-600M,f8d333a098d19b4fd9a8b18f94170487ad3f821d,MoritzLaurer/DeBERTa-v3-base-mnli-fever-anli,6f5cf0a2b59cabb106aca4c287eed12e357e90eb
24,13229,13229:hypothesis:fra_Latn,hypothesis,contradiction,RELIABLE_GOLD,contradiction,0.999629020690918,True,The woman is naked while holding a salad.,The woman is naked holding a salad.,0.9969432950019836,0.9966807961463928,0.9966807961463928,contradiction,0.9996335506439209,False,False,False,[],[],[],0.07894736842105265,True,[],facebook/nllb-200-distilled-600M,f8d333a098d19b4fd9a8b18f94170487ad3f821d,MoritzLaurer/DeBERTa-v3-base-mnli-fever-anli,6f5cf0a2b59cabb106aca4c287eed12e357e90eb
25,13559,13559:premise:fra_Latn,premise,entailment,RELIABLE_GOLD,entailment,0.9929476976394653,True,"Two teams, one wearing blue and white, the other in red and white, are playing football.","Two teams, one in blue and white, the other in red and white, play football.",0.9894132018089294,0.9943878054618835,0.9894132018089294,entailment,0.9904975295066833,False,False,False,"[{""group"":""space"",""original"":{""in"":1},""candidate"":{""in"":2},""field"":""premise""}]",[],"[{""group"":""space"",""original"":{""in"":1},""candidate"":{""in"":2},""field"":""premise""}]",0.07317073170731703,True,[],facebook/nllb-200-distilled-600M,f8d333a098d19b4fd9a8b18f94170487ad3f821d,MoritzLaurer/DeBERTa-v3-base-mnli-fever-anli,6f5cf0a2b59cabb106aca4c287eed12e357e90eb
25,13559,13559:hypothesis:fra_Latn,hypothesis,entailment,RELIABLE_GOLD,entailment,0.9929476976394653,True,There are people playing a game.,There are people who play a game.,0.997711181640625,0.9970611929893494,0.9970611929893494,entailment,0.9927611351013184,False,False,False,[],[],[],0.10769230769230764,True,[],facebook/nllb-200-distilled-600M,f8d333a098d19b4fd9a8b18f94170487ad3f821d,MoritzLaurer/DeBERTa-v3-base-mnli-fever-anli,6f5cf0a2b59cabb106aca4c287eed12e357e90eb
27,14934,14934:hypothesis:fra_Latn,hypothesis,entailment,RELIABLE_GOLD,entailment,0.9978760480880737,True,a man is driving a piece of equipment on the grounds of a venue.,A man drives equipment on the ground of a place.,0.9972220659255981,0.9830445051193237,0.9830445051193237,entailment,0.996451735496521,False,False,False,[],[],[],0.2321428571428571,True,[],facebook/nllb-200-distilled-600M,f8d333a098d19b4fd9a8b18f94170487ad3f821d,MoritzLaurer/DeBERTa-v3-base-mnli-fever-anli,6f5cf0a2b59cabb106aca4c287eed12e357e90eb
29,17575,17575:premise:fra_Latn,premise,neutral,RELIABLE_GOLD,neutral,0.996729850769043,True,A football player lands on his head.,A football player falls on his head.,0.9925656318664551,0.9955202341079712,0.9925656318664551,neutral,0.994096040725708,False,False,False,[],[],[],0.08333333333333337,True,[],facebook/nllb-200-distilled-600M,f8d333a098d19b4fd9a8b18f94170487ad3f821d,MoritzLaurer/DeBERTa-v3-base-mnli-fever-anli,6f5cf0a2b59cabb106aca4c287eed12e357e90eb
34,19294,19294:premise:fra_Latn,premise,neutral,RELIABLE_GOLD,neutral,0.9983038902282715,True,A shirtless man with sunglasses looks at the camera during a beach party.,A shirtless man with sunglasses looks at the camera at a beach party.,0.9949310421943665,0.9925503730773926,0.9925503730773926,neutral,0.9981221556663513,False,False,False,"[{""group"":""time"",""original"":{""during"":1},""candidate"":{},""field"":""premise""}]",[],"[{""group"":""time"",""original"":{""during"":1},""candidate"":{},""field"":""premise""}]",0.05633802816901412,True,[],facebook/nllb-200-distilled-600M,f8d333a098d19b4fd9a8b18f94170487ad3f821d,MoritzLaurer/DeBERTa-v3-base-mnli-fever-anli,6f5cf0a2b59cabb106aca4c287eed12e357e90eb
34,19294,19294:hypothesis:fra_Latn,hypothesis,neutral,RELIABLE_GOLD,neutral,0.9983038902282715,True,the man is a model,man is a model,0.9912541508674622,0.9915728569030762,0.9912541508674622,neutral,0.9963966012001038,False,False,False,[],[],[],0.125,True,[],facebook/nllb-200-distilled-600M,f8d333a098d19b4fd9a8b18f94170487ad3f821d,MoritzLaurer/DeBERTa-v3-base-mnli-fever-anli,6f5cf0a2b59cabb106aca4c287eed12e357e90eb
35,19844,19844:hypothesis:fra_Latn,hypothesis,entailment,RELIABLE_GOLD,entailment,0.9864567518234253,True,A young blond person looking at a white robot on a green table.,A young blonde looking at a white robot on a green table.,0.9950087070465088,0.9938108325004578,0.9938108325004578,entailment,0.9933235049247742,False,False,False,[],[],[],0.050000000000000044,True,[],facebook/nllb-200-distilled-600M,f8d333a098d19b4fd9a8b18f94170487ad3f821d,MoritzLaurer/DeBERTa-v3-base-mnli-fever-anli,6f5cf0a2b59cabb106aca4c287eed12e357e90eb
37,26244,26244:premise:fra_Latn,premise,neutral,RELIABLE_GOLD,neutral,0.9370047450065613,True,A boy in a swimsuit sitting on top of a circular fountain.,A boy in a swimsuit sitting on a circular fountain.,0.9950703382492065,0.9678703546524048,0.9678703546524048,neutral,0.9476723670959473,False,False,False,[],[],[],0.06422018348623848,True,[],facebook/nllb-200-distilled-600M,f8d333a098d19b4fd9a8b18f94170487ad3f821d,MoritzLaurer/DeBERTa-v3-base-mnli-fever-anli,6f5cf0a2b59cabb106aca4c287eed12e357e90eb
38,27041,27041:premise:fra_Latn,premise,entailment,RELIABLE_GOLD,entailment,0.9932605624198914,True,A man wearing a flannel shirt picking oranges in a farmer's market.,A man in a flannel shirt picking oranges at a farmer's market.,0.9964902997016907,0.9964784979820251,0.9964784979820251,entailment,0.9936000108718872,False,False,False,[],[],[],0.06976744186046513,True,[],facebook/nllb-200-distilled-600M,f8d333a098d19b4fd9a8b18f94170487ad3f821d,MoritzLaurer/DeBERTa-v3-base-mnli-fever-anli,6f5cf0a2b59cabb106aca4c287eed12e357e90eb
39,27080,27080:premise:fra_Latn,premise,entailment,RELIABLE_GOLD,entailment,0.9898721575737,True,"A man wearing a gray hooded sweatshirt, blue jeans, and white and gray socks is putting his foot on top of his head.","A man in a gray sweatshirt, blue jeans, and white and gray socks sets foot on his head.",0.996000349521637,0.9251251220703125,0.9251251220703125,entailment,0.9698268175125122,False,False,False,"[{""group"":""space"",""original"":{""on"":1},""candidate"":{""in"":1,""on"":1},""field"":""premise""}]",[],"[{""group"":""space"",""original"":{""on"":1},""candidate"":{""in"":1,""on"":1},""field"":""premise""}]",0.15270935960591137,True,[],facebook/nllb-200-distilled-600M,f8d333a098d19b4fd9a8b18f94170487ad3f821d,MoritzLaurer/DeBERTa-v3-base-mnli-fever-anli,6f5cf0a2b59cabb106aca4c287eed12e357e90eb
40,28431,28431:premise:fra_Latn,premise,contradiction,RELIABLE_GOLD,contradiction,0.9995118379592896,True,"A young man performs yoga, inspired by a beautiful day on the beach.","A young man practicing yoga, inspired by a beautiful day on the beach.",0.9943395256996155,0.9958641529083252,0.9943395256996155,contradiction,0.9996035695075989,False,False,False,[],[],[],0.10144927536231885,True,[],facebook/nllb-200-distilled-600M,f8d333a098d19b4fd9a8b18f94170487ad3f821d,MoritzLaurer/DeBERTa-v3-base-mnli-fever-anli,6f5cf0a2b59cabb106aca4c287eed12e357e90eb
40,28431,28431:hypothesis:fra_Latn,hypothesis,contradiction,RELIABLE_GOLD,contradiction,0.9995118379592896,True,A karate battle in the woods,A Karate Battle in the Forest,0.980991542339325,0.9927975535392761,0.980991542339325,contradiction,0.9992276430130005,False,False,False,[],[],[],0.1228070175438597,True,[],facebook/nllb-200-distilled-600M,f8d333a098d19b4fd9a8b18f94170487ad3f821d,MoritzLaurer/DeBERTa-v3-base-mnli-fever-anli,6f5cf0a2b59cabb106aca4c287eed12e357e90eb
41,28875,28875:premise:fra_Latn,premise,contradiction,RELIABLE_GOLD,contradiction,0.9995566010475159,True,Boys in Africa are outside playing soccer and enjoying themselves.,African boys are out playing football and having fun.,0.9945857524871826,0.9966717958450317,0.9945857524871826,contradiction,0.999514102935791,False,False,False,"[{""group"":""space"",""original"":{""outside"":1,""in"":1},""candidate"":{},""field"":""premise""}]",[],"[{""group"":""space"",""original"":{""outside"":1,""in"":1},""candidate"":{},""field"":""premise""}]",0.4285714285714286,True,[],facebook/nllb-200-distilled-600M,f8d333a098d19b4fd9a8b18f94170487ad3f821d,MoritzLaurer/DeBERTa-v3-base-mnli-fever-anli,6f5cf0a2b59cabb106aca4c287eed12e357e90eb
41,28875,28875:hypothesis:fra_Latn,hypothesis,contradiction,RELIABLE_GOLD,contradiction,0.9995566010475159,True,The kids play baseball.,The kids are playing baseball.,0.996364414691925,0.9972617626190186,0.996364414691925,contradiction,0.9995953440666199,False,False,False,[],[],[],0.13207547169811318,True,[],facebook/nllb-200-distilled-600M,f8d333a098d19b4fd9a8b18f94170487ad3f821d,MoritzLaurer/DeBERTa-v3-base-mnli-fever-anli,6f5cf0a2b59cabb106aca4c287eed12e357e90eb
43,29415,29415:hypothesis:fra_Latn,hypothesis,contradiction,RELIABLE_GOLD,contradiction,0.9534854888916016,True,A man is working inside.,There's a man working inside.,0.9978394508361816,0.9975304007530212,0.9975304007530212,contradiction,0.8651098608970642,False,False,False,[],[],[],0.2075471698113207,True,[],facebook/nllb-200-distilled-600M,f8d333a098d19b4fd9a8b18f94170487ad3f821d,MoritzLaurer/DeBERTa-v3-base-mnli-fever-anli,6f5cf0a2b59cabb106aca4c287eed12e357e90eb
45,30056,30056:premise:fra_Latn,premise,neutral,RELIABLE_GOLD,neutral,0.9971179962158203,True,A man with glasses and a white shirt playing a red guitar.,A man in glasses and a white shirt playing a red guitar.,0.9937787652015686,0.9936698079109192,0.9936698079109192,neutral,0.9966431856155396,False,False,False,"[{""group"":""space"",""original"":{},""candidate"":{""in"":1},""field"":""premise""}]",[],"[{""group"":""space"",""original"":{},""candidate"":{""in"":1},""field"":""premise""}]",0.03508771929824561,True,[],facebook/nllb-200-distilled-600M,f8d333a098d19b4fd9a8b18f94170487ad3f821d,MoritzLaurer/DeBERTa-v3-base-mnli-fever-anli,6f5cf0a2b59cabb106aca4c287eed12e357e90eb
46,32175,32175:premise:fra_Latn,premise,neutral,RELIABLE_GOLD,neutral,0.9993520379066467,True,A child shows other kids his still packaged toy.,A child shows other children his toy still packed.,0.9960088729858398,0.9969186782836914,0.9960088729858398,neutral,0.999428927898407,False,False,False,[],[],[],0.18367346938775508,True,[],facebook/nllb-200-distilled-600M,f8d333a098d19b4fd9a8b18f94170487ad3f821d,MoritzLaurer/DeBERTa-v3-base-mnli-fever-anli,6f5cf0a2b59cabb106aca4c287eed12e357e90eb
46,32175,32175:hypothesis:fra_Latn,hypothesis,neutral,RELIABLE_GOLD,neutral,0.9993520379066467,True,A child has a Buzz Lightyear doll.,A kid has a Buzz Lightyear doll.,0.9974700212478638,0.9971207976341248,0.9971207976341248,neutral,0.9993636012077332,False,False,False,[],[],[],0.06060606060606055,True,[],facebook/nllb-200-distilled-600M,f8d333a098d19b4fd9a8b18f94170487ad3f821d,MoritzLaurer/DeBERTa-v3-base-mnli-fever-anli,6f5cf0a2b59cabb106aca4c287eed12e357e90eb
47,32579,32579:premise:fra_Latn,premise,neutral,RELIABLE_GOLD,neutral,0.9976015686988831,True,"Two musicians are carrying speakers, guitars, and musical equipment.","Two musicians carry loudspeakers, guitars, and musical instruments.",0.9947825074195862,0.993746280670166,0.993746280670166,neutral,0.9983035326004028,False,False,False,[],[],[],0.15555555555555556,True,[],facebook/nllb-200-distilled-600M,f8d333a098d19b4fd9a8b18f94170487ad3f821d,MoritzLaurer/DeBERTa-v3-base-mnli-fever-anli,6f5cf0a2b59cabb106aca4c287eed12e357e90eb
48,32673,32673:hypothesis:fra_Latn,hypothesis,contradiction,RELIABLE_GOLD,contradiction,0.9993467926979065,True,Noone is watching the man.,No one's watching him.,0.9975220561027527,0.9966239929199219,0.9966239929199219,contradiction,0.9994598031044006,False,False,False,"[{""group"":""negation"",""original"":{""nobody"":1},""candidate"":{""no"":1},""field"":""hypothesis""}]",[],"[{""group"":""negation"",""original"":{""nobody"":1},""candidate"":{""no"":1},""field"":""hypothesis""}]",0.20833333333333337,True,[],facebook/nllb-200-distilled-600M,f8d333a098d19b4fd9a8b18f94170487ad3f821d,MoritzLaurer/DeBERTa-v3-base-mnli-fever-anli,6f5cf0a2b59cabb106aca4c287eed12e357e90eb
49,34221,34221:hypothesis:fra_Latn,hypothesis,neutral,RELIABLE_GOLD,neutral,0.9715840220451355,True,Two men are out in the mountains.,Two men are in the mountains.,0.996299684047699,0.9931227564811707,0.9931227564811707,neutral,0.9631985425949097,False,False,False,[],[],[],0.06451612903225812,True,[],facebook/nllb-200-distilled-600M,f8d333a098d19b4fd9a8b18f94170487ad3f821d,MoritzLaurer/DeBERTa-v3-base-mnli-fever-anli,6f5cf0a2b59cabb106aca4c287eed12e357e90eb
51,37727,37727:premise:fra_Latn,premise,neutral,RELIABLE_GOLD,neutral,0.999016284942627,True,"A person holding up a red, yellow and purple striped flag on a street.","A person holding a red, yellow and purple stripe flag in the street.",0.9929296374320984,0.9879141449928284,0.9879141449928284,neutral,0.9990366697311401,False,False,False,"[{""group"":""space"",""original"":{""on"":1},""candidate"":{""in"":1},""field"":""premise""}]",[],"[{""group"":""space"",""original"":{""on"":1},""candidate"":{""in"":1},""field"":""premise""}]",0.07246376811594202,True,[],facebook/nllb-200-distilled-600M,f8d333a098d19b4fd9a8b18f94170487ad3f821d,MoritzLaurer/DeBERTa-v3-base-mnli-fever-anli,6f5cf0a2b59cabb106aca4c287eed12e357e90eb
51,37727,37727:hypothesis:fra_Latn,hypothesis,neutral,RELIABLE_GOLD,neutral,0.999016284942627,True,The person holds the flag of their home country.,The person holds the flag of his country of origin.,0.9861773252487183,0.9841206669807434,0.9841206669807434,neutral,0.998988926410675,False,False,False,[],[],[],0.19191919191919193,True,[],facebook/nllb-200-distilled-600M,f8d333a098d19b4fd9a8b18f94170487ad3f821d,MoritzLaurer/DeBERTa-v3-base-mnli-fever-anli,6f5cf0a2b59cabb106aca4c287eed12e357e90eb
53,38101,38101:hypothesis:fra_Latn,hypothesis,neutral,RELIABLE_GOLD,neutral,0.9979598522186279,True,The girl is not wearing shoes.,The girl doesn't wear shoes.,0.9978317618370056,0.9950405955314636,0.9950405955314636,neutral,0.9986128807067871,False,False,False,[],[],[],0.1724137931034483,True,[],facebook/nllb-200-distilled-600M,f8d333a098d19b4fd9a8b18f94170487ad3f821d,MoritzLaurer/DeBERTa-v3-base-mnli-fever-anli,6f5cf0a2b59cabb106aca4c287eed12e357e90eb
54,38352,38352:premise:fra_Latn,premise,contradiction,RELIABLE_GOLD,contradiction,0.999405026435852,True,A baby that is smiling big.,A baby who smiles big.,0.9966371059417725,0.9934139847755432,0.9934139847755432,contradiction,0.9993332028388977,False,False,False,[],[],[],0.26530612244897955,True,[],facebook/nllb-200-distilled-600M,f8d333a098d19b4fd9a8b18f94170487ad3f821d,MoritzLaurer/DeBERTa-v3-base-mnli-fever-anli,6f5cf0a2b59cabb106aca4c287eed12e357e90eb
54,38352,38352:hypothesis:fra_Latn,hypothesis,contradiction,RELIABLE_GOLD,contradiction,0.999405026435852,True,A kid is crying.,A child is crying.,0.9977225661277771,0.9978594183921814,0.9977225661277771,contradiction,0.9994039535522461,False,False,False,[],[],[],0.11764705882352944,True,[],facebook/nllb-200-distilled-600M,f8d333a098d19b4fd9a8b18f94170487ad3f821d,MoritzLaurer/DeBERTa-v3-base-mnli-fever-anli,6f5cf0a2b59cabb106aca4c287eed12e357e90eb
55,40045,40045:hypothesis:fra_Latn,hypothesis,contradiction,RELIABLE_GOLD,contradiction,0.9992152452468872,True,Laura Bush reads a newspaper while eating an orange.,Laura Bush is reading a newspaper eating an orange.,0.9940527081489563,0.9972339272499084,0.9940527081489563,contradiction,0.9994814991950989,False,False,False,[],[],[],0.12621359223300976,True,[],facebook/nllb-200-distilled-600M,f8d333a098d19b4fd9a8b18f94170487ad3f821d,MoritzLaurer/DeBERTa-v3-base-mnli-fever-anli,6f5cf0a2b59cabb106aca4c287eed12e357e90eb
56,40130,40130:hypothesis:fra_Latn,hypothesis,entailment,RELIABLE_GOLD,entailment,0.9957807064056396,True,The man is outside talking on his cellphone.,The man's outside talking on his cell phone.,0.9983545541763306,0.9975771307945251,0.9975771307945251,entailment,0.9963585734367371,False,False,False,[],[],[],0.045454545454545414,True,[],facebook/nllb-200-distilled-600M,f8d333a098d19b4fd9a8b18f94170487ad3f821d,MoritzLaurer/DeBERTa-v3-base-mnli-fever-anli,6f5cf0a2b59cabb106aca4c287eed12e357e90eb
57,40441,40441:premise:fra_Latn,premise,neutral,RELIABLE_GOLD,neutral,0.9077663421630859,True,"two men, one in a red shirt, running towards a Frisbee.","Two men, one in a red shirt, running to a frisbee.",0.9962092638015747,0.9964786171913147,0.9962092638015747,neutral,0.925004243850708,False,False,False,[],[],[],0.04761904761904767,True,[],facebook/nllb-200-distilled-600M,f8d333a098d19b4fd9a8b18f94170487ad3f821d,MoritzLaurer/DeBERTa-v3-base-mnli-fever-anli,6f5cf0a2b59cabb106aca4c287eed12e357e90eb
58,41993,41993:premise:fra_Latn,premise,neutral,RELIABLE_GOLD,neutral,0.9612749218940735,True,A man wearing glasses sitting at a desk with a large pile of papers.,A man in glasses sitting at a desk with a big pile of paper.,0.9970090985298157,0.9963470101356506,0.9963470101356506,neutral,0.939568042755127,False,False,False,"[{""group"":""space"",""original"":{},""candidate"":{""in"":1},""field"":""premise""}]",[],"[{""group"":""space"",""original"":{},""candidate"":{""in"":1},""field"":""premise""}]",0.09375,True,[],facebook/nllb-200-distilled-600M,f8d333a098d19b4fd9a8b18f94170487ad3f821d,MoritzLaurer/DeBERTa-v3-base-mnli-fever-anli,6f5cf0a2b59cabb106aca4c287eed12e357e90eb
59,42372,42372:premise:fra_Latn,premise,entailment,RELIABLE_GOLD,entailment,0.991329550743103,True,Young asian boy sits down and reads a book at a book fair as a female looks on.,A young Asian man is reading a book at a book fair in front of a woman.,0.9958205223083496,0.981825053691864,0.981825053691864,entailment,0.9897957444190979,False,False,False,"[{""group"":""space"",""original"":{""on"":1},""candidate"":{""front"":1,""in"":1},""field"":""premise""}]",[],"[{""group"":""space"",""original"":{""on"":1},""candidate"":{""front"":1,""in"":1},""field"":""premise""}]",0.3466666666666667,True,[],facebook/nllb-200-distilled-600M,f8d333a098d19b4fd9a8b18f94170487ad3f821d,MoritzLaurer/DeBERTa-v3-base-mnli-fever-anli,6f5cf0a2b59cabb106aca4c287eed12e357e90eb
61,43588,43588:premise:fra_Latn,premise,contradiction,RELIABLE_GOLD,contradiction,0.9984758496284485,True,Two women are wearing sunglasses and eating food.,Two women wearing sunglasses and eating food.,0.9942954182624817,0.9916390776634216,0.9916390776634216,contradiction,0.9992528557777405,False,False,False,[],[],[],0.04255319148936165,True,[],facebook/nllb-200-distilled-600M,f8d333a098d19b4fd9a8b18f94170487ad3f821d,MoritzLaurer/DeBERTa-v3-base-mnli-fever-anli,6f5cf0a2b59cabb106aca4c287eed12e357e90eb
61,43588,43588:hypothesis:fra_Latn,hypothesis,contradiction,RELIABLE_GOLD,contradiction,0.9984758496284485,True,Two men are playing baseball.,Two men playing baseball.,0.9963448643684387,0.9948115348815918,0.9948115348815918,contradiction,0.9995180368423462,False,False,False,[],[],[],0.07407407407407407,True,[],facebook/nllb-200-distilled-600M,f8d333a098d19b4fd9a8b18f94170487ad3f821d,MoritzLaurer/DeBERTa-v3-base-mnli-fever-anli,6f5cf0a2b59cabb106aca4c287eed12e357e90eb
62,43604,43604:premise:fra_Latn,premise,contradiction,RELIABLE_GOLD,contradiction,0.9991143345832825,True,Two women eating food with sunglasses on.,Two women eating with sunglasses.,0.9957950115203857,0.9656963348388672,0.9656963348388672,contradiction,0.9991897940635681,False,False,False,"[{""group"":""space"",""original"":{""on"":1},""candidate"":{},""field"":""premise""}]",[],"[{""group"":""space"",""original"":{""on"":1},""candidate"":{},""field"":""premise""}]",0.10810810810810811,True,[],facebook/nllb-200-distilled-600M,f8d333a098d19b4fd9a8b18f94170487ad3f821d,MoritzLaurer/DeBERTa-v3-base-mnli-fever-anli,6f5cf0a2b59cabb106aca4c287eed12e357e90eb
62,43604,43604:hypothesis:fra_Latn,hypothesis,contradiction,RELIABLE_GOLD,contradiction,0.9991143345832825,True,Two women are working on a puzzle.,Two women working on a puzzle.,0.9972621202468872,0.9966756105422974,0.9966756105422974,contradiction,0.9992027878761292,False,False,False,[],[],[],0.0625,True,[],facebook/nllb-200-distilled-600M,f8d333a098d19b4fd9a8b18f94170487ad3f821d,MoritzLaurer/DeBERTa-v3-base-mnli-fever-anli,6f5cf0a2b59cabb106aca4c287eed12e357e90eb
63,44726,44726:premise:fra_Latn,premise,entailment,RELIABLE_GOLD,entailment,0.9923093318939209,True,A boy is checking a system on the computer.,A boy checks a system on the computer.,0.9974130988121033,0.9956954717636108,0.9956954717636108,entailment,0.9911562204360962,False,False,False,[],[],[],0.0864197530864198,True,[],facebook/nllb-200-distilled-600M,f8d333a098d19b4fd9a8b18f94170487ad3f821d,MoritzLaurer/DeBERTa-v3-base-mnli-fever-anli,6f5cf0a2b59cabb106aca4c287eed12e357e90eb
64,45940,45940:premise:fra_Latn,premise,neutral,RELIABLE_GOLD,neutral,0.9955845475196838,True,A dog runs while holding an object in its mouth.,A dog runs when he holds an object in his mouth.,0.9751476049423218,0.9888989329338074,0.9751476049423218,neutral,0.8754958510398865,False,False,False,[],[],[],0.125,True,[],facebook/nllb-200-distilled-600M,f8d333a098d19b4fd9a8b18f94170487ad3f821d,MoritzLaurer/DeBERTa-v3-base-mnli-fever-anli,6f5cf0a2b59cabb106aca4c287eed12e357e90eb
65,46018,46018:premise:fra_Latn,premise,neutral,RELIABLE_GOLD,neutral,0.9923380017280579,True,Two boys in yellow shirts walk in a field.,Two boys in yellow shirts are walking in a field.,0.9967964291572571,0.9971467852592468,0.9967964291572571,neutral,0.990346372127533,False,False,False,[],[],[],0.07692307692307687,True,[],facebook/nllb-200-distilled-600M,f8d333a098d19b4fd9a8b18f94170487ad3f821d,MoritzLaurer/DeBERTa-v3-base-mnli-fever-anli,6f5cf0a2b59cabb106aca4c287eed12e357e90eb
66,46166,46166:premise:fra_Latn,premise,entailment,RELIABLE_GOLD,entailment,0.9831985831260681,True,Lovers kiss before they part.,Lovers kiss before they break up.,0.9956477284431458,0.9958847165107727,0.9956477284431458,entailment,0.9826149940490723,False,False,False,[],[],[],0.16129032258064513,True,[],facebook/nllb-200-distilled-600M,f8d333a098d19b4fd9a8b18f94170487ad3f821d,MoritzLaurer/DeBERTa-v3-base-mnli-fever-anli,6f5cf0a2b59cabb106aca4c287eed12e357e90eb
66,46166,46166:hypothesis:fra_Latn,hypothesis,entailment,RELIABLE_GOLD,entailment,0.9831985831260681,True,lovers are kissing,Lovers kissing each other,0.978054940700531,0.988856852054596,0.978054940700531,entailment,0.9768064618110657,False,False,False,[],[],[],0.34883720930232553,True,[],facebook/nllb-200-distilled-600M,f8d333a098d19b4fd9a8b18f94170487ad3f821d,MoritzLaurer/DeBERTa-v3-base-mnli-fever-anli,6f5cf0a2b59cabb106aca4c287eed12e357e90eb
68,48670,48670:premise:fra_Latn,premise,entailment,RELIABLE_GOLD,entailment,0.9531211256980896,True,Two children are sitting shirtless on a trampoline.,Two kids sitting on a trampoline without a shirt.,0.9966893196105957,0.9968656897544861,0.9966893196105957,entailment,0.9804713726043701,False,False,False,"[{""group"":""negation"",""original"":{},""candidate"":{""without"":1},""field"":""premise""}]",[],"[{""group"":""negation"",""original"":{},""candidate"":{""without"":1},""field"":""premise""}]",0.38,True,[],facebook/nllb-200-distilled-600M,f8d333a098d19b4fd9a8b18f94170487ad3f821d,MoritzLaurer/DeBERTa-v3-base-mnli-fever-anli,6f5cf0a2b59cabb106aca4c287eed12e357e90eb
68,48670,48670:hypothesis:fra_Latn,hypothesis,entailment,RELIABLE_GOLD,entailment,0.9531211256980896,True,The children are outside.,The kids are outside.,0.998035728931427,0.9975912570953369,0.9975912570953369,entailment,0.9614853858947754,False,False,False,[],[],[],0.17391304347826086,True,[],facebook/nllb-200-distilled-600M,f8d333a098d19b4fd9a8b18f94170487ad3f821d,MoritzLaurer/DeBERTa-v3-base-mnli-fever-anli,6f5cf0a2b59cabb106aca4c287eed12e357e90eb
69,48793,48793:hypothesis:fra_Latn,hypothesis,entailment,RELIABLE_GOLD,entailment,0.9964689016342163,True,Man takes a walk.,The man is taking a walk.,0.9954804182052612,0.997312605381012,0.9954804182052612,entailment,0.9905185103416443,False,False,False,[],[],[],0.2857142857142857,True,[],facebook/nllb-200-distilled-600M,f8d333a098d19b4fd9a8b18f94170487ad3f821d,MoritzLaurer/DeBERTa-v3-base-mnli-fever-anli,6f5cf0a2b59cabb106aca4c287eed12e357e90eb
70,48999,48999:premise:fra_Latn,premise,neutral,RELIABLE_GOLD,neutral,0.9978662133216858,True,A person does a jump on a bike in a natural setting.,A person jumps on a bicycle in a natural setting.,0.9949542880058289,0.9969948530197144,0.9949542880058289,neutral,0.998033344745636,False,False,False,[],[],[],0.12871287128712872,True,[],facebook/nllb-200-distilled-600M,f8d333a098d19b4fd9a8b18f94170487ad3f821d,MoritzLaurer/DeBERTa-v3-base-mnli-fever-anli,6f5cf0a2b59cabb106aca4c287eed12e357e90eb
72,49929,49929:premise:fra_Latn,premise,neutral,RELIABLE_GOLD,neutral,0.9992507100105286,True,A crowd full of people are holding flags and signs.,A crowd filled with flags and signs.,0.9948575496673584,0.9754267930984497,0.9754267930984497,neutral,0.9990143775939941,False,False,False,[],[],[],0.31034482758620685,True,[],facebook/nllb-200-distilled-600M,f8d333a098d19b4fd9a8b18f94170487ad3f821d,MoritzLaurer/DeBERTa-v3-base-mnli-fever-anli,6f5cf0a2b59cabb106aca4c287eed12e357e90eb
72,49929,49929:hypothesis:fra_Latn,hypothesis,neutral,RELIABLE_GOLD,neutral,0.9992507100105286,True,A crowd of protesters hold anti abortion signs.,A crowd of protesters are holding anti-abortion signs.,0.9977306723594666,0.9980000853538513,0.9977306723594666,neutral,0.9991382360458374,False,False,False,[],[],[],0.08910891089108908,True,[],facebook/nllb-200-distilled-600M,f8d333a098d19b4fd9a8b18f94170487ad3f821d,MoritzLaurer/DeBERTa-v3-base-mnli-fever-anli,6f5cf0a2b59cabb106aca4c287eed12e357e90eb
73,50615,50615:premise:fra_Latn,premise,contradiction,RELIABLE_GOLD,contradiction,0.9993504881858826,True,A ballet dancer poses at a photo shoot.,A ballet dancer poses during a photo shoot.,0.996086597442627,0.9972353577613831,0.996086597442627,contradiction,0.9993391633033752,False,False,False,"[{""group"":""time"",""original"":{},""candidate"":{""during"":1},""field"":""premise""}]",[],"[{""group"":""time"",""original"":{},""candidate"":{""during"":1},""field"":""premise""}]",0.09756097560975607,True,[],facebook/nllb-200-distilled-600M,f8d333a098d19b4fd9a8b18f94170487ad3f821d,MoritzLaurer/DeBERTa-v3-base-mnli-fever-anli,6f5cf0a2b59cabb106aca4c287eed12e357e90eb
76,52808,52808:premise:fra_Latn,premise,contradiction,RELIABLE_GOLD,contradiction,0.9609857797622681,True,A warehouse manager assisting an employee.,A warehouse manager assists an employee.,0.997268557548523,0.9964189529418945,0.9964189529418945,contradiction,0.8604274392127991,False,False,False,[],[],[],0.04878048780487809,True,[],facebook/nllb-200-distilled-600M,f8d333a098d19b4fd9a8b18f94170487ad3f821d,MoritzLaurer/DeBERTa-v3-base-mnli-fever-anli,6f5cf0a2b59cabb106aca4c287eed12e357e90eb
78,53773,53773:premise:fra_Latn,premise,neutral,RELIABLE_GOLD,neutral,0.9984604120254517,True,A man looks across a city street at night.,A man looks across a street in the city at night.,0.9941279888153076,0.996272087097168,0.9941279888153076,neutral,0.9985520243644714,False,False,False,"[{""group"":""space"",""original"":{},""candidate"":{""in"":1},""field"":""premise""}]",[],"[{""group"":""space"",""original"":{},""candidate"":{""in"":1},""field"":""premise""}]",0.18681318681318682,True,[],facebook/nllb-200-distilled-600M,f8d333a098d19b4fd9a8b18f94170487ad3f821d,MoritzLaurer/DeBERTa-v3-base-mnli-fever-anli,6f5cf0a2b59cabb106aca4c287eed12e357e90eb
78,53773,53773:hypothesis:fra_Latn,hypothesis,neutral,RELIABLE_GOLD,neutral,0.9984604120254517,True,A man looks for criminal activity in the dark streets.,A man is looking for criminal activity in the dark streets.,0.9943838119506836,0.996107280254364,0.9943838119506836,neutral,0.9987524747848511,False,False,False,[],[],[],0.06194690265486724,True,[],facebook/nllb-200-distilled-600M,f8d333a098d19b4fd9a8b18f94170487ad3f821d,MoritzLaurer/DeBERTa-v3-base-mnli-fever-anli,6f5cf0a2b59cabb106aca4c287eed12e357e90eb
80,54941,54941:hypothesis:fra_Latn,hypothesis,entailment,RELIABLE_GOLD,entailment,0.9970095157623291,True,A girl cuts the cheese.,There's a girl cutting the cheese.,0.9970856308937073,0.9971961975097656,0.9970856308937073,entailment,0.9971457123756409,False,False,False,[],[],[],0.22807017543859653,True,[],facebook/nllb-200-distilled-600M,f8d333a098d19b4fd9a8b18f94170487ad3f821d,MoritzLaurer/DeBERTa-v3-base-mnli-fever-anli,6f5cf0a2b59cabb106aca4c287eed12e357e90eb
81,55266,55266:hypothesis:fra_Latn,hypothesis,contradiction,RELIABLE_GOLD,contradiction,0.9994255304336548,True,The man is naked,The man is naked .,0.9957647323608398,0.9940705895423889,0.9940705895423889,contradiction,0.9975228905677795,False,False,False,[],[],[],0.05882352941176472,True,[],facebook/nllb-200-distilled-600M,f8d333a098d19b4fd9a8b18f94170487ad3f821d,MoritzLaurer/DeBERTa-v3-base-mnli-fever-anli,6f5cf0a2b59cabb106aca4c287eed12e357e90eb
82,55448,55448:premise:fra_Latn,premise,contradiction,RELIABLE_GOLD,contradiction,0.9992283582687378,True,A woman with blond-hair and a pink shirt holds a young boy who appears to be sad.,A woman with blond hair and a pink shirt is holding a young boy who looks sad.,0.9964810609817505,0.9972860813140869,0.9964810609817505,contradiction,0.9992203712463379,False,False,False,[],[],[],0.1572327044025157,True,[],facebook/nllb-200-distilled-600M,f8d333a098d19b4fd9a8b18f94170487ad3f821d,MoritzLaurer/DeBERTa-v3-base-mnli-fever-anli,6f5cf0a2b59cabb106aca4c287eed12e357e90eb
83,56475,56475:premise:fra_Latn,premise,entailment,RELIABLE_GOLD,entailment,0.9951796531677246,True,The dog is running around the cow.,The dog runs around the cow.,0.9977679252624512,0.9968400001525879,0.9968400001525879,entailment,0.9917101263999939,False,False,False,[],[],[],0.12903225806451613,True,[],facebook/nllb-200-distilled-600M,f8d333a098d19b4fd9a8b18f94170487ad3f821d,MoritzLaurer/DeBERTa-v3-base-mnli-fever-anli,6f5cf0a2b59cabb106aca4c287eed12e357e90eb
84,56607,56607:premise:fra_Latn,premise,entailment,RELIABLE_GOLD,entailment,0.9977753758430481,True,A man dressed in all green with his face covered by a bandanna is working outdoors with heavy machinery.,A man dressed in green clothes and covered in bandanas works outside with heavy machinery.,0.9646048545837402,0.9633802175521851,0.9633802175521851,entailment,0.9876981377601624,False,False,False,"[{""group"":""quantifier"",""original"":{""all"":1},""candidate"":{},""field"":""premise""},{""group"":""space"",""original"":{""in"":1},""candidate"":{""outside"":1,""in"":2},""field"":""premise""}]",[],"[{""group"":""quantifier"",""original"":{""all"":1},""candidate"":{},""field"":""premise""},{""group"":""space"",""original"":{""in"":1},""candidate"":{""outside"":1,""in"":2},""field"":""premise""}]",0.19587628865979378,True,[],facebook/nllb-200-distilled-600M,f8d333a098d19b4fd9a8b18f94170487ad3f821d,MoritzLaurer/DeBERTa-v3-base-mnli-fever-anli,6f5cf0a2b59cabb106aca4c287eed12e357e90eb
85,56660,56660:hypothesis:fra_Latn,hypothesis,contradiction,RELIABLE_GOLD,contradiction,0.9584112763404846,True,a woman is lifting weights at the olympics,A woman lifts weights at the Olympics.,0.9963548183441162,0.9941962957382202,0.9941962957382202,contradiction,0.9922003149986267,False,False,False,[],[],[],0.09999999999999998,True,[],facebook/nllb-200-distilled-600M,f8d333a098d19b4fd9a8b18f94170487ad3f821d,MoritzLaurer/DeBERTa-v3-base-mnli-fever-anli,6f5cf0a2b59cabb106aca4c287eed12e357e90eb
86,56738,56738:hypothesis:fra_Latn,hypothesis,contradiction,RELIABLE_GOLD,contradiction,0.9975811243057251,True,A woman captures an eel for her aquarium.,A woman catches an eel for her aquarium.,0.9976072311401367,0.9971985816955566,0.9971985816955566,contradiction,0.9972955584526062,False,False,False,[],[],[],0.06172839506172845,True,[],facebook/nllb-200-distilled-600M,f8d333a098d19b4fd9a8b18f94170487ad3f821d,MoritzLaurer/DeBERTa-v3-base-mnli-fever-anli,6f5cf0a2b59cabb106aca4c287eed12e357e90eb
88,58539,58539:premise:fra_Latn,premise,neutral,RELIABLE_GOLD,neutral,0.8265563249588013,True,"A man washing his shirt, in a fountain in a park.",A man washes his shirt in a fountain in a park.,0.9964101910591125,0.9941593408584595,0.9941593408584595,neutral,0.8844305276870728,False,False,False,[],[],[],0.0625,True,[],facebook/nllb-200-distilled-600M,f8d333a098d19b4fd9a8b18f94170487ad3f821d,MoritzLaurer/DeBERTa-v3-base-mnli-fever-anli,6f5cf0a2b59cabb106aca4c287eed12e357e90eb
89,58989,58989:hypothesis:fra_Latn,hypothesis,neutral,RELIABLE_GOLD,neutral,0.9991987347602844,True,A man is taking a picture of a pretty lady.,A man takes a picture of a pretty lady.,0.996940016746521,0.994529664516449,0.994529664516449,neutral,0.9990593791007996,False,False,False,[],[],[],0.09756097560975607,True,[],facebook/nllb-200-distilled-600M,f8d333a098d19b4fd9a8b18f94170487ad3f821d,MoritzLaurer/DeBERTa-v3-base-mnli-fever-anli,6f5cf0a2b59cabb106aca4c287eed12e357e90eb
91,60930,60930:premise:fra_Latn,premise,entailment,RELIABLE_GOLD,entailment,0.9757490158081055,True,A man with black hair is wearing a red and yellow shirt and has a yellow clown nose and face makeup on.,A man with black hair wears a red and yellow shirt and has a yellow clown nose and facial makeup.,0.9923294186592102,0.9885653853416443,0.9885653853416443,entailment,0.9669445753097534,False,False,False,"[{""group"":""space"",""original"":{""on"":1},""candidate"":{},""field"":""premise""}]",[],"[{""group"":""space"",""original"":{""on"":1},""candidate"":{},""field"":""premise""}]",0.06999999999999995,True,[],facebook/nllb-200-distilled-600M,f8d333a098d19b4fd9a8b18f94170487ad3f821d,MoritzLaurer/DeBERTa-v3-base-mnli-fever-anli,6f5cf0a2b59cabb106aca4c287eed12e357e90eb
91,60930,60930:hypothesis:fra_Latn,hypothesis,entailment,RELIABLE_GOLD,entailment,0.9757490158081055,True,A man is dressed up like a clown.,A man dressed like a clown.,0.9974568486213684,0.9918237328529358,0.9918237328529358,entailment,0.9921250939369202,False,False,False,[],[],[],0.09999999999999998,True,[],facebook/nllb-200-distilled-600M,f8d333a098d19b4fd9a8b18f94170487ad3f821d,MoritzLaurer/DeBERTa-v3-base-mnli-fever-anli,6f5cf0a2b59cabb106aca4c287eed12e357e90eb
93,62478,62478:premise:fra_Latn,premise,entailment,RELIABLE_GOLD,entailment,0.978808581829071,True,A dog is standing in the snow watching the camera,A dog is standing in the snow and looking at the camera.,0.9964737296104431,0.9941719174385071,0.9941719174385071,entailment,0.9828693270683289,False,False,False,[],[],[],0.1428571428571429,True,[],facebook/nllb-200-distilled-600M,f8d333a098d19b4fd9a8b18f94170487ad3f821d,MoritzLaurer/DeBERTa-v3-base-mnli-fever-anli,6f5cf0a2b59cabb106aca4c287eed12e357e90eb
94,62874,62874:premise:fra_Latn,premise,contradiction,RELIABLE_GOLD,contradiction,0.998729407787323,True,"A man in glasses and a dust mask makes chains under a sign reading ""laut jaya.""","A man with glasses and a dust mask makes chains under a sign that says ""laut jaya"".",0.989018976688385,0.9903879761695862,0.989018976688385,contradiction,0.9984171390533447,False,False,False,"[{""group"":""space"",""original"":{""under"":1,""in"":1},""candidate"":{""under"":1},""field"":""premise""}]",[],"[{""group"":""space"",""original"":{""under"":1,""in"":1},""candidate"":{""under"":1},""field"":""premise""}]",0.12345679012345678,True,[],facebook/nllb-200-distilled-600M,f8d333a098d19b4fd9a8b18f94170487ad3f821d,MoritzLaurer/DeBERTa-v3-base-mnli-fever-anli,6f5cf0a2b59cabb106aca4c287eed12e357e90eb
94,62874,62874:hypothesis:fra_Latn,hypothesis,contradiction,RELIABLE_GOLD,contradiction,0.998729407787323,True,A man is indoors watching TV.,There's a man in there watching TV.,0.9972188472747803,0.9005781412124634,0.9005781412124634,contradiction,0.997847318649292,False,False,False,"[{""group"":""space"",""original"":{},""candidate"":{""in"":1},""field"":""hypothesis""}]",[],"[{""group"":""space"",""original"":{},""candidate"":{""in"":1},""field"":""hypothesis""}]",0.3125,True,[],facebook/nllb-200-distilled-600M,f8d333a098d19b4fd9a8b18f94170487ad3f821d,MoritzLaurer/DeBERTa-v3-base-mnli-fever-anli,6f5cf0a2b59cabb106aca4c287eed12e357e90eb
95,62914,62914:premise:fra_Latn,premise,entailment,RELIABLE_GOLD,entailment,0.9800764918327332,True,A man in a blue shirt playing the drums and singing.,A man in a blue shirt playing drums and singing.,0.9955937266349792,0.9917330741882324,0.9917330741882324,entailment,0.9692608118057251,False,False,False,[],[],[],0.040000000000000036,True,[],facebook/nllb-200-distilled-600M,f8d333a098d19b4fd9a8b18f94170487ad3f821d,MoritzLaurer/DeBERTa-v3-base-mnli-fever-anli,6f5cf0a2b59cabb106aca4c287eed12e357e90eb
95,62914,62914:hypothesis:fra_Latn,hypothesis,entailment,RELIABLE_GOLD,entailment,0.9800764918327332,True,A man is playing drums and singing at the same time.,A man plays drums and sings at the same time.,0.996404767036438,0.9939975738525391,0.9939975738525391,entailment,0.973518431186676,False,False,False,[],[],[],0.11340206185567014,True,[],facebook/nllb-200-distilled-600M,f8d333a098d19b4fd9a8b18f94170487ad3f821d,MoritzLaurer/DeBERTa-v3-base-mnli-fever-anli,6f5cf0a2b59cabb106aca4c287eed12e357e90eb
96,63473,63473:premise:fra_Latn,premise,entailment,RELIABLE_GOLD,entailment,0.996439516544342,True,This African-American man is talking on the phone.,This African-American man is on the phone.,0.9969785213470459,0.9286741614341736,0.9286741614341736,entailment,0.9833282232284546,False,False,False,[],[],[],0.08695652173913049,True,[],facebook/nllb-200-distilled-600M,f8d333a098d19b4fd9a8b18f94170487ad3f821d,MoritzLaurer/DeBERTa-v3-base-mnli-fever-anli,6f5cf0a2b59cabb106aca4c287eed12e357e90eb
96,63473,63473:hypothesis:fra_Latn,hypothesis,entailment,RELIABLE_GOLD,entailment,0.996439516544342,True,A man is communicating,A man communicates,0.9871693849563599,0.9735499620437622,0.9735499620437622,entailment,0.9932312965393066,False,False,False,[],[],[],0.19999999999999996,True,[],facebook/nllb-200-distilled-600M,f8d333a098d19b4fd9a8b18f94170487ad3f821d,MoritzLaurer/DeBERTa-v3-base-mnli-fever-anli,6f5cf0a2b59cabb106aca4c287eed12e357e90eb
98,64203,64203:hypothesis:fra_Latn,hypothesis,entailment,RELIABLE_GOLD,entailment,0.9869613647460938,True,The child is asleep,The child is sleeping.,0.9966914653778076,0.9969015121459961,0.9966914653778076,entailment,0.9923802614212036,False,False,False,[],[],[],0.12195121951219512,True,[],facebook/nllb-200-distilled-600M,f8d333a098d19b4fd9a8b18f94170487ad3f821d,MoritzLaurer/DeBERTa-v3-base-mnli-fever-anli,6f5cf0a2b59cabb106aca4c287eed12e357e90eb
100,64378,64378:premise:fra_Latn,premise,neutral,RELIABLE_GOLD,neutral,0.999464213848114,True,Four people swinging on a swing set.,Four people swinging on a swing.,0.9916444420814514,0.9279688000679016,0.9279688000679016,neutral,0.9994194507598877,False,False,False,[],[],[],0.05882352941176472,True,[],facebook/nllb-200-distilled-600M,f8d333a098d19b4fd9a8b18f94170487ad3f821d,MoritzLaurer/DeBERTa-v3-base-mnli-fever-anli,6f5cf0a2b59cabb106aca4c287eed12e357e90eb
101,64777,64777:premise:fra_Latn,premise,entailment,RELIABLE_GOLD,entailment,0.9922377467155457,True,Two girls look through a microscope.,Two girls looking at the microscope.,0.986503005027771,0.9808278679847717,0.9808278679847717,entailment,0.9924812316894531,False,False,False,"[{""group"":""space"",""original"":{""through"":1},""candidate"":{},""field"":""premise""}]",[],"[{""group"":""space"",""original"":{""through"":1},""candidate"":{},""field"":""premise""}]",0.19444444444444442,True,[],facebook/nllb-200-distilled-600M,f8d333a098d19b4fd9a8b18f94170487ad3f821d,MoritzLaurer/DeBERTa-v3-base-mnli-fever-anli,6f5cf0a2b59cabb106aca4c287eed12e357e90eb
101,64777,64777:hypothesis:fra_Latn,hypothesis,entailment,RELIABLE_GOLD,entailment,0.9922377467155457,True,Girls are looking through an instrument,Girls look through an instrument,0.9916322827339172,0.9783731698989868,0.9783731698989868,entailment,0.9881511926651001,False,False,False,[],[],[],0.09859154929577463,True,[],facebook/nllb-200-distilled-600M,f8d333a098d19b4fd9a8b18f94170487ad3f821d,MoritzLaurer/DeBERTa-v3-base-mnli-fever-anli,6f5cf0a2b59cabb106aca4c287eed12e357e90eb
102,66214,66214:premise:fra_Latn,premise,entailment,RELIABLE_GOLD,entailment,0.9888596534729004,True,These are very well groomed animals.,They're very well-groomed animals.,0.9955522418022156,0.9946183562278748,0.9946183562278748,entailment,0.9881884455680847,False,False,False,[],[],[],0.11428571428571432,True,[],facebook/nllb-200-distilled-600M,f8d333a098d19b4fd9a8b18f94170487ad3f821d,MoritzLaurer/DeBERTa-v3-base-mnli-fever-anli,6f5cf0a2b59cabb106aca4c287eed12e357e90eb
102,66214,66214:hypothesis:fra_Latn,hypothesis,entailment,RELIABLE_GOLD,entailment,0.9888596534729004,True,These are animals.,They're animals.,0.9922692775726318,0.9907363057136536,0.9907363057136536,entailment,0.9732239246368408,False,False,False,[],[],[],0.17647058823529416,True,[],facebook/nllb-200-distilled-600M,f8d333a098d19b4fd9a8b18f94170487ad3f821d,MoritzLaurer/DeBERTa-v3-base-mnli-fever-anli,6f5cf0a2b59cabb106aca4c287eed12e357e90eb
104,66614,66614:premise:fra_Latn,premise,neutral,RELIABLE_GOLD,neutral,0.99798583984375,True,A man playing a guitar on stage while a man plays drums in the background.,A man plays guitar on stage while a man plays drums in the background.,0.9961976408958435,0.9939934611320496,0.9939934611320496,neutral,0.9982454776763916,False,False,False,[],[],[],0.04166666666666663,True,[],facebook/nllb-200-distilled-600M,f8d333a098d19b4fd9a8b18f94170487ad3f821d,MoritzLaurer/DeBERTa-v3-base-mnli-fever-anli,6f5cf0a2b59cabb106aca4c287eed12e357e90eb
106,67736,67736:premise:fra_Latn,premise,entailment,RELIABLE_GOLD,entailment,0.9864975810050964,True,A dog is running through the ocean.,A dog runs across the ocean.,0.9378639459609985,0.9786452054977417,0.9378639459609985,entailment,0.950566291809082,False,False,False,"[{""group"":""space"",""original"":{""through"":1},""candidate"":{},""field"":""premise""}]",[],"[{""group"":""space"",""original"":{""through"":1},""candidate"":{},""field"":""premise""}]",0.2698412698412699,True,[],facebook/nllb-200-distilled-600M,f8d333a098d19b4fd9a8b18f94170487ad3f821d,MoritzLaurer/DeBERTa-v3-base-mnli-fever-anli,6f5cf0a2b59cabb106aca4c287eed12e357e90eb
106,67736,67736:hypothesis:fra_Latn,hypothesis,entailment,RELIABLE_GOLD,entailment,0.9864975810050964,True,A dog is in the ocean.,There's a dog in the ocean.,0.9958823919296265,0.996013879776001,0.9958823919296265,entailment,0.9927678108215332,False,False,False,[],[],[],0.22448979591836737,True,[],facebook/nllb-200-distilled-600M,f8d333a098d19b4fd9a8b18f94170487ad3f821d,MoritzLaurer/DeBERTa-v3-base-mnli-fever-anli,6f5cf0a2b59cabb106aca4c287eed12e357e90eb
107,67883,67883:premise:fra_Latn,premise,contradiction,RELIABLE_GOLD,contradiction,0.9496590495109558,True,A guy catches or prepares to throw a football with various teammates and staff in the background at what looks like a school.,A guy takes or prepares to throw a football with various teammates and staff in the background to what looks like a school.,0.9917219281196594,0.9895808696746826,0.9895808696746826,contradiction,0.9446806311607361,False,False,False,[],[],[],0.032258064516129004,True,[],facebook/nllb-200-distilled-600M,f8d333a098d19b4fd9a8b18f94170487ad3f821d,MoritzLaurer/DeBERTa-v3-base-mnli-fever-anli,6f5cf0a2b59cabb106aca4c287eed12e357e90eb
107,67883,67883:hypothesis:fra_Latn,hypothesis,contradiction,RELIABLE_GOLD,contradiction,0.9496590495109558,True,Students play lacrosse at a school.,Students are playing lacrosse at a school.,0.9932594895362854,0.996498703956604,0.9932594895362854,contradiction,0.9720247983932495,False,False,False,[],[],[],0.09090909090909094,True,[],facebook/nllb-200-distilled-600M,f8d333a098d19b4fd9a8b18f94170487ad3f821d,MoritzLaurer/DeBERTa-v3-base-mnli-fever-anli,6f5cf0a2b59cabb106aca4c287eed12e357e90eb
109,69474,69474:premise:fra_Latn,premise,entailment,RELIABLE_GOLD,entailment,0.991447925567627,True,A man wearing black jacket poses with a smile.,A man in a black jacket poses with a smile.,0.9968672394752502,0.9966666102409363,0.9966666102409363,entailment,0.992552638053894,False,False,False,"[{""group"":""space"",""original"":{},""candidate"":{""in"":1},""field"":""premise""}]",[],"[{""group"":""space"",""original"":{},""candidate"":{""in"":1},""field"":""premise""}]",0.0786516853932584,True,[],facebook/nllb-200-distilled-600M,f8d333a098d19b4fd9a8b18f94170487ad3f821d,MoritzLaurer/DeBERTa-v3-base-mnli-fever-anli,6f5cf0a2b59cabb106aca4c287eed12e357e90eb
111,69975,69975:premise:fra_Latn,premise,contradiction,RELIABLE_GOLD,contradiction,0.9975041747093201,True,A man in a white shirt and shorts prepares to serve a tennis ball.,A man in a white shirt and shorts is preparing to serve a tennis ball.,0.9951775074005127,0.9951103329658508,0.9951103329658508,contradiction,0.9977522492408752,False,False,False,[],[],[],0.05882352941176472,True,[],facebook/nllb-200-distilled-600M,f8d333a098d19b4fd9a8b18f94170487ad3f821d,MoritzLaurer/DeBERTa-v3-base-mnli-fever-anli,6f5cf0a2b59cabb106aca4c287eed12e357e90eb
112,71150,71150:premise:fra_Latn,premise,entailment,RELIABLE_GOLD,entailment,0.9967435002326965,True,A man stands by a building playing a wooden electric guitar.,A man is standing near a building playing a wooden electric guitar.,0.9977284073829651,0.9973686933517456,0.9973686933517456,entailment,0.9971712231636047,False,False,False,"[{""group"":""space"",""original"":{},""candidate"":{""near"":1},""field"":""premise""}]",[],"[{""group"":""space"",""original"":{},""candidate"":{""near"":1},""field"":""premise""}]",0.10236220472440949,True,[],facebook/nllb-200-distilled-600M,f8d333a098d19b4fd9a8b18f94170487ad3f821d,MoritzLaurer/DeBERTa-v3-base-mnli-fever-anli,6f5cf0a2b59cabb106aca4c287eed12e357e90eb
112,71150,71150:hypothesis:fra_Latn,hypothesis,entailment,RELIABLE_GOLD,entailment,0.9967435002326965,True,A man is standing.,There's a man standing.,0.9978343844413757,0.9975680708885193,0.9975680708885193,entailment,0.9959924817085266,False,False,False,[],[],[],0.2682926829268293,True,[],facebook/nllb-200-distilled-600M,f8d333a098d19b4fd9a8b18f94170487ad3f821d,MoritzLaurer/DeBERTa-v3-base-mnli-fever-anli,6f5cf0a2b59cabb106aca4c287eed12e357e90eb
113,71585,71585:premise:fra_Latn,premise,neutral,RELIABLE_GOLD,neutral,0.9097729921340942,True,Two people in blue shirts are selling shoes in an outside market.,Two people in blue shirts are selling shoes at an outdoor market.,0.9946909546852112,0.9963299632072449,0.9946909546852112,neutral,0.9593865275382996,False,False,False,"[{""group"":""space"",""original"":{""outside"":1,""in"":2},""candidate"":{""in"":1},""field"":""premise""}]",[],"[{""group"":""space"",""original"":{""outside"":1,""in"":2},""candidate"":{""in"":1},""field"":""premise""}]",0.07692307692307687,True,[],facebook/nllb-200-distilled-600M,f8d333a098d19b4fd9a8b18f94170487ad3f821d,MoritzLaurer/DeBERTa-v3-base-mnli-fever-anli,6f5cf0a2b59cabb106aca4c287eed12e357e90eb
113,71585,71585:hypothesis:fra_Latn,hypothesis,neutral,RELIABLE_GOLD,neutral,0.9097729921340942,True,The shoes are being sold by the girls.,The shoes are sold by the girls.,0.9963460564613342,0.9956507086753845,0.9956507086753845,neutral,0.881853461265564,False,False,False,[],[],[],0.08571428571428574,True,[],facebook/nllb-200-distilled-600M,f8d333a098d19b4fd9a8b18f94170487ad3f821d,MoritzLaurer/DeBERTa-v3-base-mnli-fever-anli,6f5cf0a2b59cabb106aca4c287eed12e357e90eb
115,72005,72005:hypothesis:fra_Latn,hypothesis,contradiction,RELIABLE_GOLD,contradiction,0.999542236328125,True,People running from a tsunami.,People fleeing a tsunami.,0.9959190487861633,0.9924029111862183,0.9924029111862183,contradiction,0.9957411289215088,False,False,False,[],[],[],0.23636363636363633,True,[],facebook/nllb-200-distilled-600M,f8d333a098d19b4fd9a8b18f94170487ad3f821d,MoritzLaurer/DeBERTa-v3-base-mnli-fever-anli,6f5cf0a2b59cabb106aca4c287eed12e357e90eb
116,73032,73032:premise:fra_Latn,premise,contradiction,RELIABLE_GOLD,contradiction,0.9949851036071777,True,A man wearing blue jeans is standing outside carrying a wide assortment of items and has a large dish on his head.,A man standing outside in blue jeans wearing a wide variety of items and a large plate on his head.,0.9768606424331665,0.9800644516944885,0.9768606424331665,contradiction,0.9626449942588806,False,False,False,"[{""group"":""space"",""original"":{""outside"":1,""on"":1},""candidate"":{""outside"":1,""in"":1,""on"":1},""field"":""premise""}]",[],"[{""group"":""space"",""original"":{""outside"":1,""on"":1},""candidate"":{""outside"":1,""in"":1,""on"":1},""field"":""premise""}]",0.30516431924882625,True,[],facebook/nllb-200-distilled-600M,f8d333a098d19b4fd9a8b18f94170487ad3f821d,MoritzLaurer/DeBERTa-v3-base-mnli-fever-anli,6f5cf0a2b59cabb106aca4c287eed12e357e90eb
118,73554,73554:hypothesis:fra_Latn,hypothesis,entailment,RELIABLE_GOLD,entailment,0.9978938698768616,True,A man is walking.,There's a man walking.,0.9980700612068176,0.9979954957962036,0.9979954957962036,entailment,0.9971684813499451,False,False,False,[],[],[],0.28205128205128205,True,[],facebook/nllb-200-distilled-600M,f8d333a098d19b4fd9a8b18f94170487ad3f821d,MoritzLaurer/DeBERTa-v3-base-mnli-fever-anli,6f5cf0a2b59cabb106aca4c287eed12e357e90eb
119,73820,73820:hypothesis:fra_Latn,hypothesis,entailment,RELIABLE_GOLD,entailment,0.9603135585784912,True,A boy walking outdoors.,A boy walking around outside.,0.9933866858482361,0.9954947233200073,0.9933866858482361,entailment,0.9758901000022888,False,False,False,"[{""group"":""space"",""original"":{},""candidate"":{""outside"":1},""field"":""hypothesis""}]",[],"[{""group"":""space"",""original"":{},""candidate"":{""outside"":1},""field"":""hypothesis""}]",0.2692307692307693,True,[],facebook/nllb-200-distilled-600M,f8d333a098d19b4fd9a8b18f94170487ad3f821d,MoritzLaurer/DeBERTa-v3-base-mnli-fever-anli,6f5cf0a2b59cabb106aca4c287eed12e357e90eb
120,74358,74358:premise:fra_Latn,premise,contradiction,RELIABLE_GOLD,contradiction,0.9986496567726135,True,A group examines a run down house.,A group is looking at a house that is in ruins.,0.9920390844345093,0.9981092214584351,0.9920390844345093,contradiction,0.9959797859191895,False,False,False,"[{""group"":""space"",""original"":{},""candidate"":{""in"":1},""field"":""premise""}]",[],"[{""group"":""space"",""original"":{},""candidate"":{""in"":1},""field"":""premise""}]",0.5061728395061729,True,[],facebook/nllb-200-distilled-600M,f8d333a098d19b4fd9a8b18f94170487ad3f821d,MoritzLaurer/DeBERTa-v3-base-mnli-fever-anli,6f5cf0a2b59cabb106aca4c287eed12e357e90eb
121,75090,75090:hypothesis:fra_Latn,hypothesis,entailment,RELIABLE_GOLD,entailment,0.989556610584259,True,a runner leaps,a runner jumps,0.9938901662826538,0.9873684048652649,0.9873684048652649,entailment,0.9936978220939636,False,False,False,[],[],[],0.2142857142857143,True,[],facebook/nllb-200-distilled-600M,f8d333a098d19b4fd9a8b18f94170487ad3f821d,MoritzLaurer/DeBERTa-v3-base-mnli-fever-anli,6f5cf0a2b59cabb106aca4c287eed12e357e90eb
125,76517,76517:hypothesis:fra_Latn,hypothesis,contradiction,RELIABLE_GOLD,contradiction,0.9916326403617859,True,The two men are walking unobstructed in the snow.,The two men are walking unobstructed through the snow.,0.995595395565033,0.9960935711860657,0.995595395565033,contradiction,0.9850014448165894,False,False,False,"[{""group"":""space"",""original"":{""in"":1},""candidate"":{""through"":1},""field"":""hypothesis""}]",[],"[{""group"":""space"",""original"":{""in"":1},""candidate"":{""through"":1},""field"":""hypothesis""}]",0.08737864077669899,True,[],facebook/nllb-200-distilled-600M,f8d333a098d19b4fd9a8b18f94170487ad3f821d,MoritzLaurer/DeBERTa-v3-base-mnli-fever-anli,6f5cf0a2b59cabb106aca4c287eed12e357e90eb
126,77440,77440:premise:fra_Latn,premise,contradiction,RELIABLE_GOLD,contradiction,0.9952734112739563,True,Two children work on a project with woman.,Two kids working on a project with a woman.,0.9967328310012817,0.9968861937522888,0.9967328310012817,contradiction,0.9828145503997803,False,False,False,[],[],[],0.15294117647058825,True,[],facebook/nllb-200-distilled-600M,f8d333a098d19b4fd9a8b18f94170487ad3f821d,MoritzLaurer/DeBERTa-v3-base-mnli-fever-anli,6f5cf0a2b59cabb106aca4c287eed12e357e90eb
126,77440,77440:hypothesis:fra_Latn,hypothesis,contradiction,RELIABLE_GOLD,contradiction,0.9952734112739563,True,The woman is with her friends.,The woman's with her friends.,0.9972797632217407,0.9967783093452454,0.9967783093452454,contradiction,0.9963228702545166,False,False,False,[],[],[],0.05084745762711862,True,[],facebook/nllb-200-distilled-600M,f8d333a098d19b4fd9a8b18f94170487ad3f821d,MoritzLaurer/DeBERTa-v3-base-mnli-fever-anli,6f5cf0a2b59cabb106aca4c287eed12e357e90eb
127,78138,78138:premise:fra_Latn,premise,contradiction,RELIABLE_GOLD,contradiction,0.9995710253715515,True,a woman bends down to reach in a plastic bag.,A woman bends down to touch a plastic bag.,0.9946876764297485,0.9809335470199585,0.9809335470199585,contradiction,0.9996042847633362,False,False,False,"[{""group"":""space"",""original"":{""in"":1},""candidate"":{},""field"":""premise""}]",[],"[{""group"":""space"",""original"":{""in"":1},""candidate"":{},""field"":""premise""}]",0.10344827586206895,True,[],facebook/nllb-200-distilled-600M,f8d333a098d19b4fd9a8b18f94170487ad3f821d,MoritzLaurer/DeBERTa-v3-base-mnli-fever-anli,6f5cf0a2b59cabb106aca4c287eed12e357e90eb
127,78138,78138:hypothesis:fra_Latn,hypothesis,contradiction,RELIABLE_GOLD,contradiction,0.9995710253715515,True,A woman is putting a box on a shelf.,A woman puts a box on a shelf.,0.9973360896110535,0.9949880838394165,0.9949880838394165,contradiction,0.9995816349983215,False,False,False,[],[],[],0.12121212121212122,True,[],facebook/nllb-200-distilled-600M,f8d333a098d19b4fd9a8b18f94170487ad3f821d,MoritzLaurer/DeBERTa-v3-base-mnli-fever-anli,6f5cf0a2b59cabb106aca4c287eed12e357e90eb
128,78367,78367:hypothesis:fra_Latn,hypothesis,contradiction,RELIABLE_GOLD,contradiction,0.9994749426841736,True,two individuals run around with guns,Two people running with guns.,0.9975211024284363,0.9977467656135559,0.9975211024284363,contradiction,0.999563992023468,False,False,False,[],[],[],0.3846153846153846,True,[],facebook/nllb-200-distilled-600M,f8d333a098d19b4fd9a8b18f94170487ad3f821d,MoritzLaurer/DeBERTa-v3-base-mnli-fever-anli,6f5cf0a2b59cabb106aca4c287eed12e357e90eb
129,79799,79799:premise:fra_Latn,premise,neutral,RELIABLE_GOLD,neutral,0.9991055130958557,True,A crowd of black people are gathered and one person has a backpack on.,There's a crowd of blacks gathered and a person is carrying a backpack.,0.9972732663154602,0.9975751042366028,0.9972732663154602,neutral,0.9988194108009338,False,False,False,"[{""group"":""number"",""original"":{""1"":1},""candidate"":{},""field"":""premise""},{""group"":""space"",""original"":{""on"":1},""candidate"":{},""field"":""premise""}]",[],"[{""group"":""number"",""original"":{""1"":1},""candidate"":{},""field"":""premise""},{""group"":""space"",""original"":{""on"":1},""candidate"":{},""field"":""premise""}]",0.276595744680851,True,[],facebook/nllb-200-distilled-600M,f8d333a098d19b4fd9a8b18f94170487ad3f821d,MoritzLaurer/DeBERTa-v3-base-mnli-fever-anli,6f5cf0a2b59cabb106aca4c287eed12e357e90eb
129,79799,79799:hypothesis:fra_Latn,hypothesis,neutral,RELIABLE_GOLD,neutral,0.9991055130958557,True,A crowd of teenage black people are waiting for the school to open and one of them has a backpack.,A bunch of black teenagers are waiting for school to open and one of them has a backpack.,0.9977915287017822,0.9968878626823425,0.9968878626823425,neutral,0.9988816380500793,False,False,False,[],[],[],0.17647058823529416,True,[],facebook/nllb-200-distilled-600M,f8d333a098d19b4fd9a8b18f94170487ad3f821d,MoritzLaurer/DeBERTa-v3-base-mnli-fever-anli,6f5cf0a2b59cabb106aca4c287eed12e357e90eb
130,80395,80395:premise:fra_Latn,premise,neutral,RELIABLE_GOLD,neutral,0.9992133378982544,True,A girl at a park cooking lunch.,There's a girl in a park cooking lunch.,0.9975616931915283,0.9970362186431885,0.9970362186431885,neutral,0.9991969466209412,False,False,False,"[{""group"":""space"",""original"":{},""candidate"":{""in"":1},""field"":""premise""}]",[],"[{""group"":""space"",""original"":{},""candidate"":{""in"":1},""field"":""premise""}]",0.17142857142857137,True,[],facebook/nllb-200-distilled-600M,f8d333a098d19b4fd9a8b18f94170487ad3f821d,MoritzLaurer/DeBERTa-v3-base-mnli-fever-anli,6f5cf0a2b59cabb106aca4c287eed12e357e90eb
130,80395,80395:hypothesis:fra_Latn,hypothesis,neutral,RELIABLE_GOLD,neutral,0.9992133378982544,True,A girl is making a hot dog for lunch.,A girl makes a hot dog for lunch.,0.99708491563797,0.9933502078056335,0.9933502078056335,neutral,0.9991231560707092,False,False,False,[],[],[],0.11428571428571432,True,[],facebook/nllb-200-distilled-600M,f8d333a098d19b4fd9a8b18f94170487ad3f821d,MoritzLaurer/DeBERTa-v3-base-mnli-fever-anli,6f5cf0a2b59cabb106aca4c287eed12e357e90eb
131,81737,81737:premise:fra_Latn,premise,contradiction,RELIABLE_GOLD,contradiction,0.9974505305290222,True,This is an outdoor vegetable market in possibly Southeast Asia where please are selling their fruits and vegetables.,"It's an open-air vegetable market, perhaps in Southeast Asia, where they sell their fruits and vegetables.",0.9976595640182495,0.9953694939613342,0.9953694939613342,contradiction,0.9994657635688782,False,False,False,[],[],[],0.23423423423423428,True,[],facebook/nllb-200-distilled-600M,f8d333a098d19b4fd9a8b18f94170487ad3f821d,MoritzLaurer/DeBERTa-v3-base-mnli-fever-anli,6f5cf0a2b59cabb106aca4c287eed12e357e90eb
131,81737,81737:hypothesis:fra_Latn,hypothesis,contradiction,RELIABLE_GOLD,contradiction,0.9974505305290222,True,This is an outdoor market where people buy meat.,It's an outdoor market where people buy meat.,0.9956996440887451,0.9955528378486633,0.9955528378486633,contradiction,0.9990068078041077,False,False,False,[],[],[],0.07526881720430112,True,[],facebook/nllb-200-distilled-600M,f8d333a098d19b4fd9a8b18f94170487ad3f821d,MoritzLaurer/DeBERTa-v3-base-mnli-fever-anli,6f5cf0a2b59cabb106aca4c287eed12e357e90eb
134,84582,84582:hypothesis:fra_Latn,hypothesis,entailment,RELIABLE_GOLD,entailment,0.989769697189331,True,A human smiling,A human smile,0.9916871190071106,0.9781470894813538,0.9781470894813538,entailment,0.9757924675941467,False,False,False,[],[],[],0.1428571428571429,True,[],facebook/nllb-200-distilled-600M,f8d333a098d19b4fd9a8b18f94170487ad3f821d,MoritzLaurer/DeBERTa-v3-base-mnli-fever-anli,6f5cf0a2b59cabb106aca4c287eed12e357e90eb
135,87146,87146:premise:fra_Latn,premise,entailment,RELIABLE_GOLD,entailment,0.9956616759300232,True,"A man with glasses is reading a book while lying in a red, orange and yellow striped hammock next to a sidewalk.","A man with glasses is reading a book as he lies in a hammock with red, orange and yellow stripes next to a sidewalk.",0.9954213500022888,0.9963597655296326,0.9954213500022888,entailment,0.9936607480049133,False,False,False,[],[],[],0.14912280701754388,True,[],facebook/nllb-200-distilled-600M,f8d333a098d19b4fd9a8b18f94170487ad3f821d,MoritzLaurer/DeBERTa-v3-base-mnli-fever-anli,6f5cf0a2b59cabb106aca4c287eed12e357e90eb
135,87146,87146:hypothesis:fra_Latn,hypothesis,entailment,RELIABLE_GOLD,entailment,0.9956616759300232,True,A person reading,A person who reads,0.9946498274803162,0.9837853908538818,0.9837853908538818,entailment,0.9948424696922302,False,False,False,[],[],[],0.23529411764705888,True,[],facebook/nllb-200-distilled-600M,f8d333a098d19b4fd9a8b18f94170487ad3f821d,MoritzLaurer/DeBERTa-v3-base-mnli-fever-anli,6f5cf0a2b59cabb106aca4c287eed12e357e90eb
136,87701,87701:premise:fra_Latn,premise,entailment,RELIABLE_GOLD,entailment,0.9937132000923157,True,A girl wearing a white coat standing in a fountain.,A girl in a white coat standing in a fountain.,0.9966525435447693,0.9971677660942078,0.9966525435447693,entailment,0.9967670440673828,False,False,False,"[{""group"":""space"",""original"":{""in"":1},""candidate"":{""in"":2},""field"":""premise""}]",[],"[{""group"":""space"",""original"":{""in"":1},""candidate"":{""in"":2},""field"":""premise""}]",0.05154639175257736,True,[],facebook/nllb-200-distilled-600M,f8d333a098d19b4fd9a8b18f94170487ad3f821d,MoritzLaurer/DeBERTa-v3-base-mnli-fever-anli,6f5cf0a2b59cabb106aca4c287eed12e357e90eb
136,87701,87701:hypothesis:fra_Latn,hypothesis,entailment,RELIABLE_GOLD,entailment,0.9937132000923157,True,A girl wearing a white coat standing.,A girl in a white coat standing there.,0.9911376237869263,0.9961178302764893,0.9911376237869263,entailment,0.9923227429389954,False,False,False,"[{""group"":""space"",""original"":{},""candidate"":{""in"":1},""field"":""hypothesis""}]",[],"[{""group"":""space"",""original"":{},""candidate"":{""in"":1},""field"":""hypothesis""}]",0.1466666666666666,True,[],facebook/nllb-200-distilled-600M,f8d333a098d19b4fd9a8b18f94170487ad3f821d,MoritzLaurer/DeBERTa-v3-base-mnli-fever-anli,6f5cf0a2b59cabb106aca4c287eed12e357e90eb
137,88157,88157:premise:fra_Latn,premise,contradiction,RELIABLE_GOLD,contradiction,0.9995681643486023,True,Children people run and play near a fountain.,Children run and play near a fountain.,0.9965500831604004,0.9887646436691284,0.9887646436691284,contradiction,0.9985446929931641,False,False,False,[],[],[],0.08433734939759041,True,[],facebook/nllb-200-distilled-600M,f8d333a098d19b4fd9a8b18f94170487ad3f821d,MoritzLaurer/DeBERTa-v3-base-mnli-fever-anli,6f5cf0a2b59cabb106aca4c287eed12e357e90eb
137,88157,88157:hypothesis:fra_Latn,hypothesis,contradiction,RELIABLE_GOLD,contradiction,0.9995681643486023,True,People are going into the restaurant.,People go to the restaurant.,0.9979490637779236,0.9966188669204712,0.9966188669204712,contradiction,0.9995612502098083,False,False,False,[],[],[],0.1384615384615384,True,[],facebook/nllb-200-distilled-600M,f8d333a098d19b4fd9a8b18f94170487ad3f821d,MoritzLaurer/DeBERTa-v3-base-mnli-fever-anli,6f5cf0a2b59cabb106aca4c287eed12e357e90eb
139,88424,88424:premise:fra_Latn,premise,entailment,RELIABLE_GOLD,entailment,0.9955462217330933,True,Two young women are writing on a banner.,Two young women writing on a banner.,0.9966229200363159,0.9949488639831543,0.9949488639831543,entailment,0.9947713017463684,False,False,False,[],[],[],0.052631578947368474,True,[],facebook/nllb-200-distilled-600M,f8d333a098d19b4fd9a8b18f94170487ad3f821d,MoritzLaurer/DeBERTa-v3-base-mnli-fever-anli,6f5cf0a2b59cabb106aca4c287eed12e357e90eb
140,88539,88539:premise:fra_Latn,premise,neutral,RELIABLE_GOLD,neutral,0.9424294829368591,True,A group of adults viewing a presentation in a school gymnasium.,A group of adults watching a presentation in a school gym.,0.9963627457618713,0.9948281645774841,0.9948281645774841,neutral,0.9253979921340942,False,False,False,[],[],[],0.1074380165289256,True,[],facebook/nllb-200-distilled-600M,f8d333a098d19b4fd9a8b18f94170487ad3f821d,MoritzLaurer/DeBERTa-v3-base-mnli-fever-anli,6f5cf0a2b59cabb106aca4c287eed12e357e90eb
140,88539,88539:hypothesis:fra_Latn,hypothesis,neutral,RELIABLE_GOLD,neutral,0.9424294829368591,True,adults learning something,adults learn something,0.9928612112998962,0.9794567227363586,0.9794567227363586,neutral,0.9567514061927795,False,False,False,[],[],[],0.06382978723404253,True,[],facebook/nllb-200-distilled-600M,f8d333a098d19b4fd9a8b18f94170487ad3f821d,MoritzLaurer/DeBERTa-v3-base-mnli-fever-anli,6f5cf0a2b59cabb106aca4c287eed12e357e90eb
141,89957,89957:hypothesis:fra_Latn,hypothesis,entailment,RELIABLE_GOLD,entailment,0.9965684413909912,True,two men are getting a drink,Two men are having a drink.,0.9971030354499817,0.996755063533783,0.996755063533783,entailment,0.9976755976676941,False,False,False,[],[],[],0.14814814814814814,True,[],facebook/nllb-200-distilled-600M,f8d333a098d19b4fd9a8b18f94170487ad3f821d,MoritzLaurer/DeBERTa-v3-base-mnli-fever-anli,6f5cf0a2b59cabb106aca4c287eed12e357e90eb
142,90459,90459:hypothesis:fra_Latn,hypothesis,entailment,RELIABLE_GOLD,entailment,0.9747342467308044,True,Maybe a woman is wearing a weird outfit and dances.,Maybe a woman wears a strange outfit and dances.,0.9960337281227112,0.9961108565330505,0.9960337281227112,entailment,0.9720678329467773,False,False,False,[],[],[],0.1717171717171717,True,[],facebook/nllb-200-distilled-600M,f8d333a098d19b4fd9a8b18f94170487ad3f821d,MoritzLaurer/DeBERTa-v3-base-mnli-fever-anli,6f5cf0a2b59cabb106aca4c287eed12e357e90eb
146,95485,95485:premise:fra_Latn,premise,entailment,RELIABLE_GOLD,entailment,0.9975709319114685,True,"A woman holding a girl, who wears an apple themed coat.","A woman holding a girl, wearing an apple-themed coat.",0.993032693862915,0.9928991794586182,0.9928991794586182,entailment,0.997048556804657,False,False,False,[],[],[],0.09259259259259256,True,[],facebook/nllb-200-distilled-600M,f8d333a098d19b4fd9a8b18f94170487ad3f821d,MoritzLaurer/DeBERTa-v3-base-mnli-fever-anli,6f5cf0a2b59cabb106aca4c287eed12e357e90eb
146,95485,95485:hypothesis:fra_Latn,hypothesis,entailment,RELIABLE_GOLD,entailment,0.9975709319114685,True,Woman holds a girl wearing a coat.,A woman holds a girl in a coat.,0.9959427714347839,0.9971097111701965,0.9959427714347839,entailment,0.9963545799255371,False,False,False,"[{""group"":""space"",""original"":{},""candidate"":{""in"":1},""field"":""hypothesis""}]",[],"[{""group"":""space"",""original"":{},""candidate"":{""in"":1},""field"":""hypothesis""}]",0.10769230769230764,True,[],facebook/nllb-200-distilled-600M,f8d333a098d19b4fd9a8b18f94170487ad3f821d,MoritzLaurer/DeBERTa-v3-base-mnli-fever-anli,6f5cf0a2b59cabb106aca4c287eed12e357e90eb
147,95970,95970:premise:fra_Latn,premise,contradiction,RELIABLE_GOLD,contradiction,0.9995597004890442,True,Many two-person kayaks fill a river surrounded by trees.,Many kayaks for two people fill a river surrounded by trees.,0.9934250116348267,0.9953482747077942,0.9934250116348267,contradiction,0.9994901418685913,False,False,False,[],[],[],0.22413793103448276,True,[],facebook/nllb-200-distilled-600M,f8d333a098d19b4fd9a8b18f94170487ad3f821d,MoritzLaurer/DeBERTa-v3-base-mnli-fever-anli,6f5cf0a2b59cabb106aca4c287eed12e357e90eb
148,96110,96110:premise:fra_Latn,premise,contradiction,RELIABLE_GOLD,contradiction,0.9996128678321838,True,A man stands on stage with a fireworks going off beside of him.,A man stands on the stage with fireworks lit next to him.,0.9967787861824036,0.9896644949913025,0.9896644949913025,contradiction,0.9995706677436829,False,False,False,"[{""group"":""space"",""original"":{""beside"":1,""on"":1},""candidate"":{""on"":1},""field"":""premise""}]",[],"[{""group"":""space"",""original"":{""beside"":1,""on"":1},""candidate"":{""on"":1},""field"":""premise""}]",0.2833333333333333,True,[],facebook/nllb-200-distilled-600M,f8d333a098d19b4fd9a8b18f94170487ad3f821d,MoritzLaurer/DeBERTa-v3-base-mnli-fever-anli,6f5cf0a2b59cabb106aca4c287eed12e357e90eb
150,97491,97491:premise:fra_Latn,premise,contradiction,RELIABLE_GOLD,contradiction,0.9993540644645691,True,The small dog wearing a tutu stands on its hind legs.,The little dog wearing a tutu stands on its hind legs.,0.9975047707557678,0.9973211884498596,0.9973211884498596,contradiction,0.9993346333503723,False,False,False,[],[],[],0.06542056074766356,True,[],facebook/nllb-200-distilled-600M,f8d333a098d19b4fd9a8b18f94170487ad3f821d,MoritzLaurer/DeBERTa-v3-base-mnli-fever-anli,6f5cf0a2b59cabb106aca4c287eed12e357e90eb
150,97491,97491:hypothesis:fra_Latn,hypothesis,contradiction,RELIABLE_GOLD,contradiction,0.9993540644645691,True,There is a dog laying down,There's a dog lying there.,0.9961007833480835,0.9971255660057068,0.9961007833480835,contradiction,0.9993184804916382,False,False,False,[],[],[],0.2692307692307693,True,[],facebook/nllb-200-distilled-600M,f8d333a098d19b4fd9a8b18f94170487ad3f821d,MoritzLaurer/DeBERTa-v3-base-mnli-fever-anli,6f5cf0a2b59cabb106aca4c287eed12e357e90eb
153,99482,99482:premise:fra_Latn,premise,entailment,RELIABLE_GOLD,entailment,0.9888398051261902,True,A large brown dog is digging in the sand.,A big brown dog digging in the sand.,0.9981691837310791,0.9978280663490295,0.9978280663490295,entailment,0.9895766973495483,False,False,False,[],[],[],0.11688311688311692,True,[],facebook/nllb-200-distilled-600M,f8d333a098d19b4fd9a8b18f94170487ad3f821d,MoritzLaurer/DeBERTa-v3-base-mnli-fever-anli,6f5cf0a2b59cabb106aca4c287eed12e357e90eb
153,99482,99482:hypothesis:fra_Latn,hypothesis,entailment,RELIABLE_GOLD,entailment,0.9888398051261902,True,A dog is digging outside.,There's a dog digging outside.,0.9982991814613342,0.9981240630149841,0.9981240630149841,entailment,0.990014910697937,False,False,False,[],[],[],0.19999999999999996,True,[],facebook/nllb-200-distilled-600M,f8d333a098d19b4fd9a8b18f94170487ad3f821d,MoritzLaurer/DeBERTa-v3-base-mnli-fever-anli,6f5cf0a2b59cabb106aca4c287eed12e357e90eb
155,99871,99871:premise:fra_Latn,premise,entailment,RELIABLE_GOLD,entailment,0.950347900390625,True,A woman sitting at a desk staring at a computer screen.,A woman sitting at a desk looking at a computer screen.,0.9963793158531189,0.9924665093421936,0.9924665093421936,entailment,0.954091489315033,False,False,False,[],[],[],0.07272727272727275,True,[],facebook/nllb-200-distilled-600M,f8d333a098d19b4fd9a8b18f94170487ad3f821d,MoritzLaurer/DeBERTa-v3-base-mnli-fever-anli,6f5cf0a2b59cabb106aca4c287eed12e357e90eb
155,99871,99871:hypothesis:fra_Latn,hypothesis,entailment,RELIABLE_GOLD,entailment,0.950347900390625,True,A woman is at work.,There's a woman at work.,0.9973714351654053,0.9972155094146729,0.9972155094146729,entailment,0.9333650469779968,False,False,False,[],[],[],0.2558139534883721,True,[],facebook/nllb-200-distilled-600M,f8d333a098d19b4fd9a8b18f94170487ad3f821d,MoritzLaurer/DeBERTa-v3-base-mnli-fever-anli,6f5cf0a2b59cabb106aca4c287eed12e357e90eb
157,101993,101993:premise:fra_Latn,premise,entailment,RELIABLE_GOLD,entailment,0.9964518547058105,True,A woman adjusts her sunglasses.,A woman adjusting her sunglasses.,0.9952797889709473,0.9974289536476135,0.9952797889709473,entailment,0.997316300868988,False,False,False,[],[],[],0.0625,True,[],facebook/nllb-200-distilled-600M,f8d333a098d19b4fd9a8b18f94170487ad3f821d,MoritzLaurer/DeBERTa-v3-base-mnli-fever-anli,6f5cf0a2b59cabb106aca4c287eed12e357e90eb
164,105325,105325:premise:fra_Latn,premise,neutral,RELIABLE_GOLD,neutral,0.8475672602653503,True,Many people ride their bikes down a bike path in a city.,A lot of people ride their bikes on a bike path in a city.,0.9974910020828247,0.9930758476257324,0.9930758476257324,neutral,0.9388521313667297,False,False,False,"[{""group"":""quantifier"",""original"":{""many"":1},""candidate"":{},""field"":""premise""},{""group"":""space"",""original"":{""in"":1},""candidate"":{""in"":1,""on"":1},""field"":""premise""}]",[],"[{""group"":""quantifier"",""original"":{""many"":1},""candidate"":{},""field"":""premise""},{""group"":""space"",""original"":{""in"":1},""candidate"":{""in"":1,""on"":1},""field"":""premise""}]",0.10526315789473684,True,[],facebook/nllb-200-distilled-600M,f8d333a098d19b4fd9a8b18f94170487ad3f821d,MoritzLaurer/DeBERTa-v3-base-mnli-fever-anli,6f5cf0a2b59cabb106aca4c287eed12e357e90eb
165,105872,105872:hypothesis:fra_Latn,hypothesis,entailment,RELIABLE_GOLD,entailment,0.9701388478279114,True,One man is on the roof,There's a man on the roof.,0.9971862435340881,0.9927672147750854,0.9927672147750854,entailment,0.9646683931350708,False,False,False,"[{""group"":""number"",""original"":{""1"":1},""candidate"":{},""field"":""hypothesis""}]",[],"[{""group"":""number"",""original"":{""1"":1},""candidate"":{},""field"":""hypothesis""}]",0.29166666666666663,True,[],facebook/nllb-200-distilled-600M,f8d333a098d19b4fd9a8b18f94170487ad3f821d,MoritzLaurer/DeBERTa-v3-base-mnli-fever-anli,6f5cf0a2b59cabb106aca4c287eed12e357e90eb
166,107185,107185:premise:fra_Latn,premise,neutral,RELIABLE_GOLD,neutral,0.9985231757164001,True,A dad is entertaining his family by playing the guitar.,A father entertains his family by playing guitar.,0.9978694915771484,0.9973324537277222,0.9973324537277222,neutral,0.9988118410110474,False,False,False,[],[],[],0.17307692307692313,True,[],facebook/nllb-200-distilled-600M,f8d333a098d19b4fd9a8b18f94170487ad3f821d,MoritzLaurer/DeBERTa-v3-base-mnli-fever-anli,6f5cf0a2b59cabb106aca4c287eed12e357e90eb
166,107185,107185:hypothesis:fra_Latn,hypothesis,neutral,RELIABLE_GOLD,neutral,0.9985231757164001,True,The dad plays country music under the starry night.,Dad plays country music under the stars.,0.9966158270835876,0.992479681968689,0.992479681968689,neutral,0.9976189732551575,False,False,False,[],[],[],0.1428571428571429,True,[],facebook/nllb-200-distilled-600M,f8d333a098d19b4fd9a8b18f94170487ad3f821d,MoritzLaurer/DeBERTa-v3-base-mnli-fever-anli,6f5cf0a2b59cabb106aca4c287eed12e357e90eb
168,108589,108589:hypothesis:fra_Latn,hypothesis,neutral,RELIABLE_GOLD,neutral,0.9991293549537659,True,One of the people is wearing green,One of the people wears the green.,0.9877356886863708,0.9907448887825012,0.9877356886863708,neutral,0.9984424710273743,False,False,False,[],[],[],0.17647058823529416,True,[],facebook/nllb-200-distilled-600M,f8d333a098d19b4fd9a8b18f94170487ad3f821d,MoritzLaurer/DeBERTa-v3-base-mnli-fever-anli,6f5cf0a2b59cabb106aca4c287eed12e357e90eb
172,111292,111292:premise:fra_Latn,premise,contradiction,RELIABLE_GOLD,contradiction,0.9993810653686523,True,A man wearing a white t-shirt looking away from the camera.,A man in a white T-shirt looking away from the camera.,0.9964724779129028,0.996738612651825,0.9964724779129028,contradiction,0.9993662238121033,False,False,False,"[{""group"":""space"",""original"":{},""candidate"":{""in"":1},""field"":""premise""}]",[],"[{""group"":""space"",""original"":{},""candidate"":{""in"":1},""field"":""premise""}]",0.04424778761061943,True,[],facebook/nllb-200-distilled-600M,f8d333a098d19b4fd9a8b18f94170487ad3f821d,MoritzLaurer/DeBERTa-v3-base-mnli-fever-anli,6f5cf0a2b59cabb106aca4c287eed12e357e90eb
172,111292,111292:hypothesis:fra_Latn,hypothesis,contradiction,RELIABLE_GOLD,contradiction,0.9993810653686523,True,The is wearing a red t-shirt.,He's wearing a red T-shirt.,0.9892422556877136,0.9948496222496033,0.9892422556877136,contradiction,0.9993019104003906,False,False,False,[],[],[],0.0714285714285714,True,[],facebook/nllb-200-distilled-600M,f8d333a098d19b4fd9a8b18f94170487ad3f821d,MoritzLaurer/DeBERTa-v3-base-mnli-fever-anli,6f5cf0a2b59cabb106aca4c287eed12e357e90eb
176,113482,113482:premise:fra_Latn,premise,neutral,RELIABLE_GOLD,neutral,0.9866539835929871,True,"Construction worker, welding on high beam.","Construction worker, high beam welding.",0.9937293529510498,0.9932231903076172,0.9932231903076172,neutral,0.9818269610404968,False,False,False,"[{""group"":""space"",""original"":{""on"":1},""candidate"":{},""field"":""premise""}]",[],"[{""group"":""space"",""original"":{""on"":1},""candidate"":{},""field"":""premise""}]",0.23456790123456794,True,[],facebook/nllb-200-distilled-600M,f8d333a098d19b4fd9a8b18f94170487ad3f821d,MoritzLaurer/DeBERTa-v3-base-mnli-fever-anli,6f5cf0a2b59cabb106aca4c287eed12e357e90eb
177,114570,114570:hypothesis:fra_Latn,hypothesis,entailment,RELIABLE_GOLD,entailment,0.9921407103538513,True,man looks at policeman,A man looks at a policeman,0.9919899106025696,0.9938517808914185,0.9919899106025696,entailment,0.99339359998703,False,False,False,[],[],[],0.08333333333333337,True,[],facebook/nllb-200-distilled-600M,f8d333a098d19b4fd9a8b18f94170487ad3f821d,MoritzLaurer/DeBERTa-v3-base-mnli-fever-anli,6f5cf0a2b59cabb106aca4c287eed12e357e90eb
179,117040,117040:premise:fra_Latn,premise,neutral,RELIABLE_GOLD,neutral,0.9944433569908142,True,A group of ladies with computers sit behind a table while people on the other side purchase something.,A group of ladies with computers are sitting behind a table while the people on the other side are buying something.,0.9941250085830688,0.9948592185974121,0.9941250085830688,neutral,0.993438184261322,False,False,False,[],[],[],0.12844036697247707,True,[],facebook/nllb-200-distilled-600M,f8d333a098d19b4fd9a8b18f94170487ad3f821d,MoritzLaurer/DeBERTa-v3-base-mnli-fever-anli,6f5cf0a2b59cabb106aca4c287eed12e357e90eb
179,117040,117040:hypothesis:fra_Latn,hypothesis,neutral,RELIABLE_GOLD,neutral,0.9944433569908142,True,People are purchasing necessary items.,People buy necessary items.,0.9966536164283752,0.9927835464477539,0.9927835464477539,neutral,0.9891200065612793,False,False,False,[],[],[],0.23076923076923073,True,[],facebook/nllb-200-distilled-600M,f8d333a098d19b4fd9a8b18f94170487ad3f821d,MoritzLaurer/DeBERTa-v3-base-mnli-fever-anli,6f5cf0a2b59cabb106aca4c287eed12e357e90eb
181,117651,117651:premise:fra_Latn,premise,entailment,RELIABLE_GOLD,entailment,0.9940306544303894,True,A dog taking a poop in the street.,A dog that's doing shit on the street.,0.9963812828063965,0.9952267408370972,0.9952267408370972,entailment,0.9904897212982178,False,False,False,"[{""group"":""space"",""original"":{""in"":1},""candidate"":{""on"":1},""field"":""premise""}]",[],"[{""group"":""space"",""original"":{""in"":1},""candidate"":{""on"":1},""field"":""premise""}]",0.25,True,[],facebook/nllb-200-distilled-600M,f8d333a098d19b4fd9a8b18f94170487ad3f821d,MoritzLaurer/DeBERTa-v3-base-mnli-fever-anli,6f5cf0a2b59cabb106aca4c287eed12e357e90eb
181,117651,117651:hypothesis:fra_Latn,hypothesis,entailment,RELIABLE_GOLD,entailment,0.9940306544303894,True,A dog is pooping.,A dog does shit.,0.9926437735557556,0.96269690990448,0.96269690990448,entailment,0.9929770827293396,False,False,False,[],[],[],0.3939393939393939,True,[],facebook/nllb-200-distilled-600M,f8d333a098d19b4fd9a8b18f94170487ad3f821d,MoritzLaurer/DeBERTa-v3-base-mnli-fever-anli,6f5cf0a2b59cabb106aca4c287eed12e357e90eb
182,118176,118176:hypothesis:fra_Latn,hypothesis,neutral,RELIABLE_GOLD,neutral,0.9991245865821838,True,The girl is winning the tennis match.,The girl wins the tennis match.,0.9952528476715088,0.9859583973884583,0.9859583973884583,neutral,0.9990134239196777,False,False,False,[],[],[],0.11764705882352944,True,[],facebook/nllb-200-distilled-600M,f8d333a098d19b4fd9a8b18f94170487ad3f821d,MoritzLaurer/DeBERTa-v3-base-mnli-fever-anli,6f5cf0a2b59cabb106aca4c287eed12e357e90eb
184,118275,118275:premise:fra_Latn,premise,contradiction,RELIABLE_GOLD,contradiction,0.9990719556808472,True,A group of people digging a large hole.,A group of people are digging a big hole.,0.9980124235153198,0.9968376159667969,0.9968376159667969,contradiction,0.9994195699691772,False,False,False,[],[],[],0.125,True,[],facebook/nllb-200-distilled-600M,f8d333a098d19b4fd9a8b18f94170487ad3f821d,MoritzLaurer/DeBERTa-v3-base-mnli-fever-anli,6f5cf0a2b59cabb106aca4c287eed12e357e90eb
184,118275,118275:hypothesis:fra_Latn,hypothesis,contradiction,RELIABLE_GOLD,contradiction,0.9990719556808472,True,A bulldozer digging a hole.,A bulldozer that's digging a hole.,0.9964653253555298,0.997403085231781,0.9964653253555298,contradiction,0.9989261031150818,False,False,False,[],[],[],0.11475409836065575,True,[],facebook/nllb-200-distilled-600M,f8d333a098d19b4fd9a8b18f94170487ad3f821d,MoritzLaurer/DeBERTa-v3-base-mnli-fever-anli,6f5cf0a2b59cabb106aca4c287eed12e357e90eb
185,119934,119934:premise:fra_Latn,premise,entailment,RELIABLE_GOLD,entailment,0.8969429731369019,True,A man is bending down repairing a house.,A man bows down to repair a house.,0.986004650592804,0.9923658967018127,0.986004650592804,entailment,0.9323623776435852,False,False,False,[],[],[],0.2432432432432432,True,[],facebook/nllb-200-distilled-600M,f8d333a098d19b4fd9a8b18f94170487ad3f821d,MoritzLaurer/DeBERTa-v3-base-mnli-fever-anli,6f5cf0a2b59cabb106aca4c287eed12e357e90eb
186,121762,121762:premise:fra_Latn,premise,contradiction,RELIABLE_GOLD,contradiction,0.9989398121833801,True,A dog walking through the water at the ocean.,A dog walking in the water in the ocean.,0.9949541687965393,0.9940251708030701,0.9940251708030701,contradiction,0.9993507266044617,False,False,False,"[{""group"":""space"",""original"":{""through"":1},""candidate"":{""in"":2},""field"":""premise""}]",[],"[{""group"":""space"",""original"":{""through"":1},""candidate"":{""in"":2},""field"":""premise""}]",0.15294117647058825,True,[],facebook/nllb-200-distilled-600M,f8d333a098d19b4fd9a8b18f94170487ad3f821d,MoritzLaurer/DeBERTa-v3-base-mnli-fever-anli,6f5cf0a2b59cabb106aca4c287eed12e357e90eb
186,121762,121762:hypothesis:fra_Latn,hypothesis,contradiction,RELIABLE_GOLD,contradiction,0.9989398121833801,True,A cat walking through the water at the ocean.,A cat walking in the water in the ocean.,0.9952600598335266,0.9935477375984192,0.9935477375984192,contradiction,0.9993129968643188,False,False,False,"[{""group"":""space"",""original"":{""through"":1},""candidate"":{""in"":2},""field"":""hypothesis""}]",[],"[{""group"":""space"",""original"":{""through"":1},""candidate"":{""in"":2},""field"":""hypothesis""}]",0.15294117647058825,True,[],facebook/nllb-200-distilled-600M,f8d333a098d19b4fd9a8b18f94170487ad3f821d,MoritzLaurer/DeBERTa-v3-base-mnli-fever-anli,6f5cf0a2b59cabb106aca4c287eed12e357e90eb
187,123524,123524:premise:fra_Latn,premise,contradiction,RELIABLE_GOLD,contradiction,0.999640703201294,True,Factory workers standing in uniform next to their product.,The factory workers standing in uniform next to their produce.,0.9877675771713257,0.9954739212989807,0.9877675771713257,contradiction,0.9996335506439209,False,False,False,[],[],[],0.050000000000000044,True,[],facebook/nllb-200-distilled-600M,f8d333a098d19b4fd9a8b18f94170487ad3f821d,MoritzLaurer/DeBERTa-v3-base-mnli-fever-anli,6f5cf0a2b59cabb106aca4c287eed12e357e90eb
188,123536,123536:premise:fra_Latn,premise,entailment,RELIABLE_GOLD,entailment,0.9976263642311096,True,The black and white dog is running on the grass.,The black and white dog runs on the grass.,0.9978266358375549,0.997458279132843,0.997458279132843,entailment,0.9975449442863464,False,False,False,[],[],[],0.0888888888888889,True,[],facebook/nllb-200-distilled-600M,f8d333a098d19b4fd9a8b18f94170487ad3f821d,MoritzLaurer/DeBERTa-v3-base-mnli-fever-anli,6f5cf0a2b59cabb106aca4c287eed12e357e90eb
188,123536,123536:hypothesis:fra_Latn,hypothesis,entailment,RELIABLE_GOLD,entailment,0.9976263642311096,True,The black and white dog is running.,The black and white dog runs.,0.9973107576370239,0.9974673986434937,0.9973107576370239,entailment,0.9975221753120422,False,False,False,[],[],[],0.125,True,[],facebook/nllb-200-distilled-600M,f8d333a098d19b4fd9a8b18f94170487ad3f821d,MoritzLaurer/DeBERTa-v3-base-mnli-fever-anli,6f5cf0a2b59cabb106aca4c287eed12e357e90eb
189,124930,124930:premise:fra_Latn,premise,neutral,RELIABLE_GOLD,neutral,0.9968034029006958,True,A woman standing in front of a building as others go about their day.,A woman standing in front of a building while others spend their day.,0.9953017234802246,0.9964246153831482,0.9953017234802246,neutral,0.9920949339866638,False,False,False,[],[],[],0.14492753623188404,True,[],facebook/nllb-200-distilled-600M,f8d333a098d19b4fd9a8b18f94170487ad3f821d,MoritzLaurer/DeBERTa-v3-base-mnli-fever-anli,6f5cf0a2b59cabb106aca4c287eed12e357e90eb
189,124930,124930:hypothesis:fra_Latn,hypothesis,neutral,RELIABLE_GOLD,neutral,0.9968034029006958,True,I women waiting on friends outside a building.,I'm a woman waiting for friends outside a building.,0.9957807064056396,0.9935033917427063,0.9935033917427063,neutral,0.9978882670402527,False,False,False,"[{""group"":""space"",""original"":{""outside"":1,""on"":1},""candidate"":{""outside"":1},""field"":""hypothesis""}]",[],"[{""group"":""space"",""original"":{""outside"":1,""on"":1},""candidate"":{""outside"":1},""field"":""hypothesis""}]",0.09278350515463918,True,[],facebook/nllb-200-distilled-600M,f8d333a098d19b4fd9a8b18f94170487ad3f821d,MoritzLaurer/DeBERTa-v3-base-mnli-fever-anli,6f5cf0a2b59cabb106aca4c287eed12e357e90eb
190,125168,125168:hypothesis:fra_Latn,hypothesis,entailment,RELIABLE_GOLD,entailment,0.9974320530891418,True,Two people are racing.,Two people are in a race.,0.9968662858009338,0.9954148530960083,0.9954148530960083,entailment,0.9975547194480896,False,False,False,"[{""group"":""space"",""original"":{},""candidate"":{""in"":1},""field"":""hypothesis""}]",[],"[{""group"":""space"",""original"":{},""candidate"":{""in"":1},""field"":""hypothesis""}]",0.19148936170212771,True,[],facebook/nllb-200-distilled-600M,f8d333a098d19b4fd9a8b18f94170487ad3f821d,MoritzLaurer/DeBERTa-v3-base-mnli-fever-anli,6f5cf0a2b59cabb106aca4c287eed12e357e90eb
191,125334,125334:premise:fra_Latn,premise,neutral,RELIABLE_GOLD,neutral,0.9970946311950684,True,"A woman wearing a sparkly blue costume, leaps into the air while swirling a green ribbon in her left hand.",A woman in a shiny blue suit jumps into the air while twirling a green ribbon in her left hand.,0.9958475232124329,0.9968509078025818,0.9958475232124329,neutral,0.9988459348678589,False,False,False,"[{""group"":""space"",""original"":{""left"":1,""in"":1},""candidate"":{""left"":1,""in"":2},""field"":""premise""}]",[],"[{""group"":""space"",""original"":{""left"":1,""in"":1},""candidate"":{""left"":1,""in"":2},""field"":""premise""}]",0.13432835820895528,True,[],facebook/nllb-200-distilled-600M,f8d333a098d19b4fd9a8b18f94170487ad3f821d,MoritzLaurer/DeBERTa-v3-base-mnli-fever-anli,6f5cf0a2b59cabb106aca4c287eed12e357e90eb
192,126619,126619:premise:fra_Latn,premise,entailment,RELIABLE_GOLD,entailment,0.9909670948982239,True,Five men wearing black shorts are leaving the starting blocks in a track competition with few spectators.,Five men in black shorts leave the starting points of a track race with few spectators.,0.9957972764968872,0.9968706965446472,0.9957972764968872,entailment,0.9623063206672668,False,False,False,[],[],[],0.1875,True,[],facebook/nllb-200-distilled-600M,f8d333a098d19b4fd9a8b18f94170487ad3f821d,MoritzLaurer/DeBERTa-v3-base-mnli-fever-anli,6f5cf0a2b59cabb106aca4c287eed12e357e90eb
192,126619,126619:hypothesis:fra_Latn,hypothesis,entailment,RELIABLE_GOLD,entailment,0.9909670948982239,True,Five men are racing.,Five men are in the race.,0.9960594177246094,0.9959639310836792,0.9959639310836792,entailment,0.9937113523483276,False,False,False,"[{""group"":""space"",""original"":{},""candidate"":{""in"":1},""field"":""hypothesis""}]",[],"[{""group"":""space"",""original"":{},""candidate"":{""in"":1},""field"":""hypothesis""}]",0.24444444444444446,True,[],facebook/nllb-200-distilled-600M,f8d333a098d19b4fd9a8b18f94170487ad3f821d,MoritzLaurer/DeBERTa-v3-base-mnli-fever-anli,6f5cf0a2b59cabb106aca4c287eed12e357e90eb
193,126867,126867:hypothesis:fra_Latn,hypothesis,neutral,RELIABLE_GOLD,neutral,0.9978771209716797,True,A woman reading the first published copy of her new book.,A woman reading the first printed copy of her new book.,0.9944023489952087,0.9903823733329773,0.9903823733329773,neutral,0.9972003698348999,False,False,False,[],[],[],0.0714285714285714,True,[],facebook/nllb-200-distilled-600M,f8d333a098d19b4fd9a8b18f94170487ad3f821d,MoritzLaurer/DeBERTa-v3-base-mnli-fever-anli,6f5cf0a2b59cabb106aca4c287eed12e357e90eb
195,129526,129526:hypothesis:fra_Latn,hypothesis,contradiction,RELIABLE_GOLD,contradiction,0.9995163679122925,True,People are eating in a restaurant,People eat in a restaurant.,0.9971649050712585,0.9914137125015259,0.9914137125015259,contradiction,0.9991668462753296,False,False,False,[],[],[],0.1333333333333333,True,[],facebook/nllb-200-distilled-600M,f8d333a098d19b4fd9a8b18f94170487ad3f821d,MoritzLaurer/DeBERTa-v3-base-mnli-fever-anli,6f5cf0a2b59cabb106aca4c287eed12e357e90eb
196,129767,129767:premise:fra_Latn,premise,contradiction,RELIABLE_GOLD,contradiction,0.9996949434280396,True,A young long-haired girl is out skipping on the sidewalk on a sunny day.,A young girl with long hair jumps on the sidewalk on a sunny day.,0.977899968624115,0.9842827916145325,0.977899968624115,contradiction,0.9996525049209595,False,False,False,[],[],[],0.27007299270072993,True,[],facebook/nllb-200-distilled-600M,f8d333a098d19b4fd9a8b18f94170487ad3f821d,MoritzLaurer/DeBERTa-v3-base-mnli-fever-anli,6f5cf0a2b59cabb106aca4c287eed12e357e90eb
198,132011,132011:premise:fra_Latn,premise,entailment,RELIABLE_GOLD,entailment,0.9983224272727966,True,"A woman and a man sit on a stone bench, with tall buildings behind them.","A woman and a man are sitting on a rock bench, with tall buildings behind them.",0.9931992888450623,0.9943504929542542,0.9931992888450623,entailment,0.9982289671897888,False,False,False,[],[],[],0.09933774834437081,True,[],facebook/nllb-200-distilled-600M,f8d333a098d19b4fd9a8b18f94170487ad3f821d,MoritzLaurer/DeBERTa-v3-base-mnli-fever-anli,6f5cf0a2b59cabb106aca4c287eed12e357e90eb
202,135071,135071:hypothesis:fra_Latn,hypothesis,entailment,RELIABLE_GOLD,entailment,0.996249258518219,True,People are walking outdoors.,People are walking outside.,0.9983099699020386,0.9974170923233032,0.9974170923233032,entailment,0.9971668124198914,False,False,False,"[{""group"":""space"",""original"":{},""candidate"":{""outside"":1},""field"":""hypothesis""}]",[],"[{""group"":""space"",""original"":{},""candidate"":{""outside"":1},""field"":""hypothesis""}]",0.12727272727272732,True,[],facebook/nllb-200-distilled-600M,f8d333a098d19b4fd9a8b18f94170487ad3f821d,MoritzLaurer/DeBERTa-v3-base-mnli-fever-anli,6f5cf0a2b59cabb106aca4c287eed12e357e90eb
203,135294,135294:premise:fra_Latn,premise,neutral,RELIABLE_GOLD,neutral,0.9925383925437927,True,A father and his son and daughter play by the waters edge.,A father and his son and daughter are playing by the water.,0.9951089024543762,0.9844921827316284,0.9844921827316284,neutral,0.9939390420913696,False,False,False,[],[],[],0.11111111111111116,True,[],facebook/nllb-200-distilled-600M,f8d333a098d19b4fd9a8b18f94170487ad3f821d,MoritzLaurer/DeBERTa-v3-base-mnli-fever-anli,6f5cf0a2b59cabb106aca4c287eed12e357e90eb
203,135294,135294:hypothesis:fra_Latn,hypothesis,neutral,RELIABLE_GOLD,neutral,0.9925383925437927,True,A father is spending his saturday with his kids,A father spends his Saturday with his children.,0.9972733855247498,0.9925766587257385,0.9925766587257385,neutral,0.9858864545822144,False,False,False,[],[],[],0.17021276595744683,True,[],facebook/nllb-200-distilled-600M,f8d333a098d19b4fd9a8b18f94170487ad3f821d,MoritzLaurer/DeBERTa-v3-base-mnli-fever-anli,6f5cf0a2b59cabb106aca4c287eed12e357e90eb
207,138010,138010:hypothesis:fra_Latn,hypothesis,contradiction,RELIABLE_GOLD,contradiction,0.9993240833282471,True,A man is standing in a field.,There's a man standing in a field.,0.9981077909469604,0.9977993369102478,0.9977993369102478,contradiction,0.9995043277740479,False,False,False,[],[],[],0.17460317460317465,True,[],facebook/nllb-200-distilled-600M,f8d333a098d19b4fd9a8b18f94170487ad3f821d,MoritzLaurer/DeBERTa-v3-base-mnli-fever-anli,6f5cf0a2b59cabb106aca4c287eed12e357e90eb
208,138280,138280:premise:fra_Latn,premise,entailment,RELIABLE_GOLD,entailment,0.9822002649307251,True,Person in a red hat walking on a sidewalk on a snowy day.,A person in a red hat walks down the sidewalk on a snowy day.,0.9891848564147949,0.997184693813324,0.9891848564147949,entailment,0.9918736815452576,False,False,False,"[{""group"":""space"",""original"":{""in"":1,""on"":2},""candidate"":{""in"":1,""on"":1},""field"":""premise""}]",[],"[{""group"":""space"",""original"":{""in"":1,""on"":2},""candidate"":{""in"":1,""on"":1},""field"":""premise""}]",0.10169491525423724,True,[],facebook/nllb-200-distilled-600M,f8d333a098d19b4fd9a8b18f94170487ad3f821d,MoritzLaurer/DeBERTa-v3-base-mnli-fever-anli,6f5cf0a2b59cabb106aca4c287eed12e357e90eb
208,138280,138280:hypothesis:fra_Latn,hypothesis,entailment,RELIABLE_GOLD,entailment,0.9822002649307251,True,The lady wore a red hat while she walked on the snowy sidewalk.,The lady was wearing a red hat as she walked down the snowy sidewalk.,0.9909537434577942,0.9979715943336487,0.9909537434577942,entailment,0.9882794618606567,False,False,False,"[{""group"":""space"",""original"":{""on"":1},""candidate"":{},""field"":""hypothesis""}]",[],"[{""group"":""space"",""original"":{""on"":1},""candidate"":{},""field"":""hypothesis""}]",0.1515151515151515,True,[],facebook/nllb-200-distilled-600M,f8d333a098d19b4fd9a8b18f94170487ad3f821d,MoritzLaurer/DeBERTa-v3-base-mnli-fever-anli,6f5cf0a2b59cabb106aca4c287eed12e357e90eb
209,138332,138332:hypothesis:fra_Latn,hypothesis,neutral,RELIABLE_GOLD,neutral,0.9789368510246277,True,A couple of young baseball players at a park.,A couple of young baseball players in a park.,0.9909890294075012,0.9942464232444763,0.9909890294075012,neutral,0.979345440864563,False,False,False,"[{""group"":""space"",""original"":{},""candidate"":{""in"":1},""field"":""hypothesis""}]",[],"[{""group"":""space"",""original"":{},""candidate"":{""in"":1},""field"":""hypothesis""}]",0.0444444444444444,True,[],facebook/nllb-200-distilled-600M,f8d333a098d19b4fd9a8b18f94170487ad3f821d,MoritzLaurer/DeBERTa-v3-base-mnli-fever-anli,6f5cf0a2b59cabb106aca4c287eed12e357e90eb
211,138993,138993:premise:fra_Latn,premise,contradiction,RELIABLE_GOLD,contradiction,0.9970999956130981,True,A group of girls in leotards.,A bunch of girls in leotards.,0.9962683320045471,0.9957876801490784,0.9957876801490784,contradiction,0.9955253005027771,False,False,False,[],[],[],0.13793103448275867,True,[],facebook/nllb-200-distilled-600M,f8d333a098d19b4fd9a8b18f94170487ad3f821d,MoritzLaurer/DeBERTa-v3-base-mnli-fever-anli,6f5cf0a2b59cabb106aca4c287eed12e357e90eb
212,141282,141282:hypothesis:fra_Latn,hypothesis,neutral,RELIABLE_GOLD,neutral,0.9989770650863647,True,They are waiting for a picnic to start.,They're waiting for a picnic to start.,0.997782289981842,0.997435986995697,0.997435986995697,neutral,0.9988810420036316,False,False,False,[],[],[],0.038961038961038974,True,[],facebook/nllb-200-distilled-600M,f8d333a098d19b4fd9a8b18f94170487ad3f821d,MoritzLaurer/DeBERTa-v3-base-mnli-fever-anli,6f5cf0a2b59cabb106aca4c287eed12e357e90eb
213,141386,141386:premise:fra_Latn,premise,contradiction,RELIABLE_GOLD,contradiction,0.9993948936462402,True,A sari-garbed woman is smiling at the camera.,A woman in sari smiles at the camera.,0.9974420070648193,0.9907779693603516,0.9907779693603516,contradiction,0.999359667301178,False,False,False,"[{""group"":""space"",""original"":{},""candidate"":{""in"":1},""field"":""premise""}]",[],"[{""group"":""space"",""original"":{},""candidate"":{""in"":1},""field"":""premise""}]",0.2682926829268293,True,[],facebook/nllb-200-distilled-600M,f8d333a098d19b4fd9a8b18f94170487ad3f821d,MoritzLaurer/DeBERTa-v3-base-mnli-fever-anli,6f5cf0a2b59cabb106aca4c287eed12e357e90eb
214,141712,141712:premise:fra_Latn,premise,neutral,RELIABLE_GOLD,neutral,0.9942763447761536,True,A man is asleep on the ground near two bank machines.,A man sleeps on the floor near two bank machines.,0.9949890971183777,0.9924436211585999,0.9924436211585999,neutral,0.9488495588302612,False,False,False,[],[],[],0.13725490196078427,True,[],facebook/nllb-200-distilled-600M,f8d333a098d19b4fd9a8b18f94170487ad3f821d,MoritzLaurer/DeBERTa-v3-base-mnli-fever-anli,6f5cf0a2b59cabb106aca4c287eed12e357e90eb
214,141712,141712:hypothesis:fra_Latn,hypothesis,neutral,RELIABLE_GOLD,neutral,0.9942763447761536,True,A man is asleep on the ground to take rest.,A man sleeps on the floor to rest.,0.9945456981658936,0.995819091796875,0.9945456981658936,neutral,0.9156171679496765,False,False,False,[],[],[],0.24675324675324672,True,[],facebook/nllb-200-distilled-600M,f8d333a098d19b4fd9a8b18f94170487ad3f821d,MoritzLaurer/DeBERTa-v3-base-mnli-fever-anli,6f5cf0a2b59cabb106aca4c287eed12e357e90eb
215,141719,141719:premise:fra_Latn,premise,entailment,RELIABLE_GOLD,entailment,0.9976316690444946,True,"A boy watches his classmates play in a courtyard, looking from above.","A boy watches his classmates play in a courtyard, looking up.",0.9950024485588074,0.9693567752838135,0.9693567752838135,entailment,0.9977884292602539,False,False,False,[],[],[],0.09230769230769231,True,[],facebook/nllb-200-distilled-600M,f8d333a098d19b4fd9a8b18f94170487ad3f821d,MoritzLaurer/DeBERTa-v3-base-mnli-fever-anli,6f5cf0a2b59cabb106aca4c287eed12e357e90eb
216,142281,142281:premise:fra_Latn,premise,entailment,RELIABLE_GOLD,entailment,0.9963710308074951,True,Men wearing black and white striped shirts and red scarves carry a shrine on their shoulders.,Men wearing black and white striped shirts and scarlet scarves were carrying a shrine on their shoulders.,0.9800553321838379,0.9897345304489136,0.9800553321838379,entailment,0.994147777557373,False,False,False,[],[],[],0.07070707070707072,True,[],facebook/nllb-200-distilled-600M,f8d333a098d19b4fd9a8b18f94170487ad3f821d,MoritzLaurer/DeBERTa-v3-base-mnli-fever-anli,6f5cf0a2b59cabb106aca4c287eed12e357e90eb
216,142281,142281:hypothesis:fra_Latn,hypothesis,entailment,RELIABLE_GOLD,entailment,0.9963710308074951,True,Men are carrying a shrine on their shoulders.,Men carry a sanctuary on their shoulders.,0.986981213092804,0.972724974155426,0.972724974155426,entailment,0.9827350974082947,False,False,False,[],[],[],0.2093023255813954,True,[],facebook/nllb-200-distilled-600M,f8d333a098d19b4fd9a8b18f94170487ad3f821d,MoritzLaurer/DeBERTa-v3-base-mnli-fever-anli,6f5cf0a2b59cabb106aca4c287eed12e357e90eb
217,143023,143023:premise:fra_Latn,premise,neutral,RELIABLE_GOLD,neutral,0.9986427426338196,True,"A group of women in pink dresses, walking across a street.",A group of women in pink dresses crossing a street.,0.9921865463256836,0.9811162948608398,0.9811162948608398,neutral,0.9989690780639648,False,False,False,[],[],[],0.11926605504587151,True,[],facebook/nllb-200-distilled-600M,f8d333a098d19b4fd9a8b18f94170487ad3f821d,MoritzLaurer/DeBERTa-v3-base-mnli-fever-anli,6f5cf0a2b59cabb106aca4c287eed12e357e90eb
218,143539,143539:premise:fra_Latn,premise,entailment,RELIABLE_GOLD,entailment,0.9880231618881226,True,A baby with its eyes closed is holding a wooden toy and biting it.,A baby with his eyes closed holds a wooden toy and bites it.,0.9894422292709351,0.9943835735321045,0.9894422292709351,entailment,0.9811026453971863,False,False,False,[],[],[],0.11111111111111116,True,[],facebook/nllb-200-distilled-600M,f8d333a098d19b4fd9a8b18f94170487ad3f821d,MoritzLaurer/DeBERTa-v3-base-mnli-fever-anli,6f5cf0a2b59cabb106aca4c287eed12e357e90eb
218,143539,143539:hypothesis:fra_Latn,hypothesis,entailment,RELIABLE_GOLD,entailment,0.9880231618881226,True,The child is chewing its toys.,The kid chews his toys.,0.9965233206748962,0.9970871806144714,0.9965233206748962,entailment,0.9739134907722473,False,False,False,[],[],[],0.28301886792452835,True,[],facebook/nllb-200-distilled-600M,f8d333a098d19b4fd9a8b18f94170487ad3f821d,MoritzLaurer/DeBERTa-v3-base-mnli-fever-anli,6f5cf0a2b59cabb106aca4c287eed12e357e90eb
219,145395,145395:hypothesis:fra_Latn,hypothesis,neutral,RELIABLE_GOLD,neutral,0.9980498552322388,True,A grandmother is have a garage sale getting rid of her Clothing and jewelry since she has too many,A grandmother has a garage sale to get rid of her clothes and jewelry because she has too many,0.997424840927124,0.9979169964790344,0.997424840927124,neutral,0.9983635544776917,False,False,False,[],[],[],0.13541666666666663,True,[],facebook/nllb-200-distilled-600M,f8d333a098d19b4fd9a8b18f94170487ad3f821d,MoritzLaurer/DeBERTa-v3-base-mnli-fever-anli,6f5cf0a2b59cabb106aca4c287eed12e357e90eb
220,145658,145658:premise:fra_Latn,premise,entailment,RELIABLE_GOLD,entailment,0.9890698194503784,True,A group of school children looking at a group on men wearing white shirts,A group of schoolchildren watching a group of men in white shirts,0.9969180822372437,0.99553382396698,0.99553382396698,entailment,0.9921565055847168,False,False,False,"[{""group"":""space"",""original"":{""on"":1},""candidate"":{""in"":1},""field"":""premise""}]",[],"[{""group"":""space"",""original"":{""on"":1},""candidate"":{""in"":1},""field"":""premise""}]",0.14492753623188404,True,[],facebook/nllb-200-distilled-600M,f8d333a098d19b4fd9a8b18f94170487ad3f821d,MoritzLaurer/DeBERTa-v3-base-mnli-fever-anli,6f5cf0a2b59cabb106aca4c287eed12e357e90eb
221,146160,146160:premise:fra_Latn,premise,neutral,RELIABLE_GOLD,neutral,0.8836509585380554,True,Several people walk by a rickshaw containing a sleeping cat.,Several people pass by a rickshaw that contains a sleeping cat.,0.9921311736106873,0.9876288175582886,0.9876288175582886,neutral,0.9498322606086731,False,False,False,[],[],[],0.12195121951219512,True,[],facebook/nllb-200-distilled-600M,f8d333a098d19b4fd9a8b18f94170487ad3f821d,MoritzLaurer/DeBERTa-v3-base-mnli-fever-anli,6f5cf0a2b59cabb106aca4c287eed12e357e90eb
221,146160,146160:hypothesis:fra_Latn,hypothesis,neutral,RELIABLE_GOLD,neutral,0.8836509585380554,True,People walking as a group in a tour,People walk in groups on tour.,0.9960556030273438,0.9968529343605042,0.9960556030273438,neutral,0.8181596994400024,False,False,False,"[{""group"":""space"",""original"":{""in"":1},""candidate"":{""in"":1,""on"":1},""field"":""hypothesis""}]",[],"[{""group"":""space"",""original"":{""in"":1},""candidate"":{""in"":1,""on"":1},""field"":""hypothesis""}]",0.19999999999999996,True,[],facebook/nllb-200-distilled-600M,f8d333a098d19b4fd9a8b18f94170487ad3f821d,MoritzLaurer/DeBERTa-v3-base-mnli-fever-anli,6f5cf0a2b59cabb106aca4c287eed12e357e90eb
224,148216,148216:premise:fra_Latn,premise,entailment,RELIABLE_GOLD,entailment,0.9962587356567383,True,Man trying to guide a kit in the desert.,A man trying to guide a kit through the desert.,0.9940933585166931,0.9955164790153503,0.9940933585166931,entailment,0.9946413040161133,False,False,False,"[{""group"":""space"",""original"":{""in"":1},""candidate"":{""through"":1},""field"":""premise""}]",[],"[{""group"":""space"",""original"":{""in"":1},""candidate"":{""through"":1},""field"":""premise""}]",0.12643678160919536,True,[],facebook/nllb-200-distilled-600M,f8d333a098d19b4fd9a8b18f94170487ad3f821d,MoritzLaurer/DeBERTa-v3-base-mnli-fever-anli,6f5cf0a2b59cabb106aca4c287eed12e357e90eb
224,148216,148216:hypothesis:fra_Latn,hypothesis,entailment,RELIABLE_GOLD,entailment,0.9962587356567383,True,A man is trying to guide a kit in the desert,A man tries to guide a kit through the desert,0.9931718111038208,0.9951770305633545,0.9931718111038208,entailment,0.9941213726997375,False,False,False,"[{""group"":""space"",""original"":{""in"":1},""candidate"":{""through"":1},""field"":""hypothesis""}]",[],"[{""group"":""space"",""original"":{""in"":1},""candidate"":{""through"":1},""field"":""hypothesis""}]",0.1910112359550562,True,[],facebook/nllb-200-distilled-600M,f8d333a098d19b4fd9a8b18f94170487ad3f821d,MoritzLaurer/DeBERTa-v3-base-mnli-fever-anli,6f5cf0a2b59cabb106aca4c287eed12e357e90eb
225,148356,148356:hypothesis:fra_Latn,hypothesis,contradiction,RELIABLE_GOLD,contradiction,0.9984992742538452,True,A red-haired rides a go-cart.,There's a red one in a go-kart.,0.9921894073486328,0.9404593706130981,0.9404593706130981,contradiction,0.9992294311523438,False,False,False,"[{""group"":""number"",""original"":{},""candidate"":{""1"":1},""field"":""hypothesis""},{""group"":""space"",""original"":{},""candidate"":{""in"":1},""field"":""hypothesis""}]",[],"[{""group"":""number"",""original"":{},""candidate"":{""1"":1},""field"":""hypothesis""},{""group"":""space"",""original"":{},""candidate"":{""in"":1},""field"":""hypothesis""}]",0.4666666666666667,True,[],facebook/nllb-200-distilled-600M,f8d333a098d19b4fd9a8b18f94170487ad3f821d,MoritzLaurer/DeBERTa-v3-base-mnli-fever-anli,6f5cf0a2b59cabb106aca4c287eed12e357e90eb
226,150141,150141:premise:fra_Latn,premise,contradiction,RELIABLE_GOLD,contradiction,0.9988874793052673,True,The woman in glasses is smiling with the ocean in the background,The woman with the glasses smiles with the ocean in the background.,0.9947448968887329,0.9907252192497253,0.9907252192497253,contradiction,0.9992445707321167,False,False,False,"[{""group"":""space"",""original"":{""in"":2},""candidate"":{""in"":1},""field"":""premise""}]",[],"[{""group"":""space"",""original"":{""in"":2},""candidate"":{""in"":1},""field"":""premise""}]",0.1297709923664122,True,[],facebook/nllb-200-distilled-600M,f8d333a098d19b4fd9a8b18f94170487ad3f821d,MoritzLaurer/DeBERTa-v3-base-mnli-fever-anli,6f5cf0a2b59cabb106aca4c287eed12e357e90eb
226,150141,150141:hypothesis:fra_Latn,hypothesis,contradiction,RELIABLE_GOLD,contradiction,0.9988874793052673,True,The woman is mad that her glasses are broken.,The woman is angry because her glasses are broken.,0.997613787651062,0.9981067180633545,0.997613787651062,contradiction,0.9988170862197876,False,False,False,[],[],[],0.1578947368421053,True,[],facebook/nllb-200-distilled-600M,f8d333a098d19b4fd9a8b18f94170487ad3f821d,MoritzLaurer/DeBERTa-v3-base-mnli-fever-anli,6f5cf0a2b59cabb106aca4c287eed12e357e90eb
228,150697,150697:hypothesis:fra_Latn,hypothesis,contradiction,RELIABLE_GOLD,contradiction,0.9997050166130066,True,The woman is sleeping in bed.,The woman is sleeping in the bed.,0.9970937967300415,0.9980021119117737,0.9970937967300415,contradiction,0.9997153878211975,False,False,False,[],[],[],0.06451612903225812,True,[],facebook/nllb-200-distilled-600M,f8d333a098d19b4fd9a8b18f94170487ad3f821d,MoritzLaurer/DeBERTa-v3-base-mnli-fever-anli,6f5cf0a2b59cabb106aca4c287eed12e357e90eb
229,151152,151152:premise:fra_Latn,premise,contradiction,RELIABLE_GOLD,contradiction,0.9992468357086182,True,Several men sit with their green nets in fishing boats.,Several men are sitting with their green nets in fishing boats.,0.9935343265533447,0.9958622455596924,0.9935343265533447,contradiction,0.9992446899414062,False,False,False,[],[],[],0.06779661016949157,True,[],facebook/nllb-200-distilled-600M,f8d333a098d19b4fd9a8b18f94170487ad3f821d,MoritzLaurer/DeBERTa-v3-base-mnli-fever-anli,6f5cf0a2b59cabb106aca4c287eed12e357e90eb
231,155127,155127:premise:fra_Latn,premise,entailment,RELIABLE_GOLD,entailment,0.9953990578651428,True,A skateboarder riding up to a slope.,A skateboarder who climbs a slope.,0.9950047135353088,0.9910622835159302,0.9910622835159302,entailment,0.993672251701355,False,False,False,[],[],[],0.2857142857142857,True,[],facebook/nllb-200-distilled-600M,f8d333a098d19b4fd9a8b18f94170487ad3f821d,MoritzLaurer/DeBERTa-v3-base-mnli-fever-anli,6f5cf0a2b59cabb106aca4c287eed12e357e90eb
231,155127,155127:hypothesis:fra_Latn,hypothesis,entailment,RELIABLE_GOLD,entailment,0.9953990578651428,True,There is someone on the skateboard.,There's someone on the skateboard.,0.9962097406387329,0.9927642941474915,0.9927642941474915,entailment,0.9951344132423401,False,False,False,[],[],[],0.04347826086956519,True,[],facebook/nllb-200-distilled-600M,f8d333a098d19b4fd9a8b18f94170487ad3f821d,MoritzLaurer/DeBERTa-v3-base-mnli-fever-anli,6f5cf0a2b59cabb106aca4c287eed12e357e90eb
232,158708,158708:premise:fra_Latn,premise,entailment,RELIABLE_GOLD,entailment,0.9985030889511108,True,An elderly man in a leather jacket with a scarf is holding up a sign.,An old man in a leather jacket and a scarf holds a sign.,0.9969950914382935,0.984447717666626,0.984447717666626,entailment,0.9900574088096619,False,False,False,[],[],[],0.18400000000000005,True,[],facebook/nllb-200-distilled-600M,f8d333a098d19b4fd9a8b18f94170487ad3f821d,MoritzLaurer/DeBERTa-v3-base-mnli-fever-anli,6f5cf0a2b59cabb106aca4c287eed12e357e90eb
232,158708,158708:hypothesis:fra_Latn,hypothesis,entailment,RELIABLE_GOLD,entailment,0.9985030889511108,True,A man is holding up a sign.,There's a man holding a sign.,0.9980921149253845,0.9691116213798523,0.9691116213798523,entailment,0.9985203146934509,False,False,False,[],[],[],0.25,True,[],facebook/nllb-200-distilled-600M,f8d333a098d19b4fd9a8b18f94170487ad3f821d,MoritzLaurer/DeBERTa-v3-base-mnli-fever-anli,6f5cf0a2b59cabb106aca4c287eed12e357e90eb
234,159758,159758:hypothesis:fra_Latn,hypothesis,contradiction,RELIABLE_GOLD,contradiction,0.9987940788269043,True,A woman cries of happiness.,A woman crying for happiness.,0.9884023070335388,0.9927491545677185,0.9884023070335388,contradiction,0.9994252920150757,False,False,False,[],[],[],0.1428571428571429,True,[],facebook/nllb-200-distilled-600M,f8d333a098d19b4fd9a8b18f94170487ad3f821d,MoritzLaurer/DeBERTa-v3-base-mnli-fever-anli,6f5cf0a2b59cabb106aca4c287eed12e357e90eb
235,160952,160952:premise:fra_Latn,premise,neutral,RELIABLE_GOLD,neutral,0.9956961870193481,True,Hikers walking up red clay path.,Hikers walking on the red clay trail.,0.9942143559455872,0.9950893521308899,0.9942143559455872,neutral,0.9976354837417603,False,False,False,"[{""group"":""space"",""original"":{},""candidate"":{""on"":1},""field"":""premise""}]",[],"[{""group"":""space"",""original"":{},""candidate"":{""on"":1},""field"":""premise""}]",0.21739130434782605,True,[],facebook/nllb-200-distilled-600M,f8d333a098d19b4fd9a8b18f94170487ad3f821d,MoritzLaurer/DeBERTa-v3-base-mnli-fever-anli,6f5cf0a2b59cabb106aca4c287eed12e357e90eb
235,160952,160952:hypothesis:fra_Latn,hypothesis,neutral,RELIABLE_GOLD,neutral,0.9956961870193481,True,Hikers follow a path to get to a waterfall.,Hikers follow a path to a waterfall.,0.9979830980300903,0.996954083442688,0.996954083442688,neutral,0.9808335304260254,False,False,False,[],[],[],0.08860759493670889,True,[],facebook/nllb-200-distilled-600M,f8d333a098d19b4fd9a8b18f94170487ad3f821d,MoritzLaurer/DeBERTa-v3-base-mnli-fever-anli,6f5cf0a2b59cabb106aca4c287eed12e357e90eb
236,161674,161674:hypothesis:fra_Latn,hypothesis,entailment,RELIABLE_GOLD,entailment,0.9958277344703674,True,A male leaps.,A male jumps.,0.9967954754829407,0.9953263998031616,0.9953263998031616,entailment,0.996517539024353,False,False,False,[],[],[],0.23076923076923073,True,[],facebook/nllb-200-distilled-600M,f8d333a098d19b4fd9a8b18f94170487ad3f821d,MoritzLaurer/DeBERTa-v3-base-mnli-fever-anli,6f5cf0a2b59cabb106aca4c287eed12e357e90eb
238,163640,163640:hypothesis:fra_Latn,hypothesis,entailment,RELIABLE_GOLD,entailment,0.9966333508491516,True,Man is fixing a bike.,The man is fixing a bike.,0.9956576824188232,0.9973297119140625,0.9956576824188232,entailment,0.9958640336990356,False,False,False,[],[],[],0.08695652173913049,True,[],facebook/nllb-200-distilled-600M,f8d333a098d19b4fd9a8b18f94170487ad3f821d,MoritzLaurer/DeBERTa-v3-base-mnli-fever-anli,6f5cf0a2b59cabb106aca4c287eed12e357e90eb
239,164057,164057:premise:fra_Latn,premise,contradiction,RELIABLE_GOLD,contradiction,0.9996358156204224,True,A man holding a sign and a man playing a guitar are speaking in front of a crowd.,A man holding a sign and a man playing a guitar were speaking in front of the crowd.,0.9943850040435791,0.9918237328529358,0.9918237328529358,contradiction,0.9996349811553955,False,False,False,[],[],[],0.042424242424242475,True,[],facebook/nllb-200-distilled-600M,f8d333a098d19b4fd9a8b18f94170487ad3f821d,MoritzLaurer/DeBERTa-v3-base-mnli-fever-anli,6f5cf0a2b59cabb106aca4c287eed12e357e90eb
239,164057,164057:hypothesis:fra_Latn,hypothesis,contradiction,RELIABLE_GOLD,contradiction,0.9996358156204224,True,A woman holding a sign is begging for money near her husband pretending to be a guitar player.,A woman holding a sign begging for money next to her husband pretending to be a guitarist.,0.9968287348747253,0.9973052740097046,0.9968287348747253,contradiction,0.999672532081604,False,False,False,"[{""group"":""space"",""original"":{""near"":1},""candidate"":{},""field"":""hypothesis""}]",[],"[{""group"":""space"",""original"":{""near"":1},""candidate"":{},""field"":""hypothesis""}]",0.10869565217391308,True,[],facebook/nllb-200-distilled-600M,f8d333a098d19b4fd9a8b18f94170487ad3f821d,MoritzLaurer/DeBERTa-v3-base-mnli-fever-anli,6f5cf0a2b59cabb106aca4c287eed12e357e90eb
240,164421,164421:premise:fra_Latn,premise,contradiction,RELIABLE_GOLD,contradiction,0.998278021812439,True,An older man with white hair and beard reading a map as he's walking through an unfamiliar city.,An old man with white hair and a beard reading a map as he walks through an unknown city.,0.9944493770599365,0.9962672591209412,0.9944493770599365,contradiction,0.9989099502563477,False,False,False,[],[],[],0.12432432432432428,True,[],facebook/nllb-200-distilled-600M,f8d333a098d19b4fd9a8b18f94170487ad3f821d,MoritzLaurer/DeBERTa-v3-base-mnli-fever-anli,6f5cf0a2b59cabb106aca4c287eed12e357e90eb
241,165214,165214:premise:fra_Latn,premise,contradiction,RELIABLE_GOLD,contradiction,0.999692440032959,True,Two women making decorations on a wall.,Two women decorating a wall.,0.9965500831604004,0.9927771091461182,0.9927771091461182,contradiction,0.9994896650314331,False,False,False,"[{""group"":""space"",""original"":{""on"":1},""candidate"":{},""field"":""premise""}]",[],"[{""group"":""space"",""original"":{""on"":1},""candidate"":{},""field"":""premise""}]",0.19402985074626866,True,[],facebook/nllb-200-distilled-600M,f8d333a098d19b4fd9a8b18f94170487ad3f821d,MoritzLaurer/DeBERTa-v3-base-mnli-fever-anli,6f5cf0a2b59cabb106aca4c287eed12e357e90eb
242,166345,166345:hypothesis:fra_Latn,hypothesis,neutral,RELIABLE_GOLD,neutral,0.9992368221282959,True,watched by a group,observed by a group,0.9914344549179077,0.9929113984107971,0.9914344549179077,neutral,0.9990070462226868,False,False,False,[],[],[],0.29729729729729726,True,[],facebook/nllb-200-distilled-600M,f8d333a098d19b4fd9a8b18f94170487ad3f821d,MoritzLaurer/DeBERTa-v3-base-mnli-fever-anli,6f5cf0a2b59cabb106aca4c287eed12e357e90eb
244,167459,167459:premise:fra_Latn,premise,entailment,RELIABLE_GOLD,entailment,0.994358241558075,True,A construction worker assembles a scaffold.,A construction worker is putting up a scaffold.,0.994972825050354,0.9941074848175049,0.9941074848175049,entailment,0.9486319422721863,False,False,False,[],[],[],0.2222222222222222,True,[],facebook/nllb-200-distilled-600M,f8d333a098d19b4fd9a8b18f94170487ad3f821d,MoritzLaurer/DeBERTa-v3-base-mnli-fever-anli,6f5cf0a2b59cabb106aca4c287eed12e357e90eb
244,167459,167459:hypothesis:fra_Latn,hypothesis,entailment,RELIABLE_GOLD,entailment,0.994358241558075,True,The scaffold was assembled by the worker.,The scaffolding was assembled by the worker.,0.9962194561958313,0.9977840781211853,0.9962194561958313,entailment,0.9938333034515381,False,False,False,[],[],[],0.03529411764705881,True,[],facebook/nllb-200-distilled-600M,f8d333a098d19b4fd9a8b18f94170487ad3f821d,MoritzLaurer/DeBERTa-v3-base-mnli-fever-anli,6f5cf0a2b59cabb106aca4c287eed12e357e90eb
245,167720,167720:premise:fra_Latn,premise,contradiction,RELIABLE_GOLD,contradiction,0.9985164999961853,True,an asian girl looking surprised in front of a brick window,an Asian girl who looks surprised at a brick window,0.9958621263504028,0.9370728731155396,0.9370728731155396,contradiction,0.9989070892333984,False,False,False,"[{""group"":""space"",""original"":{""front"":1,""in"":1},""candidate"":{},""field"":""premise""}]",[],"[{""group"":""space"",""original"":{""front"":1,""in"":1},""candidate"":{},""field"":""premise""}]",0.17431192660550454,True,[],facebook/nllb-200-distilled-600M,f8d333a098d19b4fd9a8b18f94170487ad3f821d,MoritzLaurer/DeBERTa-v3-base-mnli-fever-anli,6f5cf0a2b59cabb106aca4c287eed12e357e90eb
245,167720,167720:hypothesis:fra_Latn,hypothesis,contradiction,RELIABLE_GOLD,contradiction,0.9985164999961853,True,There is an arabian man looking surprised.,There's an Arab who looks surprised.,0.9963451027870178,0.9119598269462585,0.9119598269462585,contradiction,0.9980865716934204,False,False,False,[],[],[],0.20512820512820518,True,[],facebook/nllb-200-distilled-600M,f8d333a098d19b4fd9a8b18f94170487ad3f821d,MoritzLaurer/DeBERTa-v3-base-mnli-fever-anli,6f5cf0a2b59cabb106aca4c287eed12e357e90eb
246,168963,168963:hypothesis:fra_Latn,hypothesis,contradiction,RELIABLE_GOLD,contradiction,0.9943495392799377,True,A woman is wearing roller skates near the beach.,There's a woman wearing roller skates near the beach.,0.9982877373695374,0.9979305267333984,0.9979305267333984,contradiction,0.990707278251648,False,False,False,[],[],[],0.1089108910891089,True,[],facebook/nllb-200-distilled-600M,f8d333a098d19b4fd9a8b18f94170487ad3f821d,MoritzLaurer/DeBERTa-v3-base-mnli-fever-anli,6f5cf0a2b59cabb106aca4c287eed12e357e90eb
247,169049,169049:hypothesis:fra_Latn,hypothesis,contradiction,RELIABLE_GOLD,contradiction,0.9204383492469788,True,The baby is driving the train.,The baby's driving the train.,0.9975358247756958,0.997379720211029,0.997379720211029,contradiction,0.9490492939949036,False,False,False,[],[],[],0.05084745762711862,True,[],facebook/nllb-200-distilled-600M,f8d333a098d19b4fd9a8b18f94170487ad3f821d,MoritzLaurer/DeBERTa-v3-base-mnli-fever-anli,6f5cf0a2b59cabb106aca4c287eed12e357e90eb
249,169167,169167:premise:fra_Latn,premise,neutral,RELIABLE_GOLD,neutral,0.9992984533309937,True,Skater does a trick on a rail.,The skateboarder tricks on a rail.,0.9953483939170837,0.9980931878089905,0.9953483939170837,neutral,0.9993261098861694,False,False,False,[],[],[],0.21875,True,[],facebook/nllb-200-distilled-600M,f8d333a098d19b4fd9a8b18f94170487ad3f821d,MoritzLaurer/DeBERTa-v3-base-mnli-fever-anli,6f5cf0a2b59cabb106aca4c287eed12e357e90eb
250,169975,169975:premise:fra_Latn,premise,neutral,RELIABLE_GOLD,neutral,0.9970142841339111,True,A street vendor is sitting on the ground in front of the shirts he is selling.,A street vendor is sitting on the floor in front of the shirts he sells.,0.9931996464729309,0.9899052977561951,0.9899052977561951,neutral,0.9977734684944153,False,False,False,[],[],[],0.10666666666666669,True,[],facebook/nllb-200-distilled-600M,f8d333a098d19b4fd9a8b18f94170487ad3f821d,MoritzLaurer/DeBERTa-v3-base-mnli-fever-anli,6f5cf0a2b59cabb106aca4c287eed12e357e90eb
250,169975,169975:hypothesis:fra_Latn,hypothesis,neutral,RELIABLE_GOLD,neutral,0.9970142841339111,True,The street vendor looks tired.,The street vendor seems tired.,0.9964338541030884,0.9964942336082458,0.9964338541030884,neutral,0.9935280680656433,False,False,False,[],[],[],0.1333333333333333,True,[],facebook/nllb-200-distilled-600M,f8d333a098d19b4fd9a8b18f94170487ad3f821d,MoritzLaurer/DeBERTa-v3-base-mnli-fever-anli,6f5cf0a2b59cabb106aca4c287eed12e357e90eb
253,171597,171597:hypothesis:fra_Latn,hypothesis,neutral,RELIABLE_GOLD,neutral,0.9969927072525024,True,A small girl runs along a pathway towards a house.,A little girl runs along a road to a house.,0.9970613121986389,0.9979671835899353,0.9970613121986389,neutral,0.9978660941123962,False,False,False,[],[],[],0.22580645161290325,True,[],facebook/nllb-200-distilled-600M,f8d333a098d19b4fd9a8b18f94170487ad3f821d,MoritzLaurer/DeBERTa-v3-base-mnli-fever-anli,6f5cf0a2b59cabb106aca4c287eed12e357e90eb
254,172675,172675:premise:fra_Latn,premise,contradiction,RELIABLE_GOLD,contradiction,0.9987307190895081,True,a sparsely-populated arcade with many brightly lit games and a few people sprinkled around.,A sparsely populated arcade with lots of bright games and a few scattered people.,0.9955283999443054,0.974187433719635,0.974187433719635,contradiction,0.9982252717018127,False,False,False,"[{""group"":""quantifier"",""original"":{""many"":1,""few"":1},""candidate"":{""few"":1},""field"":""premise""}]",[],"[{""group"":""quantifier"",""original"":{""many"":1,""few"":1},""candidate"":{""few"":1},""field"":""premise""}]",0.2674418604651163,True,[],facebook/nllb-200-distilled-600M,f8d333a098d19b4fd9a8b18f94170487ad3f821d,MoritzLaurer/DeBERTa-v3-base-mnli-fever-anli,6f5cf0a2b59cabb106aca4c287eed12e357e90eb
256,173016,173016:premise:fra_Latn,premise,contradiction,RELIABLE_GOLD,contradiction,0.9907602071762085,True,A man bending over holding a tennis ball and playing with his dog.,A man bent over holding a tennis ball and playing with his dog.,0.9960623383522034,0.9928340911865234,0.9928340911865234,contradiction,0.9898166656494141,False,False,False,[],[],[],0.03875968992248058,True,[],facebook/nllb-200-distilled-600M,f8d333a098d19b4fd9a8b18f94170487ad3f821d,MoritzLaurer/DeBERTa-v3-base-mnli-fever-anli,6f5cf0a2b59cabb106aca4c287eed12e357e90eb
257,173774,173774:hypothesis:fra_Latn,hypothesis,entailment,RELIABLE_GOLD,entailment,0.9941110014915466,True,Workers in China carry out tasks as the sun sets.,Chinese workers perform tasks at sunset.,0.9968781471252441,0.9972073435783386,0.9968781471252441,entailment,0.9958316683769226,False,False,False,"[{""group"":""space"",""original"":{""in"":1},""candidate"":{},""field"":""hypothesis""}]",[],"[{""group"":""space"",""original"":{""in"":1},""candidate"":{},""field"":""hypothesis""}]",0.3932584269662921,True,[],facebook/nllb-200-distilled-600M,f8d333a098d19b4fd9a8b18f94170487ad3f821d,MoritzLaurer/DeBERTa-v3-base-mnli-fever-anli,6f5cf0a2b59cabb106aca4c287eed12e357e90eb
258,175645,175645:hypothesis:fra_Latn,hypothesis,entailment,RELIABLE_GOLD,entailment,0.8402102589607239,True,Humans jumping,Humans are jumping,0.9903131723403931,0.9852531552314758,0.9852531552314758,entailment,0.9233572483062744,False,False,False,[],[],[],0.125,True,[],facebook/nllb-200-distilled-600M,f8d333a098d19b4fd9a8b18f94170487ad3f821d,MoritzLaurer/DeBERTa-v3-base-mnli-fever-anli,6f5cf0a2b59cabb106aca4c287eed12e357e90eb
260,176740,176740:premise:fra_Latn,premise,entailment,RELIABLE_GOLD,entailment,0.9948134422302246,True,"Five children are sitting and standing in front of an open green tent, holding food with a trashcan and table that had food on it behind them.","Five children are sitting and standing in front of an open green tent, holding food with a trash can and a table with food behind them.",0.9968010187149048,0.9925709366798401,0.9925709366798401,entailment,0.9947348833084106,False,False,False,"[{""group"":""modal"",""original"":{},""candidate"":{""can"":1},""field"":""premise""},{""group"":""space"",""original"":{""front"":1,""behind"":1,""in"":1,""on"":1},""candidate"":{""front"":1,""behind"":1,""in"":1},""field"":""premise""}]",[],"[{""group"":""modal"",""original"":{},""candidate"":{""can"":1},""field"":""premise""},{""group"":""space"",""original"":{""front"":1,""behind"":1,""in"":1,""on"":1},""candidate"":{""front"":1,""behind"":1,""in"":1},""field"":""premise""}]",0.06137184115523464,True,[],facebook/nllb-200-distilled-600M,f8d333a098d19b4fd9a8b18f94170487ad3f821d,MoritzLaurer/DeBERTa-v3-base-mnli-fever-anli,6f5cf0a2b59cabb106aca4c287eed12e357e90eb
260,176740,176740:hypothesis:fra_Latn,hypothesis,entailment,RELIABLE_GOLD,entailment,0.9948134422302246,True,Five kids are standing in front of a tent.,Five children are standing outside a tent.,0.9939764738082886,0.9886005520820618,0.9886005520820618,entailment,0.9268273711204529,False,False,False,"[{""group"":""space"",""original"":{""front"":1,""in"":1},""candidate"":{""outside"":1},""field"":""hypothesis""}]",[],"[{""group"":""space"",""original"":{""front"":1,""in"":1},""candidate"":{""outside"":1},""field"":""hypothesis""}]",0.2857142857142857,True,[],facebook/nllb-200-distilled-600M,f8d333a098d19b4fd9a8b18f94170487ad3f821d,MoritzLaurer/DeBERTa-v3-base-mnli-fever-anli,6f5cf0a2b59cabb106aca4c287eed12e357e90eb
265,178067,178067:premise:fra_Latn,premise,entailment,RELIABLE_GOLD,entailment,0.9927378296852112,True,A man with a red hat looking at something in a glass counter and starfish on top in a metal container.,A man in a red hat looking at something in a glass counter and sea stars up in a metal container.,0.9908041954040527,0.9903861284255981,0.9903861284255981,entailment,0.9930031895637512,False,False,False,"[{""group"":""space"",""original"":{""in"":2,""on"":1},""candidate"":{""in"":3},""field"":""premise""}]",[],"[{""group"":""space"",""original"":{""in"":2,""on"":1},""candidate"":{""in"":3},""field"":""premise""}]",0.085427135678392,True,[],facebook/nllb-200-distilled-600M,f8d333a098d19b4fd9a8b18f94170487ad3f821d,MoritzLaurer/DeBERTa-v3-base-mnli-fever-anli,6f5cf0a2b59cabb106aca4c287eed12e357e90eb
266,178078,178078:premise:fra_Latn,premise,contradiction,RELIABLE_GOLD,contradiction,0.999232292175293,True,Young African people drum in the streets.,Young Africans are playing drums in the streets.,0.9975300431251526,0.9972448348999023,0.9972448348999023,contradiction,0.9990754127502441,False,False,False,[],[],[],0.1685393258426966,True,[],facebook/nllb-200-distilled-600M,f8d333a098d19b4fd9a8b18f94170487ad3f821d,MoritzLaurer/DeBERTa-v3-base-mnli-fever-anli,6f5cf0a2b59cabb106aca4c287eed12e357e90eb
267,180986,180986:premise:fra_Latn,premise,contradiction,RELIABLE_GOLD,contradiction,0.9983012676239014,True,Two white dogs play together on a slightly snowy patch of green grass.,Two white dogs playing together on a slightly snowy field of green grass.,0.9838962554931641,0.9901366233825684,0.9838962554931641,contradiction,0.9984151124954224,False,False,False,[],[],[],0.09090909090909094,True,[],facebook/nllb-200-distilled-600M,f8d333a098d19b4fd9a8b18f94170487ad3f821d,MoritzLaurer/DeBERTa-v3-base-mnli-fever-anli,6f5cf0a2b59cabb106aca4c287eed12e357e90eb
267,180986,180986:hypothesis:fra_Latn,hypothesis,contradiction,RELIABLE_GOLD,contradiction,0.9983012676239014,True,dog chasing man on snow,dog chasing a man on the snow,0.9949486255645752,0.9939974546432495,0.9939974546432495,contradiction,0.998764157295227,False,False,False,[],[],[],0.11538461538461542,True,[],facebook/nllb-200-distilled-600M,f8d333a098d19b4fd9a8b18f94170487ad3f821d,MoritzLaurer/DeBERTa-v3-base-mnli-fever-anli,6f5cf0a2b59cabb106aca4c287eed12e357e90eb
269,182307,182307:premise:fra_Latn,premise,contradiction,RELIABLE_GOLD,contradiction,0.9987543821334839,True,"The child in white is on the monkey bars, while the one in brown stands below.","The child in white is on the monkey bars, while the child in brown stands underneath.",0.9968400001525879,0.9980705380439758,0.9968400001525879,contradiction,0.9987820982933044,False,False,False,[],[],[],0.1288343558282209,True,[],facebook/nllb-200-distilled-600M,f8d333a098d19b4fd9a8b18f94170487ad3f821d,MoritzLaurer/DeBERTa-v3-base-mnli-fever-anli,6f5cf0a2b59cabb106aca4c287eed12e357e90eb
270,182879,182879:premise:fra_Latn,premise,neutral,RELIABLE_GOLD,neutral,0.9945294260978699,True,A girl with a purple shirt with a heart on it is making an electrical switch.,A girl in a purple shirt with a heart on it makes an electric switch.,0.9936901330947876,0.9905456304550171,0.9905456304550171,neutral,0.9904764890670776,False,False,False,"[{""group"":""space"",""original"":{""on"":1},""candidate"":{""in"":1,""on"":1},""field"":""premise""}]",[],"[{""group"":""space"",""original"":{""on"":1},""candidate"":{""in"":1,""on"":1},""field"":""premise""}]",0.09589041095890416,True,[],facebook/nllb-200-distilled-600M,f8d333a098d19b4fd9a8b18f94170487ad3f821d,MoritzLaurer/DeBERTa-v3-base-mnli-fever-anli,6f5cf0a2b59cabb106aca4c287eed12e357e90eb
270,182879,182879:hypothesis:fra_Latn,hypothesis,neutral,RELIABLE_GOLD,neutral,0.9945294260978699,True,A student is working in her technology education class.,A student works in her tech education class.,0.9975606203079224,0.995122492313385,0.995122492313385,neutral,0.9879975318908691,False,False,False,[],[],[],0.13131313131313127,True,[],facebook/nllb-200-distilled-600M,f8d333a098d19b4fd9a8b18f94170487ad3f821d,MoritzLaurer/DeBERTa-v3-base-mnli-fever-anli,6f5cf0a2b59cabb106aca4c287eed12e357e90eb
271,183621,183621:premise:fra_Latn,premise,entailment,RELIABLE_GOLD,entailment,0.9866809844970703,True,two women walk down some stairs with intricate designs on the railings,Two women are descending stairs with complex patterns on bars.,0.9971461892127991,0.9949330687522888,0.9949330687522888,entailment,0.9804971218109131,False,False,False,"[{""group"":""quantifier"",""original"":{""some"":1},""candidate"":{},""field"":""premise""}]",[],"[{""group"":""quantifier"",""original"":{""some"":1},""candidate"":{},""field"":""premise""}]",0.40909090909090906,True,[],facebook/nllb-200-distilled-600M,f8d333a098d19b4fd9a8b18f94170487ad3f821d,MoritzLaurer/DeBERTa-v3-base-mnli-fever-anli,6f5cf0a2b59cabb106aca4c287eed12e357e90eb
271,183621,183621:hypothesis:fra_Latn,hypothesis,entailment,RELIABLE_GOLD,entailment,0.9866809844970703,True,The railings had designs.,The bars had patterns.,0.9917045831680298,0.9862465858459473,0.9862465858459473,entailment,0.9891960620880127,False,False,False,[],[],[],0.36170212765957444,True,[],facebook/nllb-200-distilled-600M,f8d333a098d19b4fd9a8b18f94170487ad3f821d,MoritzLaurer/DeBERTa-v3-base-mnli-fever-anli,6f5cf0a2b59cabb106aca4c287eed12e357e90eb
273,184671,184671:hypothesis:fra_Latn,hypothesis,contradiction,RELIABLE_GOLD,contradiction,0.9985999464988708,True,A plane is taking off on a stormy day.,A plane takes off on a stormy day.,0.9973512887954712,0.9953741431236267,0.9953741431236267,contradiction,0.998414158821106,False,False,False,[],[],[],0.11111111111111116,True,[],facebook/nllb-200-distilled-600M,f8d333a098d19b4fd9a8b18f94170487ad3f821d,MoritzLaurer/DeBERTa-v3-base-mnli-fever-anli,6f5cf0a2b59cabb106aca4c287eed12e357e90eb
274,184879,184879:hypothesis:fra_Latn,hypothesis,neutral,RELIABLE_GOLD,neutral,0.903498113155365,True,The girl is painting with all the colours of the rainbow.,The girl paints with all the colors of the rainbow.,0.9963511228561401,0.9937199354171753,0.9937199354171753,neutral,0.9899362325668335,False,False,False,[],[],[],0.07407407407407407,True,[],facebook/nllb-200-distilled-600M,f8d333a098d19b4fd9a8b18f94170487ad3f821d,MoritzLaurer/DeBERTa-v3-base-mnli-fever-anli,6f5cf0a2b59cabb106aca4c287eed12e357e90eb
275,185263,185263:hypothesis:fra_Latn,hypothesis,contradiction,RELIABLE_GOLD,contradiction,0.999330997467041,True,A man and his two daughters eat ice cream indoors.,A man and his two daughters are eating ice cream inside.,0.9963471293449402,0.9892203211784363,0.9892203211784363,contradiction,0.9946221113204956,False,False,False,"[{""group"":""space"",""original"":{},""candidate"":{""inside"":1},""field"":""hypothesis""}]",[],"[{""group"":""space"",""original"":{},""candidate"":{""inside"":1},""field"":""hypothesis""}]",0.13207547169811318,True,[],facebook/nllb-200-distilled-600M,f8d333a098d19b4fd9a8b18f94170487ad3f821d,MoritzLaurer/DeBERTa-v3-base-mnli-fever-anli,6f5cf0a2b59cabb106aca4c287eed12e357e90eb
276,188183,188183:premise:fra_Latn,premise,entailment,RELIABLE_GOLD,entailment,0.9974859952926636,True,group of people by the ocean holding a net,group of people at sea holding a net,0.9920758008956909,0.9942854046821594,0.9920758008956909,entailment,0.9914005398750305,False,False,False,[],[],[],0.15384615384615385,True,[],facebook/nllb-200-distilled-600M,f8d333a098d19b4fd9a8b18f94170487ad3f821d,MoritzLaurer/DeBERTa-v3-base-mnli-fever-anli,6f5cf0a2b59cabb106aca4c287eed12e357e90eb
276,188183,188183:hypothesis:fra_Latn,hypothesis,entailment,RELIABLE_GOLD,entailment,0.9974859952926636,True,A group of people are near the ocean.,There's a group of people near the ocean.,0.9980562925338745,0.9973012804985046,0.9973012804985046,entailment,0.9972701668739319,False,False,False,[],[],[],0.15384615384615385,True,[],facebook/nllb-200-distilled-600M,f8d333a098d19b4fd9a8b18f94170487ad3f821d,MoritzLaurer/DeBERTa-v3-base-mnli-fever-anli,6f5cf0a2b59cabb106aca4c287eed12e357e90eb
278,188555,188555:premise:fra_Latn,premise,entailment,RELIABLE_GOLD,entailment,0.9568198323249817,True,Several people are holding containers of alcohol in a room.,Several people keep liquor containers in a room.,0.9969966411590576,0.9926934242248535,0.9926934242248535,entailment,0.9127028584480286,False,False,False,[],[],[],0.28971962616822433,True,[],facebook/nllb-200-distilled-600M,f8d333a098d19b4fd9a8b18f94170487ad3f821d,MoritzLaurer/DeBERTa-v3-base-mnli-fever-anli,6f5cf0a2b59cabb106aca4c287eed12e357e90eb
278,188555,188555:hypothesis:fra_Latn,hypothesis,entailment,RELIABLE_GOLD,entailment,0.9568198323249817,True,People holding containers on alcohol.,People holding liquor containers.,0.9768820405006409,0.9205495119094849,0.9205495119094849,entailment,0.9946426153182983,False,False,False,"[{""group"":""space"",""original"":{""on"":1},""candidate"":{},""field"":""hypothesis""}]",[],"[{""group"":""space"",""original"":{""on"":1},""candidate"":{},""field"":""hypothesis""}]",0.2571428571428571,True,[],facebook/nllb-200-distilled-600M,f8d333a098d19b4fd9a8b18f94170487ad3f821d,MoritzLaurer/DeBERTa-v3-base-mnli-fever-anli,6f5cf0a2b59cabb106aca4c287eed12e357e90eb
279,188590,188590:premise:fra_Latn,premise,entailment,RELIABLE_GOLD,entailment,0.958608090877533,True,A man wearing a business suit and a newsie cap clicks his heels in excitement.,A man in a business suit and a newsie cap clicks on his exciting heels.,0.9642937183380127,0.9446093440055847,0.9446093440055847,entailment,0.9223460555076599,False,False,False,"[{""group"":""space"",""original"":{""in"":1},""candidate"":{""in"":1,""on"":1},""field"":""premise""}]",[],"[{""group"":""space"",""original"":{""in"":1},""candidate"":{""in"":1,""on"":1},""field"":""premise""}]",0.20805369127516782,True,[],facebook/nllb-200-distilled-600M,f8d333a098d19b4fd9a8b18f94170487ad3f821d,MoritzLaurer/DeBERTa-v3-base-mnli-fever-anli,6f5cf0a2b59cabb106aca4c287eed12e357e90eb
279,188590,188590:hypothesis:fra_Latn,hypothesis,entailment,RELIABLE_GOLD,entailment,0.958608090877533,True,An excited businessman clicks up his heels,An enthusiastic businessman gets his heels up.,0.9974357485771179,0.9791891574859619,0.9791891574859619,entailment,0.9861572980880737,False,False,False,[],[],[],0.34090909090909094,True,[],facebook/nllb-200-distilled-600M,f8d333a098d19b4fd9a8b18f94170487ad3f821d,MoritzLaurer/DeBERTa-v3-base-mnli-fever-anli,6f5cf0a2b59cabb106aca4c287eed12e357e90eb
280,188599,188599:premise:fra_Latn,premise,entailment,RELIABLE_GOLD,entailment,0.9969025254249573,True,A man with an olive green shirt and messy hair plays a colorful drum set.,A man in an olive green shirt and disordered hair plays a set of colorful drums.,0.9851164221763611,0.9966318011283875,0.9851164221763611,entailment,0.9971488118171692,False,False,False,"[{""group"":""space"",""original"":{},""candidate"":{""in"":1},""field"":""premise""}]",[],"[{""group"":""space"",""original"":{},""candidate"":{""in"":1},""field"":""premise""}]",0.17647058823529416,True,[],facebook/nllb-200-distilled-600M,f8d333a098d19b4fd9a8b18f94170487ad3f821d,MoritzLaurer/DeBERTa-v3-base-mnli-fever-anli,6f5cf0a2b59cabb106aca4c287eed12e357e90eb
280,188599,188599:hypothesis:fra_Latn,hypothesis,entailment,RELIABLE_GOLD,entailment,0.9969025254249573,True,A man plays the drums.,There's a man playing drums.,0.9978692531585693,0.9970837235450745,0.9970837235450745,entailment,0.9982898831367493,False,False,False,[],[],[],0.31999999999999995,True,[],facebook/nllb-200-distilled-600M,f8d333a098d19b4fd9a8b18f94170487ad3f821d,MoritzLaurer/DeBERTa-v3-base-mnli-fever-anli,6f5cf0a2b59cabb106aca4c287eed12e357e90eb
281,188981,188981:premise:fra_Latn,premise,neutral,RELIABLE_GOLD,neutral,0.9979447722434998,True,A man in a black sweatshirt and jeans holds a black acoustic guitar and converses with a passerby.,A man in a black sweatshirt and jeans holds a black acoustic guitar and speaks to a passerby.,0.9955939650535583,0.9952880144119263,0.9952880144119263,neutral,0.9955844283103943,False,False,False,[],[],[],0.07853403141361259,True,[],facebook/nllb-200-distilled-600M,f8d333a098d19b4fd9a8b18f94170487ad3f821d,MoritzLaurer/DeBERTa-v3-base-mnli-fever-anli,6f5cf0a2b59cabb106aca4c287eed12e357e90eb
282,189281,189281:premise:fra_Latn,premise,neutral,RELIABLE_GOLD,neutral,0.9900975227355957,True,a group sitting at a table discussing a subject.,A group sitting at a table discussing a topic.,0.9957854151725769,0.9955951571464539,0.9955951571464539,neutral,0.9893345236778259,False,False,False,[],[],[],0.1063829787234043,True,[],facebook/nllb-200-distilled-600M,f8d333a098d19b4fd9a8b18f94170487ad3f821d,MoritzLaurer/DeBERTa-v3-base-mnli-fever-anli,6f5cf0a2b59cabb106aca4c287eed12e357e90eb
283,192390,192390:hypothesis:fra_Latn,hypothesis,contradiction,RELIABLE_GOLD,contradiction,0.9982823133468628,True,Everybody is walking slowly.,Everybody's walking slowly.,0.9976696372032166,0.9963260293006897,0.9963260293006897,contradiction,0.9983218312263489,False,False,False,[],[],[],0.054545454545454564,True,[],facebook/nllb-200-distilled-600M,f8d333a098d19b4fd9a8b18f94170487ad3f821d,MoritzLaurer/DeBERTa-v3-base-mnli-fever-anli,6f5cf0a2b59cabb106aca4c287eed12e357e90eb
285,194020,194020:hypothesis:fra_Latn,hypothesis,entailment,RELIABLE_GOLD,entailment,0.9940350651741028,True,A man using a computer.,A man who uses a computer.,0.9971849322319031,0.9956732392311096,0.9956732392311096,entailment,0.9908308982849121,False,False,False,[],[],[],0.18367346938775508,True,[],facebook/nllb-200-distilled-600M,f8d333a098d19b4fd9a8b18f94170487ad3f821d,MoritzLaurer/DeBERTa-v3-base-mnli-fever-anli,6f5cf0a2b59cabb106aca4c287eed12e357e90eb
286,195461,195461:premise:fra_Latn,premise,entailment,RELIABLE_GOLD,entailment,0.9918997287750244,True,A group of children wearing colorful hats are smiling at the camera.,A group of kids wearing colorful hats smiles at the camera.,0.9976721405982971,0.9966172575950623,0.9966172575950623,entailment,0.9920280575752258,False,False,False,[],[],[],0.13385826771653542,True,[],facebook/nllb-200-distilled-600M,f8d333a098d19b4fd9a8b18f94170487ad3f821d,MoritzLaurer/DeBERTa-v3-base-mnli-fever-anli,6f5cf0a2b59cabb106aca4c287eed12e357e90eb
286,195461,195461:hypothesis:fra_Latn,hypothesis,entailment,RELIABLE_GOLD,entailment,0.9918997287750244,True,Some children are getting their picture taken.,Some children are photographed.,0.9962537288665771,0.9961685538291931,0.9961685538291931,entailment,0.9911834001541138,False,False,False,[],[],[],0.4285714285714286,True,[],facebook/nllb-200-distilled-600M,f8d333a098d19b4fd9a8b18f94170487ad3f821d,MoritzLaurer/DeBERTa-v3-base-mnli-fever-anli,6f5cf0a2b59cabb106aca4c287eed12e357e90eb
287,195920,195920:premise:fra_Latn,premise,entailment,RELIABLE_GOLD,entailment,0.9821902513504028,True,A single man sits on the ground with a cup in front of him.,A single man is sitting on the floor with a cup in front of him.,0.9931579232215881,0.9792129397392273,0.9792129397392273,entailment,0.9736613035202026,False,False,False,[],[],[],0.1382113821138211,True,[],facebook/nllb-200-distilled-600M,f8d333a098d19b4fd9a8b18f94170487ad3f821d,MoritzLaurer/DeBERTa-v3-base-mnli-fever-anli,6f5cf0a2b59cabb106aca4c287eed12e357e90eb
287,195920,195920:hypothesis:fra_Latn,hypothesis,entailment,RELIABLE_GOLD,entailment,0.9821902513504028,True,The man is all alone on the ground.,The man is alone on the floor.,0.9810636043548584,0.9825344681739807,0.9810636043548584,entailment,0.9897050261497498,False,False,False,"[{""group"":""quantifier"",""original"":{""all"":1},""candidate"":{},""field"":""hypothesis""}]",[],"[{""group"":""quantifier"",""original"":{""all"":1},""candidate"":{},""field"":""hypothesis""}]",0.19999999999999996,True,[],facebook/nllb-200-distilled-600M,f8d333a098d19b4fd9a8b18f94170487ad3f821d,MoritzLaurer/DeBERTa-v3-base-mnli-fever-anli,6f5cf0a2b59cabb106aca4c287eed12e357e90eb
288,196673,196673:premise:fra_Latn,premise,entailment,RELIABLE_GOLD,entailment,0.9961351156234741,True,A biker reaches the apex of his ramp while onlookers watch his feat.,A motorcyclist reaches the top of his ramp while spectators watch his feat.,0.9972023963928223,0.9974448680877686,0.9972023963928223,entailment,0.997423529624939,False,False,False,[],[],[],0.23076923076923073,True,[],facebook/nllb-200-distilled-600M,f8d333a098d19b4fd9a8b18f94170487ad3f821d,MoritzLaurer/DeBERTa-v3-base-mnli-fever-anli,6f5cf0a2b59cabb106aca4c287eed12e357e90eb
288,196673,196673:hypothesis:fra_Latn,hypothesis,entailment,RELIABLE_GOLD,entailment,0.9961351156234741,True,A biker reaches the apex of his ramp.,A motorcyclist reaches the top of his ramp.,0.99647456407547,0.9975177049636841,0.99647456407547,entailment,0.996746301651001,False,False,False,[],[],[],0.25,True,[],facebook/nllb-200-distilled-600M,f8d333a098d19b4fd9a8b18f94170487ad3f821d,MoritzLaurer/DeBERTa-v3-base-mnli-fever-anli,6f5cf0a2b59cabb106aca4c287eed12e357e90eb
289,197235,197235:premise:fra_Latn,premise,entailment,RELIABLE_GOLD,entailment,0.9972240924835205,True,A man is fishing on an inlet in the ocean.,A man fishing on a bay in the ocean.,0.9743945002555847,0.9864971041679382,0.9743945002555847,entailment,0.9966287016868591,False,False,False,[],[],[],0.15384615384615385,True,[],facebook/nllb-200-distilled-600M,f8d333a098d19b4fd9a8b18f94170487ad3f821d,MoritzLaurer/DeBERTa-v3-base-mnli-fever-anli,6f5cf0a2b59cabb106aca4c287eed12e357e90eb
290,199215,199215:premise:fra_Latn,premise,neutral,RELIABLE_GOLD,neutral,0.9846817255020142,True,"Ready and set as two hockey players on the ice wait with sticks out in front of them, anticipating the puck.","Ready and set like two ice hockey players waiting with sticks in front of them, anticipating the puck.",0.9935358762741089,0.9416324496269226,0.9416324496269226,neutral,0.982783317565918,False,False,False,"[{""group"":""space"",""original"":{""front"":1,""in"":1,""on"":1},""candidate"":{""front"":1,""in"":1},""field"":""premise""}]",[],"[{""group"":""space"",""original"":{""front"":1,""in"":1,""on"":1},""candidate"":{""front"":1,""in"":1},""field"":""premise""}]",0.1333333333333333,True,[],facebook/nllb-200-distilled-600M,f8d333a098d19b4fd9a8b18f94170487ad3f821d,MoritzLaurer/DeBERTa-v3-base-mnli-fever-anli,6f5cf0a2b59cabb106aca4c287eed12e357e90eb
291,200568,200568:premise:fra_Latn,premise,entailment,RELIABLE_GOLD,entailment,0.9974852800369263,True,A multicolor cat fighting with a black and brown dog in a red collar.,A multicolored cat is fighting a black and brown dog with a red collar.,0.9966213703155518,0.9963326454162598,0.9963326454162598,entailment,0.9976008534431458,False,False,False,"[{""group"":""space"",""original"":{""in"":1},""candidate"":{},""field"":""premise""}]",[],"[{""group"":""space"",""original"":{""in"":1},""candidate"":{},""field"":""premise""}]",0.09999999999999998,True,[],facebook/nllb-200-distilled-600M,f8d333a098d19b4fd9a8b18f94170487ad3f821d,MoritzLaurer/DeBERTa-v3-base-mnli-fever-anli,6f5cf0a2b59cabb106aca4c287eed12e357e90eb
291,200568,200568:hypothesis:fra_Latn,hypothesis,entailment,RELIABLE_GOLD,entailment,0.9974852800369263,True,A cat and dog are fighting.,A cat and a dog are fighting.,0.9958406090736389,0.9966233968734741,0.9958406090736389,entailment,0.9976320266723633,False,False,False,[],[],[],0.0357142857142857,True,[],facebook/nllb-200-distilled-600M,f8d333a098d19b4fd9a8b18f94170487ad3f821d,MoritzLaurer/DeBERTa-v3-base-mnli-fever-anli,6f5cf0a2b59cabb106aca4c287eed12e357e90eb
292,200662,200662:hypothesis:fra_Latn,hypothesis,neutral,RELIABLE_GOLD,neutral,0.9472551941871643,True,A man is wearing a secret service outfit.,There's a man wearing a secret service outfit.,0.9982555508613586,0.9977719187736511,0.9977719187736511,neutral,0.9378461241722107,False,False,False,[],[],[],0.12643678160919536,True,[],facebook/nllb-200-distilled-600M,f8d333a098d19b4fd9a8b18f94170487ad3f821d,MoritzLaurer/DeBERTa-v3-base-mnli-fever-anli,6f5cf0a2b59cabb106aca4c287eed12e357e90eb
293,200772,200772:premise:fra_Latn,premise,neutral,RELIABLE_GOLD,neutral,0.9951594471931458,True,A wakeboarder is traveling across the water behind a ramp.,A wakeboarder crosses the water behind a ramp.,0.9957895874977112,0.9876857995986938,0.9876857995986938,neutral,0.992108166217804,False,False,False,[],[],[],0.15384615384615385,True,[],facebook/nllb-200-distilled-600M,f8d333a098d19b4fd9a8b18f94170487ad3f821d,MoritzLaurer/DeBERTa-v3-base-mnli-fever-anli,6f5cf0a2b59cabb106aca4c287eed12e357e90eb
295,203055,203055:premise:fra_Latn,premise,contradiction,RELIABLE_GOLD,contradiction,0.9988422989845276,True,A person in a colorful wig is wiping white cream on a woman's face.,A person in a colorful wig wipes the white cream on a woman's face.,0.9925124645233154,0.9947711825370789,0.9925124645233154,contradiction,0.9991719722747803,False,False,False,[],[],[],0.08955223880597019,True,[],facebook/nllb-200-distilled-600M,f8d333a098d19b4fd9a8b18f94170487ad3f821d,MoritzLaurer/DeBERTa-v3-base-mnli-fever-anli,6f5cf0a2b59cabb106aca4c287eed12e357e90eb
297,204719,204719:hypothesis:fra_Latn,hypothesis,contradiction,RELIABLE_GOLD,contradiction,0.9994925260543823,True,A group of men are enjoying a day at the pool.,A group of men enjoying a day at the pool.,0.9959398508071899,0.995609700679779,0.995609700679779,contradiction,0.9994074106216431,False,False,False,[],[],[],0.045454545454545414,True,[],facebook/nllb-200-distilled-600M,f8d333a098d19b4fd9a8b18f94170487ad3f821d,MoritzLaurer/DeBERTa-v3-base-mnli-fever-anli,6f5cf0a2b59cabb106aca4c287eed12e357e90eb
298,204800,204800:premise:fra_Latn,premise,contradiction,RELIABLE_GOLD,contradiction,0.9993088245391846,True,Two women with stethoscopes and a man with a blue hairnet on working tedious over an unknown object or person.,Two women with stethoscopes and a man with a blue hair net working tirelessly on an unknown object or person.,0.9515888690948486,0.9837400317192078,0.9515888690948486,contradiction,0.999173104763031,False,False,False,"[{""group"":""space"",""original"":{""over"":1,""on"":1},""candidate"":{""on"":1},""field"":""premise""}]",[],"[{""group"":""space"",""original"":{""over"":1,""on"":1},""candidate"":{""on"":1},""field"":""premise""}]",0.08675799086757996,True,[],facebook/nllb-200-distilled-600M,f8d333a098d19b4fd9a8b18f94170487ad3f821d,MoritzLaurer/DeBERTa-v3-base-mnli-fever-anli,6f5cf0a2b59cabb106aca4c287eed12e357e90eb
299,205153,205153:premise:fra_Latn,premise,neutral,RELIABLE_GOLD,neutral,0.9993688464164734,True,The men standing on the edge of a torn down building.,The men standing on the edge of a demolished building.,0.9974919557571411,0.9978037476539612,0.9974919557571411,neutral,0.999349057674408,False,False,False,[],[],[],0.14018691588785048,True,[],facebook/nllb-200-distilled-600M,f8d333a098d19b4fd9a8b18f94170487ad3f821d,MoritzLaurer/DeBERTa-v3-base-mnli-fever-anli,6f5cf0a2b59cabb106aca4c287eed12e357e90eb
300,206106,206106:hypothesis:fra_Latn,hypothesis,neutral,RELIABLE_GOLD,neutral,0.9984846711158752,True,There is a sad man with a red hat on his hand.,There's a sad man with a red hat in his hand.,0.9712087512016296,0.9265336990356445,0.9265336990356445,neutral,0.9984065890312195,False,False,False,"[{""group"":""space"",""original"":{""on"":1},""candidate"":{""in"":1},""field"":""hypothesis""}]",[],"[{""group"":""space"",""original"":{""on"":1},""candidate"":{""in"":1},""field"":""hypothesis""}]",0.05494505494505497,True,[],facebook/nllb-200-distilled-600M,f8d333a098d19b4fd9a8b18f94170487ad3f821d,MoritzLaurer/DeBERTa-v3-base-mnli-fever-anli,6f5cf0a2b59cabb106aca4c287eed12e357e90eb
301,207276,207276:premise:fra_Latn,premise,entailment,RELIABLE_GOLD,entailment,0.9787431359291077,True,This dish is very tasty and I enjoy this dish,This dish is very tasty and I love this dish.,0.9958786964416504,0.995821475982666,0.995821475982666,entailment,0.9889860153198242,False,False,False,[],[],[],0.0888888888888889,True,[],facebook/nllb-200-distilled-600M,f8d333a098d19b4fd9a8b18f94170487ad3f821d,MoritzLaurer/DeBERTa-v3-base-mnli-fever-anli,6f5cf0a2b59cabb106aca4c287eed12e357e90eb
301,207276,207276:hypothesis:fra_Latn,hypothesis,entailment,RELIABLE_GOLD,entailment,0.9787431359291077,True,There is food in the dish.,There's food in the plate.,0.9836570620536804,0.995442271232605,0.9836570620536804,entailment,0.95039302110672,False,False,False,[],[],[],0.23076923076923073,True,[],facebook/nllb-200-distilled-600M,f8d333a098d19b4fd9a8b18f94170487ad3f821d,MoritzLaurer/DeBERTa-v3-base-mnli-fever-anli,6f5cf0a2b59cabb106aca4c287eed12e357e90eb
302,207574,207574:premise:fra_Latn,premise,neutral,RELIABLE_GOLD,neutral,0.9989433884620667,True,A man surfing on big waves with a watch on.,A man surfing big waves with a watch.,0.9939035773277283,0.9953362345695496,0.9939035773277283,neutral,0.9988011121749878,False,False,False,"[{""group"":""space"",""original"":{""on"":2},""candidate"":{},""field"":""premise""}]",[],"[{""group"":""space"",""original"":{""on"":2},""candidate"":{},""field"":""premise""}]",0.07499999999999996,True,[],facebook/nllb-200-distilled-600M,f8d333a098d19b4fd9a8b18f94170487ad3f821d,MoritzLaurer/DeBERTa-v3-base-mnli-fever-anli,6f5cf0a2b59cabb106aca4c287eed12e357e90eb
302,207574,207574:hypothesis:fra_Latn,hypothesis,neutral,RELIABLE_GOLD,neutral,0.9989433884620667,True,He is in a surfing tournament.,He's at a surfing tournament.,0.9938219785690308,0.9936670660972595,0.9936670660972595,neutral,0.9978724718093872,False,False,False,"[{""group"":""space"",""original"":{""in"":1},""candidate"":{},""field"":""hypothesis""}]",[],"[{""group"":""space"",""original"":{""in"":1},""candidate"":{},""field"":""hypothesis""}]",0.11864406779661019,True,[],facebook/nllb-200-distilled-600M,f8d333a098d19b4fd9a8b18f94170487ad3f821d,MoritzLaurer/DeBERTa-v3-base-mnli-fever-anli,6f5cf0a2b59cabb106aca4c287eed12e357e90eb
303,208906,208906:premise:fra_Latn,premise,entailment,RELIABLE_GOLD,entailment,0.9828024506568909,True,People at a concert wave their hands in the air as they watch the singer and guitarist perform.,"At a concert, people wave their hands in the air watching the singer and guitarist play.",0.9975568056106567,0.9963511228561401,0.9963511228561401,entailment,0.9828837513923645,False,False,False,[],[],[],0.1912568306010929,True,[],facebook/nllb-200-distilled-600M,f8d333a098d19b4fd9a8b18f94170487ad3f821d,MoritzLaurer/DeBERTa-v3-base-mnli-fever-anli,6f5cf0a2b59cabb106aca4c287eed12e357e90eb
303,208906,208906:hypothesis:fra_Latn,hypothesis,entailment,RELIABLE_GOLD,entailment,0.9828024506568909,True,People enjoying music at a concert.,People enjoy music at a concert.,0.9971528053283691,0.9966208934783936,0.9966208934783936,entailment,0.9597503542900085,False,False,False,[],[],[],0.04477611940298509,True,[],facebook/nllb-200-distilled-600M,f8d333a098d19b4fd9a8b18f94170487ad3f821d,MoritzLaurer/DeBERTa-v3-base-mnli-fever-anli,6f5cf0a2b59cabb106aca4c287eed12e357e90eb
304,209139,209139:premise:fra_Latn,premise,entailment,RELIABLE_GOLD,entailment,0.9976319074630737,True,A kid is riding on a skateboard.,There's a kid on a skateboard.,0.9982497096061707,0.9962587356567383,0.9962587356567383,entailment,0.996067225933075,False,False,False,[],[],[],0.29032258064516125,True,[],facebook/nllb-200-distilled-600M,f8d333a098d19b4fd9a8b18f94170487ad3f821d,MoritzLaurer/DeBERTa-v3-base-mnli-fever-anli,6f5cf0a2b59cabb106aca4c287eed12e357e90eb
304,209139,209139:hypothesis:fra_Latn,hypothesis,entailment,RELIABLE_GOLD,entailment,0.9976319074630737,True,A kid is riding a skateboard,There's a kid on a skateboard.,0.9978078007698059,0.996067225933075,0.996067225933075,entailment,0.9982497096061707,False,False,False,"[{""group"":""space"",""original"":{},""candidate"":{""on"":1},""field"":""hypothesis""}]",[],"[{""group"":""space"",""original"":{},""candidate"":{""on"":1},""field"":""hypothesis""}]",0.31034482758620685,True,[],facebook/nllb-200-distilled-600M,f8d333a098d19b4fd9a8b18f94170487ad3f821d,MoritzLaurer/DeBERTa-v3-base-mnli-fever-anli,6f5cf0a2b59cabb106aca4c287eed12e357e90eb
305,209684,209684:hypothesis:fra_Latn,hypothesis,entailment,RELIABLE_GOLD,entailment,0.9918839931488037,True,The man is sitting down.,The man is sitting.,0.9975852966308594,0.9850671291351318,0.9850671291351318,entailment,0.9963939785957336,False,False,False,[],[],[],0.11627906976744184,True,[],facebook/nllb-200-distilled-600M,f8d333a098d19b4fd9a8b18f94170487ad3f821d,MoritzLaurer/DeBERTa-v3-base-mnli-fever-anli,6f5cf0a2b59cabb106aca4c287eed12e357e90eb
306,209775,209775:premise:fra_Latn,premise,neutral,RELIABLE_GOLD,neutral,0.9433273077011108,True,Eldery couple wearing hats looking at tickets on the street.,An elderly couple wearing hats is looking at the tickets on the street.,0.9959250688552856,0.996301531791687,0.9959250688552856,neutral,0.9495683908462524,False,False,False,[],[],[],0.08396946564885499,True,[],facebook/nllb-200-distilled-600M,f8d333a098d19b4fd9a8b18f94170487ad3f821d,MoritzLaurer/DeBERTa-v3-base-mnli-fever-anli,6f5cf0a2b59cabb106aca4c287eed12e357e90eb
309,213001,213001:hypothesis:fra_Latn,hypothesis,entailment,RELIABLE_GOLD,entailment,0.9962660670280457,True,Two girls have their clothes on in the shower.,Two girls are wearing their clothes in the shower.,0.997643768787384,0.9982812404632568,0.997643768787384,entailment,0.9948635697364807,False,False,False,"[{""group"":""space"",""original"":{""in"":1,""on"":1},""candidate"":{""in"":1},""field"":""hypothesis""}]",[],"[{""group"":""space"",""original"":{""in"":1,""on"":1},""candidate"":{""in"":1},""field"":""hypothesis""}]",0.14583333333333337,True,[],facebook/nllb-200-distilled-600M,f8d333a098d19b4fd9a8b18f94170487ad3f821d,MoritzLaurer/DeBERTa-v3-base-mnli-fever-anli,6f5cf0a2b59cabb106aca4c287eed12e357e90eb
310,213279,213279:premise:fra_Latn,premise,entailment,RELIABLE_GOLD,entailment,0.9973948001861572,True,A large duck in flight over a rocky stream.,A big duck flying on a rocky creek.,0.9652286171913147,0.9964841604232788,0.9652286171913147,entailment,0.9950607419013977,False,False,False,"[{""group"":""space"",""original"":{""over"":1,""in"":1},""candidate"":{""on"":1},""field"":""premise""}]",[],"[{""group"":""space"",""original"":{""over"":1,""in"":1},""candidate"":{""on"":1},""field"":""premise""}]",0.33333333333333337,True,[],facebook/nllb-200-distilled-600M,f8d333a098d19b4fd9a8b18f94170487ad3f821d,MoritzLaurer/DeBERTa-v3-base-mnli-fever-anli,6f5cf0a2b59cabb106aca4c287eed12e357e90eb
310,213279,213279:hypothesis:fra_Latn,hypothesis,entailment,RELIABLE_GOLD,entailment,0.9973948001861572,True,A duck is flying over water.,A duck flies over the water.,0.997767448425293,0.9975526928901672,0.9975526928901672,entailment,0.9965657591819763,False,False,False,[],[],[],0.2142857142857143,True,[],facebook/nllb-200-distilled-600M,f8d333a098d19b4fd9a8b18f94170487ad3f821d,MoritzLaurer/DeBERTa-v3-base-mnli-fever-anli,6f5cf0a2b59cabb106aca4c287eed12e357e90eb
312,214226,214226:premise:fra_Latn,premise,contradiction,RELIABLE_GOLD,contradiction,0.9993904829025269,True,A man sitting on the back of a truck underneath an umbrella.,A man sitting in the back of a truck under an umbrella.,0.9957383871078491,0.9915447235107422,0.9915447235107422,contradiction,0.9993630051612854,False,False,False,"[{""group"":""space"",""original"":{""on"":1},""candidate"":{""under"":1,""in"":1},""field"":""premise""}]",[],"[{""group"":""space"",""original"":{""on"":1},""candidate"":{""under"":1,""in"":1},""field"":""premise""}]",0.060869565217391286,True,[],facebook/nllb-200-distilled-600M,f8d333a098d19b4fd9a8b18f94170487ad3f821d,MoritzLaurer/DeBERTa-v3-base-mnli-fever-anli,6f5cf0a2b59cabb106aca4c287eed12e357e90eb
314,215221,215221:premise:fra_Latn,premise,neutral,RELIABLE_GOLD,neutral,0.9949972629547119,True,A waveboarder skims through the surf at sunset.,A surfer crosses the wave at sunset.,0.995593249797821,0.9914189577102661,0.9914189577102661,neutral,0.9941800832748413,False,False,False,"[{""group"":""space"",""original"":{""through"":1},""candidate"":{},""field"":""premise""}]",[],"[{""group"":""space"",""original"":{""through"":1},""candidate"":{},""field"":""premise""}]",0.5903614457831325,True,[],facebook/nllb-200-distilled-600M,f8d333a098d19b4fd9a8b18f94170487ad3f821d,MoritzLaurer/DeBERTa-v3-base-mnli-fever-anli,6f5cf0a2b59cabb106aca4c287eed12e357e90eb
314,215221,215221:hypothesis:fra_Latn,hypothesis,neutral,RELIABLE_GOLD,neutral,0.9949972629547119,True,A person is in a waveboader competition.,A person is taking part in a waveboader competition.,0.996536135673523,0.9972042441368103,0.996536135673523,neutral,0.9980021119117737,False,False,False,[],[],[],0.13043478260869568,True,[],facebook/nllb-200-distilled-600M,f8d333a098d19b4fd9a8b18f94170487ad3f821d,MoritzLaurer/DeBERTa-v3-base-mnli-fever-anli,6f5cf0a2b59cabb106aca4c287eed12e357e90eb
315,215707,215707:premise:fra_Latn,premise,entailment,RELIABLE_GOLD,entailment,0.9966287016868591,True,A man with black hair sits in a restaurant with a glass of beer.,A man with black hair is sitting in a restaurant with a glass of beer.,0.9962853193283081,0.9966013431549072,0.9962853193283081,entailment,0.9967691898345947,False,False,False,[],[],[],0.05970149253731338,True,[],facebook/nllb-200-distilled-600M,f8d333a098d19b4fd9a8b18f94170487ad3f821d,MoritzLaurer/DeBERTa-v3-base-mnli-fever-anli,6f5cf0a2b59cabb106aca4c287eed12e357e90eb
315,215707,215707:hypothesis:fra_Latn,hypothesis,entailment,RELIABLE_GOLD,entailment,0.9966287016868591,True,There is a man with a drink.,There's a man with a drink.,0.9933484196662903,0.9908567667007446,0.9908567667007446,entailment,0.996479332447052,False,False,False,[],[],[],0.054545454545454564,True,[],facebook/nllb-200-distilled-600M,f8d333a098d19b4fd9a8b18f94170487ad3f821d,MoritzLaurer/DeBERTa-v3-base-mnli-fever-anli,6f5cf0a2b59cabb106aca4c287eed12e357e90eb
316,215759,215759:hypothesis:fra_Latn,hypothesis,contradiction,RELIABLE_GOLD,contradiction,0.9993879795074463,True,A girl is wearing a yellow suit.,There's a girl in a yellow suit.,0.9976669549942017,0.9975346326828003,0.9975346326828003,contradiction,0.9993840456008911,False,False,False,"[{""group"":""space"",""original"":{},""candidate"":{""in"":1},""field"":""hypothesis""}]",[],"[{""group"":""space"",""original"":{},""candidate"":{""in"":1},""field"":""hypothesis""}]",0.25,True,[],facebook/nllb-200-distilled-600M,f8d333a098d19b4fd9a8b18f94170487ad3f821d,MoritzLaurer/DeBERTa-v3-base-mnli-fever-anli,6f5cf0a2b59cabb106aca4c287eed12e357e90eb
319,216738,216738:premise:fra_Latn,premise,entailment,RELIABLE_GOLD,entailment,0.9933400750160217,True,A woman is taking a man's blood pressure in a kitchen.,A woman takes a man's blood pressure in a kitchen.,0.9968531727790833,0.9947598576545715,0.9947598576545715,entailment,0.9904601573944092,False,False,False,[],[],[],0.07692307692307687,True,[],facebook/nllb-200-distilled-600M,f8d333a098d19b4fd9a8b18f94170487ad3f821d,MoritzLaurer/DeBERTa-v3-base-mnli-fever-anli,6f5cf0a2b59cabb106aca4c287eed12e357e90eb
319,216738,216738:hypothesis:fra_Latn,hypothesis,entailment,RELIABLE_GOLD,entailment,0.9933400750160217,True,The woman is checking the man's health indoors.,The woman checks the man's health inside.,0.995220959186554,0.9628313183784485,0.9628313183784485,entailment,0.9798272848129272,False,False,False,"[{""group"":""space"",""original"":{},""candidate"":{""inside"":1},""field"":""hypothesis""}]",[],"[{""group"":""space"",""original"":{},""candidate"":{""inside"":1},""field"":""hypothesis""}]",0.15909090909090906,True,[],facebook/nllb-200-distilled-600M,f8d333a098d19b4fd9a8b18f94170487ad3f821d,MoritzLaurer/DeBERTa-v3-base-mnli-fever-anli,6f5cf0a2b59cabb106aca4c287eed12e357e90eb
320,217803,217803:premise:fra_Latn,premise,entailment,RELIABLE_GOLD,entailment,0.9786309003829956,True,Many people stand on an overpass looking over.,A lot of people stand on a bridge and watch.,0.9922266006469727,0.9866074323654175,0.9866074323654175,entailment,0.9831498265266418,False,False,False,"[{""group"":""quantifier"",""original"":{""many"":1},""candidate"":{},""field"":""premise""},{""group"":""space"",""original"":{""over"":1,""on"":1},""candidate"":{""on"":1},""field"":""premise""}]",[],"[{""group"":""quantifier"",""original"":{""many"":1},""candidate"":{},""field"":""premise""},{""group"":""space"",""original"":{""over"":1,""on"":1},""candidate"":{""on"":1},""field"":""premise""}]",0.48888888888888893,True,[],facebook/nllb-200-distilled-600M,f8d333a098d19b4fd9a8b18f94170487ad3f821d,MoritzLaurer/DeBERTa-v3-base-mnli-fever-anli,6f5cf0a2b59cabb106aca4c287eed12e357e90eb
321,218103,218103:hypothesis:fra_Latn,hypothesis,entailment,RELIABLE_GOLD,entailment,0.9985931515693665,True,A girl jumps into water.,A girl jumps in the water.,0.9976206421852112,0.9982762336730957,0.9976206421852112,entailment,0.9982841610908508,False,False,False,"[{""group"":""space"",""original"":{},""candidate"":{""in"":1},""field"":""hypothesis""}]",[],"[{""group"":""space"",""original"":{},""candidate"":{""in"":1},""field"":""hypothesis""}]",0.07999999999999996,True,[],facebook/nllb-200-distilled-600M,f8d333a098d19b4fd9a8b18f94170487ad3f821d,MoritzLaurer/DeBERTa-v3-base-mnli-fever-anli,6f5cf0a2b59cabb106aca4c287eed12e357e90eb
322,218557,218557:premise:fra_Latn,premise,neutral,RELIABLE_GOLD,neutral,0.9811787009239197,True,A boy is flying in midair while snowboarding in a hilly and wooded area.,"A boy is flying outdoors snowboarding in a mountainous, forested area.",0.9910632371902466,0.976550281047821,0.976550281047821,neutral,0.952399730682373,False,False,False,"[{""group"":""space"",""original"":{""in"":2},""candidate"":{""in"":1},""field"":""premise""}]",[],"[{""group"":""space"",""original"":{""in"":2},""candidate"":{""in"":1},""field"":""premise""}]",0.323943661971831,True,[],facebook/nllb-200-distilled-600M,f8d333a098d19b4fd9a8b18f94170487ad3f821d,MoritzLaurer/DeBERTa-v3-base-mnli-fever-anli,6f5cf0a2b59cabb106aca4c287eed12e357e90eb
322,218557,218557:hypothesis:fra_Latn,hypothesis,neutral,RELIABLE_GOLD,neutral,0.9811787009239197,True,the boy is competing in a snowboard competition,the boy is in a snowboarding competition,0.9948456287384033,0.9951710104942322,0.9948456287384033,neutral,0.9991747736930847,False,False,False,[],[],[],0.14942528735632188,True,[],facebook/nllb-200-distilled-600M,f8d333a098d19b4fd9a8b18f94170487ad3f821d,MoritzLaurer/DeBERTa-v3-base-mnli-fever-anli,6f5cf0a2b59cabb106aca4c287eed12e357e90eb
323,219803,219803:premise:fra_Latn,premise,entailment,RELIABLE_GOLD,entailment,0.9969111084938049,True,"A young man is having his picture taken in front of a picture of an Asian sports team, while a child walks in a ball cap walks in front of the picture.","A young man is photographed in front of a photo of an Asian sports team, while a child in a ball cap is walking in front of the photo.",0.9948893785476685,0.9946927428245544,0.9946927428245544,entailment,0.9977287650108337,False,False,False,[],[],[],0.19999999999999996,True,[],facebook/nllb-200-distilled-600M,f8d333a098d19b4fd9a8b18f94170487ad3f821d,MoritzLaurer/DeBERTa-v3-base-mnli-fever-anli,6f5cf0a2b59cabb106aca4c287eed12e357e90eb
323,219803,219803:hypothesis:fra_Latn,hypothesis,entailment,RELIABLE_GOLD,entailment,0.9969111084938049,True,A young man gets his photo taken.,A young man is being photographed.,0.996649444103241,0.9963797926902771,0.9963797926902771,entailment,0.9969205856323242,False,False,False,[],[],[],0.28358208955223885,True,[],facebook/nllb-200-distilled-600M,f8d333a098d19b4fd9a8b18f94170487ad3f821d,MoritzLaurer/DeBERTa-v3-base-mnli-fever-anli,6f5cf0a2b59cabb106aca4c287eed12e357e90eb
324,221452,221452:premise:fra_Latn,premise,entailment,RELIABLE_GOLD,entailment,0.9964659214019775,True,A girl in a baseball uniform getting ready to throw the ball at a game.,A girl in a baseball uniform prepares to throw the ball at a game.,0.9964543581008911,0.994277834892273,0.994277834892273,entailment,0.9949231743812561,False,False,False,[],[],[],0.10948905109489049,True,[],facebook/nllb-200-distilled-600M,f8d333a098d19b4fd9a8b18f94170487ad3f821d,MoritzLaurer/DeBERTa-v3-base-mnli-fever-anli,6f5cf0a2b59cabb106aca4c287eed12e357e90eb
324,221452,221452:hypothesis:fra_Latn,hypothesis,entailment,RELIABLE_GOLD,entailment,0.9964659214019775,True,The girl prepares to throw the ball.,The girl's getting ready to throw the ball.,0.9971081614494324,0.9977127313613892,0.9971081614494324,entailment,0.9959378242492676,False,False,False,[],[],[],0.21518987341772156,True,[],facebook/nllb-200-distilled-600M,f8d333a098d19b4fd9a8b18f94170487ad3f821d,MoritzLaurer/DeBERTa-v3-base-mnli-fever-anli,6f5cf0a2b59cabb106aca4c287eed12e357e90eb
326,223038,223038:hypothesis:fra_Latn,hypothesis,neutral,RELIABLE_GOLD,neutral,0.9921446442604065,True,There is a boy jumping into the water to play.,There's a boy who jumps into the water to play.,0.9968331456184387,0.9955418705940247,0.9955418705940247,neutral,0.9927746057510376,False,False,False,[],[],[],0.11827956989247312,True,[],facebook/nllb-200-distilled-600M,f8d333a098d19b4fd9a8b18f94170487ad3f821d,MoritzLaurer/DeBERTa-v3-base-mnli-fever-anli,6f5cf0a2b59cabb106aca4c287eed12e357e90eb
327,223113,223113:premise:fra_Latn,premise,entailment,RELIABLE_GOLD,entailment,0.9944513440132141,True,Two men stand in front of a building.,Two men standing in front of a building.,0.9957186579704285,0.9966451525688171,0.9957186579704285,entailment,0.995002806186676,False,False,False,[],[],[],0.038961038961038974,True,[],facebook/nllb-200-distilled-600M,f8d333a098d19b4fd9a8b18f94170487ad3f821d,MoritzLaurer/DeBERTa-v3-base-mnli-fever-anli,6f5cf0a2b59cabb106aca4c287eed12e357e90eb
327,223113,223113:hypothesis:fra_Latn,hypothesis,entailment,RELIABLE_GOLD,entailment,0.9944513440132141,True,two men stand,Two men stand up,0.9891204833984375,0.9949321150779724,0.9891204833984375,entailment,0.9633411169052124,False,False,False,[],[],[],0.10344827586206895,True,[],facebook/nllb-200-distilled-600M,f8d333a098d19b4fd9a8b18f94170487ad3f821d,MoritzLaurer/DeBERTa-v3-base-mnli-fever-anli,6f5cf0a2b59cabb106aca4c287eed12e357e90eb
328,224071,224071:premise:fra_Latn,premise,contradiction,RELIABLE_GOLD,contradiction,0.9996057152748108,True,Three people are walking down the beach.,Three people are walking along the beach.,0.993303120136261,0.954211950302124,0.954211950302124,contradiction,0.999625563621521,False,False,False,[],[],[],0.06172839506172845,True,[],facebook/nllb-200-distilled-600M,f8d333a098d19b4fd9a8b18f94170487ad3f821d,MoritzLaurer/DeBERTa-v3-base-mnli-fever-anli,6f5cf0a2b59cabb106aca4c287eed12e357e90eb
329,224732,224732:premise:fra_Latn,premise,neutral,RELIABLE_GOLD,neutral,0.9989604949951172,True,Shoppers look for Christmas gifts at Harrod's department store.,Shoppers are looking for Christmas gifts at Harrod's department store.,0.9946885108947754,0.9976359605789185,0.9946885108947754,neutral,0.9990618824958801,False,False,False,[],[],[],0.052631578947368474,True,[],facebook/nllb-200-distilled-600M,f8d333a098d19b4fd9a8b18f94170487ad3f821d,MoritzLaurer/DeBERTa-v3-base-mnli-fever-anli,6f5cf0a2b59cabb106aca4c287eed12e357e90eb
329,224732,224732:hypothesis:fra_Latn,hypothesis,neutral,RELIABLE_GOLD,neutral,0.9989604949951172,True,The shoppers are finding good deals.,Buyers find good deals.,0.9960733652114868,0.9893938899040222,0.9893938899040222,neutral,0.998481810092926,False,False,False,[],[],[],0.3220338983050848,True,[],facebook/nllb-200-distilled-600M,f8d333a098d19b4fd9a8b18f94170487ad3f821d,MoritzLaurer/DeBERTa-v3-base-mnli-fever-anli,6f5cf0a2b59cabb106aca4c287eed12e357e90eb
331,226116,226116:premise:fra_Latn,premise,neutral,RELIABLE_GOLD,neutral,0.9838452339172363,True,Two females walking down the street with shopping bags.,Two women walking down the street with shopping bags.,0.9962981343269348,0.9967632293701172,0.9962981343269348,neutral,0.9840293526649475,False,False,False,[],[],[],0.09259259259259256,True,[],facebook/nllb-200-distilled-600M,f8d333a098d19b4fd9a8b18f94170487ad3f821d,MoritzLaurer/DeBERTa-v3-base-mnli-fever-anli,6f5cf0a2b59cabb106aca4c287eed12e357e90eb
333,226504,226504:premise:fra_Latn,premise,neutral,RELIABLE_GOLD,neutral,0.9831127524375916,True,Two people raise their arms on a snowy hill in the mountains.,Two people holding up their arms on a snowy hill in the mountains.,0.9895418882369995,0.9953189492225647,0.9895418882369995,neutral,0.9857621192932129,False,False,False,[],[],[],0.10236220472440949,True,[],facebook/nllb-200-distilled-600M,f8d333a098d19b4fd9a8b18f94170487ad3f821d,MoritzLaurer/DeBERTa-v3-base-mnli-fever-anli,6f5cf0a2b59cabb106aca4c287eed12e357e90eb
335,226981,226981:premise:fra_Latn,premise,entailment,RELIABLE_GOLD,entailment,0.9970670342445374,True,Two men are sitting by themselves in a cafe.,Two men are sitting alone in a cafe.,0.997878909111023,0.9969123601913452,0.9969123601913452,entailment,0.996791660785675,False,False,False,[],[],[],0.19999999999999996,True,[],facebook/nllb-200-distilled-600M,f8d333a098d19b4fd9a8b18f94170487ad3f821d,MoritzLaurer/DeBERTa-v3-base-mnli-fever-anli,6f5cf0a2b59cabb106aca4c287eed12e357e90eb
336,227619,227619:premise:fra_Latn,premise,contradiction,RELIABLE_GOLD,contradiction,0.9993534684181213,True,Two young men are leaping exuberantly on an outdoor plaza.,Two young men are jumping up and down an open square.,0.9850322008132935,0.9857630729675293,0.9850322008132935,contradiction,0.9992004036903381,False,False,False,"[{""group"":""space"",""original"":{""on"":1},""candidate"":{},""field"":""premise""}]",[],"[{""group"":""space"",""original"":{""on"":1},""candidate"":{},""field"":""premise""}]",0.33333333333333337,True,[],facebook/nllb-200-distilled-600M,f8d333a098d19b4fd9a8b18f94170487ad3f821d,MoritzLaurer/DeBERTa-v3-base-mnli-fever-anli,6f5cf0a2b59cabb106aca4c287eed12e357e90eb
336,227619,227619:hypothesis:fra_Latn,hypothesis,contradiction,RELIABLE_GOLD,contradiction,0.9993534684181213,True,The two men have just been stuck in concrete boots and are drowning in the Hudson River.,Both men are trapped in concrete boots and drowned in the Hudson River.,0.9881734251976013,0.9715660214424133,0.9715660214424133,contradiction,0.9988000392913818,False,False,False,[],[],[],0.23270440251572322,True,[],facebook/nllb-200-distilled-600M,f8d333a098d19b4fd9a8b18f94170487ad3f821d,MoritzLaurer/DeBERTa-v3-base-mnli-fever-anli,6f5cf0a2b59cabb106aca4c287eed12e357e90eb
338,230044,230044:hypothesis:fra_Latn,hypothesis,neutral,RELIABLE_GOLD,neutral,0.9994099140167236,True,They are performing in a club,They 're performing in a club .,0.9937707781791687,0.9913877844810486,0.9913877844810486,neutral,0.9988617897033691,False,False,False,[],[],[],0.06666666666666665,True,[],facebook/nllb-200-distilled-600M,f8d333a098d19b4fd9a8b18f94170487ad3f821d,MoritzLaurer/DeBERTa-v3-base-mnli-fever-anli,6f5cf0a2b59cabb106aca4c287eed12e357e90eb
339,230599,230599:hypothesis:fra_Latn,hypothesis,contradiction,RELIABLE_GOLD,contradiction,0.999735414981842,True,The people are sitting on the beach.,People are sitting on the beach.,0.9977722764015198,0.9952333569526672,0.9952333569526672,contradiction,0.9994851350784302,False,False,False,[],[],[],0.05882352941176472,True,[],facebook/nllb-200-distilled-600M,f8d333a098d19b4fd9a8b18f94170487ad3f821d,MoritzLaurer/DeBERTa-v3-base-mnli-fever-anli,6f5cf0a2b59cabb106aca4c287eed12e357e90eb
340,231324,231324:hypothesis:fra_Latn,hypothesis,entailment,RELIABLE_GOLD,entailment,0.9983744621276855,True,A woman sits at a table.,A woman is sitting at a table.,0.9976369142532349,0.9981689453125,0.9976369142532349,entailment,0.9982030391693115,False,False,False,[],[],[],0.14814814814814814,True,[],facebook/nllb-200-distilled-600M,f8d333a098d19b4fd9a8b18f94170487ad3f821d,MoritzLaurer/DeBERTa-v3-base-mnli-fever-anli,6f5cf0a2b59cabb106aca4c287eed12e357e90eb
342,232796,232796:premise:fra_Latn,premise,entailment,RELIABLE_GOLD,entailment,0.997729480266571,True,A guy and a girl having a conversation.,A guy and a girl talking.,0.9970136880874634,0.9962823987007141,0.9962823987007141,entailment,0.9967823028564453,False,False,False,[],[],[],0.3125,True,[],facebook/nllb-200-distilled-600M,f8d333a098d19b4fd9a8b18f94170487ad3f821d,MoritzLaurer/DeBERTa-v3-base-mnli-fever-anli,6f5cf0a2b59cabb106aca4c287eed12e357e90eb
343,232922,232922:hypothesis:fra_Latn,hypothesis,entailment,RELIABLE_GOLD,entailment,0.998066246509552,True,Someone is outside.,There's someone outside.,0.9949243068695068,0.9951281547546387,0.9949243068695068,entailment,0.9971917271614075,False,False,False,[],[],[],0.2558139534883721,True,[],facebook/nllb-200-distilled-600M,f8d333a098d19b4fd9a8b18f94170487ad3f821d,MoritzLaurer/DeBERTa-v3-base-mnli-fever-anli,6f5cf0a2b59cabb106aca4c287eed12e357e90eb
344,233399,233399:premise:fra_Latn,premise,neutral,RELIABLE_GOLD,neutral,0.9986662864685059,True,Man swiftly riding a horse.,A man on a fast horse.,0.9769569039344788,0.9952225089073181,0.9769569039344788,neutral,0.997079610824585,False,False,False,"[{""group"":""space"",""original"":{},""candidate"":{""on"":1},""field"":""premise""}]",[],"[{""group"":""space"",""original"":{},""candidate"":{""on"":1},""field"":""premise""}]",0.4285714285714286,True,[],facebook/nllb-200-distilled-600M,f8d333a098d19b4fd9a8b18f94170487ad3f821d,MoritzLaurer/DeBERTa-v3-base-mnli-fever-anli,6f5cf0a2b59cabb106aca4c287eed12e357e90eb
344,233399,233399:hypothesis:fra_Latn,hypothesis,neutral,RELIABLE_GOLD,neutral,0.9986662864685059,True,The man is riding the horse in a race.,The man is riding a horse in a race.,0.997505247592926,0.9928926229476929,0.9928926229476929,neutral,0.9983785152435303,False,False,False,[],[],[],0.05405405405405406,True,[],facebook/nllb-200-distilled-600M,f8d333a098d19b4fd9a8b18f94170487ad3f821d,MoritzLaurer/DeBERTa-v3-base-mnli-fever-anli,6f5cf0a2b59cabb106aca4c287eed12e357e90eb
345,233423,233423:premise:fra_Latn,premise,neutral,RELIABLE_GOLD,neutral,0.9983159303665161,True,A gentleman in jeans and a black sweatshirt is excitedly speaking on a cellphone.,A gentleman in jeans and a black sweatshirt is talking enthusiastically on his cell phone.,0.9919971823692322,0.9962413311004639,0.9919971823692322,neutral,0.9971972703933716,False,False,False,[],[],[],0.20467836257309946,True,[],facebook/nllb-200-distilled-600M,f8d333a098d19b4fd9a8b18f94170487ad3f821d,MoritzLaurer/DeBERTa-v3-base-mnli-fever-anli,6f5cf0a2b59cabb106aca4c287eed12e357e90eb
345,233423,233423:hypothesis:fra_Latn,hypothesis,neutral,RELIABLE_GOLD,neutral,0.9983159303665161,True,A man talking with his wife on the phone.,A man talking to his wife on the phone.,0.9966564178466797,0.9964853525161743,0.9964853525161743,neutral,0.9988422989845276,False,False,False,[],[],[],0.050000000000000044,True,[],facebook/nllb-200-distilled-600M,f8d333a098d19b4fd9a8b18f94170487ad3f821d,MoritzLaurer/DeBERTa-v3-base-mnli-fever-anli,6f5cf0a2b59cabb106aca4c287eed12e357e90eb
346,233782,233782:premise:fra_Latn,premise,contradiction,RELIABLE_GOLD,contradiction,0.9995765089988708,True,A bunch of police officers are standing outside a bus.,A group of police officers are standing in front of a bus.,0.9971960783004761,0.9948204755783081,0.9948204755783081,contradiction,0.9995948672294617,False,False,False,"[{""group"":""space"",""original"":{""outside"":1},""candidate"":{""front"":1,""in"":1},""field"":""premise""}]",[],"[{""group"":""space"",""original"":{""outside"":1},""candidate"":{""front"":1,""in"":1},""field"":""premise""}]",0.1964285714285714,True,[],facebook/nllb-200-distilled-600M,f8d333a098d19b4fd9a8b18f94170487ad3f821d,MoritzLaurer/DeBERTa-v3-base-mnli-fever-anli,6f5cf0a2b59cabb106aca4c287eed12e357e90eb
346,233782,233782:hypothesis:fra_Latn,hypothesis,contradiction,RELIABLE_GOLD,contradiction,0.9995765089988708,True,The police officers are driving in a car.,The cops are driving in a car.,0.9985478520393372,0.9980437755584717,0.9980437755584717,contradiction,0.9995841383934021,False,False,False,[],[],[],0.21126760563380287,True,[],facebook/nllb-200-distilled-600M,f8d333a098d19b4fd9a8b18f94170487ad3f821d,MoritzLaurer/DeBERTa-v3-base-mnli-fever-anli,6f5cf0a2b59cabb106aca4c287eed12e357e90eb
348,233997,233997:premise:fra_Latn,premise,contradiction,RELIABLE_GOLD,contradiction,0.9994896650314331,True,Blond child in red shirt standing on a plastic wreathed Christmas sleigh.,A blonde child in a red shirt standing on a crowned plastic Christmas sled.,0.9952911138534546,0.990706741809845,0.990706741809845,contradiction,0.9992126226425171,False,False,False,[],[],[],0.17567567567567566,True,[],facebook/nllb-200-distilled-600M,f8d333a098d19b4fd9a8b18f94170487ad3f821d,MoritzLaurer/DeBERTa-v3-base-mnli-fever-anli,6f5cf0a2b59cabb106aca4c287eed12e357e90eb
350,235554,235554:hypothesis:fra_Latn,hypothesis,neutral,RELIABLE_GOLD,neutral,0.9517473578453064,True,The man in the red shirt is playing well,The man in the red shirt plays well.,0.9897966980934143,0.9559357762336731,0.9559357762336731,neutral,0.9305588006973267,False,False,False,[],[],[],0.10526315789473684,True,[],facebook/nllb-200-distilled-600M,f8d333a098d19b4fd9a8b18f94170487ad3f821d,MoritzLaurer/DeBERTa-v3-base-mnli-fever-anli,6f5cf0a2b59cabb106aca4c287eed12e357e90eb
351,236796,236796:hypothesis:fra_Latn,hypothesis,neutral,RELIABLE_GOLD,neutral,0.9989483952522278,True,The dancers are performing in front of a large audience.,The dancers perform in front of a large audience.,0.9968100190162659,0.9953373670578003,0.9953373670578003,neutral,0.9988508224487305,False,False,False,[],[],[],0.06666666666666665,True,[],facebook/nllb-200-distilled-600M,f8d333a098d19b4fd9a8b18f94170487ad3f821d,MoritzLaurer/DeBERTa-v3-base-mnli-fever-anli,6f5cf0a2b59cabb106aca4c287eed12e357e90eb
353,237389,237389:premise:fra_Latn,premise,entailment,RELIABLE_GOLD,entailment,0.9922115802764893,True,A woman and a small child laying in bed.,A woman and a little child lying in bed.,0.9970647692680359,0.997708797454834,0.9970647692680359,entailment,0.991324782371521,False,False,False,[],[],[],0.09999999999999998,True,[],facebook/nllb-200-distilled-600M,f8d333a098d19b4fd9a8b18f94170487ad3f821d,MoritzLaurer/DeBERTa-v3-base-mnli-fever-anli,6f5cf0a2b59cabb106aca4c287eed12e357e90eb
354,238210,238210:hypothesis:fra_Latn,hypothesis,entailment,RELIABLE_GOLD,entailment,0.9970334768295288,True,A man with facial hair is wearing a scarf.,A man with facial hair wears a scarf.,0.9974780678749084,0.996320366859436,0.996320366859436,entailment,0.9973579049110413,False,False,False,[],[],[],0.08860759493670889,True,[],facebook/nllb-200-distilled-600M,f8d333a098d19b4fd9a8b18f94170487ad3f821d,MoritzLaurer/DeBERTa-v3-base-mnli-fever-anli,6f5cf0a2b59cabb106aca4c287eed12e357e90eb
355,238582,238582:premise:fra_Latn,premise,neutral,RELIABLE_GOLD,neutral,0.9994496703147888,True,A boy jumps off of a structure into a pool.,A boy jumps from a structure into a pool.,0.9976598024368286,0.9976016879081726,0.9976016879081726,neutral,0.9994646906852722,False,False,False,[],[],[],0.09523809523809523,True,[],facebook/nllb-200-distilled-600M,f8d333a098d19b4fd9a8b18f94170487ad3f821d,MoritzLaurer/DeBERTa-v3-base-mnli-fever-anli,6f5cf0a2b59cabb106aca4c287eed12e357e90eb
355,238582,238582:hypothesis:fra_Latn,hypothesis,neutral,RELIABLE_GOLD,neutral,0.9994496703147888,True,He is wearing swim goggles.,He wears swimming glasses.,0.9919208288192749,0.9890852570533752,0.9890852570533752,neutral,0.9987026453018188,False,False,False,[],[],[],0.3207547169811321,True,[],facebook/nllb-200-distilled-600M,f8d333a098d19b4fd9a8b18f94170487ad3f821d,MoritzLaurer/DeBERTa-v3-base-mnli-fever-anli,6f5cf0a2b59cabb106aca4c287eed12e357e90eb
356,238747,238747:premise:fra_Latn,premise,neutral,RELIABLE_GOLD,neutral,0.995519757270813,True,A man sitting on a metal fence overlooking the water and skyline.,A man sitting on a metal fence overlooking the water and the horizon.,0.9905446767807007,0.990073561668396,0.990073561668396,neutral,0.9975147247314453,False,False,False,[],[],[],0.10447761194029848,True,[],facebook/nllb-200-distilled-600M,f8d333a098d19b4fd9a8b18f94170487ad3f821d,MoritzLaurer/DeBERTa-v3-base-mnli-fever-anli,6f5cf0a2b59cabb106aca4c287eed12e357e90eb
356,238747,238747:hypothesis:fra_Latn,hypothesis,neutral,RELIABLE_GOLD,neutral,0.995519757270813,True,A man sits on a fence to hide from the soldiers.,A man is sitting on a fence to hide from soldiers.,0.9962663054466248,0.9974809288978577,0.9962663054466248,neutral,0.9971904158592224,False,False,False,[],[],[],0.12244897959183676,True,[],facebook/nllb-200-distilled-600M,f8d333a098d19b4fd9a8b18f94170487ad3f821d,MoritzLaurer/DeBERTa-v3-base-mnli-fever-anli,6f5cf0a2b59cabb106aca4c287eed12e357e90eb
357,241686,241686:premise:fra_Latn,premise,contradiction,RELIABLE_GOLD,contradiction,0.9996954202651978,True,A black and white dog is jumping into the water.,A black and white dog jumps into the water.,0.9971157312393188,0.9963099360466003,0.9963099360466003,contradiction,0.9996860027313232,False,False,False,[],[],[],0.07692307692307687,True,[],facebook/nllb-200-distilled-600M,f8d333a098d19b4fd9a8b18f94170487ad3f821d,MoritzLaurer/DeBERTa-v3-base-mnli-fever-anli,6f5cf0a2b59cabb106aca4c287eed12e357e90eb
358,243896,243896:hypothesis:fra_Latn,hypothesis,entailment,RELIABLE_GOLD,entailment,0.9922958612442017,True,A woman on a phone is sitting in a chair.,There's a woman on the phone sitting in a chair.,0.9975772500038147,0.9976847171783447,0.9975772500038147,entailment,0.99595046043396,False,False,False,[],[],[],0.1685393258426966,True,[],facebook/nllb-200-distilled-600M,f8d333a098d19b4fd9a8b18f94170487ad3f821d,MoritzLaurer/DeBERTa-v3-base-mnli-fever-anli,6f5cf0a2b59cabb106aca4c287eed12e357e90eb
360,246031,246031:premise:fra_Latn,premise,contradiction,RELIABLE_GOLD,contradiction,0.9990297555923462,True,A blond woman in a gray dress crossing the street.,A blonde woman in a gray dress crosses the street.,0.9963216781616211,0.9934309124946594,0.9934309124946594,contradiction,0.9985972046852112,False,False,False,[],[],[],0.06000000000000005,True,[],facebook/nllb-200-distilled-600M,f8d333a098d19b4fd9a8b18f94170487ad3f821d,MoritzLaurer/DeBERTa-v3-base-mnli-fever-anli,6f5cf0a2b59cabb106aca4c287eed12e357e90eb
361,248126,248126:hypothesis:fra_Latn,hypothesis,entailment,RELIABLE_GOLD,entailment,0.9901540875434875,True,The girl is on the horse.,The girl's on a horse.,0.9977432489395142,0.995831310749054,0.995831310749054,entailment,0.9941457509994507,False,False,False,[],[],[],0.14893617021276595,True,[],facebook/nllb-200-distilled-600M,f8d333a098d19b4fd9a8b18f94170487ad3f821d,MoritzLaurer/DeBERTa-v3-base-mnli-fever-anli,6f5cf0a2b59cabb106aca4c287eed12e357e90eb
363,250993,250993:hypothesis:fra_Latn,hypothesis,entailment,RELIABLE_GOLD,entailment,0.9895715713500977,True,A man walks into a building in front of a dog,A man enters a building in front of a dog.,0.9964287877082825,0.9780905246734619,0.9780905246734619,entailment,0.9955301880836487,False,False,False,[],[],[],0.14942528735632188,True,[],facebook/nllb-200-distilled-600M,f8d333a098d19b4fd9a8b18f94170487ad3f821d,MoritzLaurer/DeBERTa-v3-base-mnli-fever-anli,6f5cf0a2b59cabb106aca4c287eed12e357e90eb
364,251441,251441:hypothesis:fra_Latn,hypothesis,contradiction,RELIABLE_GOLD,contradiction,0.9952608942985535,True,A banna is nailed to the wall.,There's a banana nailed to the wall.,0.9968175888061523,0.9971311092376709,0.9968175888061523,contradiction,0.990223228931427,False,False,False,[],[],[],0.18181818181818177,True,[],facebook/nllb-200-distilled-600M,f8d333a098d19b4fd9a8b18f94170487ad3f821d,MoritzLaurer/DeBERTa-v3-base-mnli-fever-anli,6f5cf0a2b59cabb106aca4c287eed12e357e90eb
365,252089,252089:hypothesis:fra_Latn,hypothesis,entailment,RELIABLE_GOLD,entailment,0.9895414710044861,True,"A female is sitting at a table with two labels, and item described in one of the labels is not at the table.","A female is sitting at a table with two labels, and the object described on one of the labels is not at the table.",0.9963057041168213,0.9966478943824768,0.9963057041168213,entailment,0.9905802607536316,False,False,False,"[{""group"":""space"",""original"":{""in"":1},""candidate"":{""on"":1},""field"":""hypothesis""}]",[],"[{""group"":""space"",""original"":{""in"":1},""candidate"":{""on"":1},""field"":""hypothesis""}]",0.05405405405405406,True,[],facebook/nllb-200-distilled-600M,f8d333a098d19b4fd9a8b18f94170487ad3f821d,MoritzLaurer/DeBERTa-v3-base-mnli-fever-anli,6f5cf0a2b59cabb106aca4c287eed12e357e90eb
366,252148,252148:premise:fra_Latn,premise,neutral,RELIABLE_GOLD,neutral,0.9980823993682861,True,A white female sitting behind a programmes and ice cream stand.,A white woman sitting behind a program and an ice cream stand.,0.9948891401290894,0.9930878281593323,0.9930878281593323,neutral,0.9983003735542297,False,False,False,[],[],[],0.10399999999999998,True,[],facebook/nllb-200-distilled-600M,f8d333a098d19b4fd9a8b18f94170487ad3f821d,MoritzLaurer/DeBERTa-v3-base-mnli-fever-anli,6f5cf0a2b59cabb106aca4c287eed12e357e90eb
366,252148,252148:hypothesis:fra_Latn,hypothesis,neutral,RELIABLE_GOLD,neutral,0.9980823993682861,True,A woman waits for a friend behind a programmes and ice cream stand.,A woman waits for a friend behind a program and an ice cream stand.,0.9928598999977112,0.9865526556968689,0.9865526556968689,neutral,0.9972641468048096,False,False,False,[],[],[],0.04477611940298509,True,[],facebook/nllb-200-distilled-600M,f8d333a098d19b4fd9a8b18f94170487ad3f821d,MoritzLaurer/DeBERTa-v3-base-mnli-fever-anli,6f5cf0a2b59cabb106aca4c287eed12e357e90eb
367,253837,253837:hypothesis:fra_Latn,hypothesis,neutral,RELIABLE_GOLD,neutral,0.9993672966957092,True,there is a bee following the man,There's a bee following the man.,0.996063768863678,0.9938653111457825,0.9938653111457825,neutral,0.9993706345558167,False,False,False,[],[],[],0.0625,True,[],facebook/nllb-200-distilled-600M,f8d333a098d19b4fd9a8b18f94170487ad3f821d,MoritzLaurer/DeBERTa-v3-base-mnli-fever-anli,6f5cf0a2b59cabb106aca4c287eed12e357e90eb
368,254588,254588:premise:fra_Latn,premise,contradiction,RELIABLE_GOLD,contradiction,0.9995304346084595,True,A large group of people participate in a marathon along a city street.,A large group of people are taking part in a marathon along a street in the city.,0.9966217279434204,0.9962181448936462,0.9962181448936462,contradiction,0.9994052648544312,False,False,False,"[{""group"":""space"",""original"":{""in"":1},""candidate"":{""in"":2},""field"":""premise""}]",[],"[{""group"":""space"",""original"":{""in"":1},""candidate"":{""in"":2},""field"":""premise""}]",0.23178807947019864,True,[],facebook/nllb-200-distilled-600M,f8d333a098d19b4fd9a8b18f94170487ad3f821d,MoritzLaurer/DeBERTa-v3-base-mnli-fever-anli,6f5cf0a2b59cabb106aca4c287eed12e357e90eb
368,254588,254588:hypothesis:fra_Latn,hypothesis,contradiction,RELIABLE_GOLD,contradiction,0.9995304346084595,True,One man stands alone on the city street,There's a man standing alone on the street in the city.,0.9970529079437256,0.9928321838378906,0.9928321838378906,contradiction,0.9993467926979065,False,False,False,"[{""group"":""number"",""original"":{""1"":1},""candidate"":{},""field"":""hypothesis""},{""group"":""space"",""original"":{""on"":1},""candidate"":{""in"":1,""on"":1},""field"":""hypothesis""}]",[],"[{""group"":""number"",""original"":{""1"":1},""candidate"":{},""field"":""hypothesis""},{""group"":""space"",""original"":{""on"":1},""candidate"":{""in"":1,""on"":1},""field"":""hypothesis""}]",0.34042553191489366,True,[],facebook/nllb-200-distilled-600M,f8d333a098d19b4fd9a8b18f94170487ad3f821d,MoritzLaurer/DeBERTa-v3-base-mnli-fever-anli,6f5cf0a2b59cabb106aca4c287eed12e357e90eb
370,256030,256030:premise:fra_Latn,premise,contradiction,RELIABLE_GOLD,contradiction,0.9997174143791199,True,Two men on a snowy and rocky mountainside cook a meal while their teammates sit a little way away.,"Two men on a snowy, rocky mountain are preparing a meal while their teammates sit a little further away.",0.9960620999336243,0.9940958023071289,0.9940958023071289,contradiction,0.9996994733810425,False,False,False,[],[],[],0.16831683168316836,True,[],facebook/nllb-200-distilled-600M,f8d333a098d19b4fd9a8b18f94170487ad3f821d,MoritzLaurer/DeBERTa-v3-base-mnli-fever-anli,6f5cf0a2b59cabb106aca4c287eed12e357e90eb
371,257881,257881:premise:fra_Latn,premise,entailment,RELIABLE_GOLD,entailment,0.9957120418548584,True,A man on a bike is seen among a crowd of people at an outdoor event.,A man on a bicycle is seen in a crowd at an outdoor event.,0.9948017597198486,0.9961457252502441,0.9948017597198486,entailment,0.9926449060440063,False,False,False,"[{""group"":""space"",""original"":{""on"":1},""candidate"":{""in"":1,""on"":1},""field"":""premise""}]",[],"[{""group"":""space"",""original"":{""on"":1},""candidate"":{""in"":1,""on"":1},""field"":""premise""}]",0.15873015873015872,True,[],facebook/nllb-200-distilled-600M,f8d333a098d19b4fd9a8b18f94170487ad3f821d,MoritzLaurer/DeBERTa-v3-base-mnli-fever-anli,6f5cf0a2b59cabb106aca4c287eed12e357e90eb
371,257881,257881:hypothesis:fra_Latn,hypothesis,entailment,RELIABLE_GOLD,entailment,0.9957120418548584,True,A large group of people are gathered outdoors.,A large group of people gathers outside.,0.9980237483978271,0.998066246509552,0.9980237483978271,entailment,0.9949344992637634,False,False,False,"[{""group"":""space"",""original"":{},""candidate"":{""outside"":1},""field"":""hypothesis""}]",[],"[{""group"":""space"",""original"":{},""candidate"":{""outside"":1},""field"":""hypothesis""}]",0.16279069767441856,True,[],facebook/nllb-200-distilled-600M,f8d333a098d19b4fd9a8b18f94170487ad3f821d,MoritzLaurer/DeBERTa-v3-base-mnli-fever-anli,6f5cf0a2b59cabb106aca4c287eed12e357e90eb
372,258168,258168:hypothesis:fra_Latn,hypothesis,neutral,RELIABLE_GOLD,neutral,0.9986109733581543,True,the men are divers,Men are divers.,0.9895769357681274,0.9796981811523438,0.9796981811523438,neutral,0.995689332485199,False,False,False,[],[],[],0.1515151515151515,True,[],facebook/nllb-200-distilled-600M,f8d333a098d19b4fd9a8b18f94170487ad3f821d,MoritzLaurer/DeBERTa-v3-base-mnli-fever-anli,6f5cf0a2b59cabb106aca4c287eed12e357e90eb
373,258343,258343:hypothesis:fra_Latn,hypothesis,entailment,RELIABLE_GOLD,entailment,0.9968552589416504,True,A man working on a boat.,A man who works on a boat.,0.9957167506217957,0.9960059523582458,0.9957167506217957,entailment,0.9964789748191833,False,False,False,[],[],[],0.16000000000000003,True,[],facebook/nllb-200-distilled-600M,f8d333a098d19b4fd9a8b18f94170487ad3f821d,MoritzLaurer/DeBERTa-v3-base-mnli-fever-anli,6f5cf0a2b59cabb106aca4c287eed12e357e90eb
374,258358,258358:premise:fra_Latn,premise,contradiction,RELIABLE_GOLD,contradiction,0.9993247985839844,True,A skateboarder flies through the air over the staircase of a sleek contemporary building.,A skateboarder flies through the air on the stairs of an elegant modern building.,0.993911862373352,0.9942232966423035,0.993911862373352,contradiction,0.9991938471794128,False,False,False,"[{""group"":""space"",""original"":{""through"":1,""over"":1},""candidate"":{""through"":1,""on"":1},""field"":""premise""}]",[],"[{""group"":""space"",""original"":{""through"":1,""over"":1},""candidate"":{""through"":1,""on"":1},""field"":""premise""}]",0.16470588235294115,True,[],facebook/nllb-200-distilled-600M,f8d333a098d19b4fd9a8b18f94170487ad3f821d,MoritzLaurer/DeBERTa-v3-base-mnli-fever-anli,6f5cf0a2b59cabb106aca4c287eed12e357e90eb
374,258358,258358:hypothesis:fra_Latn,hypothesis,contradiction,RELIABLE_GOLD,contradiction,0.9993247985839844,True,lion sleeps,The lion sleeps,0.9799718260765076,0.9912618398666382,0.9799718260765076,contradiction,0.9995232820510864,False,False,False,[],[],[],0.15384615384615385,True,[],facebook/nllb-200-distilled-600M,f8d333a098d19b4fd9a8b18f94170487ad3f821d,MoritzLaurer/DeBERTa-v3-base-mnli-fever-anli,6f5cf0a2b59cabb106aca4c287eed12e357e90eb
375,258365,258365:hypothesis:fra_Latn,hypothesis,contradiction,RELIABLE_GOLD,contradiction,0.9980502128601074,True,A woman carrying her bags to the car,There's a woman carrying her bags in the car.,0.9822717905044556,0.9068444967269897,0.9068444967269897,contradiction,0.9995487332344055,False,False,False,"[{""group"":""space"",""original"":{},""candidate"":{""in"":1},""field"":""hypothesis""}]",[],"[{""group"":""space"",""original"":{},""candidate"":{""in"":1},""field"":""hypothesis""}]",0.16049382716049387,True,[],facebook/nllb-200-distilled-600M,f8d333a098d19b4fd9a8b18f94170487ad3f821d,MoritzLaurer/DeBERTa-v3-base-mnli-fever-anli,6f5cf0a2b59cabb106aca4c287eed12e357e90eb
376,259128,259128:hypothesis:fra_Latn,hypothesis,entailment,RELIABLE_GOLD,entailment,0.9862813353538513,True,Dog running.,The dog is running.,0.994828999042511,0.9955549836158752,0.994828999042511,entailment,0.9941178560256958,False,False,False,[],[],[],0.22580645161290325,True,[],facebook/nllb-200-distilled-600M,f8d333a098d19b4fd9a8b18f94170487ad3f821d,MoritzLaurer/DeBERTa-v3-base-mnli-fever-anli,6f5cf0a2b59cabb106aca4c287eed12e357e90eb
377,259206,259206:hypothesis:fra_Latn,hypothesis,contradiction,RELIABLE_GOLD,contradiction,0.998906135559082,True,The two boys were fighting and throwing punches.,The two boys were fighting and punching each other.,0.9885602593421936,0.9934796094894409,0.9885602593421936,contradiction,0.99930739402771,False,False,False,[],[],[],0.23232323232323238,True,[],facebook/nllb-200-distilled-600M,f8d333a098d19b4fd9a8b18f94170487ad3f821d,MoritzLaurer/DeBERTa-v3-base-mnli-fever-anli,6f5cf0a2b59cabb106aca4c287eed12e357e90eb
379,261954,261954:premise:fra_Latn,premise,entailment,RELIABLE_GOLD,entailment,0.9570333361625671,True,"Two girls, one with brown hair and one with red, make toy cars.","Two girls, one with brown hair and one with red hair, make toy cars.",0.9947340488433838,0.9961674809455872,0.9947340488433838,entailment,0.953734278678894,False,False,False,[],[],[],0.03816793893129766,True,[],facebook/nllb-200-distilled-600M,f8d333a098d19b4fd9a8b18f94170487ad3f821d,MoritzLaurer/DeBERTa-v3-base-mnli-fever-anli,6f5cf0a2b59cabb106aca4c287eed12e357e90eb
380,262023,262023:hypothesis:fra_Latn,hypothesis,contradiction,RELIABLE_GOLD,contradiction,0.9921229481697083,True,The people are at a party.,People are at a party.,0.9967036843299866,0.9927247762680054,0.9927247762680054,contradiction,0.9975751042366028,False,False,False,[],[],[],0.08333333333333337,True,[],facebook/nllb-200-distilled-600M,f8d333a098d19b4fd9a8b18f94170487ad3f821d,MoritzLaurer/DeBERTa-v3-base-mnli-fever-anli,6f5cf0a2b59cabb106aca4c287eed12e357e90eb
381,263405,263405:hypothesis:fra_Latn,hypothesis,neutral,RELIABLE_GOLD,neutral,0.8756958842277527,True,A woman proving she can be a hockey player.,A woman who proves she can be a hockey player.,0.9940494298934937,0.9927627444267273,0.9927627444267273,neutral,0.9652493000030518,False,False,False,[],[],[],0.101123595505618,True,[],facebook/nllb-200-distilled-600M,f8d333a098d19b4fd9a8b18f94170487ad3f821d,MoritzLaurer/DeBERTa-v3-base-mnli-fever-anli,6f5cf0a2b59cabb106aca4c287eed12e357e90eb
383,264247,264247:premise:fra_Latn,premise,entailment,RELIABLE_GOLD,entailment,0.9920759201049805,True,One lone skier is making his way down a snowy mountain slope which has many ski track marks visible on the snow pack and a ski lift in the background.,A single skier descends a snowy mountain slope that has many traces of ski trails visible on the snow pack and a ski lift in the background.,0.9983789920806885,0.9976662397384644,0.9976662397384644,entailment,0.925718367099762,False,False,False,[],[],[],0.2068965517241379,True,[],facebook/nllb-200-distilled-600M,f8d333a098d19b4fd9a8b18f94170487ad3f821d,MoritzLaurer/DeBERTa-v3-base-mnli-fever-anli,6f5cf0a2b59cabb106aca4c287eed12e357e90eb
383,264247,264247:hypothesis:fra_Latn,hypothesis,entailment,RELIABLE_GOLD,entailment,0.9920759201049805,True,A man is outdoors.,There's a man outside.,0.9975263476371765,0.9969251751899719,0.9969251751899719,entailment,0.9278790354728699,False,False,False,"[{""group"":""space"",""original"":{},""candidate"":{""outside"":1},""field"":""hypothesis""}]",[],"[{""group"":""space"",""original"":{},""candidate"":{""outside"":1},""field"":""hypothesis""}]",0.44999999999999996,True,[],facebook/nllb-200-distilled-600M,f8d333a098d19b4fd9a8b18f94170487ad3f821d,MoritzLaurer/DeBERTa-v3-base-mnli-fever-anli,6f5cf0a2b59cabb106aca4c287eed12e357e90eb
384,264764,264764:hypothesis:fra_Latn,hypothesis,entailment,RELIABLE_GOLD,entailment,0.9822264909744263,True,children are at the fair,the kids are at the fair,0.9965875148773193,0.9966400861740112,0.9965875148773193,entailment,0.9857863187789917,False,False,False,[],[],[],0.20833333333333337,True,[],facebook/nllb-200-distilled-600M,f8d333a098d19b4fd9a8b18f94170487ad3f821d,MoritzLaurer/DeBERTa-v3-base-mnli-fever-anli,6f5cf0a2b59cabb106aca4c287eed12e357e90eb
386,266636,266636:premise:fra_Latn,premise,entailment,RELIABLE_GOLD,entailment,0.9957369565963745,True,People in snowy climate prepare to eat food on plates.,People in the snowy climate are getting ready to eat on plates.,0.9968223571777344,0.9960643649101257,0.9960643649101257,entailment,0.9962367415428162,False,False,False,[],[],[],0.23076923076923073,True,[],facebook/nllb-200-distilled-600M,f8d333a098d19b4fd9a8b18f94170487ad3f821d,MoritzLaurer/DeBERTa-v3-base-mnli-fever-anli,6f5cf0a2b59cabb106aca4c287eed12e357e90eb
386,266636,266636:hypothesis:fra_Latn,hypothesis,entailment,RELIABLE_GOLD,entailment,0.9957369565963745,True,People in a snow covered area preparing to eat a meal.,People in a snowy area are getting ready to eat.,0.9976680874824524,0.9959414601325989,0.9959414601325989,entailment,0.9961430430412292,False,False,False,[],[],[],0.3137254901960784,True,[],facebook/nllb-200-distilled-600M,f8d333a098d19b4fd9a8b18f94170487ad3f821d,MoritzLaurer/DeBERTa-v3-base-mnli-fever-anli,6f5cf0a2b59cabb106aca4c287eed12e357e90eb
387,268411,268411:hypothesis:fra_Latn,hypothesis,contradiction,RELIABLE_GOLD,contradiction,0.9916214942932129,True,A dog is wearing pants.,A dog wears pants.,0.9962701797485352,0.991050124168396,0.991050124168396,contradiction,0.9952326416969299,False,False,False,[],[],[],0.1707317073170732,True,[],facebook/nllb-200-distilled-600M,f8d333a098d19b4fd9a8b18f94170487ad3f821d,MoritzLaurer/DeBERTa-v3-base-mnli-fever-anli,6f5cf0a2b59cabb106aca4c287eed12e357e90eb
389,270886,270886:premise:fra_Latn,premise,contradiction,RELIABLE_GOLD,contradiction,0.9982922673225403,True,A man standing by a building corner and reading a newspaper.,A man standing in a corner of a building reading a newspaper.,0.9961912631988525,0.9909870028495789,0.9909870028495789,contradiction,0.9957636594772339,False,False,False,"[{""group"":""space"",""original"":{},""candidate"":{""in"":1},""field"":""premise""}]",[],"[{""group"":""space"",""original"":{},""candidate"":{""in"":1},""field"":""premise""}]",0.22314049586776863,True,[],facebook/nllb-200-distilled-600M,f8d333a098d19b4fd9a8b18f94170487ad3f821d,MoritzLaurer/DeBERTa-v3-base-mnli-fever-anli,6f5cf0a2b59cabb106aca4c287eed12e357e90eb
389,270886,270886:hypothesis:fra_Latn,hypothesis,contradiction,RELIABLE_GOLD,contradiction,0.9982922673225403,True,A man is standing by a building corner and reading a book.,A man is standing near a corner of a building and reading a book.,0.9973618388175964,0.9976231455802917,0.9973618388175964,contradiction,0.9938440322875977,False,False,False,"[{""group"":""space"",""original"":{},""candidate"":{""near"":1},""field"":""hypothesis""}]",[],"[{""group"":""space"",""original"":{},""candidate"":{""near"":1},""field"":""hypothesis""}]",0.2032520325203252,True,[],facebook/nllb-200-distilled-600M,f8d333a098d19b4fd9a8b18f94170487ad3f821d,MoritzLaurer/DeBERTa-v3-base-mnli-fever-anli,6f5cf0a2b59cabb106aca4c287eed12e357e90eb
390,271518,271518:premise:fra_Latn,premise,neutral,RELIABLE_GOLD,neutral,0.9988983869552612,True,A group of white water rafters.,A bunch of white water rafts.,0.9962868690490723,0.9960224032402039,0.9960224032402039,neutral,0.9979673027992249,False,False,False,[],[],[],0.16666666666666663,True,[],facebook/nllb-200-distilled-600M,f8d333a098d19b4fd9a8b18f94170487ad3f821d,MoritzLaurer/DeBERTa-v3-base-mnli-fever-anli,6f5cf0a2b59cabb106aca4c287eed12e357e90eb
390,271518,271518:hypothesis:fra_Latn,hypothesis,neutral,RELIABLE_GOLD,neutral,0.9988983869552612,True,The group has been rafting all day.,The group rafted all day.,0.9980379939079285,0.9927258491516113,0.9927258491516113,neutral,0.9985507130622864,False,False,False,[],[],[],0.23333333333333328,True,[],facebook/nllb-200-distilled-600M,f8d333a098d19b4fd9a8b18f94170487ad3f821d,MoritzLaurer/DeBERTa-v3-base-mnli-fever-anli,6f5cf0a2b59cabb106aca4c287eed12e357e90eb
392,272383,272383:premise:fra_Latn,premise,neutral,RELIABLE_GOLD,neutral,0.9304444193840027,True,A lacrosse player wearing a red uniform with the number 33 on the back looks skyward while a player in a green uniform with yellow trim is visible in the background.,A lacrosse player wearing a red uniform with the number 33 on the back looks up into the sky while a player in a green uniform with a yellow decor is visible in the background.,0.9850854277610779,0.9932225942611694,0.9850854277610779,neutral,0.8374518156051636,False,False,False,[],[],[],0.07331378299120239,True,[],facebook/nllb-200-distilled-600M,f8d333a098d19b4fd9a8b18f94170487ad3f821d,MoritzLaurer/DeBERTa-v3-base-mnli-fever-anli,6f5cf0a2b59cabb106aca4c287eed12e357e90eb
393,272751,272751:premise:fra_Latn,premise,entailment,RELIABLE_GOLD,entailment,0.9847090244293213,True,Two young women have fallen asleep at a public eating area.,Two young women fell asleep in a public dining room.,0.9877932667732239,0.993933379650116,0.9877932667732239,entailment,0.9870663285255432,False,False,False,"[{""group"":""space"",""original"":{},""candidate"":{""in"":1},""field"":""premise""}]",[],"[{""group"":""space"",""original"":{},""candidate"":{""in"":1},""field"":""premise""}]",0.22522522522522526,True,[],facebook/nllb-200-distilled-600M,f8d333a098d19b4fd9a8b18f94170487ad3f821d,MoritzLaurer/DeBERTa-v3-base-mnli-fever-anli,6f5cf0a2b59cabb106aca4c287eed12e357e90eb
394,272787,272787:premise:fra_Latn,premise,contradiction,RELIABLE_GOLD,contradiction,0.9873722791671753,True,"A young boy, arms and legs splayed wide, is leaping into the water on a rocky shoreline.","A young boy, with his arms and legs spread out, jumps into the water on a rocky shore.",0.9970145225524902,0.9976723790168762,0.9970145225524902,contradiction,0.9237669110298157,False,False,False,[],[],[],0.2183908045977011,True,[],facebook/nllb-200-distilled-600M,f8d333a098d19b4fd9a8b18f94170487ad3f821d,MoritzLaurer/DeBERTa-v3-base-mnli-fever-anli,6f5cf0a2b59cabb106aca4c287eed12e357e90eb
397,276879,276879:premise:fra_Latn,premise,neutral,RELIABLE_GOLD,neutral,0.8986939787864685,True,"two kids, one with green pants and the other with a white shirt and jeans are running down a street.","Two children, one in green pants and the other in a white shirt and jeans, are running down the street.",0.9971687197685242,0.9972341656684875,0.9971687197685242,neutral,0.990013837814331,False,False,False,"[{""group"":""space"",""original"":{},""candidate"":{""in"":2},""field"":""premise""}]",[],"[{""group"":""space"",""original"":{},""candidate"":{""in"":2},""field"":""premise""}]",0.10344827586206895,True,[],facebook/nllb-200-distilled-600M,f8d333a098d19b4fd9a8b18f94170487ad3f821d,MoritzLaurer/DeBERTa-v3-base-mnli-fever-anli,6f5cf0a2b59cabb106aca4c287eed12e357e90eb
397,276879,276879:hypothesis:fra_Latn,hypothesis,neutral,RELIABLE_GOLD,neutral,0.8986939787864685,True,There are children running after someone outside.,There are kids out there running after someone.,0.9983548521995544,0.996065080165863,0.996065080165863,neutral,0.988350510597229,False,False,False,"[{""group"":""space"",""original"":{""outside"":1},""candidate"":{},""field"":""hypothesis""}]",[],"[{""group"":""space"",""original"":{""outside"":1},""candidate"":{},""field"":""hypothesis""}]",0.25,True,[],facebook/nllb-200-distilled-600M,f8d333a098d19b4fd9a8b18f94170487ad3f821d,MoritzLaurer/DeBERTa-v3-base-mnli-fever-anli,6f5cf0a2b59cabb106aca4c287eed12e357e90eb
398,277346,277346:premise:fra_Latn,premise,entailment,RELIABLE_GOLD,entailment,0.993519127368927,True,A young male holding a fishing pole.,A young male holding a fishing rod.,0.9933163523674011,0.9930658340454102,0.9930658340454102,entailment,0.9911513924598694,False,False,False,[],[],[],0.07042253521126762,True,[],facebook/nllb-200-distilled-600M,f8d333a098d19b4fd9a8b18f94170487ad3f821d,MoritzLaurer/DeBERTa-v3-base-mnli-fever-anli,6f5cf0a2b59cabb106aca4c287eed12e357e90eb
398,277346,277346:hypothesis:fra_Latn,hypothesis,entailment,RELIABLE_GOLD,entailment,0.993519127368927,True,A man carries his fishing rod.,A man is carrying his fishing rod.,0.9974055886268616,0.998214602470398,0.9974055886268616,entailment,0.9916280508041382,False,False,False,[],[],[],0.125,True,[],facebook/nllb-200-distilled-600M,f8d333a098d19b4fd9a8b18f94170487ad3f821d,MoritzLaurer/DeBERTa-v3-base-mnli-fever-anli,6f5cf0a2b59cabb106aca4c287eed12e357e90eb
399,277522,277522:hypothesis:fra_Latn,hypothesis,entailment,RELIABLE_GOLD,entailment,0.9959806203842163,True,An Indian man is writing on something.,An Indian guy writes about something.,0.9974472522735596,0.9951702952384949,0.9951702952384949,entailment,0.9972997307777405,False,False,False,"[{""group"":""space"",""original"":{""on"":1},""candidate"":{},""field"":""hypothesis""}]",[],"[{""group"":""space"",""original"":{""on"":1},""candidate"":{},""field"":""hypothesis""}]",0.2533333333333333,True,[],facebook/nllb-200-distilled-600M,f8d333a098d19b4fd9a8b18f94170487ad3f821d,MoritzLaurer/DeBERTa-v3-base-mnli-fever-anli,6f5cf0a2b59cabb106aca4c287eed12e357e90eb
400,277576,277576:premise:fra_Latn,premise,contradiction,RELIABLE_GOLD,contradiction,0.9994262456893921,True,A golfer wearing a striped red polo shirt and white pants watches his drive after swinging.,A golfer in a striped red polo and white pants looks at his car after swinging.,0.9948379397392273,0.9898780584335327,0.9898780584335327,contradiction,0.9992571473121643,False,False,False,"[{""group"":""space"",""original"":{},""candidate"":{""in"":1},""field"":""premise""}]",[],"[{""group"":""space"",""original"":{},""candidate"":{""in"":1},""field"":""premise""}]",0.16470588235294115,True,[],facebook/nllb-200-distilled-600M,f8d333a098d19b4fd9a8b18f94170487ad3f821d,MoritzLaurer/DeBERTa-v3-base-mnli-fever-anli,6f5cf0a2b59cabb106aca4c287eed12e357e90eb
400,277576,277576:hypothesis:fra_Latn,hypothesis,contradiction,RELIABLE_GOLD,contradiction,0.9994262456893921,True,The golfer is preparing food for dinner.,The golfer prepares food for dinner.,0.9971822500228882,0.9962406158447266,0.9962406158447266,contradiction,0.9994993209838867,False,False,False,[],[],[],0.10526315789473684,True,[],facebook/nllb-200-distilled-600M,f8d333a098d19b4fd9a8b18f94170487ad3f821d,MoritzLaurer/DeBERTa-v3-base-mnli-fever-anli,6f5cf0a2b59cabb106aca4c287eed12e357e90eb
402,277982,277982:hypothesis:fra_Latn,hypothesis,entailment,RELIABLE_GOLD,entailment,0.9980227947235107,True,A man is standing.,There's a man standing.,0.9978343844413757,0.9975680708885193,0.9975680708885193,entailment,0.9978039860725403,False,False,False,[],[],[],0.2682926829268293,True,[],facebook/nllb-200-distilled-600M,f8d333a098d19b4fd9a8b18f94170487ad3f821d,MoritzLaurer/DeBERTa-v3-base-mnli-fever-anli,6f5cf0a2b59cabb106aca4c287eed12e357e90eb
403,278462,278462:premise:fra_Latn,premise,neutral,RELIABLE_GOLD,neutral,0.9988318085670471,True,a boy swings on the swing.,There's a boy swinging on the swing.,0.9983135461807251,0.998376727104187,0.9983135461807251,neutral,0.9987566471099854,False,False,False,[],[],[],0.19354838709677424,True,[],facebook/nllb-200-distilled-600M,f8d333a098d19b4fd9a8b18f94170487ad3f821d,MoritzLaurer/DeBERTa-v3-base-mnli-fever-anli,6f5cf0a2b59cabb106aca4c287eed12e357e90eb
404,278595,278595:premise:fra_Latn,premise,neutral,RELIABLE_GOLD,neutral,0.9951677322387695,True,A couple and child are watching people walk by.,A couple and a kid watching people pass.,0.9970303773880005,0.9601472616195679,0.9601472616195679,neutral,0.962631106376648,False,False,False,[],[],[],0.2183908045977011,True,[],facebook/nllb-200-distilled-600M,f8d333a098d19b4fd9a8b18f94170487ad3f821d,MoritzLaurer/DeBERTa-v3-base-mnli-fever-anli,6f5cf0a2b59cabb106aca4c287eed12e357e90eb
405,278717,278717:premise:fra_Latn,premise,neutral,RELIABLE_GOLD,neutral,0.9971383810043335,True,A woman playing tennis at a tennis game.,A woman playing tennis during a tennis match.,0.991698145866394,0.9962579011917114,0.991698145866394,neutral,0.9978342652320862,False,False,False,"[{""group"":""time"",""original"":{},""candidate"":{""during"":1},""field"":""premise""}]",[],"[{""group"":""time"",""original"":{},""candidate"":{""during"":1},""field"":""premise""}]",0.17647058823529416,True,[],facebook/nllb-200-distilled-600M,f8d333a098d19b4fd9a8b18f94170487ad3f821d,MoritzLaurer/DeBERTa-v3-base-mnli-fever-anli,6f5cf0a2b59cabb106aca4c287eed12e357e90eb
405,278717,278717:hypothesis:fra_Latn,hypothesis,neutral,RELIABLE_GOLD,neutral,0.9971383810043335,True,A woman trying to win the final match for the title.,A woman trying to win the final game for the title.,0.9958399534225464,0.9935154914855957,0.9935154914855957,neutral,0.9976059198379517,False,False,False,[],[],[],0.06796116504854366,True,[],facebook/nllb-200-distilled-600M,f8d333a098d19b4fd9a8b18f94170487ad3f821d,MoritzLaurer/DeBERTa-v3-base-mnli-fever-anli,6f5cf0a2b59cabb106aca4c287eed12e357e90eb
407,280193,280193:premise:fra_Latn,premise,entailment,RELIABLE_GOLD,entailment,0.970066487789154,True,"A child with a stethoscope, preparing to listen to his mother heart.","A child with a stethoscope, ready to listen to his mother's heart.",0.994243323802948,0.9931039214134216,0.9931039214134216,entailment,0.958361804485321,False,False,False,[],[],[],0.07462686567164178,True,[],facebook/nllb-200-distilled-600M,f8d333a098d19b4fd9a8b18f94170487ad3f821d,MoritzLaurer/DeBERTa-v3-base-mnli-fever-anli,6f5cf0a2b59cabb106aca4c287eed12e357e90eb
407,280193,280193:hypothesis:fra_Latn,hypothesis,entailment,RELIABLE_GOLD,entailment,0.970066487789154,True,A child is listening to his mother's heart beat.,A child listens to his mother's heartbeat.,0.9980831146240234,0.9977241158485413,0.9977241158485413,entailment,0.9907017946243286,False,False,False,[],[],[],0.0888888888888889,True,[],facebook/nllb-200-distilled-600M,f8d333a098d19b4fd9a8b18f94170487ad3f821d,MoritzLaurer/DeBERTa-v3-base-mnli-fever-anli,6f5cf0a2b59cabb106aca4c287eed12e357e90eb
408,280508,280508:hypothesis:fra_Latn,hypothesis,contradiction,RELIABLE_GOLD,contradiction,0.9995068311691284,True,Men are working indoors.,The men work inside.,0.9963105320930481,0.9947617650032043,0.9947617650032043,contradiction,0.9994791150093079,False,False,False,"[{""group"":""space"",""original"":{},""candidate"":{""inside"":1},""field"":""hypothesis""}]",[],"[{""group"":""space"",""original"":{},""candidate"":{""inside"":1},""field"":""hypothesis""}]",0.40909090909090906,True,[],facebook/nllb-200-distilled-600M,f8d333a098d19b4fd9a8b18f94170487ad3f821d,MoritzLaurer/DeBERTa-v3-base-mnli-fever-anli,6f5cf0a2b59cabb106aca4c287eed12e357e90eb
411,282246,282246:premise:fra_Latn,premise,neutral,RELIABLE_GOLD,neutral,0.9989783763885498,True,Four band members singing and playing.,Four members of the band sing and play.,0.9968453049659729,0.9971622824668884,0.9968453049659729,neutral,0.9991750121116638,False,False,False,[],[],[],0.2987012987012987,True,[],facebook/nllb-200-distilled-600M,f8d333a098d19b4fd9a8b18f94170487ad3f821d,MoritzLaurer/DeBERTa-v3-base-mnli-fever-anli,6f5cf0a2b59cabb106aca4c287eed12e357e90eb
411,282246,282246:hypothesis:fra_Latn,hypothesis,neutral,RELIABLE_GOLD,neutral,0.9989783763885498,True,They play a gig at a bar,They're playing a concert in a bar.,0.9497786164283752,0.996370792388916,0.9497786164283752,neutral,0.9988555908203125,False,False,False,"[{""group"":""space"",""original"":{},""candidate"":{""in"":1},""field"":""hypothesis""}]",[],"[{""group"":""space"",""original"":{},""candidate"":{""in"":1},""field"":""hypothesis""}]",0.35593220338983056,True,[],facebook/nllb-200-distilled-600M,f8d333a098d19b4fd9a8b18f94170487ad3f821d,MoritzLaurer/DeBERTa-v3-base-mnli-fever-anli,6f5cf0a2b59cabb106aca4c287eed12e357e90eb
412,282259,282259:premise:fra_Latn,premise,neutral,RELIABLE_GOLD,neutral,0.9989448189735413,True,A woman in a black jacket is walking down the street with a red umbrella.,A woman in a black jacket walks down the street with a red umbrella.,0.9957016110420227,0.9956316947937012,0.9956316947937012,neutral,0.9987989664077759,False,False,False,[],[],[],0.049645390070921946,True,[],facebook/nllb-200-distilled-600M,f8d333a098d19b4fd9a8b18f94170487ad3f821d,MoritzLaurer/DeBERTa-v3-base-mnli-fever-anli,6f5cf0a2b59cabb106aca4c287eed12e357e90eb
412,282259,282259:hypothesis:fra_Latn,hypothesis,neutral,RELIABLE_GOLD,neutral,0.9989448189735413,True,A fat woman in a black jacket is walking down the street with a red umbrella.,A fat woman in a black jacket walks down the street with a red umbrella.,0.9951009154319763,0.9950767159461975,0.9950767159461975,neutral,0.9989117383956909,False,False,False,[],[],[],0.046979865771812124,True,[],facebook/nllb-200-distilled-600M,f8d333a098d19b4fd9a8b18f94170487ad3f821d,MoritzLaurer/DeBERTa-v3-base-mnli-fever-anli,6f5cf0a2b59cabb106aca4c287eed12e357e90eb
413,282686,282686:premise:fra_Latn,premise,neutral,RELIABLE_GOLD,neutral,0.9957476258277893,True,Horrific artwork displayed at the local hipster bar.,Horrible artwork on display at the local hipster bar.,0.9977618455886841,0.9975645542144775,0.9975645542144775,neutral,0.9960779547691345,False,False,False,"[{""group"":""space"",""original"":{},""candidate"":{""on"":1},""field"":""premise""}]",[],"[{""group"":""space"",""original"":{},""candidate"":{""on"":1},""field"":""premise""}]",0.10476190476190472,True,[],facebook/nllb-200-distilled-600M,f8d333a098d19b4fd9a8b18f94170487ad3f821d,MoritzLaurer/DeBERTa-v3-base-mnli-fever-anli,6f5cf0a2b59cabb106aca4c287eed12e357e90eb
414,282806,282806:hypothesis:fra_Latn,hypothesis,entailment,RELIABLE_GOLD,entailment,0.9870772361755371,True,The kids are above the ground.,The children are above the ground.,0.9971423745155334,0.9975156784057617,0.9971423745155334,entailment,0.9885503649711609,False,False,False,[],[],[],0.125,True,[],facebook/nllb-200-distilled-600M,f8d333a098d19b4fd9a8b18f94170487ad3f821d,MoritzLaurer/DeBERTa-v3-base-mnli-fever-anli,6f5cf0a2b59cabb106aca4c287eed12e357e90eb
416,285462,285462:premise:fra_Latn,premise,contradiction,RELIABLE_GOLD,contradiction,0.9990559220314026,True,A person in a dark wetsuit is surfing.,A person in a black suit surfing.,0.984784722328186,0.9858232736587524,0.984784722328186,contradiction,0.9990963935852051,False,False,False,[],[],[],0.15492957746478875,True,[],facebook/nllb-200-distilled-600M,f8d333a098d19b4fd9a8b18f94170487ad3f821d,MoritzLaurer/DeBERTa-v3-base-mnli-fever-anli,6f5cf0a2b59cabb106aca4c287eed12e357e90eb
417,286692,286692:premise:fra_Latn,premise,contradiction,RELIABLE_GOLD,contradiction,0.9989489912986755,True,"A woman wearing a white shirt and a short, black skirt is in motion on a green, artificial surface.","A woman dressed in a white shirt and a short black skirt moves on a green, artificial surface.",0.996647298336029,0.9922763705253601,0.9922763705253601,contradiction,0.9988337159156799,False,False,False,[],[],[],0.1295336787564767,True,[],facebook/nllb-200-distilled-600M,f8d333a098d19b4fd9a8b18f94170487ad3f821d,MoritzLaurer/DeBERTa-v3-base-mnli-fever-anli,6f5cf0a2b59cabb106aca4c287eed12e357e90eb
418,287124,287124:hypothesis:fra_Latn,hypothesis,neutral,RELIABLE_GOLD,neutral,0.9989724159240723,True,The women are great skaters.,Women are great skaters.,0.9943243265151978,0.9875295162200928,0.9875295162200928,neutral,0.9940190315246582,False,False,False,[],[],[],0.07692307692307687,True,[],facebook/nllb-200-distilled-600M,f8d333a098d19b4fd9a8b18f94170487ad3f821d,MoritzLaurer/DeBERTa-v3-base-mnli-fever-anli,6f5cf0a2b59cabb106aca4c287eed12e357e90eb
419,287246,287246:premise:fra_Latn,premise,entailment,RELIABLE_GOLD,entailment,0.9839695692062378,True,Two people walk in opposite directions across a brick road.,Two people are walking in opposite directions on a brick road.,0.9943618774414062,0.9659924507141113,0.9659924507141113,entailment,0.9847487807273865,False,False,False,"[{""group"":""space"",""original"":{""in"":1},""candidate"":{""in"":1,""on"":1},""field"":""premise""}]",[],"[{""group"":""space"",""original"":{""in"":1},""candidate"":{""in"":1,""on"":1},""field"":""premise""}]",0.1074380165289256,True,[],facebook/nllb-200-distilled-600M,f8d333a098d19b4fd9a8b18f94170487ad3f821d,MoritzLaurer/DeBERTa-v3-base-mnli-fever-anli,6f5cf0a2b59cabb106aca4c287eed12e357e90eb
419,287246,287246:hypothesis:fra_Latn,hypothesis,entailment,RELIABLE_GOLD,entailment,0.9839695692062378,True,The road was made with bricks.,The road was made of bricks.,0.9972144961357117,0.9974483251571655,0.9972144961357117,entailment,0.9827734231948853,False,False,False,[],[],[],0.10344827586206895,True,[],facebook/nllb-200-distilled-600M,f8d333a098d19b4fd9a8b18f94170487ad3f821d,MoritzLaurer/DeBERTa-v3-base-mnli-fever-anli,6f5cf0a2b59cabb106aca4c287eed12e357e90eb
420,290260,290260:premise:fra_Latn,premise,entailment,RELIABLE_GOLD,entailment,0.9478506445884705,True,Children playing on the beach.,Kids playing on the beach.,0.9978693723678589,0.9973598122596741,0.9973598122596741,entailment,0.9174636006355286,False,False,False,[],[],[],0.1428571428571429,True,[],facebook/nllb-200-distilled-600M,f8d333a098d19b4fd9a8b18f94170487ad3f821d,MoritzLaurer/DeBERTa-v3-base-mnli-fever-anli,6f5cf0a2b59cabb106aca4c287eed12e357e90eb
421,290629,290629:premise:fra_Latn,premise,entailment,RELIABLE_GOLD,entailment,0.995399534702301,True,A man is standing next to a vehicle in a city setting.,A man is standing next to a vehicle in a city.,0.9949989318847656,0.9934825301170349,0.9934825301170349,entailment,0.993198812007904,False,False,False,[],[],[],0.07999999999999996,True,[],facebook/nllb-200-distilled-600M,f8d333a098d19b4fd9a8b18f94170487ad3f821d,MoritzLaurer/DeBERTa-v3-base-mnli-fever-anli,6f5cf0a2b59cabb106aca4c287eed12e357e90eb
421,290629,290629:hypothesis:fra_Latn,hypothesis,entailment,RELIABLE_GOLD,entailment,0.995399534702301,True,Someone is standing by a car,Someone's standing by a car.,0.9959728121757507,0.9937547445297241,0.9937547445297241,entailment,0.9966723918914795,False,False,False,[],[],[],0.0714285714285714,True,[],facebook/nllb-200-distilled-600M,f8d333a098d19b4fd9a8b18f94170487ad3f821d,MoritzLaurer/DeBERTa-v3-base-mnli-fever-anli,6f5cf0a2b59cabb106aca4c287eed12e357e90eb
422,290839,290839:hypothesis:fra_Latn,hypothesis,entailment,RELIABLE_GOLD,entailment,0.9982421398162842,True,The man is wearing a red shirt.,The man wears a red shirt.,0.9979113936424255,0.9972509741783142,0.9972509741783142,entailment,0.9984464049339294,False,False,False,[],[],[],0.1228070175438597,True,[],facebook/nllb-200-distilled-600M,f8d333a098d19b4fd9a8b18f94170487ad3f821d,MoritzLaurer/DeBERTa-v3-base-mnli-fever-anli,6f5cf0a2b59cabb106aca4c287eed12e357e90eb
423,291507,291507:hypothesis:fra_Latn,hypothesis,neutral,RELIABLE_GOLD,neutral,0.994611382484436,True,The people around the pool are afraid of getting wet after the belly flop is finished.,People around the pool are afraid of getting wet after a stomach flop.,0.9891351461410522,0.9548061490058899,0.9548061490058899,neutral,0.8398936986923218,False,False,False,[],[],[],0.1923076923076923,True,[],facebook/nllb-200-distilled-600M,f8d333a098d19b4fd9a8b18f94170487ad3f821d,MoritzLaurer/DeBERTa-v3-base-mnli-fever-anli,6f5cf0a2b59cabb106aca4c287eed12e357e90eb
424,291984,291984:hypothesis:fra_Latn,hypothesis,neutral,RELIABLE_GOLD,neutral,0.9989538192749023,True,The woman walking down the street trips and falls.,The woman walking down the street stumbles and falls.,0.9902522563934326,0.9954255223274231,0.9902522563934326,neutral,0.9989079236984253,False,False,False,[],[],[],0.08737864077669899,True,[],facebook/nllb-200-distilled-600M,f8d333a098d19b4fd9a8b18f94170487ad3f821d,MoritzLaurer/DeBERTa-v3-base-mnli-fever-anli,6f5cf0a2b59cabb106aca4c287eed12e357e90eb
427,292908,292908:premise:fra_Latn,premise,contradiction,RELIABLE_GOLD,contradiction,0.9989691972732544,True,A man in a black hat holds a small girl on his shoulders.,A man in a black hat holds a little girl on his shoulders.,0.9970402121543884,0.9963393211364746,0.9963393211364746,contradiction,0.9991534948348999,False,False,False,[],[],[],0.060869565217391286,True,[],facebook/nllb-200-distilled-600M,f8d333a098d19b4fd9a8b18f94170487ad3f821d,MoritzLaurer/DeBERTa-v3-base-mnli-fever-anli,6f5cf0a2b59cabb106aca4c287eed12e357e90eb
427,292908,292908:hypothesis:fra_Latn,hypothesis,contradiction,RELIABLE_GOLD,contradiction,0.9989691972732544,True,A man carries his son.,A man is carrying his son.,0.9971697926521301,0.9981123208999634,0.9971697926521301,contradiction,0.9988008737564087,False,False,False,[],[],[],0.16666666666666663,True,[],facebook/nllb-200-distilled-600M,f8d333a098d19b4fd9a8b18f94170487ad3f821d,MoritzLaurer/DeBERTa-v3-base-mnli-fever-anli,6f5cf0a2b59cabb106aca4c287eed12e357e90eb
428,292986,292986:premise:fra_Latn,premise,contradiction,RELIABLE_GOLD,contradiction,0.9995042085647583,True,Man in black and white playing tennis.,The man in black and white is playing tennis.,0.9969768524169922,0.9970147609710693,0.9969768524169922,contradiction,0.9994699358940125,False,False,False,[],[],[],0.08433734939759041,True,[],facebook/nllb-200-distilled-600M,f8d333a098d19b4fd9a8b18f94170487ad3f821d,MoritzLaurer/DeBERTa-v3-base-mnli-fever-anli,6f5cf0a2b59cabb106aca4c287eed12e357e90eb
428,292986,292986:hypothesis:fra_Latn,hypothesis,contradiction,RELIABLE_GOLD,contradiction,0.9995042085647583,True,A man is inside eating dinner,There 's a man inside for dinner .,0.9929341077804565,0.960826575756073,0.960826575756073,contradiction,0.9933018684387207,False,False,False,[],[],[],0.3650793650793651,True,[],facebook/nllb-200-distilled-600M,f8d333a098d19b4fd9a8b18f94170487ad3f821d,MoritzLaurer/DeBERTa-v3-base-mnli-fever-anli,6f5cf0a2b59cabb106aca4c287eed12e357e90eb
430,293560,293560:premise:fra_Latn,premise,neutral,RELIABLE_GOLD,neutral,0.9995211362838745,True,Two men in orange outfits clean up garbage spilled on the street.,Two men dressed in orange are cleaning the trash on the street.,0.9970400929450989,0.9941549897193909,0.9941549897193909,neutral,0.9995736479759216,False,False,False,[],[],[],0.328125,True,[],facebook/nllb-200-distilled-600M,f8d333a098d19b4fd9a8b18f94170487ad3f821d,MoritzLaurer/DeBERTa-v3-base-mnli-fever-anli,6f5cf0a2b59cabb106aca4c287eed12e357e90eb
431,293833,293833:hypothesis:fra_Latn,hypothesis,entailment,RELIABLE_GOLD,entailment,0.9926329255104065,True,A red headed girl is making bubbles.,A girl with a red head makes bubbles.,0.9974991679191589,0.995557963848114,0.995557963848114,entailment,0.9908226728439331,False,False,False,[],[],[],0.36986301369863017,True,[],facebook/nllb-200-distilled-600M,f8d333a098d19b4fd9a8b18f94170487ad3f821d,MoritzLaurer/DeBERTa-v3-base-mnli-fever-anli,6f5cf0a2b59cabb106aca4c287eed12e357e90eb
434,295019,295019:premise:fra_Latn,premise,entailment,RELIABLE_GOLD,entailment,0.9927035570144653,True,three people standing in line.,Three people in line.,0.9948286414146423,0.9850594997406006,0.9850594997406006,entailment,0.9841623306274414,False,False,False,[],[],[],0.17647058823529416,True,[],facebook/nllb-200-distilled-600M,f8d333a098d19b4fd9a8b18f94170487ad3f821d,MoritzLaurer/DeBERTa-v3-base-mnli-fever-anli,6f5cf0a2b59cabb106aca4c287eed12e357e90eb
434,295019,295019:hypothesis:fra_Latn,hypothesis,entailment,RELIABLE_GOLD,entailment,0.9927035570144653,True,Some people are standing.,There are people standing.,0.9958243370056152,0.9777061343193054,0.9777061343193054,entailment,0.9965787529945374,False,False,False,"[{""group"":""quantifier"",""original"":{""some"":1},""candidate"":{},""field"":""hypothesis""}]",[],"[{""group"":""quantifier"",""original"":{""some"":1},""candidate"":{},""field"":""hypothesis""}]",0.2941176470588235,True,[],facebook/nllb-200-distilled-600M,f8d333a098d19b4fd9a8b18f94170487ad3f821d,MoritzLaurer/DeBERTa-v3-base-mnli-fever-anli,6f5cf0a2b59cabb106aca4c287eed12e357e90eb
436,295609,295609:hypothesis:fra_Latn,hypothesis,contradiction,RELIABLE_GOLD,contradiction,0.9993450045585632,True,Nobody is running,No one 's running .,0.9956642985343933,0.9936521053314209,0.9936521053314209,contradiction,0.9948248863220215,False,False,False,[],[],[],0.2777777777777778,True,[],facebook/nllb-200-distilled-600M,f8d333a098d19b4fd9a8b18f94170487ad3f821d,MoritzLaurer/DeBERTa-v3-base-mnli-fever-anli,6f5cf0a2b59cabb106aca4c287eed12e357e90eb
437,295641,295641:hypothesis:fra_Latn,hypothesis,neutral,RELIABLE_GOLD,neutral,0.9709680080413818,True,A bride throws the flowers to her sister.,A bride throws flowers to her sister.,0.9979664087295532,0.9948047995567322,0.9948047995567322,neutral,0.9832401871681213,False,False,False,[],[],[],0.05128205128205132,True,[],facebook/nllb-200-distilled-600M,f8d333a098d19b4fd9a8b18f94170487ad3f821d,MoritzLaurer/DeBERTa-v3-base-mnli-fever-anli,6f5cf0a2b59cabb106aca4c287eed12e357e90eb
439,298065,298065:premise:fra_Latn,premise,entailment,RELIABLE_GOLD,entailment,0.979134202003479,True,Three dogs are together outdoors checking out a fountain.,Three dogs are outside checking a fountain together.,0.9976251721382141,0.997654914855957,0.9976251721382141,entailment,0.980766773223877,False,False,False,"[{""group"":""space"",""original"":{},""candidate"":{""outside"":1},""field"":""premise""}]",[],"[{""group"":""space"",""original"":{},""candidate"":{""outside"":1},""field"":""premise""}]",0.2660550458715596,True,[],facebook/nllb-200-distilled-600M,f8d333a098d19b4fd9a8b18f94170487ad3f821d,MoritzLaurer/DeBERTa-v3-base-mnli-fever-anli,6f5cf0a2b59cabb106aca4c287eed12e357e90eb
439,298065,298065:hypothesis:fra_Latn,hypothesis,entailment,RELIABLE_GOLD,entailment,0.979134202003479,True,Animals by a fountain.,Animals near a fountain.,0.995875895023346,0.9956047534942627,0.9956047534942627,entailment,0.988664448261261,False,False,False,"[{""group"":""space"",""original"":{},""candidate"":{""near"":1},""field"":""hypothesis""}]",[],"[{""group"":""space"",""original"":{},""candidate"":{""near"":1},""field"":""hypothesis""}]",0.13043478260869568,True,[],facebook/nllb-200-distilled-600M,f8d333a098d19b4fd9a8b18f94170487ad3f821d,MoritzLaurer/DeBERTa-v3-base-mnli-fever-anli,6f5cf0a2b59cabb106aca4c287eed12e357e90eb
443,299336,299336:premise:fra_Latn,premise,contradiction,RELIABLE_GOLD,contradiction,0.9993523955345154,True,A group of surgeons wearing scrubs are performing a surgery.,A group of surgeons wearing scrubs perform an operation.,0.9930157661437988,0.9960969090461731,0.9930157661437988,contradiction,0.9987912774085999,False,False,False,[],[],[],0.1724137931034483,True,[],facebook/nllb-200-distilled-600M,f8d333a098d19b4fd9a8b18f94170487ad3f821d,MoritzLaurer/DeBERTa-v3-base-mnli-fever-anli,6f5cf0a2b59cabb106aca4c287eed12e357e90eb
443,299336,299336:hypothesis:fra_Latn,hypothesis,contradiction,RELIABLE_GOLD,contradiction,0.9993523955345154,True,The group of surgeons are having a board meeting.,The surgical group has a board meeting.,0.9975257515907288,0.9953956007957458,0.9953956007957458,contradiction,0.9983022212982178,False,False,False,[],[],[],0.34090909090909094,True,[],facebook/nllb-200-distilled-600M,f8d333a098d19b4fd9a8b18f94170487ad3f821d,MoritzLaurer/DeBERTa-v3-base-mnli-fever-anli,6f5cf0a2b59cabb106aca4c287eed12e357e90eb
444,300966,300966:premise:fra_Latn,premise,contradiction,RELIABLE_GOLD,contradiction,0.9995579123497009,True,Two people with hard hats on standing on a brick wall.,Two people in hard hats standing on a brick wall.,0.9969555139541626,0.9962604641914368,0.9962604641914368,contradiction,0.9995512366294861,False,False,False,"[{""group"":""space"",""original"":{""on"":2},""candidate"":{""in"":1,""on"":1},""field"":""premise""}]",[],"[{""group"":""space"",""original"":{""on"":2},""candidate"":{""in"":1,""on"":1},""field"":""premise""}]",0.06796116504854366,True,[],facebook/nllb-200-distilled-600M,f8d333a098d19b4fd9a8b18f94170487ad3f821d,MoritzLaurer/DeBERTa-v3-base-mnli-fever-anli,6f5cf0a2b59cabb106aca4c287eed12e357e90eb
444,300966,300966:hypothesis:fra_Latn,hypothesis,contradiction,RELIABLE_GOLD,contradiction,0.9995579123497009,True,No one is wearing protective gear.,No one's wearing protective gear.,0.9970301389694214,0.996060311794281,0.996060311794281,contradiction,0.9995715022087097,False,False,False,"[{""group"":""negation"",""original"":{""nobody"":1},""candidate"":{""no"":1},""field"":""hypothesis""}]",[],"[{""group"":""negation"",""original"":{""nobody"":1},""candidate"":{""no"":1},""field"":""hypothesis""}]",0.04477611940298509,True,[],facebook/nllb-200-distilled-600M,f8d333a098d19b4fd9a8b18f94170487ad3f821d,MoritzLaurer/DeBERTa-v3-base-mnli-fever-anli,6f5cf0a2b59cabb106aca4c287eed12e357e90eb
445,301270,301270:hypothesis:fra_Latn,hypothesis,entailment,RELIABLE_GOLD,entailment,0.9921446442604065,True,The little girl is coloring on a white sheet.,The little girl paints on a white sheet.,0.9900699257850647,0.9924790859222412,0.9900699257850647,entailment,0.9971510767936707,False,False,False,[],[],[],0.15294117647058825,True,[],facebook/nllb-200-distilled-600M,f8d333a098d19b4fd9a8b18f94170487ad3f821d,MoritzLaurer/DeBERTa-v3-base-mnli-fever-anli,6f5cf0a2b59cabb106aca4c287eed12e357e90eb
446,301629,301629:premise:fra_Latn,premise,contradiction,RELIABLE_GOLD,contradiction,0.9994062185287476,True,A male surfer catching a nice wave.,A male surfer who catches a beautiful wave.,0.9900040030479431,0.9966542720794678,0.9900040030479431,contradiction,0.9993942975997925,False,False,False,[],[],[],0.2564102564102564,True,[],facebook/nllb-200-distilled-600M,f8d333a098d19b4fd9a8b18f94170487ad3f821d,MoritzLaurer/DeBERTa-v3-base-mnli-fever-anli,6f5cf0a2b59cabb106aca4c287eed12e357e90eb
446,301629,301629:hypothesis:fra_Latn,hypothesis,contradiction,RELIABLE_GOLD,contradiction,0.9994062185287476,True,A woman is surfing.,She's a surfer.,0.9829875230789185,0.9943209886550903,0.9829875230789185,contradiction,0.9983121156692505,False,False,False,[],[],[],0.5882352941176471,True,[],facebook/nllb-200-distilled-600M,f8d333a098d19b4fd9a8b18f94170487ad3f821d,MoritzLaurer/DeBERTa-v3-base-mnli-fever-anli,6f5cf0a2b59cabb106aca4c287eed12e357e90eb
447,302107,302107:hypothesis:fra_Latn,hypothesis,neutral,RELIABLE_GOLD,neutral,0.9811827540397644,True,men at a mini train convention,men at a mini train conference,0.9915362596511841,0.9917383790016174,0.9915362596511841,neutral,0.9111950397491455,False,False,False,[],[],[],0.16666666666666663,True,[],facebook/nllb-200-distilled-600M,f8d333a098d19b4fd9a8b18f94170487ad3f821d,MoritzLaurer/DeBERTa-v3-base-mnli-fever-anli,6f5cf0a2b59cabb106aca4c287eed12e357e90eb
448,302885,302885:premise:fra_Latn,premise,neutral,RELIABLE_GOLD,neutral,0.9989733695983887,True,A man wearing black and white stripes is trying to stop a horse.,A man in black and white stripes is trying to stop a horse.,0.9962605834007263,0.9966927766799927,0.9962605834007263,neutral,0.998789370059967,False,False,False,"[{""group"":""space"",""original"":{},""candidate"":{""in"":1},""field"":""premise""}]",[],"[{""group"":""space"",""original"":{},""candidate"":{""in"":1},""field"":""premise""}]",0.04065040650406504,True,[],facebook/nllb-200-distilled-600M,f8d333a098d19b4fd9a8b18f94170487ad3f821d,MoritzLaurer/DeBERTa-v3-base-mnli-fever-anli,6f5cf0a2b59cabb106aca4c287eed12e357e90eb
448,302885,302885:hypothesis:fra_Latn,hypothesis,neutral,RELIABLE_GOLD,neutral,0.9989733695983887,True,A man is trying to keep the horse from running into the crowd.,A man tries to stop the horse from running into the crowd.,0.9981523156166077,0.9979250431060791,0.9979250431060791,neutral,0.9989742040634155,False,False,False,[],[],[],0.1166666666666667,True,[],facebook/nllb-200-distilled-600M,f8d333a098d19b4fd9a8b18f94170487ad3f821d,MoritzLaurer/DeBERTa-v3-base-mnli-fever-anli,6f5cf0a2b59cabb106aca4c287eed12e357e90eb
449,303583,303583:premise:fra_Latn,premise,entailment,RELIABLE_GOLD,entailment,0.9936717748641968,True,a lone skier walking cross a snowy bank with trees in the background,a lonely skier crossing a snowy bank with trees in the background,0.9948921203613281,0.987559974193573,0.987559974193573,entailment,0.9909769296646118,False,False,False,[],[],[],0.09774436090225569,True,[],facebook/nllb-200-distilled-600M,f8d333a098d19b4fd9a8b18f94170487ad3f821d,MoritzLaurer/DeBERTa-v3-base-mnli-fever-anli,6f5cf0a2b59cabb106aca4c287eed12e357e90eb
449,303583,303583:hypothesis:fra_Latn,hypothesis,entailment,RELIABLE_GOLD,entailment,0.9936717748641968,True,A person is out in the outdoors.,There's a person outside.,0.9974948167800903,0.9937984347343445,0.9937984347343445,entailment,0.9275785088539124,False,False,False,"[{""group"":""space"",""original"":{""in"":1},""candidate"":{""outside"":1},""field"":""hypothesis""}]",[],"[{""group"":""space"",""original"":{""in"":1},""candidate"":{""outside"":1},""field"":""hypothesis""}]",0.4736842105263158,True,[],facebook/nllb-200-distilled-600M,f8d333a098d19b4fd9a8b18f94170487ad3f821d,MoritzLaurer/DeBERTa-v3-base-mnli-fever-anli,6f5cf0a2b59cabb106aca4c287eed12e357e90eb
450,304578,304578:hypothesis:fra_Latn,hypothesis,contradiction,RELIABLE_GOLD,contradiction,0.998870313167572,True,A boy sitting at his desk is reading a large book.,A boy sitting at his desk reading a big book.,0.9976919889450073,0.9940908551216125,0.9940908551216125,contradiction,0.9994282126426697,False,False,False,[],[],[],0.09473684210526312,True,[],facebook/nllb-200-distilled-600M,f8d333a098d19b4fd9a8b18f94170487ad3f821d,MoritzLaurer/DeBERTa-v3-base-mnli-fever-anli,6f5cf0a2b59cabb106aca4c287eed12e357e90eb
452,307182,307182:premise:fra_Latn,premise,contradiction,RELIABLE_GOLD,contradiction,0.9989594221115112,True,A lady pouring tea into tea cups with flower print on them.,A lady pouring tea into cups of tea with floral prints on them.,0.991635799407959,0.9944610595703125,0.991635799407959,contradiction,0.9990946054458618,False,False,False,[],[],[],0.1311475409836066,True,[],facebook/nllb-200-distilled-600M,f8d333a098d19b4fd9a8b18f94170487ad3f821d,MoritzLaurer/DeBERTa-v3-base-mnli-fever-anli,6f5cf0a2b59cabb106aca4c287eed12e357e90eb
452,307182,307182:hypothesis:fra_Latn,hypothesis,contradiction,RELIABLE_GOLD,contradiction,0.9989594221115112,True,a lady pouring wine for guests,a lady pouring wine for the guests,0.9960346817970276,0.9958160519599915,0.9958160519599915,contradiction,0.9991704225540161,False,False,False,[],[],[],0.0625,True,[],facebook/nllb-200-distilled-600M,f8d333a098d19b4fd9a8b18f94170487ad3f821d,MoritzLaurer/DeBERTa-v3-base-mnli-fever-anli,6f5cf0a2b59cabb106aca4c287eed12e357e90eb
453,307679,307679:premise:fra_Latn,premise,neutral,RELIABLE_GOLD,neutral,0.9948171973228455,True,An older man in a white shirt is playing a saxaphone.,An old man in a white shirt plays saxophone.,0.9979094862937927,0.9963192939758301,0.9963192939758301,neutral,0.9920143485069275,False,False,False,[],[],[],0.134020618556701,True,[],facebook/nllb-200-distilled-600M,f8d333a098d19b4fd9a8b18f94170487ad3f821d,MoritzLaurer/DeBERTa-v3-base-mnli-fever-anli,6f5cf0a2b59cabb106aca4c287eed12e357e90eb
454,308436,308436:premise:fra_Latn,premise,contradiction,RELIABLE_GOLD,contradiction,0.9996567964553833,True,A group of people hold on to a long skinny object.,"A group of people clinging to a long, thin object.",0.98371821641922,0.9961983561515808,0.98371821641922,contradiction,0.9996156692504883,False,False,False,"[{""group"":""space"",""original"":{""on"":1},""candidate"":{},""field"":""premise""}]",[],"[{""group"":""space"",""original"":{""on"":1},""candidate"":{},""field"":""premise""}]",0.18000000000000005,True,[],facebook/nllb-200-distilled-600M,f8d333a098d19b4fd9a8b18f94170487ad3f821d,MoritzLaurer/DeBERTa-v3-base-mnli-fever-anli,6f5cf0a2b59cabb106aca4c287eed12e357e90eb
454,308436,308436:hypothesis:fra_Latn,hypothesis,contradiction,RELIABLE_GOLD,contradiction,0.9996567964553833,True,No one is holding on to an object,No one holds on to an object.,0.9960262775421143,0.9839711785316467,0.9839711785316467,contradiction,0.9997071623802185,False,False,False,[],[],[],0.12903225806451613,True,[],facebook/nllb-200-distilled-600M,f8d333a098d19b4fd9a8b18f94170487ad3f821d,MoritzLaurer/DeBERTa-v3-base-mnli-fever-anli,6f5cf0a2b59cabb106aca4c287eed12e357e90eb
456,309756,309756:premise:fra_Latn,premise,entailment,RELIABLE_GOLD,entailment,0.9947905540466309,True,a couple looking at food out in the cold.,A couple watching food outside in the cold.,0.9964877367019653,0.9975811243057251,0.9964877367019653,entailment,0.9957336783409119,False,False,False,"[{""group"":""space"",""original"":{""in"":1},""candidate"":{""outside"":1,""in"":1},""field"":""premise""}]",[],"[{""group"":""space"",""original"":{""in"":1},""candidate"":{""outside"":1,""in"":1},""field"":""premise""}]",0.19047619047619047,True,[],facebook/nllb-200-distilled-600M,f8d333a098d19b4fd9a8b18f94170487ad3f821d,MoritzLaurer/DeBERTa-v3-base-mnli-fever-anli,6f5cf0a2b59cabb106aca4c287eed12e357e90eb
456,309756,309756:hypothesis:fra_Latn,hypothesis,entailment,RELIABLE_GOLD,entailment,0.9947905540466309,True,Two people are looking at food,Two people watching the food.,0.992823600769043,0.9951660633087158,0.992823600769043,entailment,0.9954236149787903,False,False,False,[],[],[],0.2542372881355932,True,[],facebook/nllb-200-distilled-600M,f8d333a098d19b4fd9a8b18f94170487ad3f821d,MoritzLaurer/DeBERTa-v3-base-mnli-fever-anli,6f5cf0a2b59cabb106aca4c287eed12e357e90eb
458,310358,310358:premise:fra_Latn,premise,neutral,RELIABLE_GOLD,neutral,0.9990717172622681,True,a woman is walking beside a subway.,A woman walking next to a subway.,0.9981061220169067,0.9974555373191833,0.9974555373191833,neutral,0.9991884827613831,False,False,False,"[{""group"":""space"",""original"":{""beside"":1},""candidate"":{},""field"":""premise""}]",[],"[{""group"":""space"",""original"":{""beside"":1},""candidate"":{},""field"":""premise""}]",0.20588235294117652,True,[],facebook/nllb-200-distilled-600M,f8d333a098d19b4fd9a8b18f94170487ad3f821d,MoritzLaurer/DeBERTa-v3-base-mnli-fever-anli,6f5cf0a2b59cabb106aca4c287eed12e357e90eb
458,310358,310358:hypothesis:fra_Latn,hypothesis,neutral,RELIABLE_GOLD,neutral,0.9990717172622681,True,The woman is in a rush.,The woman's in a hurry.,0.9971675276756287,0.9959562420845032,0.9959562420845032,neutral,0.9988240599632263,False,False,False,[],[],[],0.21739130434782605,True,[],facebook/nllb-200-distilled-600M,f8d333a098d19b4fd9a8b18f94170487ad3f821d,MoritzLaurer/DeBERTa-v3-base-mnli-fever-anli,6f5cf0a2b59cabb106aca4c287eed12e357e90eb
460,310705,310705:premise:fra_Latn,premise,neutral,RELIABLE_GOLD,neutral,0.9504566788673401,True,Two girls are astonished at the sight of planes.,Two girls are surprised to see planes.,0.9972357153892517,0.9964815378189087,0.9964815378189087,neutral,0.9077513217926025,False,False,False,[],[],[],0.2790697674418605,True,[],facebook/nllb-200-distilled-600M,f8d333a098d19b4fd9a8b18f94170487ad3f821d,MoritzLaurer/DeBERTa-v3-base-mnli-fever-anli,6f5cf0a2b59cabb106aca4c287eed12e357e90eb
460,310705,310705:hypothesis:fra_Latn,hypothesis,neutral,RELIABLE_GOLD,neutral,0.9504566788673401,True,The two girls have never seen planes before.,The two girls have never seen a plane before.,0.9962634444236755,0.9959142804145813,0.9959142804145813,neutral,0.9772562980651855,False,False,False,[],[],[],0.0337078651685393,True,[],facebook/nllb-200-distilled-600M,f8d333a098d19b4fd9a8b18f94170487ad3f821d,MoritzLaurer/DeBERTa-v3-base-mnli-fever-anli,6f5cf0a2b59cabb106aca4c287eed12e357e90eb
462,311315,311315:premise:fra_Latn,premise,entailment,RELIABLE_GOLD,entailment,0.9945887327194214,True,"A single man, riding his bike on the pier at sunset.",A single man riding his bike on the dock at sunset.,0.956336498260498,0.9659721255302429,0.956336498260498,entailment,0.9934413433074951,False,False,False,[],[],[],0.08737864077669899,True,[],facebook/nllb-200-distilled-600M,f8d333a098d19b4fd9a8b18f94170487ad3f821d,MoritzLaurer/DeBERTa-v3-base-mnli-fever-anli,6f5cf0a2b59cabb106aca4c287eed12e357e90eb
462,311315,311315:hypothesis:fra_Latn,hypothesis,entailment,RELIABLE_GOLD,entailment,0.9945887327194214,True,The man is riding his bike,The man 's on his bike .,0.9959828853607178,0.988610029220581,0.988610029220581,entailment,0.9961976408958435,False,False,False,"[{""group"":""space"",""original"":{},""candidate"":{""on"":1},""field"":""hypothesis""}]",[],"[{""group"":""space"",""original"":{},""candidate"":{""on"":1},""field"":""hypothesis""}]",0.19999999999999996,True,[],facebook/nllb-200-distilled-600M,f8d333a098d19b4fd9a8b18f94170487ad3f821d,MoritzLaurer/DeBERTa-v3-base-mnli-fever-anli,6f5cf0a2b59cabb106aca4c287eed12e357e90eb
463,311574,311574:premise:fra_Latn,premise,entailment,RELIABLE_GOLD,entailment,0.9395235180854797,True,A woman preparing to serve a meal on the beach.,A woman prepares to serve a meal on the beach.,0.9966598749160767,0.9954008460044861,0.9954008460044861,entailment,0.9201292991638184,False,False,False,[],[],[],0.053763440860215006,True,[],facebook/nllb-200-distilled-600M,f8d333a098d19b4fd9a8b18f94170487ad3f821d,MoritzLaurer/DeBERTa-v3-base-mnli-fever-anli,6f5cf0a2b59cabb106aca4c287eed12e357e90eb
465,312572,312572:premise:fra_Latn,premise,neutral,RELIABLE_GOLD,neutral,0.997475802898407,True,A middle-aged man riding his black motorcycle through a neighborhood.,A middle-aged man drives his black motorcycle through a neighborhood.,0.9950773119926453,0.9945645332336426,0.9945645332336426,neutral,0.9977675676345825,False,False,False,[],[],[],0.05797101449275366,True,[],facebook/nllb-200-distilled-600M,f8d333a098d19b4fd9a8b18f94170487ad3f821d,MoritzLaurer/DeBERTa-v3-base-mnli-fever-anli,6f5cf0a2b59cabb106aca4c287eed12e357e90eb
465,312572,312572:hypothesis:fra_Latn,hypothesis,neutral,RELIABLE_GOLD,neutral,0.997475802898407,True,The man is headed home on his motorcycle.,The man goes home on his motorcycle.,0.9960298538208008,0.9938610792160034,0.9938610792160034,neutral,0.9632382392883301,False,False,False,[],[],[],0.1428571428571429,True,[],facebook/nllb-200-distilled-600M,f8d333a098d19b4fd9a8b18f94170487ad3f821d,MoritzLaurer/DeBERTa-v3-base-mnli-fever-anli,6f5cf0a2b59cabb106aca4c287eed12e357e90eb
466,313598,313598:premise:fra_Latn,premise,contradiction,RELIABLE_GOLD,contradiction,0.9991825222969055,True,A scuba diving class taking a picture during class time.,A scuba diving class that takes a picture during classes.,0.9927271604537964,0.9938915967941284,0.9927271604537964,contradiction,0.9982630610466003,False,False,False,[],[],[],0.1327433628318584,True,[],facebook/nllb-200-distilled-600M,f8d333a098d19b4fd9a8b18f94170487ad3f821d,MoritzLaurer/DeBERTa-v3-base-mnli-fever-anli,6f5cf0a2b59cabb106aca4c287eed12e357e90eb
466,313598,313598:hypothesis:fra_Latn,hypothesis,contradiction,RELIABLE_GOLD,contradiction,0.9991825222969055,True,Some people are taking ski lessons.,Some people take ski lessons.,0.9977411031723022,0.9928349256515503,0.9928349256515503,contradiction,0.9934456944465637,False,False,False,[],[],[],0.125,True,[],facebook/nllb-200-distilled-600M,f8d333a098d19b4fd9a8b18f94170487ad3f821d,MoritzLaurer/DeBERTa-v3-base-mnli-fever-anli,6f5cf0a2b59cabb106aca4c287eed12e357e90eb
468,314343,314343:hypothesis:fra_Latn,hypothesis,entailment,RELIABLE_GOLD,entailment,0.9987090826034546,True,A group of people are sitting outdoors.,There's a group of people sitting outside.,0.9987244009971619,0.9983591437339783,0.9983591437339783,entailment,0.9987885355949402,False,False,False,"[{""group"":""space"",""original"":{},""candidate"":{""outside"":1},""field"":""hypothesis""}]",[],"[{""group"":""space"",""original"":{},""candidate"":{""outside"":1},""field"":""hypothesis""}]",0.23456790123456794,True,[],facebook/nllb-200-distilled-600M,f8d333a098d19b4fd9a8b18f94170487ad3f821d,MoritzLaurer/DeBERTa-v3-base-mnli-fever-anli,6f5cf0a2b59cabb106aca4c287eed12e357e90eb
470,315586,315586:premise:fra_Latn,premise,contradiction,RELIABLE_GOLD,contradiction,0.9994572997093201,True,"Two older women smiling and standing in front of large trees, one woman is fixing her hair.","Two older women smiling and standing in front of big trees, one woman fixing her hair.",0.9967414736747742,0.9944047927856445,0.9944047927856445,contradiction,0.9992720484733582,False,False,False,[],[],[],0.05084745762711862,True,[],facebook/nllb-200-distilled-600M,f8d333a098d19b4fd9a8b18f94170487ad3f821d,MoritzLaurer/DeBERTa-v3-base-mnli-fever-anli,6f5cf0a2b59cabb106aca4c287eed12e357e90eb
470,315586,315586:hypothesis:fra_Latn,hypothesis,contradiction,RELIABLE_GOLD,contradiction,0.9994572997093201,True,The women are skateboarding down a busy street.,Women are skating in a busy street.,0.9973856806755066,0.9828402996063232,0.9828402996063232,contradiction,0.9995661377906799,False,False,False,"[{""group"":""space"",""original"":{},""candidate"":{""in"":1},""field"":""hypothesis""}]",[],"[{""group"":""space"",""original"":{},""candidate"":{""in"":1},""field"":""hypothesis""}]",0.1707317073170732,True,[],facebook/nllb-200-distilled-600M,f8d333a098d19b4fd9a8b18f94170487ad3f821d,MoritzLaurer/DeBERTa-v3-base-mnli-fever-anli,6f5cf0a2b59cabb106aca4c287eed12e357e90eb
471,316194,316194:premise:fra_Latn,premise,entailment,RELIABLE_GOLD,entailment,0.9957183003425598,True,Three children and three adults are outside in the yard of a home and they have a basket sitting on the lawn.,Three children and three adults are outside in the yard of a house with a basket sitting on the lawn.,0.995521068572998,0.9965529441833496,0.995521068572998,entailment,0.9945477843284607,False,False,False,[],[],[],0.07619047619047614,True,[],facebook/nllb-200-distilled-600M,f8d333a098d19b4fd9a8b18f94170487ad3f821d,MoritzLaurer/DeBERTa-v3-base-mnli-fever-anli,6f5cf0a2b59cabb106aca4c287eed12e357e90eb
472,316876,316876:premise:fra_Latn,premise,neutral,RELIABLE_GOLD,neutral,0.9991544485092163,True,A young girl holds a crying infant.,A young girl holds a crying baby.,0.9975473284721375,0.9964913725852966,0.9964913725852966,neutral,0.9987741112709045,False,False,False,[],[],[],0.11764705882352944,True,[],facebook/nllb-200-distilled-600M,f8d333a098d19b4fd9a8b18f94170487ad3f821d,MoritzLaurer/DeBERTa-v3-base-mnli-fever-anli,6f5cf0a2b59cabb106aca4c287eed12e357e90eb
472,316876,316876:hypothesis:fra_Latn,hypothesis,neutral,RELIABLE_GOLD,neutral,0.9991544485092163,True,A blonde girl holds her baby sister.,A blonde is holding her little sister.,0.9977453351020813,0.9878227114677429,0.9878227114677429,neutral,0.9980809688568115,False,False,False,[],[],[],0.2432432432432432,True,[],facebook/nllb-200-distilled-600M,f8d333a098d19b4fd9a8b18f94170487ad3f821d,MoritzLaurer/DeBERTa-v3-base-mnli-fever-anli,6f5cf0a2b59cabb106aca4c287eed12e357e90eb
473,318353,318353:premise:fra_Latn,premise,neutral,RELIABLE_GOLD,neutral,0.9985153079032898,True,Workers enjoy coffee and treats at conference table.,Workers enjoy coffee and sweets at the conference table.,0.9930301308631897,0.9958528280258179,0.9930301308631897,neutral,0.9988853335380554,False,False,False,[],[],[],0.09259259259259256,True,[],facebook/nllb-200-distilled-600M,f8d333a098d19b4fd9a8b18f94170487ad3f821d,MoritzLaurer/DeBERTa-v3-base-mnli-fever-anli,6f5cf0a2b59cabb106aca4c287eed12e357e90eb
473,318353,318353:hypothesis:fra_Latn,hypothesis,neutral,RELIABLE_GOLD,neutral,0.9985153079032898,True,the workers are underpaid,workers are underpaid,0.9930863380432129,0.9928712248802185,0.9928712248802185,neutral,0.998019814491272,False,False,False,[],[],[],0.08695652173913049,True,[],facebook/nllb-200-distilled-600M,f8d333a098d19b4fd9a8b18f94170487ad3f821d,MoritzLaurer/DeBERTa-v3-base-mnli-fever-anli,6f5cf0a2b59cabb106aca4c287eed12e357e90eb
474,319482,319482:hypothesis:fra_Latn,hypothesis,entailment,RELIABLE_GOLD,entailment,0.9409997463226318,True,Two boys stretching for the sky,Two Boys Stretching to Heaven,0.9843989610671997,0.993966281414032,0.9843989610671997,entailment,0.9359678626060486,False,False,False,[],[],[],0.19999999999999996,True,[],facebook/nllb-200-distilled-600M,f8d333a098d19b4fd9a8b18f94170487ad3f821d,MoritzLaurer/DeBERTa-v3-base-mnli-fever-anli,6f5cf0a2b59cabb106aca4c287eed12e357e90eb
479,322299,322299:premise:fra_Latn,premise,neutral,RELIABLE_GOLD,neutral,0.9721665978431702,True,A group of men playing and singing music while a crowd watches.,A group of men playing and singing music while the crowd was watching.,0.9931220412254333,0.9939377307891846,0.9931220412254333,neutral,0.9823906421661377,False,False,False,[],[],[],0.09774436090225569,True,[],facebook/nllb-200-distilled-600M,f8d333a098d19b4fd9a8b18f94170487ad3f821d,MoritzLaurer/DeBERTa-v3-base-mnli-fever-anli,6f5cf0a2b59cabb106aca4c287eed12e357e90eb
480,322472,322472:premise:fra_Latn,premise,entailment,RELIABLE_GOLD,entailment,0.9966208934783936,True,A big group of people are enjoying a public event.,A large group of people enjoy a public event.,0.9961376786231995,0.9965564012527466,0.9961376786231995,entailment,0.9937934875488281,False,False,False,[],[],[],0.13684210526315788,True,[],facebook/nllb-200-distilled-600M,f8d333a098d19b4fd9a8b18f94170487ad3f821d,MoritzLaurer/DeBERTa-v3-base-mnli-fever-anli,6f5cf0a2b59cabb106aca4c287eed12e357e90eb
480,322472,322472:hypothesis:fra_Latn,hypothesis,entailment,RELIABLE_GOLD,entailment,0.9966208934783936,True,People are enjoying a public event.,People enjoy a public event.,0.9958913326263428,0.9801331758499146,0.9801331758499146,entailment,0.9933515191078186,False,False,False,[],[],[],0.11111111111111116,True,[],facebook/nllb-200-distilled-600M,f8d333a098d19b4fd9a8b18f94170487ad3f821d,MoritzLaurer/DeBERTa-v3-base-mnli-fever-anli,6f5cf0a2b59cabb106aca4c287eed12e357e90eb
482,324702,324702:premise:fra_Latn,premise,neutral,RELIABLE_GOLD,neutral,0.9991064667701721,True,The woman talks on her cellular phone while walking on a city street.,The woman is talking on her cell phone as she walks down a street in the city.,0.9975188970565796,0.9979854822158813,0.9975188970565796,neutral,0.9993240833282471,False,False,False,"[{""group"":""space"",""original"":{""on"":2},""candidate"":{""in"":1,""on"":1},""field"":""premise""}]",[],"[{""group"":""space"",""original"":{""on"":2},""candidate"":{""in"":1,""on"":1},""field"":""premise""}]",0.2789115646258503,True,[],facebook/nllb-200-distilled-600M,f8d333a098d19b4fd9a8b18f94170487ad3f821d,MoritzLaurer/DeBERTa-v3-base-mnli-fever-anli,6f5cf0a2b59cabb106aca4c287eed12e357e90eb
483,325880,325880:premise:fra_Latn,premise,entailment,RELIABLE_GOLD,entailment,0.9979004859924316,True,A man in a black shirt and blue jeans crawls on a table.,A man in a black shirt and blue jeans crawling on a table.,0.9901021718978882,0.9957077503204346,0.9901021718978882,entailment,0.9980071187019348,False,False,False,[],[],[],0.03508771929824561,True,[],facebook/nllb-200-distilled-600M,f8d333a098d19b4fd9a8b18f94170487ad3f821d,MoritzLaurer/DeBERTa-v3-base-mnli-fever-anli,6f5cf0a2b59cabb106aca4c287eed12e357e90eb
483,325880,325880:hypothesis:fra_Latn,hypothesis,entailment,RELIABLE_GOLD,entailment,0.9979004859924316,True,A man wearing a black shirt.,A man in a black shirt.,0.9967196583747864,0.997199296951294,0.9967196583747864,entailment,0.9958986639976501,False,False,False,"[{""group"":""space"",""original"":{},""candidate"":{""in"":1},""field"":""hypothesis""}]",[],"[{""group"":""space"",""original"":{},""candidate"":{""in"":1},""field"":""hypothesis""}]",0.0980392156862745,True,[],facebook/nllb-200-distilled-600M,f8d333a098d19b4fd9a8b18f94170487ad3f821d,MoritzLaurer/DeBERTa-v3-base-mnli-fever-anli,6f5cf0a2b59cabb106aca4c287eed12e357e90eb
486,327111,327111:premise:fra_Latn,premise,contradiction,RELIABLE_GOLD,contradiction,0.9890542030334473,True,A child is holding an Aquafina water bottle.,A child holds a bottle of Aquafina water.,0.9974364638328552,0.9980812072753906,0.9974364638328552,contradiction,0.9955688118934631,False,False,False,[],[],[],0.2941176470588235,True,[],facebook/nllb-200-distilled-600M,f8d333a098d19b4fd9a8b18f94170487ad3f821d,MoritzLaurer/DeBERTa-v3-base-mnli-fever-anli,6f5cf0a2b59cabb106aca4c287eed12e357e90eb
488,327733,327733:hypothesis:fra_Latn,hypothesis,entailment,RELIABLE_GOLD,entailment,0.9723532199859619,True,A little boy in red is outdoors.,There's a little boy in red outside.,0.9975048899650574,0.996775209903717,0.996775209903717,entailment,0.9791206121444702,False,False,False,"[{""group"":""space"",""original"":{""in"":1},""candidate"":{""outside"":1,""in"":1},""field"":""hypothesis""}]",[],"[{""group"":""space"",""original"":{""in"":1},""candidate"":{""outside"":1,""in"":1},""field"":""hypothesis""}]",0.2647058823529411,True,[],facebook/nllb-200-distilled-600M,f8d333a098d19b4fd9a8b18f94170487ad3f821d,MoritzLaurer/DeBERTa-v3-base-mnli-fever-anli,6f5cf0a2b59cabb106aca4c287eed12e357e90eb
489,328469,328469:premise:fra_Latn,premise,entailment,RELIABLE_GOLD,entailment,0.9788185358047485,True,A group of well-dressed young people stand in front of a congregation.,A group of well-dressed youths are standing in front of a congregation.,0.9965782761573792,0.9968786239624023,0.9965782761573792,entailment,0.9778359532356262,False,False,False,[],[],[],0.1063829787234043,True,[],facebook/nllb-200-distilled-600M,f8d333a098d19b4fd9a8b18f94170487ad3f821d,MoritzLaurer/DeBERTa-v3-base-mnli-fever-anli,6f5cf0a2b59cabb106aca4c287eed12e357e90eb
490,330719,330719:premise:fra_Latn,premise,contradiction,RELIABLE_GOLD,contradiction,0.9995431900024414,True,Small dog running through a field.,A little dog running in a field.,0.9961934089660645,0.9949984550476074,0.9949984550476074,contradiction,0.9996077418327332,False,False,False,"[{""group"":""space"",""original"":{""through"":1},""candidate"":{""in"":1},""field"":""premise""}]",[],"[{""group"":""space"",""original"":{""through"":1},""candidate"":{""in"":1},""field"":""premise""}]",0.24242424242424243,True,[],facebook/nllb-200-distilled-600M,f8d333a098d19b4fd9a8b18f94170487ad3f821d,MoritzLaurer/DeBERTa-v3-base-mnli-fever-anli,6f5cf0a2b59cabb106aca4c287eed12e357e90eb
491,331133,331133:premise:fra_Latn,premise,contradiction,RELIABLE_GOLD,contradiction,0.9995423555374146,True,A man in pants scaling the side of a cliff.,A man in pants climbs the side of a cliff.,0.9962688684463501,0.9876625537872314,0.9876625537872314,contradiction,0.9993491768836975,False,False,False,[],[],[],0.08235294117647063,True,[],facebook/nllb-200-distilled-600M,f8d333a098d19b4fd9a8b18f94170487ad3f821d,MoritzLaurer/DeBERTa-v3-base-mnli-fever-anli,6f5cf0a2b59cabb106aca4c287eed12e357e90eb
491,331133,331133:hypothesis:fra_Latn,hypothesis,contradiction,RELIABLE_GOLD,contradiction,0.9995423555374146,True,A woman climbs the side of a building.,A woman climbs onto the side of a building.,0.9936922788619995,0.9969977140426636,0.9936922788619995,contradiction,0.999553382396698,False,False,False,[],[],[],0.06172839506172845,True,[],facebook/nllb-200-distilled-600M,f8d333a098d19b4fd9a8b18f94170487ad3f821d,MoritzLaurer/DeBERTa-v3-base-mnli-fever-anli,6f5cf0a2b59cabb106aca4c287eed12e357e90eb
492,331212,331212:hypothesis:fra_Latn,hypothesis,contradiction,RELIABLE_GOLD,contradiction,0.9990647435188293,True,A man and girl are swimming in the ocean,A man and a girl swimming in the ocean,0.992413341999054,0.9951268434524536,0.992413341999054,contradiction,0.9991990923881531,False,False,False,[],[],[],0.07692307692307687,True,[],facebook/nllb-200-distilled-600M,f8d333a098d19b4fd9a8b18f94170487ad3f821d,MoritzLaurer/DeBERTa-v3-base-mnli-fever-anli,6f5cf0a2b59cabb106aca4c287eed12e357e90eb
493,332168,332168:premise:fra_Latn,premise,contradiction,RELIABLE_GOLD,contradiction,0.9978678226470947,True,A man is leaning his head on a fancy coffin in a church.,A man leans his head on a luxury coffin in a church.,0.9929541945457458,0.996440589427948,0.9929541945457458,contradiction,0.9972535967826843,False,False,False,[],[],[],0.14814814814814814,True,[],facebook/nllb-200-distilled-600M,f8d333a098d19b4fd9a8b18f94170487ad3f821d,MoritzLaurer/DeBERTa-v3-base-mnli-fever-anli,6f5cf0a2b59cabb106aca4c287eed12e357e90eb
494,333591,333591:premise:fra_Latn,premise,contradiction,RELIABLE_GOLD,contradiction,0.9984228610992432,True,"A female and a male put a long, oblong box away in an area full of boxes.",A female and a male placed a long oblong box in a box-filled area.,0.9973190426826477,0.9932153224945068,0.9932153224945068,contradiction,0.9986068606376648,False,False,False,[],[],[],0.28057553956834536,True,[],facebook/nllb-200-distilled-600M,f8d333a098d19b4fd9a8b18f94170487ad3f821d,MoritzLaurer/DeBERTa-v3-base-mnli-fever-anli,6f5cf0a2b59cabb106aca4c287eed12e357e90eb
494,333591,333591:hypothesis:fra_Latn,hypothesis,contradiction,RELIABLE_GOLD,contradiction,0.9984228610992432,True,A couple remove a box from an area full of boxes.,A couple takes a box out of an area full of boxes.,0.997977077960968,0.9961774349212646,0.9961774349212646,contradiction,0.9933786392211914,False,False,False,[],[],[],0.1717171717171717,True,[],facebook/nllb-200-distilled-600M,f8d333a098d19b4fd9a8b18f94170487ad3f821d,MoritzLaurer/DeBERTa-v3-base-mnli-fever-anli,6f5cf0a2b59cabb106aca4c287eed12e357e90eb
495,334203,334203:premise:fra_Latn,premise,entailment,RELIABLE_GOLD,entailment,0.9887679219245911,True,A girl with red-hair is jumping on a sand dune.,A red-haired girl jumps on a sand dune.,0.9979896545410156,0.9978235960006714,0.9978235960006714,entailment,0.9866609573364258,False,False,False,[],[],[],0.2325581395348837,True,[],facebook/nllb-200-distilled-600M,f8d333a098d19b4fd9a8b18f94170487ad3f821d,MoritzLaurer/DeBERTa-v3-base-mnli-fever-anli,6f5cf0a2b59cabb106aca4c287eed12e357e90eb
495,334203,334203:hypothesis:fra_Latn,hypothesis,entailment,RELIABLE_GOLD,entailment,0.9887679219245911,True,A girl is outdoors.,There's a girl outside.,0.9973849654197693,0.9969605803489685,0.9969605803489685,entailment,0.973907470703125,False,False,False,"[{""group"":""space"",""original"":{},""candidate"":{""outside"":1},""field"":""hypothesis""}]",[],"[{""group"":""space"",""original"":{},""candidate"":{""outside"":1},""field"":""hypothesis""}]",0.4285714285714286,True,[],facebook/nllb-200-distilled-600M,f8d333a098d19b4fd9a8b18f94170487ad3f821d,MoritzLaurer/DeBERTa-v3-base-mnli-fever-anli,6f5cf0a2b59cabb106aca4c287eed12e357e90eb
496,334987,334987:premise:fra_Latn,premise,entailment,RELIABLE_GOLD,entailment,0.9904142022132874,True,"A man, woman, and two girls walk on the beach barefoot.","A man, a woman, and two daughters were walking barefoot on the beach.",0.950744092464447,0.9959421753883362,0.950744092464447,entailment,0.9919901490211487,False,False,False,[],[],[],0.29032258064516125,True,[],facebook/nllb-200-distilled-600M,f8d333a098d19b4fd9a8b18f94170487ad3f821d,MoritzLaurer/DeBERTa-v3-base-mnli-fever-anli,6f5cf0a2b59cabb106aca4c287eed12e357e90eb
498,336330,336330:premise:fra_Latn,premise,entailment,RELIABLE_GOLD,entailment,0.9959520101547241,True,"The woman carrying a backpack is facing the camera, while the man is turned away.","The woman with the backpack is in front of the camera, while the man is turned away.",0.9971081614494324,0.9977834820747375,0.9971081614494324,entailment,0.9973771572113037,False,False,False,"[{""group"":""space"",""original"":{},""candidate"":{""front"":1,""in"":1},""field"":""premise""}]",[],"[{""group"":""space"",""original"":{},""candidate"":{""front"":1,""in"":1},""field"":""premise""}]",0.1636363636363637,True,[],facebook/nllb-200-distilled-600M,f8d333a098d19b4fd9a8b18f94170487ad3f821d,MoritzLaurer/DeBERTa-v3-base-mnli-fever-anli,6f5cf0a2b59cabb106aca4c287eed12e357e90eb
499,336368,336368:premise:fra_Latn,premise,entailment,RELIABLE_GOLD,entailment,0.9930877089500427,True,People are ice-skating and walking across a frozen surface with the Adobe building in the background.,People are ice skating and walking on a frozen surface with the Adobe building in the background.,0.9948010444641113,0.9923930168151855,0.9923930168151855,entailment,0.9942359328269958,False,False,False,"[{""group"":""space"",""original"":{""in"":1},""candidate"":{""in"":1,""on"":1},""field"":""premise""}]",[],"[{""group"":""space"",""original"":{""in"":1},""candidate"":{""in"":1,""on"":1},""field"":""premise""}]",0.04040404040404044,True,[],facebook/nllb-200-distilled-600M,f8d333a098d19b4fd9a8b18f94170487ad3f821d,MoritzLaurer/DeBERTa-v3-base-mnli-fever-anli,6f5cf0a2b59cabb106aca4c287eed12e357e90eb
499,336368,336368:hypothesis:fra_Latn,hypothesis,entailment,RELIABLE_GOLD,entailment,0.9930877089500427,True,The people are skating.,People are skating.,0.9956707954406738,0.990838348865509,0.990838348865509,entailment,0.9976320266723633,False,False,False,[],[],[],0.09523809523809523,True,[],facebook/nllb-200-distilled-600M,f8d333a098d19b4fd9a8b18f94170487ad3f821d,MoritzLaurer/DeBERTa-v3-base-mnli-fever-anli,6f5cf0a2b59cabb106aca4c287eed12e357e90eb
500,337152,337152:premise:fra_Latn,premise,contradiction,RELIABLE_GOLD,contradiction,0.9988101720809937,True,A group of young men in colorful shirts with their number on them walk down a street.,A group of young men dressed in colorful shirts with their number on them are walking down a street.,0.9970013499259949,0.9949678778648376,0.9949678778648376,contradiction,0.9989467263221741,False,False,False,[],[],[],0.08108108108108103,True,[],facebook/nllb-200-distilled-600M,f8d333a098d19b4fd9a8b18f94170487ad3f821d,MoritzLaurer/DeBERTa-v3-base-mnli-fever-anli,6f5cf0a2b59cabb106aca4c287eed12e357e90eb
501,337655,337655:premise:fra_Latn,premise,contradiction,RELIABLE_GOLD,contradiction,0.9923047423362732,True,A boy in an orange shirt holds hands with an adult as he walks with a group of other children down a street.,A boy in an orange shirt holds an adult's hand as he walks with a group of other children on the street.,0.9930725693702698,0.9528360962867737,0.9528360962867737,contradiction,0.9945449829101562,False,False,False,"[{""group"":""space"",""original"":{""in"":1},""candidate"":{""in"":1,""on"":1},""field"":""premise""}]",[],"[{""group"":""space"",""original"":{""in"":1},""candidate"":{""in"":1,""on"":1},""field"":""premise""}]",0.1132075471698113,True,[],facebook/nllb-200-distilled-600M,f8d333a098d19b4fd9a8b18f94170487ad3f821d,MoritzLaurer/DeBERTa-v3-base-mnli-fever-anli,6f5cf0a2b59cabb106aca4c287eed12e357e90eb
501,337655,337655:hypothesis:fra_Latn,hypothesis,contradiction,RELIABLE_GOLD,contradiction,0.9923047423362732,True,Two runners in blue t-shirts hold hands.,Two runners in blue T-shirts holding hands.,0.9930979609489441,0.9954153299331665,0.9930979609489441,contradiction,0.9963878393173218,False,False,False,[],[],[],0.03614457831325302,True,[],facebook/nllb-200-distilled-600M,f8d333a098d19b4fd9a8b18f94170487ad3f821d,MoritzLaurer/DeBERTa-v3-base-mnli-fever-anli,6f5cf0a2b59cabb106aca4c287eed12e357e90eb
502,338139,338139:hypothesis:fra_Latn,hypothesis,contradiction,RELIABLE_GOLD,contradiction,0.995822548866272,True,Some high school kids smoking cigarettes outside school.,High school students smoking cigarettes outside of school.,0.9965147972106934,0.9758375287055969,0.9758375287055969,contradiction,0.9839903116226196,False,False,False,"[{""group"":""quantifier"",""original"":{""some"":1},""candidate"":{},""field"":""hypothesis""}]",[],"[{""group"":""quantifier"",""original"":{""some"":1},""candidate"":{},""field"":""hypothesis""}]",0.14035087719298245,True,[],facebook/nllb-200-distilled-600M,f8d333a098d19b4fd9a8b18f94170487ad3f821d,MoritzLaurer/DeBERTa-v3-base-mnli-fever-anli,6f5cf0a2b59cabb106aca4c287eed12e357e90eb
504,338834,338834:hypothesis:fra_Latn,hypothesis,entailment,RELIABLE_GOLD,entailment,0.9916649460792542,True,A man is showing his excitement on the mountain.,A man shows his excitement on the mountain.,0.997239351272583,0.9951345324516296,0.9951345324516296,entailment,0.9925508499145508,False,False,False,[],[],[],0.07692307692307687,True,[],facebook/nllb-200-distilled-600M,f8d333a098d19b4fd9a8b18f94170487ad3f821d,MoritzLaurer/DeBERTa-v3-base-mnli-fever-anli,6f5cf0a2b59cabb106aca4c287eed12e357e90eb
505,338871,338871:hypothesis:fra_Latn,hypothesis,contradiction,RELIABLE_GOLD,contradiction,0.9933318495750427,True,A man is watching t.v. at home.,A man watches TV at home.,0.9977042078971863,0.9964117407798767,0.9964117407798767,contradiction,0.9991549253463745,False,False,False,[],[],[],0.1785714285714286,True,[],facebook/nllb-200-distilled-600M,f8d333a098d19b4fd9a8b18f94170487ad3f821d,MoritzLaurer/DeBERTa-v3-base-mnli-fever-anli,6f5cf0a2b59cabb106aca4c287eed12e357e90eb
506,339401,339401:hypothesis:fra_Latn,hypothesis,contradiction,RELIABLE_GOLD,contradiction,0.9997408986091614,True,There is only one person present.,There's only one person present.,0.9953672885894775,0.9911908507347107,0.9911908507347107,contradiction,0.9997456669807434,False,False,False,[],[],[],0.0461538461538461,True,[],facebook/nllb-200-distilled-600M,f8d333a098d19b4fd9a8b18f94170487ad3f821d,MoritzLaurer/DeBERTa-v3-base-mnli-fever-anli,6f5cf0a2b59cabb106aca4c287eed12e357e90eb
508,340397,340397:premise:fra_Latn,premise,contradiction,RELIABLE_GOLD,contradiction,0.9993459582328796,True,A man in a white outfit sings into a microphone.,A man in a white suit sings in a microphone.,0.9496614336967468,0.9939917922019958,0.9496614336967468,contradiction,0.9991672039031982,False,False,False,"[{""group"":""space"",""original"":{""in"":1},""candidate"":{""in"":2},""field"":""premise""}]",[],"[{""group"":""space"",""original"":{""in"":1},""candidate"":{""in"":2},""field"":""premise""}]",0.06521739130434778,True,[],facebook/nllb-200-distilled-600M,f8d333a098d19b4fd9a8b18f94170487ad3f821d,MoritzLaurer/DeBERTa-v3-base-mnli-fever-anli,6f5cf0a2b59cabb106aca4c287eed12e357e90eb
510,341229,341229:premise:fra_Latn,premise,contradiction,RELIABLE_GOLD,contradiction,0.9993318915367126,True,Two woman with white head coverings are gazing at a cellphone.,Two women wearing white blankets are looking at a cell phone.,0.9794538617134094,0.9953397512435913,0.9794538617134094,contradiction,0.9993778467178345,False,False,False,[],[],[],0.2845528455284553,True,[],facebook/nllb-200-distilled-600M,f8d333a098d19b4fd9a8b18f94170487ad3f821d,MoritzLaurer/DeBERTa-v3-base-mnli-fever-anli,6f5cf0a2b59cabb106aca4c287eed12e357e90eb
510,341229,341229:hypothesis:fra_Latn,hypothesis,contradiction,RELIABLE_GOLD,contradiction,0.9993318915367126,True,Two men with black head coverings are gazing at a cellphone.,Two men in black blankets are looking at a cell phone.,0.9711412191390991,0.9934265613555908,0.9711412191390991,contradiction,0.9995657801628113,False,False,False,"[{""group"":""space"",""original"":{},""candidate"":{""in"":1},""field"":""hypothesis""}]",[],"[{""group"":""space"",""original"":{},""candidate"":{""in"":1},""field"":""hypothesis""}]",0.26315789473684215,True,[],facebook/nllb-200-distilled-600M,f8d333a098d19b4fd9a8b18f94170487ad3f821d,MoritzLaurer/DeBERTa-v3-base-mnli-fever-anli,6f5cf0a2b59cabb106aca4c287eed12e357e90eb
511,341509,341509:hypothesis:fra_Latn,hypothesis,contradiction,RELIABLE_GOLD,contradiction,0.9995684027671814,True,the men are are their house sleeping,Men sleep in their homes.,0.9924167394638062,0.9327268004417419,0.9327268004417419,contradiction,0.9994840621948242,False,False,False,"[{""group"":""space"",""original"":{},""candidate"":{""in"":1},""field"":""hypothesis""}]",[],"[{""group"":""space"",""original"":{},""candidate"":{""in"":1},""field"":""hypothesis""}]",0.47540983606557374,True,[],facebook/nllb-200-distilled-600M,f8d333a098d19b4fd9a8b18f94170487ad3f821d,MoritzLaurer/DeBERTa-v3-base-mnli-fever-anli,6f5cf0a2b59cabb106aca4c287eed12e357e90eb
512,341844,341844:premise:fra_Latn,premise,contradiction,RELIABLE_GOLD,contradiction,0.9994044303894043,True,Several men traveling down a hill riding donkeys.,Several men were riding on donkeys and descending a hill.,0.9975618124008179,0.9970051646232605,0.9970051646232605,contradiction,0.9986302852630615,False,False,False,"[{""group"":""space"",""original"":{},""candidate"":{""on"":1},""field"":""premise""}]",[],"[{""group"":""space"",""original"":{},""candidate"":{""on"":1},""field"":""premise""}]",0.4339622641509434,True,[],facebook/nllb-200-distilled-600M,f8d333a098d19b4fd9a8b18f94170487ad3f821d,MoritzLaurer/DeBERTa-v3-base-mnli-fever-anli,6f5cf0a2b59cabb106aca4c287eed12e357e90eb
513,342089,342089:premise:fra_Latn,premise,contradiction,RELIABLE_GOLD,contradiction,0.9993013143539429,True,Children stand around water pipes awaiting clean water.,The children stand around the water pipes waiting for clean water.,0.9970908164978027,0.9975857734680176,0.9970908164978027,contradiction,0.9994964599609375,False,False,False,[],[],[],0.1074380165289256,True,[],facebook/nllb-200-distilled-600M,f8d333a098d19b4fd9a8b18f94170487ad3f821d,MoritzLaurer/DeBERTa-v3-base-mnli-fever-anli,6f5cf0a2b59cabb106aca4c287eed12e357e90eb
515,343438,343438:premise:fra_Latn,premise,entailment,RELIABLE_GOLD,entailment,0.9928386807441711,True,A large amount of people using sleeping bags to sleep in front of a building.,Many people use sleeping bags to sleep in front of a building.,0.9978728294372559,0.9981052875518799,0.9978728294372559,entailment,0.9897484183311462,False,False,False,"[{""group"":""quantifier"",""original"":{},""candidate"":{""many"":1},""field"":""premise""}]",[],"[{""group"":""quantifier"",""original"":{},""candidate"":{""many"":1},""field"":""premise""}]",0.15107913669064743,True,[],facebook/nllb-200-distilled-600M,f8d333a098d19b4fd9a8b18f94170487ad3f821d,MoritzLaurer/DeBERTa-v3-base-mnli-fever-anli,6f5cf0a2b59cabb106aca4c287eed12e357e90eb
515,343438,343438:hypothesis:fra_Latn,hypothesis,entailment,RELIABLE_GOLD,entailment,0.9928386807441711,True,A large amount of people sleeping.,A lot of people are sleeping.,0.9968332648277283,0.9975430965423584,0.9968332648277283,entailment,0.9946432113647461,False,False,False,[],[],[],0.2063492063492064,True,[],facebook/nllb-200-distilled-600M,f8d333a098d19b4fd9a8b18f94170487ad3f821d,MoritzLaurer/DeBERTa-v3-base-mnli-fever-anli,6f5cf0a2b59cabb106aca4c287eed12e357e90eb
518,344451,344451:premise:fra_Latn,premise,neutral,RELIABLE_GOLD,neutral,0.994032084941864,True,A street performer smiles at two potential customers.,A street artist smiles at two potential clients.,0.9980682730674744,0.9981291890144348,0.9980682730674744,neutral,0.9919669032096863,False,False,False,[],[],[],0.2277227722772277,True,[],facebook/nllb-200-distilled-600M,f8d333a098d19b4fd9a8b18f94170487ad3f821d,MoritzLaurer/DeBERTa-v3-base-mnli-fever-anli,6f5cf0a2b59cabb106aca4c287eed12e357e90eb
519,344802,344802:premise:fra_Latn,premise,contradiction,RELIABLE_GOLD,contradiction,0.9996844530105591,True,Three Asian women having a conversation.,Three Asian women chatting.,0.9952101111412048,0.9956632256507874,0.9952101111412048,contradiction,0.9996691942214966,False,False,False,[],[],[],0.28358208955223885,True,[],facebook/nllb-200-distilled-600M,f8d333a098d19b4fd9a8b18f94170487ad3f821d,MoritzLaurer/DeBERTa-v3-base-mnli-fever-anli,6f5cf0a2b59cabb106aca4c287eed12e357e90eb
519,344802,344802:hypothesis:fra_Latn,hypothesis,contradiction,RELIABLE_GOLD,contradiction,0.9996844530105591,True,Three white men are talking to each other.,Three white men talking to each other.,0.9962708950042725,0.9959262609481812,0.9959262609481812,contradiction,0.9996949434280396,False,False,False,[],[],[],0.050000000000000044,True,[],facebook/nllb-200-distilled-600M,f8d333a098d19b4fd9a8b18f94170487ad3f821d,MoritzLaurer/DeBERTa-v3-base-mnli-fever-anli,6f5cf0a2b59cabb106aca4c287eed12e357e90eb
520,344964,344964:premise:fra_Latn,premise,contradiction,RELIABLE_GOLD,contradiction,0.9995288848876953,True,A man in a white shirt is sitting on a curb and reading a newspaper.,A man in a white shirt is sitting on the sidewalk reading a newspaper.,0.9923574328422546,0.9905619025230408,0.9905619025230408,contradiction,0.9994674324989319,False,False,False,[],[],[],0.14492753623188404,True,[],facebook/nllb-200-distilled-600M,f8d333a098d19b4fd9a8b18f94170487ad3f821d,MoritzLaurer/DeBERTa-v3-base-mnli-fever-anli,6f5cf0a2b59cabb106aca4c287eed12e357e90eb
521,346374,346374:hypothesis:fra_Latn,hypothesis,contradiction,RELIABLE_GOLD,contradiction,0.9993866682052612,True,Two boys are playing basketball.,Two boys playing basketball.,0.9964962601661682,0.9952369928359985,0.9952369928359985,contradiction,0.9994062185287476,False,False,False,[],[],[],0.06666666666666665,True,[],facebook/nllb-200-distilled-600M,f8d333a098d19b4fd9a8b18f94170487ad3f821d,MoritzLaurer/DeBERTa-v3-base-mnli-fever-anli,6f5cf0a2b59cabb106aca4c287eed12e357e90eb
522,347590,347590:premise:fra_Latn,premise,contradiction,RELIABLE_GOLD,contradiction,0.9992235898971558,True,A child is interacting with an electronics laboratory kit.,A child interacts with an electronic lab kit.,0.9970021843910217,0.9932646751403809,0.9932646751403809,contradiction,0.9989126920700073,False,False,False,[],[],[],0.1456310679611651,True,[],facebook/nllb-200-distilled-600M,f8d333a098d19b4fd9a8b18f94170487ad3f821d,MoritzLaurer/DeBERTa-v3-base-mnli-fever-anli,6f5cf0a2b59cabb106aca4c287eed12e357e90eb
522,347590,347590:hypothesis:fra_Latn,hypothesis,contradiction,RELIABLE_GOLD,contradiction,0.9992235898971558,True,A child is bored and has no toys.,A child gets bored and has no toys.,0.9970961809158325,0.9939472675323486,0.9939472675323486,contradiction,0.9992684721946716,False,False,False,[],[],[],0.05882352941176472,True,[],facebook/nllb-200-distilled-600M,f8d333a098d19b4fd9a8b18f94170487ad3f821d,MoritzLaurer/DeBERTa-v3-base-mnli-fever-anli,6f5cf0a2b59cabb106aca4c287eed12e357e90eb
523,349312,349312:premise:fra_Latn,premise,contradiction,RELIABLE_GOLD,contradiction,0.9989191293716431,True,A man in mid- air while going down a sand-dune.,A man in the open air descending a sand dune.,0.9806698560714722,0.9925487041473389,0.9806698560714722,contradiction,0.9993859529495239,False,False,False,[],[],[],0.34782608695652173,True,[],facebook/nllb-200-distilled-600M,f8d333a098d19b4fd9a8b18f94170487ad3f821d,MoritzLaurer/DeBERTa-v3-base-mnli-fever-anli,6f5cf0a2b59cabb106aca4c287eed12e357e90eb
525,349723,349723:premise:fra_Latn,premise,contradiction,RELIABLE_GOLD,contradiction,0.9987183809280396,True,An older man in a blue hoodie is sitting down next to his bags.,An old man in a blue hood is sitting next to his bags.,0.9974474906921387,0.995581328868866,0.995581328868866,contradiction,0.9989700317382812,False,False,False,[],[],[],0.07692307692307687,True,[],facebook/nllb-200-distilled-600M,f8d333a098d19b4fd9a8b18f94170487ad3f821d,MoritzLaurer/DeBERTa-v3-base-mnli-fever-anli,6f5cf0a2b59cabb106aca4c287eed12e357e90eb
530,351913,351913:premise:fra_Latn,premise,entailment,RELIABLE_GOLD,entailment,0.9881287217140198,True,"With flowers in the foreground, a man in a blue striped shirt bikes past a large white building.","With flowers in the foreground, a man in a blue striped shirt cycles past a large white building.",0.9893795847892761,0.990809440612793,0.9893795847892761,entailment,0.9906693696975708,False,False,False,[],[],[],0.03626943005181349,True,[],facebook/nllb-200-distilled-600M,f8d333a098d19b4fd9a8b18f94170487ad3f821d,MoritzLaurer/DeBERTa-v3-base-mnli-fever-anli,6f5cf0a2b59cabb106aca4c287eed12e357e90eb
530,351913,351913:hypothesis:fra_Latn,hypothesis,entailment,RELIABLE_GOLD,entailment,0.9881287217140198,True,A man is biking outside.,There's a man on his bike outside.,0.9960874319076538,0.9978856444358826,0.9960874319076538,entailment,0.9810422658920288,False,False,False,"[{""group"":""space"",""original"":{""outside"":1},""candidate"":{""outside"":1,""on"":1},""field"":""hypothesis""}]",[],"[{""group"":""space"",""original"":{""outside"":1},""candidate"":{""outside"":1,""on"":1},""field"":""hypothesis""}]",0.27586206896551724,True,[],facebook/nllb-200-distilled-600M,f8d333a098d19b4fd9a8b18f94170487ad3f821d,MoritzLaurer/DeBERTa-v3-base-mnli-fever-anli,6f5cf0a2b59cabb106aca4c287eed12e357e90eb
531,352553,352553:premise:fra_Latn,premise,neutral,RELIABLE_GOLD,neutral,0.9980188608169556,True,Two men are looking through the solar telescopes.,Two men looking through solar telescopes.,0.9956520199775696,0.9927090406417847,0.9927090406417847,neutral,0.99776291847229,False,False,False,[],[],[],0.0888888888888889,True,[],facebook/nllb-200-distilled-600M,f8d333a098d19b4fd9a8b18f94170487ad3f821d,MoritzLaurer/DeBERTa-v3-base-mnli-fever-anli,6f5cf0a2b59cabb106aca4c287eed12e357e90eb
531,352553,352553:hypothesis:fra_Latn,hypothesis,neutral,RELIABLE_GOLD,neutral,0.9980188608169556,True,The men are trying to find Uranus.,Men are trying to find Uranus.,0.9965453743934631,0.991818904876709,0.991818904876709,neutral,0.9911938309669495,False,False,False,[],[],[],0.0625,True,[],facebook/nllb-200-distilled-600M,f8d333a098d19b4fd9a8b18f94170487ad3f821d,MoritzLaurer/DeBERTa-v3-base-mnli-fever-anli,6f5cf0a2b59cabb106aca4c287eed12e357e90eb
532,352765,352765:hypothesis:fra_Latn,hypothesis,entailment,RELIABLE_GOLD,entailment,0.9947056174278259,True,A dog is near a toy.,A dog is next to a toy.,0.9936477541923523,0.9972217082977295,0.9936477541923523,entailment,0.9559045433998108,False,False,False,"[{""group"":""space"",""original"":{""near"":1},""candidate"":{},""field"":""hypothesis""}]",[],"[{""group"":""space"",""original"":{""near"":1},""candidate"":{},""field"":""hypothesis""}]",0.16279069767441856,True,[],facebook/nllb-200-distilled-600M,f8d333a098d19b4fd9a8b18f94170487ad3f821d,MoritzLaurer/DeBERTa-v3-base-mnli-fever-anli,6f5cf0a2b59cabb106aca4c287eed12e357e90eb
534,353921,353921:hypothesis:fra_Latn,hypothesis,contradiction,RELIABLE_GOLD,contradiction,0.9994876384735107,True,They crawl along,They 're crawling .,0.9899250268936157,0.9749113321304321,0.9749113321304321,contradiction,0.9974784255027771,False,False,False,[],[],[],0.3142857142857143,True,[],facebook/nllb-200-distilled-600M,f8d333a098d19b4fd9a8b18f94170487ad3f821d,MoritzLaurer/DeBERTa-v3-base-mnli-fever-anli,6f5cf0a2b59cabb106aca4c287eed12e357e90eb
535,354675,354675:premise:fra_Latn,premise,contradiction,RELIABLE_GOLD,contradiction,0.9996658563613892,True,A person sits outside at a table and rests their head in their hand.,Someone's sitting outside at a table and resting his head in his hand.,0.9959163069725037,0.9974886178970337,0.9959163069725037,contradiction,0.9996227025985718,False,False,False,[],[],[],0.23188405797101452,True,[],facebook/nllb-200-distilled-600M,f8d333a098d19b4fd9a8b18f94170487ad3f821d,MoritzLaurer/DeBERTa-v3-base-mnli-fever-anli,6f5cf0a2b59cabb106aca4c287eed12e357e90eb
535,354675,354675:hypothesis:fra_Latn,hypothesis,contradiction,RELIABLE_GOLD,contradiction,0.9996658563613892,True,A person is standing with the crowd at the festival concert.,One person stands with the crowd at the festival concert.,0.9972858428955078,0.9977275729179382,0.9972858428955078,contradiction,0.9995438456535339,False,False,False,"[{""group"":""number"",""original"":{},""candidate"":{""1"":1},""field"":""hypothesis""}]",[],"[{""group"":""number"",""original"":{},""candidate"":{""1"":1},""field"":""hypothesis""}]",0.09401709401709402,True,[],facebook/nllb-200-distilled-600M,f8d333a098d19b4fd9a8b18f94170487ad3f821d,MoritzLaurer/DeBERTa-v3-base-mnli-fever-anli,6f5cf0a2b59cabb106aca4c287eed12e357e90eb
536,355209,355209:premise:fra_Latn,premise,contradiction,RELIABLE_GOLD,contradiction,0.9995692372322083,True,A girl dressed in black with a purse on her arm is smiling at a man in a room with lots of desserts on the table.,A girl dressed in black with a handbag smiles at a man in a room with lots of desserts on the table.,0.9928709864616394,0.9028308987617493,0.9028308987617493,contradiction,0.9995601773262024,False,False,False,"[{""group"":""space"",""original"":{""in"":2,""on"":2},""candidate"":{""in"":2,""on"":1},""field"":""premise""}]",[],"[{""group"":""space"",""original"":{""in"":2,""on"":2},""candidate"":{""in"":2,""on"":1},""field"":""premise""}]",0.12676056338028174,True,[],facebook/nllb-200-distilled-600M,f8d333a098d19b4fd9a8b18f94170487ad3f821d,MoritzLaurer/DeBERTa-v3-base-mnli-fever-anli,6f5cf0a2b59cabb106aca4c287eed12e357e90eb
537,355550,355550:premise:fra_Latn,premise,neutral,RELIABLE_GOLD,neutral,0.9991564750671387,True,A man walks on a fancy sidewalk next to an abandoned bar.,A man walks down an elegant sidewalk next to an abandoned bar.,0.9930383563041687,0.9957833290100098,0.9930383563041687,neutral,0.9992665648460388,False,False,False,"[{""group"":""space"",""original"":{""on"":1},""candidate"":{},""field"":""premise""}]",[],"[{""group"":""space"",""original"":{""on"":1},""candidate"":{},""field"":""premise""}]",0.09243697478991597,True,[],facebook/nllb-200-distilled-600M,f8d333a098d19b4fd9a8b18f94170487ad3f821d,MoritzLaurer/DeBERTa-v3-base-mnli-fever-anli,6f5cf0a2b59cabb106aca4c287eed12e357e90eb
537,355550,355550:hypothesis:fra_Latn,hypothesis,neutral,RELIABLE_GOLD,neutral,0.9991564750671387,True,the man is going to meet a friend for drinks,the man is going to meet a friend to drink,0.9967455863952637,0.996982753276825,0.9967455863952637,neutral,0.9990019202232361,False,False,False,[],[],[],0.046511627906976716,True,[],facebook/nllb-200-distilled-600M,f8d333a098d19b4fd9a8b18f94170487ad3f821d,MoritzLaurer/DeBERTa-v3-base-mnli-fever-anli,6f5cf0a2b59cabb106aca4c287eed12e357e90eb
538,356013,356013:premise:fra_Latn,premise,entailment,RELIABLE_GOLD,entailment,0.9944912195205688,True,Three women in old-fashioned clothing stand in the street with a dog.,Three women dressed in old clothes stand in the street with a dog.,0.9970671534538269,0.9954392313957214,0.9954392313957214,entailment,0.994654655456543,False,False,False,[],[],[],0.1703703703703704,True,[],facebook/nllb-200-distilled-600M,f8d333a098d19b4fd9a8b18f94170487ad3f821d,MoritzLaurer/DeBERTa-v3-base-mnli-fever-anli,6f5cf0a2b59cabb106aca4c287eed12e357e90eb
539,356717,356717:premise:fra_Latn,premise,entailment,RELIABLE_GOLD,entailment,0.9947951436042786,True,A skier is by himself in the woods.,A skier is alone in the woods.,0.9968101382255554,0.9830926656723022,0.9830926656723022,entailment,0.9931057095527649,False,False,False,[],[],[],0.19999999999999996,True,[],facebook/nllb-200-distilled-600M,f8d333a098d19b4fd9a8b18f94170487ad3f821d,MoritzLaurer/DeBERTa-v3-base-mnli-fever-anli,6f5cf0a2b59cabb106aca4c287eed12e357e90eb
539,356717,356717:hypothesis:fra_Latn,hypothesis,entailment,RELIABLE_GOLD,entailment,0.9947951436042786,True,A person is outside.,There's a person outside.,0.9969547986984253,0.9968668818473816,0.9968668818473816,entailment,0.951509952545166,False,False,False,[],[],[],0.24444444444444446,True,[],facebook/nllb-200-distilled-600M,f8d333a098d19b4fd9a8b18f94170487ad3f821d,MoritzLaurer/DeBERTa-v3-base-mnli-fever-anli,6f5cf0a2b59cabb106aca4c287eed12e357e90eb
540,357578,357578:hypothesis:fra_Latn,hypothesis,contradiction,RELIABLE_GOLD,contradiction,0.9994580149650574,True,The child is standing up.,The child is standing.,0.9973631501197815,0.9922979474067688,0.9922979474067688,contradiction,0.9992278814315796,False,False,False,[],[],[],0.06382978723404253,True,[],facebook/nllb-200-distilled-600M,f8d333a098d19b4fd9a8b18f94170487ad3f821d,MoritzLaurer/DeBERTa-v3-base-mnli-fever-anli,6f5cf0a2b59cabb106aca4c287eed12e357e90eb
542,358861,358861:premise:fra_Latn,premise,contradiction,RELIABLE_GOLD,contradiction,0.9996488094329834,True,"The football players wear purple pants, gold helmets and white jerseys.","Football players wear purple pants, gold helmets and white shirts.",0.9830948710441589,0.9679392576217651,0.9679392576217651,contradiction,0.9996126294136047,False,False,False,[],[],[],0.0948905109489051,True,[],facebook/nllb-200-distilled-600M,f8d333a098d19b4fd9a8b18f94170487ad3f821d,MoritzLaurer/DeBERTa-v3-base-mnli-fever-anli,6f5cf0a2b59cabb106aca4c287eed12e357e90eb
542,358861,358861:hypothesis:fra_Latn,hypothesis,contradiction,RELIABLE_GOLD,contradiction,0.9996488094329834,True,The people are racing cars.,People are racing cars.,0.9944032430648804,0.9874803423881531,0.9874803423881531,contradiction,0.9996237754821777,False,False,False,[],[],[],0.07999999999999996,True,[],facebook/nllb-200-distilled-600M,f8d333a098d19b4fd9a8b18f94170487ad3f821d,MoritzLaurer/DeBERTa-v3-base-mnli-fever-anli,6f5cf0a2b59cabb106aca4c287eed12e357e90eb
543,359371,359371:premise:fra_Latn,premise,entailment,RELIABLE_GOLD,entailment,0.9970421195030212,True,A group of men in hard hats traveling over the ocean in a small boat.,A group of men in hard hats traveling across the ocean in a small boat.,0.9937625527381897,0.9945072531700134,0.9937625527381897,entailment,0.9976776242256165,False,False,False,"[{""group"":""space"",""original"":{""over"":1,""in"":2},""candidate"":{""in"":2},""field"":""premise""}]",[],"[{""group"":""space"",""original"":{""over"":1,""in"":2},""candidate"":{""in"":2},""field"":""premise""}]",0.05714285714285716,True,[],facebook/nllb-200-distilled-600M,f8d333a098d19b4fd9a8b18f94170487ad3f821d,MoritzLaurer/DeBERTa-v3-base-mnli-fever-anli,6f5cf0a2b59cabb106aca4c287eed12e357e90eb
543,359371,359371:hypothesis:fra_Latn,hypothesis,entailment,RELIABLE_GOLD,entailment,0.9970421195030212,True,A group of men travel over an ocean.,A group of men traveling across an ocean.,0.994866132736206,0.9961626529693604,0.994866132736206,entailment,0.9958874583244324,False,False,False,"[{""group"":""space"",""original"":{""over"":1},""candidate"":{},""field"":""hypothesis""}]",[],"[{""group"":""space"",""original"":{""over"":1},""candidate"":{},""field"":""hypothesis""}]",0.1428571428571429,True,[],facebook/nllb-200-distilled-600M,f8d333a098d19b4fd9a8b18f94170487ad3f821d,MoritzLaurer/DeBERTa-v3-base-mnli-fever-anli,6f5cf0a2b59cabb106aca4c287eed12e357e90eb
545,360401,360401:premise:fra_Latn,premise,neutral,RELIABLE_GOLD,neutral,0.9942470788955688,True,A policeman in sunglasses and uniform with other policemen.,A cop in sunglasses and a uniform with other cops.,0.9964563250541687,0.9962242841720581,0.9962242841720581,neutral,0.9948586225509644,False,False,False,[],[],[],0.21100917431192656,True,[],facebook/nllb-200-distilled-600M,f8d333a098d19b4fd9a8b18f94170487ad3f821d,MoritzLaurer/DeBERTa-v3-base-mnli-fever-anli,6f5cf0a2b59cabb106aca4c287eed12e357e90eb
545,360401,360401:hypothesis:fra_Latn,hypothesis,neutral,RELIABLE_GOLD,neutral,0.9942470788955688,True,Two police officers are watching a suspect from afar.,Two cops are watching a suspect from afar.,0.9978882670402527,0.9970402121543884,0.9970402121543884,neutral,0.9961990714073181,False,False,False,[],[],[],0.1578947368421053,True,[],facebook/nllb-200-distilled-600M,f8d333a098d19b4fd9a8b18f94170487ad3f821d,MoritzLaurer/DeBERTa-v3-base-mnli-fever-anli,6f5cf0a2b59cabb106aca4c287eed12e357e90eb
547,361537,361537:premise:fra_Latn,premise,neutral,RELIABLE_GOLD,neutral,0.9993763566017151,True,Young boy staring excitedly at a leaf.,A young boy looking enthusiastically at a leaf.,0.9980985522270203,0.9976760745048523,0.9976760745048523,neutral,0.9993494153022766,False,False,False,[],[],[],0.3176470588235294,True,[],facebook/nllb-200-distilled-600M,f8d333a098d19b4fd9a8b18f94170487ad3f821d,MoritzLaurer/DeBERTa-v3-base-mnli-fever-anli,6f5cf0a2b59cabb106aca4c287eed12e357e90eb
547,361537,361537:hypothesis:fra_Latn,hypothesis,neutral,RELIABLE_GOLD,neutral,0.9993763566017151,True,The boy looks at the veins that run along the leaf.,The boy looks at the veins that flow along the leaf.,0.992518424987793,0.9964080452919006,0.992518424987793,neutral,0.9993352293968201,False,False,False,[],[],[],0.06796116504854366,True,[],facebook/nllb-200-distilled-600M,f8d333a098d19b4fd9a8b18f94170487ad3f821d,MoritzLaurer/DeBERTa-v3-base-mnli-fever-anli,6f5cf0a2b59cabb106aca4c287eed12e357e90eb
550,364369,364369:premise:fra_Latn,premise,contradiction,RELIABLE_GOLD,contradiction,0.9993535876274109,True,A man and a woman are posing for a photo beside a rack of clothes.,A man and a woman pose for a photo next to a clothing shelf.,0.9964487552642822,0.9957629442214966,0.9957629442214966,contradiction,0.9993174076080322,False,False,False,"[{""group"":""space"",""original"":{""beside"":1},""candidate"":{},""field"":""premise""}]",[],"[{""group"":""space"",""original"":{""beside"":1},""candidate"":{},""field"":""premise""}]",0.2857142857142857,True,[],facebook/nllb-200-distilled-600M,f8d333a098d19b4fd9a8b18f94170487ad3f821d,MoritzLaurer/DeBERTa-v3-base-mnli-fever-anli,6f5cf0a2b59cabb106aca4c287eed12e357e90eb
551,364429,364429:premise:fra_Latn,premise,neutral,RELIABLE_GOLD,neutral,0.9676528573036194,True,A man and a woman are sitting on the grass together.,A man and a woman are sitting together on the grass.,0.9972999691963196,0.9972176551818848,0.9972176551818848,neutral,0.96938556432724,False,False,False,[],[],[],0.17307692307692313,True,[],facebook/nllb-200-distilled-600M,f8d333a098d19b4fd9a8b18f94170487ad3f821d,MoritzLaurer/DeBERTa-v3-base-mnli-fever-anli,6f5cf0a2b59cabb106aca4c287eed12e357e90eb
552,366538,366538:premise:fra_Latn,premise,entailment,RELIABLE_GOLD,entailment,0.9981886744499207,True,A woman in a hi-viz jacket is smiling at person carrying a stop sign in front of a crane.,A woman in a hi-viz jacket smiles at a person wearing a stop sign in front of a crane.,0.9831497073173523,0.9868284463882446,0.9831497073173523,entailment,0.9980161190032959,False,False,False,[],[],[],0.08571428571428574,True,[],facebook/nllb-200-distilled-600M,f8d333a098d19b4fd9a8b18f94170487ad3f821d,MoritzLaurer/DeBERTa-v3-base-mnli-fever-anli,6f5cf0a2b59cabb106aca4c287eed12e357e90eb
552,366538,366538:hypothesis:fra_Latn,hypothesis,entailment,RELIABLE_GOLD,entailment,0.9981886744499207,True,A woman is smiling at someone.,A woman smiles at someone.,0.997566819190979,0.9941365718841553,0.9941365718841553,entailment,0.9982730150222778,False,False,False,[],[],[],0.1428571428571429,True,[],facebook/nllb-200-distilled-600M,f8d333a098d19b4fd9a8b18f94170487ad3f821d,MoritzLaurer/DeBERTa-v3-base-mnli-fever-anli,6f5cf0a2b59cabb106aca4c287eed12e357e90eb
553,366985,366985:premise:fra_Latn,premise,entailment,RELIABLE_GOLD,entailment,0.9971497654914856,True,A curly-haired woman plays the violin.,A woman with curly hair plays the violin.,0.9974431991577148,0.9966937303543091,0.9966937303543091,entailment,0.9972019195556641,False,False,False,[],[],[],0.26582278481012656,True,[],facebook/nllb-200-distilled-600M,f8d333a098d19b4fd9a8b18f94170487ad3f821d,MoritzLaurer/DeBERTa-v3-base-mnli-fever-anli,6f5cf0a2b59cabb106aca4c287eed12e357e90eb
553,366985,366985:hypothesis:fra_Latn,hypothesis,entailment,RELIABLE_GOLD,entailment,0.9971497654914856,True,A woman is playing a stringed instrument.,A woman plays a string instrument.,0.996871292591095,0.9951832890510559,0.9951832890510559,entailment,0.9956727027893066,False,False,False,[],[],[],0.12,True,[],facebook/nllb-200-distilled-600M,f8d333a098d19b4fd9a8b18f94170487ad3f821d,MoritzLaurer/DeBERTa-v3-base-mnli-fever-anli,6f5cf0a2b59cabb106aca4c287eed12e357e90eb
554,369066,369066:premise:fra_Latn,premise,contradiction,RELIABLE_GOLD,contradiction,0.9990907907485962,True,A man is standing while playing the drums for an audience.,A man is standing there playing drums for an audience.,0.9954264760017395,0.9934573769569397,0.9934573769569397,contradiction,0.9992913007736206,False,False,False,[],[],[],0.0892857142857143,True,[],facebook/nllb-200-distilled-600M,f8d333a098d19b4fd9a8b18f94170487ad3f821d,MoritzLaurer/DeBERTa-v3-base-mnli-fever-anli,6f5cf0a2b59cabb106aca4c287eed12e357e90eb
554,369066,369066:hypothesis:fra_Latn,hypothesis,contradiction,RELIABLE_GOLD,contradiction,0.9990907907485962,True,A man is playing the piano.,A man plays the piano.,0.9977511763572693,0.9968962669372559,0.9968962669372559,contradiction,0.9990274906158447,False,False,False,[],[],[],0.1428571428571429,True,[],facebook/nllb-200-distilled-600M,f8d333a098d19b4fd9a8b18f94170487ad3f821d,MoritzLaurer/DeBERTa-v3-base-mnli-fever-anli,6f5cf0a2b59cabb106aca4c287eed12e357e90eb
555,369396,369396:premise:fra_Latn,premise,contradiction,RELIABLE_GOLD,contradiction,0.9935770630836487,True,A man is reading a newspaper at a Chinese food store.,A man reads a newspaper in a Chinese food store.,0.9969826340675354,0.9970093369483948,0.9969826340675354,contradiction,0.9930550456047058,False,False,False,"[{""group"":""space"",""original"":{},""candidate"":{""in"":1},""field"":""premise""}]",[],"[{""group"":""space"",""original"":{},""candidate"":{""in"":1},""field"":""premise""}]",0.1089108910891089,True,[],facebook/nllb-200-distilled-600M,f8d333a098d19b4fd9a8b18f94170487ad3f821d,MoritzLaurer/DeBERTa-v3-base-mnli-fever-anli,6f5cf0a2b59cabb106aca4c287eed12e357e90eb
560,371860,371860:premise:fra_Latn,premise,contradiction,RELIABLE_GOLD,contradiction,0.9965775609016418,True,"Brunette female wearing yellow bikini top, has large tattoo inked across her lower back, and a blue towel draped across her right shoulder.","A brunette woman wearing a yellow bikini, with a large ink tattoo on her lower back and a blue towel on her right shoulder.",0.9942850470542908,0.9767259359359741,0.9767259359359741,contradiction,0.9979275465011597,False,False,False,"[{""group"":""space"",""original"":{""right"":1},""candidate"":{""right"":1,""on"":2},""field"":""premise""}]",[],"[{""group"":""space"",""original"":{""right"":1},""candidate"":{""right"":1,""on"":2},""field"":""premise""}]",0.19083969465648853,True,[],facebook/nllb-200-distilled-600M,f8d333a098d19b4fd9a8b18f94170487ad3f821d,MoritzLaurer/DeBERTa-v3-base-mnli-fever-anli,6f5cf0a2b59cabb106aca4c287eed12e357e90eb
560,371860,371860:hypothesis:fra_Latn,hypothesis,contradiction,RELIABLE_GOLD,contradiction,0.9965775609016418,True,A person in a black shirt and black shorts is holding a football.,A person in a black shirt and black shorts holds a football.,0.9970953464508057,0.9957152009010315,0.9957152009010315,contradiction,0.9946138262748718,False,False,False,[],[],[],0.05600000000000005,True,[],facebook/nllb-200-distilled-600M,f8d333a098d19b4fd9a8b18f94170487ad3f821d,MoritzLaurer/DeBERTa-v3-base-mnli-fever-anli,6f5cf0a2b59cabb106aca4c287eed12e357e90eb
561,372611,372611:hypothesis:fra_Latn,hypothesis,entailment,RELIABLE_GOLD,entailment,0.9933757185935974,True,A dog is carrying colored toys.,A dog carries colorful toys.,0.9950660467147827,0.9954061508178711,0.9950660467147827,entailment,0.9881822466850281,False,False,False,[],[],[],0.22033898305084743,True,[],facebook/nllb-200-distilled-600M,f8d333a098d19b4fd9a8b18f94170487ad3f821d,MoritzLaurer/DeBERTa-v3-base-mnli-fever-anli,6f5cf0a2b59cabb106aca4c287eed12e357e90eb
562,372919,372919:hypothesis:fra_Latn,hypothesis,neutral,RELIABLE_GOLD,neutral,0.9944473505020142,True,The woman has decided on what she wants to eat.,The woman decided what she wanted to eat.,0.9972236156463623,0.9947015643119812,0.9947015643119812,neutral,0.9838692545890808,False,False,False,"[{""group"":""space"",""original"":{""on"":1},""candidate"":{},""field"":""hypothesis""}]",[],"[{""group"":""space"",""original"":{""on"":1},""candidate"":{},""field"":""hypothesis""}]",0.11363636363636365,True,[],facebook/nllb-200-distilled-600M,f8d333a098d19b4fd9a8b18f94170487ad3f821d,MoritzLaurer/DeBERTa-v3-base-mnli-fever-anli,6f5cf0a2b59cabb106aca4c287eed12e357e90eb
563,373879,373879:premise:fra_Latn,premise,contradiction,RELIABLE_GOLD,contradiction,0.9996262788772583,True,Adults and children are in a rooming dancing.,Adults and children are dancing in a room.,0.9965596795082092,0.965707004070282,0.965707004070282,contradiction,0.999350368976593,False,False,False,[],[],[],0.2183908045977011,True,[],facebook/nllb-200-distilled-600M,f8d333a098d19b4fd9a8b18f94170487ad3f821d,MoritzLaurer/DeBERTa-v3-base-mnli-fever-anli,6f5cf0a2b59cabb106aca4c287eed12e357e90eb
567,375404,375404:premise:fra_Latn,premise,contradiction,RELIABLE_GOLD,contradiction,0.998579740524292,True,An elderly man takes his dog for a walk near the water.,An old man takes his dog for a walk by the water.,0.997405469417572,0.9958441853523254,0.9958441853523254,contradiction,0.9975226521492004,False,False,False,"[{""group"":""space"",""original"":{""near"":1},""candidate"":{},""field"":""premise""}]",[],"[{""group"":""space"",""original"":{""near"":1},""candidate"":{},""field"":""premise""}]",0.11538461538461542,True,[],facebook/nllb-200-distilled-600M,f8d333a098d19b4fd9a8b18f94170487ad3f821d,MoritzLaurer/DeBERTa-v3-base-mnli-fever-anli,6f5cf0a2b59cabb106aca4c287eed12e357e90eb
567,375404,375404:hypothesis:fra_Latn,hypothesis,contradiction,RELIABLE_GOLD,contradiction,0.998579740524292,True,The elderly man is running with his dog.,The old man runs with his dog.,0.9980231523513794,0.9964146614074707,0.9964146614074707,contradiction,0.9955184459686279,False,False,False,[],[],[],0.19999999999999996,True,[],facebook/nllb-200-distilled-600M,f8d333a098d19b4fd9a8b18f94170487ad3f821d,MoritzLaurer/DeBERTa-v3-base-mnli-fever-anli,6f5cf0a2b59cabb106aca4c287eed12e357e90eb
568,375602,375602:premise:fra_Latn,premise,neutral,RELIABLE_GOLD,neutral,0.9945825934410095,True,"A man is standing in a white room, with the lights turned down, holding a detailed lantern with another hanging nearby.","A man stands in a white room with the lights out, holding a detailed lantern with another hanging nearby.",0.9841852784156799,0.995187520980835,0.9841852784156799,neutral,0.9960485100746155,False,False,False,[],[],[],0.0892857142857143,True,[],facebook/nllb-200-distilled-600M,f8d333a098d19b4fd9a8b18f94170487ad3f821d,MoritzLaurer/DeBERTa-v3-base-mnli-fever-anli,6f5cf0a2b59cabb106aca4c287eed12e357e90eb
569,376513,376513:premise:fra_Latn,premise,neutral,RELIABLE_GOLD,neutral,0.9961410164833069,True,People walk down the busy sidewalk.,People are walking down the busy sidewalk.,0.997285008430481,0.9977176189422607,0.997285008430481,neutral,0.9961788654327393,False,False,False,[],[],[],0.09090909090909094,True,[],facebook/nllb-200-distilled-600M,f8d333a098d19b4fd9a8b18f94170487ad3f821d,MoritzLaurer/DeBERTa-v3-base-mnli-fever-anli,6f5cf0a2b59cabb106aca4c287eed12e357e90eb
569,376513,376513:hypothesis:fra_Latn,hypothesis,neutral,RELIABLE_GOLD,neutral,0.9961410164833069,True,People happily walk down the sidewalk.,People are walking happily down the sidewalk.,0.9893673062324524,0.9963478446006775,0.9893673062324524,neutral,0.9978297352790833,False,False,False,[],[],[],0.20481927710843373,True,[],facebook/nllb-200-distilled-600M,f8d333a098d19b4fd9a8b18f94170487ad3f821d,MoritzLaurer/DeBERTa-v3-base-mnli-fever-anli,6f5cf0a2b59cabb106aca4c287eed12e357e90eb
571,377799,377799:premise:fra_Latn,premise,contradiction,RELIABLE_GOLD,contradiction,0.9964756369590759,True,Older gentleman putting a powdery substance in a swimming pool.,An older man puts a powdered substance in a pool.,0.9963585734367371,0.9746116399765015,0.9746116399765015,contradiction,0.9984670281410217,False,False,False,[],[],[],0.2321428571428571,True,[],facebook/nllb-200-distilled-600M,f8d333a098d19b4fd9a8b18f94170487ad3f821d,MoritzLaurer/DeBERTa-v3-base-mnli-fever-anli,6f5cf0a2b59cabb106aca4c287eed12e357e90eb
572,377914,377914:premise:fra_Latn,premise,contradiction,RELIABLE_GOLD,contradiction,0.9956269264221191,True,A woman in red is holding a microphone in front of a green background.,A woman in red holds a microphone in front of a green background.,0.995902955532074,0.9955121874809265,0.9955121874809265,contradiction,0.9947459697723389,False,False,False,[],[],[],0.051851851851851816,True,[],facebook/nllb-200-distilled-600M,f8d333a098d19b4fd9a8b18f94170487ad3f821d,MoritzLaurer/DeBERTa-v3-base-mnli-fever-anli,6f5cf0a2b59cabb106aca4c287eed12e357e90eb
573,378043,378043:premise:fra_Latn,premise,contradiction,RELIABLE_GOLD,contradiction,0.9996732473373413,True,A surfer in the distance is at the base of the wave close to the shore.,A remote surfer is at the base of the wave near the coast.,0.994019627571106,0.9931647181510925,0.9931647181510925,contradiction,0.9996594190597534,False,False,False,"[{""group"":""space"",""original"":{""in"":1},""candidate"":{""near"":1},""field"":""premise""}]",[],"[{""group"":""space"",""original"":{""in"":1},""candidate"":{""near"":1},""field"":""premise""}]",0.3178294573643411,True,[],facebook/nllb-200-distilled-600M,f8d333a098d19b4fd9a8b18f94170487ad3f821d,MoritzLaurer/DeBERTa-v3-base-mnli-fever-anli,6f5cf0a2b59cabb106aca4c287eed12e357e90eb
573,378043,378043:hypothesis:fra_Latn,hypothesis,contradiction,RELIABLE_GOLD,contradiction,0.9996732473373413,True,A man surfs the internet at home.,A man surfing the Internet at home.,0.9960442781448364,0.9974283576011658,0.9960442781448364,contradiction,0.9997121691703796,False,False,False,[],[],[],0.05882352941176472,True,[],facebook/nllb-200-distilled-600M,f8d333a098d19b4fd9a8b18f94170487ad3f821d,MoritzLaurer/DeBERTa-v3-base-mnli-fever-anli,6f5cf0a2b59cabb106aca4c287eed12e357e90eb
574,379691,379691:premise:fra_Latn,premise,contradiction,RELIABLE_GOLD,contradiction,0.9989246726036072,True,People are watching a boy on a skateboard at the top of a skate ramp.,People look at a boy on a skateboard at the top of a skateboard ramp.,0.9927916526794434,0.9954656958580017,0.9927916526794434,contradiction,0.9995028972625732,False,False,False,[],[],[],0.13043478260869568,True,[],facebook/nllb-200-distilled-600M,f8d333a098d19b4fd9a8b18f94170487ad3f821d,MoritzLaurer/DeBERTa-v3-base-mnli-fever-anli,6f5cf0a2b59cabb106aca4c287eed12e357e90eb
574,379691,379691:hypothesis:fra_Latn,hypothesis,contradiction,RELIABLE_GOLD,contradiction,0.9989246726036072,True,People are watching a girl on a skateboard at the top of a skate ramp.,People look at a girl on a skateboard at the top of a skateboard ramp.,0.9925472140312195,0.9951971173286438,0.9925472140312195,contradiction,0.9992189407348633,False,False,False,[],[],[],0.12857142857142856,True,[],facebook/nllb-200-distilled-600M,f8d333a098d19b4fd9a8b18f94170487ad3f821d,MoritzLaurer/DeBERTa-v3-base-mnli-fever-anli,6f5cf0a2b59cabb106aca4c287eed12e357e90eb
576,381818,381818:hypothesis:fra_Latn,hypothesis,neutral,RELIABLE_GOLD,neutral,0.9964345693588257,True,Two men juggling in fornt of group of people to attract them.,Two men juggle a group of people to attract them.,0.9955086708068848,0.9674545526504517,0.9674545526504517,neutral,0.9874610304832458,False,False,False,"[{""group"":""space"",""original"":{""in"":1},""candidate"":{},""field"":""hypothesis""}]",[],"[{""group"":""space"",""original"":{""in"":1},""candidate"":{},""field"":""hypothesis""}]",0.1454545454545455,True,[],facebook/nllb-200-distilled-600M,f8d333a098d19b4fd9a8b18f94170487ad3f821d,MoritzLaurer/DeBERTa-v3-base-mnli-fever-anli,6f5cf0a2b59cabb106aca4c287eed12e357e90eb
577,382061,382061:premise:fra_Latn,premise,entailment,RELIABLE_GOLD,entailment,0.9963991641998291,True,There is a child wearing an orange shirt and hold an orange book.,There's a kid in an orange shirt and holding an orange book.,0.9976598024368286,0.9977712631225586,0.9976598024368286,entailment,0.9982702732086182,False,False,False,"[{""group"":""space"",""original"":{},""candidate"":{""in"":1},""field"":""premise""}]",[],"[{""group"":""space"",""original"":{},""candidate"":{""in"":1},""field"":""premise""}]",0.12,True,[],facebook/nllb-200-distilled-600M,f8d333a098d19b4fd9a8b18f94170487ad3f821d,MoritzLaurer/DeBERTa-v3-base-mnli-fever-anli,6f5cf0a2b59cabb106aca4c287eed12e357e90eb
577,382061,382061:hypothesis:fra_Latn,hypothesis,entailment,RELIABLE_GOLD,entailment,0.9963991641998291,True,There is a child wearing a shirt and holding a book.,There's a kid wearing a shirt and holding a book.,0.9971809387207031,0.9966244697570801,0.9966244697570801,entailment,0.9979768395423889,False,False,False,[],[],[],0.06930693069306926,True,[],facebook/nllb-200-distilled-600M,f8d333a098d19b4fd9a8b18f94170487ad3f821d,MoritzLaurer/DeBERTa-v3-base-mnli-fever-anli,6f5cf0a2b59cabb106aca4c287eed12e357e90eb
578,383277,383277:premise:fra_Latn,premise,neutral,RELIABLE_GOLD,neutral,0.9988007545471191,True,A man in a white shirt is playing a saxophone on a stage.,A man in a white shirt plays saxophone on a stage.,0.9974665641784668,0.9968823194503784,0.9968823194503784,neutral,0.9985480904579163,False,False,False,[],[],[],0.08411214953271029,True,[],facebook/nllb-200-distilled-600M,f8d333a098d19b4fd9a8b18f94170487ad3f821d,MoritzLaurer/DeBERTa-v3-base-mnli-fever-anli,6f5cf0a2b59cabb106aca4c287eed12e357e90eb
578,383277,383277:hypothesis:fra_Latn,hypothesis,neutral,RELIABLE_GOLD,neutral,0.9988007545471191,True,the guy in the white shirt is playing music on this sax that he is renting,The guy in the white shirt plays music on this saxophone he rents.,0.9958563446998596,0.9954991936683655,0.9954991936683655,neutral,0.998736560344696,False,False,False,[],[],[],0.17142857142857137,True,[],facebook/nllb-200-distilled-600M,f8d333a098d19b4fd9a8b18f94170487ad3f821d,MoritzLaurer/DeBERTa-v3-base-mnli-fever-anli,6f5cf0a2b59cabb106aca4c287eed12e357e90eb
580,384316,384316:premise:fra_Latn,premise,contradiction,RELIABLE_GOLD,contradiction,0.9994187355041504,True,A man and a woman are sleeping on a mode of public transportation.,A man and a woman are sleeping on a public transport.,0.9960015416145325,0.996039628982544,0.9960015416145325,contradiction,0.999504804611206,False,False,False,[],[],[],0.10924369747899154,True,[],facebook/nllb-200-distilled-600M,f8d333a098d19b4fd9a8b18f94170487ad3f821d,MoritzLaurer/DeBERTa-v3-base-mnli-fever-anli,6f5cf0a2b59cabb106aca4c287eed12e357e90eb
580,384316,384316:hypothesis:fra_Latn,hypothesis,contradiction,RELIABLE_GOLD,contradiction,0.9994187355041504,True,Everyone is awake riding the bus.,Everybody's up on the bus.,0.9973593354225159,0.9968541264533997,0.9968541264533997,contradiction,0.9986770749092102,False,False,False,"[{""group"":""space"",""original"":{},""candidate"":{""on"":1},""field"":""hypothesis""}]",[],"[{""group"":""space"",""original"":{},""candidate"":{""on"":1},""field"":""hypothesis""}]",0.4576271186440678,True,[],facebook/nllb-200-distilled-600M,f8d333a098d19b4fd9a8b18f94170487ad3f821d,MoritzLaurer/DeBERTa-v3-base-mnli-fever-anli,6f5cf0a2b59cabb106aca4c287eed12e357e90eb
582,387067,387067:premise:fra_Latn,premise,neutral,RELIABLE_GOLD,neutral,0.9974660873413086,True,"A woman is running on a gravel path, while another woman in a green shirt is cheering.","One woman runs down a gravel road, while another woman in a green shirt applauds.",0.9973567724227905,0.997847318649292,0.9973567724227905,neutral,0.9777950048446655,False,False,False,"[{""group"":""number"",""original"":{},""candidate"":{""1"":1},""field"":""premise""},{""group"":""space"",""original"":{""in"":1,""on"":1},""candidate"":{""in"":1},""field"":""premise""}]",[],"[{""group"":""number"",""original"":{},""candidate"":{""1"":1},""field"":""premise""},{""group"":""space"",""original"":{""in"":1,""on"":1},""candidate"":{""in"":1},""field"":""premise""}]",0.22155688622754488,True,[],facebook/nllb-200-distilled-600M,f8d333a098d19b4fd9a8b18f94170487ad3f821d,MoritzLaurer/DeBERTa-v3-base-mnli-fever-anli,6f5cf0a2b59cabb106aca4c287eed12e357e90eb
583,388849,388849:hypothesis:fra_Latn,hypothesis,contradiction,RELIABLE_GOLD,contradiction,0.9996663331985474,True,A young man is dancing in the streets on a sunny day.,A young man dances in the streets on a sunny day.,0.9974339604377747,0.9967767596244812,0.9967767596244812,contradiction,0.9995830655097961,False,False,False,[],[],[],0.07843137254901966,True,[],facebook/nllb-200-distilled-600M,f8d333a098d19b4fd9a8b18f94170487ad3f821d,MoritzLaurer/DeBERTa-v3-base-mnli-fever-anli,6f5cf0a2b59cabb106aca4c287eed12e357e90eb
585,389577,389577:premise:fra_Latn,premise,entailment,RELIABLE_GOLD,entailment,0.9969184398651123,True,A man in a nun costume has a cigarette in his mouth.,A man dressed as a nun has a cigarette in his mouth.,0.9952430129051208,0.975128710269928,0.975128710269928,entailment,0.9784246683120728,False,False,False,"[{""group"":""space"",""original"":{""in"":2},""candidate"":{""in"":1},""field"":""premise""}]",[],"[{""group"":""space"",""original"":{""in"":2},""candidate"":{""in"":1},""field"":""premise""}]",0.1923076923076923,True,[],facebook/nllb-200-distilled-600M,f8d333a098d19b4fd9a8b18f94170487ad3f821d,MoritzLaurer/DeBERTa-v3-base-mnli-fever-anli,6f5cf0a2b59cabb106aca4c287eed12e357e90eb
586,390330,390330:hypothesis:fra_Latn,hypothesis,contradiction,RELIABLE_GOLD,contradiction,0.9977604150772095,True,A woman with a red shirt and a bandana is shopping at the mall.,A woman in a red shirt and a bandana is shopping in the mall.,0.9965723752975464,0.9974811673164368,0.9965723752975464,contradiction,0.9974457025527954,False,False,False,"[{""group"":""space"",""original"":{},""candidate"":{""in"":2},""field"":""hypothesis""}]",[],"[{""group"":""space"",""original"":{},""candidate"":{""in"":2},""field"":""hypothesis""}]",0.06451612903225812,True,[],facebook/nllb-200-distilled-600M,f8d333a098d19b4fd9a8b18f94170487ad3f821d,MoritzLaurer/DeBERTa-v3-base-mnli-fever-anli,6f5cf0a2b59cabb106aca4c287eed12e357e90eb
587,393497,393497:premise:fra_Latn,premise,neutral,RELIABLE_GOLD,neutral,0.9991994500160217,True,A chef in white clothes is putting something into a brick oven.,A chef in white clothes puts something in a brick oven.,0.9976394176483154,0.9967700242996216,0.9967700242996216,neutral,0.9992058873176575,False,False,False,"[{""group"":""space"",""original"":{""in"":1},""candidate"":{""in"":2},""field"":""premise""}]",[],"[{""group"":""space"",""original"":{""in"":1},""candidate"":{""in"":2},""field"":""premise""}]",0.0847457627118644,True,[],facebook/nllb-200-distilled-600M,f8d333a098d19b4fd9a8b18f94170487ad3f821d,MoritzLaurer/DeBERTa-v3-base-mnli-fever-anli,6f5cf0a2b59cabb106aca4c287eed12e357e90eb
587,393497,393497:hypothesis:fra_Latn,hypothesis,neutral,RELIABLE_GOLD,neutral,0.9991994500160217,True,A chef in white clothes is putting a pizza into a brick oven.,A chef in white clothes puts a pizza in a brick oven.,0.9976067543029785,0.9969154596328735,0.9969154596328735,neutral,0.9991366267204285,False,False,False,"[{""group"":""space"",""original"":{""in"":1},""candidate"":{""in"":2},""field"":""hypothesis""}]",[],"[{""group"":""space"",""original"":{""in"":1},""candidate"":{""in"":2},""field"":""hypothesis""}]",0.08771929824561409,True,[],facebook/nllb-200-distilled-600M,f8d333a098d19b4fd9a8b18f94170487ad3f821d,MoritzLaurer/DeBERTa-v3-base-mnli-fever-anli,6f5cf0a2b59cabb106aca4c287eed12e357e90eb
589,394608,394608:premise:fra_Latn,premise,contradiction,RELIABLE_GOLD,contradiction,0.9979939460754395,True,A lady in a yellow shirt adjusts her sunglasses.,A lady in a yellow shirt is adjusting her sunglasses.,0.9930734038352966,0.9964524507522583,0.9930734038352966,contradiction,0.9982925057411194,False,False,False,[],[],[],0.06930693069306926,True,[],facebook/nllb-200-distilled-600M,f8d333a098d19b4fd9a8b18f94170487ad3f821d,MoritzLaurer/DeBERTa-v3-base-mnli-fever-anli,6f5cf0a2b59cabb106aca4c287eed12e357e90eb
589,394608,394608:hypothesis:fra_Latn,hypothesis,contradiction,RELIABLE_GOLD,contradiction,0.9979939460754395,True,The lady is adjusting her hat.,The lady's adjusting her hat.,0.9982879757881165,0.9982849955558777,0.9982849955558777,contradiction,0.9981948733329773,False,False,False,[],[],[],0.05084745762711862,True,[],facebook/nllb-200-distilled-600M,f8d333a098d19b4fd9a8b18f94170487ad3f821d,MoritzLaurer/DeBERTa-v3-base-mnli-fever-anli,6f5cf0a2b59cabb106aca4c287eed12e357e90eb
590,394965,394965:premise:fra_Latn,premise,entailment,RELIABLE_GOLD,entailment,0.9940624833106995,True,There is a man and a woman sitting on lawn chairs next to a skate park with a group of guys on bicycles in the background and a woman with a child in a stroller on the side of the picture.,There's a man and a woman sitting on lawn chairs next to a skate park with a group of guys riding a bike in the background and a woman with a child in a stroller on the side of the photo.,0.988664984703064,0.9900268316268921,0.988664984703064,entailment,0.9949474334716797,False,False,False,"[{""group"":""space"",""original"":{""in"":2,""on"":3},""candidate"":{""in"":2,""on"":2},""field"":""premise""}]",[],"[{""group"":""space"",""original"":{""in"":2,""on"":3},""candidate"":{""in"":2,""on"":2},""field"":""premise""}]",0.06666666666666665,True,[],facebook/nllb-200-distilled-600M,f8d333a098d19b4fd9a8b18f94170487ad3f821d,MoritzLaurer/DeBERTa-v3-base-mnli-fever-anli,6f5cf0a2b59cabb106aca4c287eed12e357e90eb
590,394965,394965:hypothesis:fra_Latn,hypothesis,entailment,RELIABLE_GOLD,entailment,0.9940624833106995,True,A group of people outdoors.,A bunch of people out there.,0.9969037175178528,0.9928745031356812,0.9928745031356812,entailment,0.9662880897521973,False,False,False,[],[],[],0.3090909090909091,True,[],facebook/nllb-200-distilled-600M,f8d333a098d19b4fd9a8b18f94170487ad3f821d,MoritzLaurer/DeBERTa-v3-base-mnli-fever-anli,6f5cf0a2b59cabb106aca4c287eed12e357e90eb
591,396067,396067:premise:fra_Latn,premise,neutral,RELIABLE_GOLD,neutral,0.9959322810173035,True,A girl wearing a blue shirt fixing her hair while looking into a pink mirror.,A girl in a blue shirt who's fixing her hair by looking at a pink mirror.,0.9949926733970642,0.996117115020752,0.9949926733970642,neutral,0.9865459203720093,False,False,False,"[{""group"":""space"",""original"":{},""candidate"":{""in"":1},""field"":""premise""}]",[],"[{""group"":""space"",""original"":{},""candidate"":{""in"":1},""field"":""premise""}]",0.1466666666666666,True,[],facebook/nllb-200-distilled-600M,f8d333a098d19b4fd9a8b18f94170487ad3f821d,MoritzLaurer/DeBERTa-v3-base-mnli-fever-anli,6f5cf0a2b59cabb106aca4c287eed12e357e90eb
592,396269,396269:premise:fra_Latn,premise,entailment,RELIABLE_GOLD,entailment,0.9610706567764282,True,A man tends to his laptop in what appears to be a slideshow of sorts.,A man takes care of his laptop in what appears to be some kind of slide show.,0.9957711100578308,0.9945472478866577,0.9945472478866577,entailment,0.9513116478919983,False,False,False,"[{""group"":""quantifier"",""original"":{},""candidate"":{""some"":1},""field"":""premise""}]",[],"[{""group"":""quantifier"",""original"":{},""candidate"":{""some"":1},""field"":""premise""}]",0.23287671232876717,True,[],facebook/nllb-200-distilled-600M,f8d333a098d19b4fd9a8b18f94170487ad3f821d,MoritzLaurer/DeBERTa-v3-base-mnli-fever-anli,6f5cf0a2b59cabb106aca4c287eed12e357e90eb
592,396269,396269:hypothesis:fra_Latn,hypothesis,entailment,RELIABLE_GOLD,entailment,0.9610706567764282,True,A man runs a slideshow.,There's a man running a slide show.,0.9963726997375488,0.9947399497032166,0.9947399497032166,entailment,0.8981715440750122,False,False,False,[],[],[],0.24137931034482762,True,[],facebook/nllb-200-distilled-600M,f8d333a098d19b4fd9a8b18f94170487ad3f821d,MoritzLaurer/DeBERTa-v3-base-mnli-fever-anli,6f5cf0a2b59cabb106aca4c287eed12e357e90eb
594,397864,397864:premise:fra_Latn,premise,neutral,RELIABLE_GOLD,neutral,0.9992460012435913,True,A young boy listens to music through headphones in front of a kitchen.,A young boy is listening to music through headphones in front of a kitchen.,0.9955795407295227,0.9971074461936951,0.9955795407295227,neutral,0.9993191957473755,False,False,False,[],[],[],0.0482758620689655,True,[],facebook/nllb-200-distilled-600M,f8d333a098d19b4fd9a8b18f94170487ad3f821d,MoritzLaurer/DeBERTa-v3-base-mnli-fever-anli,6f5cf0a2b59cabb106aca4c287eed12e357e90eb
594,397864,397864:hypothesis:fra_Latn,hypothesis,neutral,RELIABLE_GOLD,neutral,0.9992460012435913,True,A young boy listens to rock music.,A young boy is listening to rock music.,0.9958256483078003,0.9979143738746643,0.9958256483078003,neutral,0.9993682503700256,False,False,False,[],[],[],0.09589041095890416,True,[],facebook/nllb-200-distilled-600M,f8d333a098d19b4fd9a8b18f94170487ad3f821d,MoritzLaurer/DeBERTa-v3-base-mnli-fever-anli,6f5cf0a2b59cabb106aca4c287eed12e357e90eb
596,398883,398883:premise:fra_Latn,premise,contradiction,RELIABLE_GOLD,contradiction,0.9969071745872498,True,A man and woman reenact a scene of a statue.,A man and a woman recreate a scene from a statue.,0.9948663711547852,0.9939001798629761,0.9939001798629761,contradiction,0.9961225390434265,False,False,False,[],[],[],0.11827956989247312,True,[],facebook/nllb-200-distilled-600M,f8d333a098d19b4fd9a8b18f94170487ad3f821d,MoritzLaurer/DeBERTa-v3-base-mnli-fever-anli,6f5cf0a2b59cabb106aca4c287eed12e357e90eb
596,398883,398883:hypothesis:fra_Latn,hypothesis,contradiction,RELIABLE_GOLD,contradiction,0.9969071745872498,True,A man and woman eat at a restaurant.,A man and a woman are eating in a restaurant.,0.9975231289863586,0.9980605244636536,0.9975231289863586,contradiction,0.9954569339752197,False,False,False,"[{""group"":""space"",""original"":{},""candidate"":{""in"":1},""field"":""hypothesis""}]",[],"[{""group"":""space"",""original"":{},""candidate"":{""in"":1},""field"":""hypothesis""}]",0.16049382716049387,True,[],facebook/nllb-200-distilled-600M,f8d333a098d19b4fd9a8b18f94170487ad3f821d,MoritzLaurer/DeBERTa-v3-base-mnli-fever-anli,6f5cf0a2b59cabb106aca4c287eed12e357e90eb
597,399855,399855:premise:fra_Latn,premise,entailment,RELIABLE_GOLD,entailment,0.8535900115966797,True,A girl blows into a large yellow balloon.,There's a girl blowing in a big yellow balloon.,0.9981648325920105,0.9978857636451721,0.9978857636451721,entailment,0.9890987873077393,False,False,False,"[{""group"":""space"",""original"":{},""candidate"":{""in"":1},""field"":""premise""}]",[],"[{""group"":""space"",""original"":{},""candidate"":{""in"":1},""field"":""premise""}]",0.2272727272727273,True,[],facebook/nllb-200-distilled-600M,f8d333a098d19b4fd9a8b18f94170487ad3f821d,MoritzLaurer/DeBERTa-v3-base-mnli-fever-anli,6f5cf0a2b59cabb106aca4c287eed12e357e90eb
598,400206,400206:premise:fra_Latn,premise,neutral,RELIABLE_GOLD,neutral,0.9995505213737488,True,Two young girls have fun in an ice skating rink.,Two young girls are having fun in a skating rink.,0.997399091720581,0.9205028414726257,0.9205028414726257,neutral,0.9995808005332947,False,False,False,[],[],[],0.134020618556701,True,[],facebook/nllb-200-distilled-600M,f8d333a098d19b4fd9a8b18f94170487ad3f821d,MoritzLaurer/DeBERTa-v3-base-mnli-fever-anli,6f5cf0a2b59cabb106aca4c287eed12e357e90eb
599,400731,400731:premise:fra_Latn,premise,entailment,RELIABLE_GOLD,entailment,0.9974445104598999,True,A group of children is performing a concert outside.,A group of kids playing a concert outside.,0.9977453351020813,0.9978781938552856,0.9977453351020813,entailment,0.9976180195808411,False,False,False,[],[],[],0.19148936170212771,True,[],facebook/nllb-200-distilled-600M,f8d333a098d19b4fd9a8b18f94170487ad3f821d,MoritzLaurer/DeBERTa-v3-base-mnli-fever-anli,6f5cf0a2b59cabb106aca4c287eed12e357e90eb
600,400864,400864:premise:fra_Latn,premise,neutral,RELIABLE_GOLD,neutral,0.9583387970924377,True,A person has just thrown a snowball and hit someone in the back.,Someone just threw a snowball and hit someone in the back.,0.9972700476646423,0.99534010887146,0.99534010887146,neutral,0.9313817620277405,False,False,False,[],[],[],0.1311475409836066,True,[],facebook/nllb-200-distilled-600M,f8d333a098d19b4fd9a8b18f94170487ad3f821d,MoritzLaurer/DeBERTa-v3-base-mnli-fever-anli,6f5cf0a2b59cabb106aca4c287eed12e357e90eb
601,402508,402508:premise:fra_Latn,premise,entailment,RELIABLE_GOLD,entailment,0.9976575374603271,True,Someone doing a jump on a dirt bike in the woods.,Someone who jumps on a dirt bike in the woods.,0.997428834438324,0.9967095851898193,0.9967095851898193,entailment,0.9967881441116333,False,False,False,[],[],[],0.09473684210526312,True,[],facebook/nllb-200-distilled-600M,f8d333a098d19b4fd9a8b18f94170487ad3f821d,MoritzLaurer/DeBERTa-v3-base-mnli-fever-anli,6f5cf0a2b59cabb106aca4c287eed12e357e90eb
601,402508,402508:hypothesis:fra_Latn,hypothesis,entailment,RELIABLE_GOLD,entailment,0.9976575374603271,True,A person is jumping on the dirt bike.,A person jumps on the dirt bike.,0.9973198771476746,0.9963410496711731,0.9963410496711731,entailment,0.9976842403411865,False,False,False,[],[],[],0.10144927536231885,True,[],facebook/nllb-200-distilled-600M,f8d333a098d19b4fd9a8b18f94170487ad3f821d,MoritzLaurer/DeBERTa-v3-base-mnli-fever-anli,6f5cf0a2b59cabb106aca4c287eed12e357e90eb
602,403554,403554:hypothesis:fra_Latn,hypothesis,neutral,RELIABLE_GOLD,neutral,0.9148843288421631,True,A man in clown make-up performs stunts for a crowd.,A man in clown make-up makes stunts for a crowd.,0.9969485402107239,0.9883297681808472,0.9883297681808472,neutral,0.8087426424026489,False,False,False,[],[],[],0.09090909090909094,True,[],facebook/nllb-200-distilled-600M,f8d333a098d19b4fd9a8b18f94170487ad3f821d,MoritzLaurer/DeBERTa-v3-base-mnli-fever-anli,6f5cf0a2b59cabb106aca4c287eed12e357e90eb
603,403976,403976:premise:fra_Latn,premise,contradiction,RELIABLE_GOLD,contradiction,0.9997472167015076,True,People are sitting at a park under flowering trees.,People are sitting in a park under flowering trees.,0.996148943901062,0.9968329071998596,0.996148943901062,contradiction,0.9997496008872986,False,False,False,"[{""group"":""space"",""original"":{""under"":1},""candidate"":{""under"":1,""in"":1},""field"":""premise""}]",[],"[{""group"":""space"",""original"":{""under"":1},""candidate"":{""under"":1,""in"":1},""field"":""premise""}]",0.039215686274509776,True,[],facebook/nllb-200-distilled-600M,f8d333a098d19b4fd9a8b18f94170487ad3f821d,MoritzLaurer/DeBERTa-v3-base-mnli-fever-anli,6f5cf0a2b59cabb106aca4c287eed12e357e90eb
604,404415,404415:premise:fra_Latn,premise,entailment,RELIABLE_GOLD,entailment,0.995964527130127,True,"A man taking a photograph, holding a postcard","A man taking a picture, holding a postcard.",0.9947197437286377,0.9867092370986938,0.9867092370986938,entailment,0.9971877932548523,False,False,False,[],[],[],0.13636363636363635,True,[],facebook/nllb-200-distilled-600M,f8d333a098d19b4fd9a8b18f94170487ad3f821d,MoritzLaurer/DeBERTa-v3-base-mnli-fever-anli,6f5cf0a2b59cabb106aca4c287eed12e357e90eb
604,404415,404415:hypothesis:fra_Latn,hypothesis,entailment,RELIABLE_GOLD,entailment,0.995964527130127,True,There is a man holding a post card.,There's a man holding a postcard.,0.9950923919677734,0.9966477751731873,0.9950923919677734,entailment,0.996364176273346,False,False,False,[],[],[],0.05882352941176472,True,[],facebook/nllb-200-distilled-600M,f8d333a098d19b4fd9a8b18f94170487ad3f821d,MoritzLaurer/DeBERTa-v3-base-mnli-fever-anli,6f5cf0a2b59cabb106aca4c287eed12e357e90eb
606,407270,407270:premise:fra_Latn,premise,neutral,RELIABLE_GOLD,neutral,0.9988237023353577,True,A man standing next to a women's restroom in an orange shirt.,A man standing next to a women's bathroom in an orange shirt.,0.995334804058075,0.9940133690834045,0.9940133690834045,neutral,0.9985722303390503,False,False,False,[],[],[],0.049180327868852514,True,[],facebook/nllb-200-distilled-600M,f8d333a098d19b4fd9a8b18f94170487ad3f821d,MoritzLaurer/DeBERTa-v3-base-mnli-fever-anli,6f5cf0a2b59cabb106aca4c287eed12e357e90eb
606,407270,407270:hypothesis:fra_Latn,hypothesis,neutral,RELIABLE_GOLD,neutral,0.9988237023353577,True,The man's wife is in the restroom.,The man's wife is in the bathroom.,0.9965397119522095,0.9953321814537048,0.9953321814537048,neutral,0.9985594153404236,False,False,False,[],[],[],0.08823529411764708,True,[],facebook/nllb-200-distilled-600M,f8d333a098d19b4fd9a8b18f94170487ad3f821d,MoritzLaurer/DeBERTa-v3-base-mnli-fever-anli,6f5cf0a2b59cabb106aca4c287eed12e357e90eb
607,407321,407321:hypothesis:fra_Latn,hypothesis,neutral,RELIABLE_GOLD,neutral,0.9973529577255249,True,a person is laying down because he is having a heart attack,a person goes to bed because they have a heart attack,0.9921159148216248,0.9825989007949829,0.9825989007949829,neutral,0.9970417618751526,False,False,False,[],[],[],0.2321428571428571,True,[],facebook/nllb-200-distilled-600M,f8d333a098d19b4fd9a8b18f94170487ad3f821d,MoritzLaurer/DeBERTa-v3-base-mnli-fever-anli,6f5cf0a2b59cabb106aca4c287eed12e357e90eb
608,411654,411654:premise:fra_Latn,premise,entailment,RELIABLE_GOLD,entailment,0.9978271126747131,True,"A group of people are sitting around a large white banner that says ""From New York.""","A bunch of people are sitting around a big white flag that says ""New York"".",0.9942077398300171,0.9084454774856567,0.9084454774856567,entailment,0.9983940720558167,False,False,False,[],[],[],0.1823899371069182,True,[],facebook/nllb-200-distilled-600M,f8d333a098d19b4fd9a8b18f94170487ad3f821d,MoritzLaurer/DeBERTa-v3-base-mnli-fever-anli,6f5cf0a2b59cabb106aca4c287eed12e357e90eb
608,411654,411654:hypothesis:fra_Latn,hypothesis,entailment,RELIABLE_GOLD,entailment,0.9978271126747131,True,There is a group of people sitting around a large white banner.,There's a group of people sitting around a big white flag.,0.9975208640098572,0.9969303011894226,0.9969303011894226,entailment,0.9980260133743286,False,False,False,[],[],[],0.14049586776859502,True,[],facebook/nllb-200-distilled-600M,f8d333a098d19b4fd9a8b18f94170487ad3f821d,MoritzLaurer/DeBERTa-v3-base-mnli-fever-anli,6f5cf0a2b59cabb106aca4c287eed12e357e90eb
610,413131,413131:premise:fra_Latn,premise,neutral,RELIABLE_GOLD,neutral,0.9985820055007935,True,A man in a white shirt is working on a laptop while another man in a black shirt points to something on the screen with a pen.,A man in a white shirt is working on a laptop while another man in a black shirt is pointing a pen at something on the screen.,0.9933043122291565,0.9947499632835388,0.9933043122291565,neutral,0.9983215928077698,False,False,False,[],[],[],0.10317460317460314,True,[],facebook/nllb-200-distilled-600M,f8d333a098d19b4fd9a8b18f94170487ad3f821d,MoritzLaurer/DeBERTa-v3-base-mnli-fever-anli,6f5cf0a2b59cabb106aca4c287eed12e357e90eb
611,413141,413141:premise:fra_Latn,premise,entailment,RELIABLE_GOLD,entailment,0.9722551703453064,True,three young woman walking down a sidewalk looking up,Three young women walking down the sidewalk and looking up.,0.9914293885231018,0.991759717464447,0.9914293885231018,entailment,0.9732607007026672,False,False,False,[],[],[],0.09909909909909909,True,[],facebook/nllb-200-distilled-600M,f8d333a098d19b4fd9a8b18f94170487ad3f821d,MoritzLaurer/DeBERTa-v3-base-mnli-fever-anli,6f5cf0a2b59cabb106aca4c287eed12e357e90eb
611,413141,413141:hypothesis:fra_Latn,hypothesis,entailment,RELIABLE_GOLD,entailment,0.9722551703453064,True,Three young women walk outside.,Three young women are walking outside.,0.997109591960907,0.99720698595047,0.997109591960907,entailment,0.9821814894676208,False,False,False,[],[],[],0.10144927536231885,True,[],facebook/nllb-200-distilled-600M,f8d333a098d19b4fd9a8b18f94170487ad3f821d,MoritzLaurer/DeBERTa-v3-base-mnli-fever-anli,6f5cf0a2b59cabb106aca4c287eed12e357e90eb
612,415665,415665:premise:fra_Latn,premise,neutral,RELIABLE_GOLD,neutral,0.9895109534263611,True,A girl with yellow sunglasses is laying on the ground with a girl wearing brown sunglasses.,A girl with yellow sunglasses is lying on the floor with a girl with brown sunglasses.,0.9951609969139099,0.9961967468261719,0.9951609969139099,neutral,0.984955370426178,False,False,False,[],[],[],0.096045197740113,True,[],facebook/nllb-200-distilled-600M,f8d333a098d19b4fd9a8b18f94170487ad3f821d,MoritzLaurer/DeBERTa-v3-base-mnli-fever-anli,6f5cf0a2b59cabb106aca4c287eed12e357e90eb
612,415665,415665:hypothesis:fra_Latn,hypothesis,neutral,RELIABLE_GOLD,neutral,0.9895109534263611,True,sisters lay on the ground,The sisters were lying on the floor.,0.9797397255897522,0.9360321760177612,0.9360321760177612,neutral,0.9962291121482849,False,False,False,[],[],[],0.3770491803278688,True,[],facebook/nllb-200-distilled-600M,f8d333a098d19b4fd9a8b18f94170487ad3f821d,MoritzLaurer/DeBERTa-v3-base-mnli-fever-anli,6f5cf0a2b59cabb106aca4c287eed12e357e90eb
613,416052,416052:hypothesis:fra_Latn,hypothesis,entailment,RELIABLE_GOLD,entailment,0.9087825417518616,True,Man carries empty Coke bottles outside.,The man's carrying empty Coca-Cola bottles outside.,0.9950295090675354,0.9981166124343872,0.9950295090675354,entailment,0.9652332067489624,False,False,False,[],[],[],0.2222222222222222,True,[],facebook/nllb-200-distilled-600M,f8d333a098d19b4fd9a8b18f94170487ad3f821d,MoritzLaurer/DeBERTa-v3-base-mnli-fever-anli,6f5cf0a2b59cabb106aca4c287eed12e357e90eb
614,417237,417237:hypothesis:fra_Latn,hypothesis,entailment,RELIABLE_GOLD,entailment,0.9663259387016296,True,The people are outdoors.,People are out there.,0.9958397150039673,0.973100483417511,0.973100483417511,entailment,0.9889853000640869,False,False,False,[],[],[],0.28888888888888886,True,[],facebook/nllb-200-distilled-600M,f8d333a098d19b4fd9a8b18f94170487ad3f821d,MoritzLaurer/DeBERTa-v3-base-mnli-fever-anli,6f5cf0a2b59cabb106aca4c287eed12e357e90eb
616,418639,418639:premise:fra_Latn,premise,contradiction,RELIABLE_GOLD,contradiction,0.9993127584457397,True,"At a brick-floored area near the beach, a middle-aged white man surrounded by a white family is sitting and painting a portrait of someone.","In a brick area near the beach, a middle-aged white man, surrounded by a white family, is sitting and painting a portrait of someone.",0.9892515540122986,0.9667538404464722,0.9667538404464722,contradiction,0.999292254447937,False,False,False,"[{""group"":""space"",""original"":{""near"":1},""candidate"":{""in"":1,""near"":1},""field"":""premise""}]",[],"[{""group"":""space"",""original"":{""near"":1},""candidate"":{""in"":1,""near"":1},""field"":""premise""}]",0.05147058823529416,True,[],facebook/nllb-200-distilled-600M,f8d333a098d19b4fd9a8b18f94170487ad3f821d,MoritzLaurer/DeBERTa-v3-base-mnli-fever-anli,6f5cf0a2b59cabb106aca4c287eed12e357e90eb
616,418639,418639:hypothesis:fra_Latn,hypothesis,contradiction,RELIABLE_GOLD,contradiction,0.9993127584457397,True,A woman is drawing dogs at the beach.,A woman is drawing dogs on the beach.,0.9967531561851501,0.9971187114715576,0.9967531561851501,contradiction,0.9992548823356628,False,False,False,"[{""group"":""space"",""original"":{},""candidate"":{""on"":1},""field"":""hypothesis""}]",[],"[{""group"":""space"",""original"":{},""candidate"":{""on"":1},""field"":""hypothesis""}]",0.05405405405405406,True,[],facebook/nllb-200-distilled-600M,f8d333a098d19b4fd9a8b18f94170487ad3f821d,MoritzLaurer/DeBERTa-v3-base-mnli-fever-anli,6f5cf0a2b59cabb106aca4c287eed12e357e90eb
618,421310,421310:premise:fra_Latn,premise,entailment,RELIABLE_GOLD,entailment,0.9957113265991211,True,"A person, whose face is blocked, is working on a large wooden loom.",A person with a blocked face works on a large wooden weaver.,0.9636885523796082,0.9836710691452026,0.9636885523796082,entailment,0.9846476316452026,False,False,False,[],[],[],0.25984251968503935,True,[],facebook/nllb-200-distilled-600M,f8d333a098d19b4fd9a8b18f94170487ad3f821d,MoritzLaurer/DeBERTa-v3-base-mnli-fever-anli,6f5cf0a2b59cabb106aca4c287eed12e357e90eb
618,421310,421310:hypothesis:fra_Latn,hypothesis,entailment,RELIABLE_GOLD,entailment,0.9957113265991211,True,"A person, whose face is blocked, is working on a wooden loom.",A person with a blocked face works on a wooden weaver.,0.960461437702179,0.9805117845535278,0.960461437702179,entailment,0.9641442894935608,False,False,False,[],[],[],0.28695652173913044,True,[],facebook/nllb-200-distilled-600M,f8d333a098d19b4fd9a8b18f94170487ad3f821d,MoritzLaurer/DeBERTa-v3-base-mnli-fever-anli,6f5cf0a2b59cabb106aca4c287eed12e357e90eb
619,422758,422758:premise:fra_Latn,premise,contradiction,RELIABLE_GOLD,contradiction,0.9988296627998352,True,A man dressed in a green jacket is playing piano while a woman sings.,A man in a green jacket plays piano while a woman sings.,0.9971261620521545,0.9977942705154419,0.9971261620521545,contradiction,0.998997151851654,False,False,False,[],[],[],0.12,True,[],facebook/nllb-200-distilled-600M,f8d333a098d19b4fd9a8b18f94170487ad3f821d,MoritzLaurer/DeBERTa-v3-base-mnli-fever-anli,6f5cf0a2b59cabb106aca4c287eed12e357e90eb
619,422758,422758:hypothesis:fra_Latn,hypothesis,contradiction,RELIABLE_GOLD,contradiction,0.9988296627998352,True,A man is burning a piano.,A man burns a piano.,0.9971020817756653,0.9947634935379028,0.9947634935379028,contradiction,0.9990405440330505,False,False,False,[],[],[],0.15555555555555556,True,[],facebook/nllb-200-distilled-600M,f8d333a098d19b4fd9a8b18f94170487ad3f821d,MoritzLaurer/DeBERTa-v3-base-mnli-fever-anli,6f5cf0a2b59cabb106aca4c287eed12e357e90eb
620,423126,423126:premise:fra_Latn,premise,contradiction,RELIABLE_GOLD,contradiction,0.9993797540664673,True,A crane is hoisting someone up next to a building.,A crane lifts someone up next to a building.,0.9966787099838257,0.9950496554374695,0.9950496554374695,contradiction,0.9993715882301331,False,False,False,[],[],[],0.12765957446808507,True,[],facebook/nllb-200-distilled-600M,f8d333a098d19b4fd9a8b18f94170487ad3f821d,MoritzLaurer/DeBERTa-v3-base-mnli-fever-anli,6f5cf0a2b59cabb106aca4c287eed12e357e90eb
620,423126,423126:hypothesis:fra_Latn,hypothesis,contradiction,RELIABLE_GOLD,contradiction,0.9993797540664673,True,The crane is lifting up a car.,The crane is lifting a car.,0.9980850219726562,0.9978761672973633,0.9978761672973633,contradiction,0.9994254112243652,False,False,False,[],[],[],0.052631578947368474,True,[],facebook/nllb-200-distilled-600M,f8d333a098d19b4fd9a8b18f94170487ad3f821d,MoritzLaurer/DeBERTa-v3-base-mnli-fever-anli,6f5cf0a2b59cabb106aca4c287eed12e357e90eb
622,424045,424045:premise:fra_Latn,premise,contradiction,RELIABLE_GOLD,contradiction,0.9982548356056213,True,A man sits under an umbrella beside a pond while he works.,A man is sitting under an umbrella by a pond while he is working.,0.9972944855690002,0.9974321722984314,0.9972944855690002,contradiction,0.9976287484169006,False,False,False,"[{""group"":""space"",""original"":{""beside"":1,""under"":1},""candidate"":{""under"":1},""field"":""premise""}]",[],"[{""group"":""space"",""original"":{""beside"":1,""under"":1},""candidate"":{""under"":1},""field"":""premise""}]",0.1707317073170732,True,[],facebook/nllb-200-distilled-600M,f8d333a098d19b4fd9a8b18f94170487ad3f821d,MoritzLaurer/DeBERTa-v3-base-mnli-fever-anli,6f5cf0a2b59cabb106aca4c287eed12e357e90eb
622,424045,424045:hypothesis:fra_Latn,hypothesis,contradiction,RELIABLE_GOLD,contradiction,0.9982548356056213,True,A woman is swimming in a pool.,There's a woman swimming in a pool.,0.9982755184173584,0.9979540109634399,0.9979540109634399,contradiction,0.9987943172454834,False,False,False,[],[],[],0.16923076923076918,True,[],facebook/nllb-200-distilled-600M,f8d333a098d19b4fd9a8b18f94170487ad3f821d,MoritzLaurer/DeBERTa-v3-base-mnli-fever-anli,6f5cf0a2b59cabb106aca4c287eed12e357e90eb
624,425301,425301:premise:fra_Latn,premise,neutral,RELIABLE_GOLD,neutral,0.9944708347320557,True,Teenage girls in a dance recital.,Teenage girls at a dance recital.,0.9960015416145325,0.9917710423469543,0.9917710423469543,neutral,0.9961931705474854,False,False,False,"[{""group"":""space"",""original"":{""in"":1},""candidate"":{},""field"":""premise""}]",[],"[{""group"":""space"",""original"":{""in"":1},""candidate"":{},""field"":""premise""}]",0.06060606060606055,True,[],facebook/nllb-200-distilled-600M,f8d333a098d19b4fd9a8b18f94170487ad3f821d,MoritzLaurer/DeBERTa-v3-base-mnli-fever-anli,6f5cf0a2b59cabb106aca4c287eed12e357e90eb
624,425301,425301:hypothesis:fra_Latn,hypothesis,neutral,RELIABLE_GOLD,neutral,0.9944708347320557,True,The high school dance team put on a great show.,The high school dance team did a great show.,0.9982384443283081,0.9977758526802063,0.9977758526802063,neutral,0.9962814450263977,False,False,False,"[{""group"":""space"",""original"":{""on"":1},""candidate"":{},""field"":""hypothesis""}]",[],"[{""group"":""space"",""original"":{""on"":1},""candidate"":{},""field"":""hypothesis""}]",0.09890109890109888,True,[],facebook/nllb-200-distilled-600M,f8d333a098d19b4fd9a8b18f94170487ad3f821d,MoritzLaurer/DeBERTa-v3-base-mnli-fever-anli,6f5cf0a2b59cabb106aca4c287eed12e357e90eb
625,426181,426181:premise:fra_Latn,premise,entailment,RELIABLE_GOLD,entailment,0.9818992614746094,True,Lady wearing spectacles points camera with some trepidation.,A woman with glasses is pointing at the camera with a little fear.,0.9977458119392395,0.9979544878005981,0.9977458119392395,entailment,0.8931990265846252,False,False,False,"[{""group"":""quantifier"",""original"":{""some"":1},""candidate"":{},""field"":""premise""}]",[],"[{""group"":""quantifier"",""original"":{""some"":1},""candidate"":{},""field"":""premise""}]",0.5555555555555556,True,[],facebook/nllb-200-distilled-600M,f8d333a098d19b4fd9a8b18f94170487ad3f821d,MoritzLaurer/DeBERTa-v3-base-mnli-fever-anli,6f5cf0a2b59cabb106aca4c287eed12e357e90eb
625,426181,426181:hypothesis:fra_Latn,hypothesis,entailment,RELIABLE_GOLD,entailment,0.9818992614746094,True,A lady is holding a camera.,There's a lady holding a camera.,0.9981164932250977,0.9977612495422363,0.9977612495422363,entailment,0.9863421320915222,False,False,False,[],[],[],0.18644067796610164,True,[],facebook/nllb-200-distilled-600M,f8d333a098d19b4fd9a8b18f94170487ad3f821d,MoritzLaurer/DeBERTa-v3-base-mnli-fever-anli,6f5cf0a2b59cabb106aca4c287eed12e357e90eb
627,426484,426484:premise:fra_Latn,premise,entailment,RELIABLE_GOLD,entailment,0.9786408543586731,True,"A man resting in a blue hammock, boots and pack off, as he looks out over a flowing river.","A man resting in a blue hammock, boots and luggage, as he looks over a flowing river.",0.9857688546180725,0.9318346977233887,0.9318346977233887,entailment,0.9751974940299988,False,False,False,[],[],[],0.0971428571428572,True,[],facebook/nllb-200-distilled-600M,f8d333a098d19b4fd9a8b18f94170487ad3f821d,MoritzLaurer/DeBERTa-v3-base-mnli-fever-anli,6f5cf0a2b59cabb106aca4c287eed12e357e90eb
627,426484,426484:hypothesis:fra_Latn,hypothesis,entailment,RELIABLE_GOLD,entailment,0.9786408543586731,True,A man is outside.,There's a man outside.,0.9971101880073547,0.9969460368156433,0.9969460368156433,entailment,0.9773759841918945,False,False,False,[],[],[],0.28205128205128205,True,[],facebook/nllb-200-distilled-600M,f8d333a098d19b4fd9a8b18f94170487ad3f821d,MoritzLaurer/DeBERTa-v3-base-mnli-fever-anli,6f5cf0a2b59cabb106aca4c287eed12e357e90eb
628,426839,426839:premise:fra_Latn,premise,entailment,RELIABLE_GOLD,entailment,0.9848479628562927,True,Two women on the patio having drinks.,"Two women on the patio, drinking.",0.9971116781234741,0.9975764155387878,0.9971116781234741,entailment,0.9898375272750854,False,False,False,[],[],[],0.17142857142857137,True,[],facebook/nllb-200-distilled-600M,f8d333a098d19b4fd9a8b18f94170487ad3f821d,MoritzLaurer/DeBERTa-v3-base-mnli-fever-anli,6f5cf0a2b59cabb106aca4c287eed12e357e90eb
630,428056,428056:premise:fra_Latn,premise,contradiction,RELIABLE_GOLD,contradiction,0.9827812314033508,True,A construction worker in a neon vest is working with electrical equipment while sparks fly.,A construction worker in a neon vest works with electrical equipment while sparks fly.,0.9957075119018555,0.9960657954216003,0.9957075119018555,contradiction,0.9463722705841064,False,False,False,[],[],[],0.039548022598870025,True,[],facebook/nllb-200-distilled-600M,f8d333a098d19b4fd9a8b18f94170487ad3f821d,MoritzLaurer/DeBERTa-v3-base-mnli-fever-anli,6f5cf0a2b59cabb106aca4c287eed12e357e90eb
630,428056,428056:hypothesis:fra_Latn,hypothesis,contradiction,RELIABLE_GOLD,contradiction,0.9827812314033508,True,A construction worker is on his lunch break,A construction worker is on lunch break.,0.9963529109954834,0.9185500741004944,0.9185500741004944,contradiction,0.9988133907318115,False,False,False,[],[],[],0.06024096385542166,True,[],facebook/nllb-200-distilled-600M,f8d333a098d19b4fd9a8b18f94170487ad3f821d,MoritzLaurer/DeBERTa-v3-base-mnli-fever-anli,6f5cf0a2b59cabb106aca4c287eed12e357e90eb
631,429004,429004:premise:fra_Latn,premise,contradiction,RELIABLE_GOLD,contradiction,0.9978576302528381,True,Two women observing a fountain in a park.,Two women watching a fountain in a park.,0.9964615702629089,0.9933991432189941,0.9933991432189941,contradiction,0.9980903267860413,False,False,False,[],[],[],0.13580246913580252,True,[],facebook/nllb-200-distilled-600M,f8d333a098d19b4fd9a8b18f94170487ad3f821d,MoritzLaurer/DeBERTa-v3-base-mnli-fever-anli,6f5cf0a2b59cabb106aca4c287eed12e357e90eb
631,429004,429004:hypothesis:fra_Latn,hypothesis,contradiction,RELIABLE_GOLD,contradiction,0.9978576302528381,True,two women dig up their yard for a garden,Two women are digging their garden for a garden.,0.9552555084228516,0.9461994767189026,0.9461994767189026,contradiction,0.9992400407791138,False,False,False,[],[],[],0.18181818181818177,True,[],facebook/nllb-200-distilled-600M,f8d333a098d19b4fd9a8b18f94170487ad3f821d,MoritzLaurer/DeBERTa-v3-base-mnli-fever-anli,6f5cf0a2b59cabb106aca4c287eed12e357e90eb
632,430526,430526:premise:fra_Latn,premise,contradiction,RELIABLE_GOLD,contradiction,0.9994837045669556,True,A skilled surfer rides a very large wave;,An experienced surfer is riding a very large wave.,0.9962189793586731,0.9961571097373962,0.9961571097373962,contradiction,0.9996756315231323,False,False,False,[],[],[],0.25274725274725274,True,[],facebook/nllb-200-distilled-600M,f8d333a098d19b4fd9a8b18f94170487ad3f821d,MoritzLaurer/DeBERTa-v3-base-mnli-fever-anli,6f5cf0a2b59cabb106aca4c287eed12e357e90eb
634,431938,431938:premise:fra_Latn,premise,contradiction,RELIABLE_GOLD,contradiction,0.9997377991676331,True,A woman talks on a cellphone on an Asian market street.,A woman is talking on her cell phone on a street in the Asian market.,0.9893336892127991,0.9972471594810486,0.9893336892127991,contradiction,0.9997230172157288,False,False,False,"[{""group"":""space"",""original"":{""on"":2},""candidate"":{""in"":1,""on"":2},""field"":""premise""}]",[],"[{""group"":""space"",""original"":{""on"":2},""candidate"":{""in"":1,""on"":2},""field"":""premise""}]",0.25806451612903225,True,[],facebook/nllb-200-distilled-600M,f8d333a098d19b4fd9a8b18f94170487ad3f821d,MoritzLaurer/DeBERTa-v3-base-mnli-fever-anli,6f5cf0a2b59cabb106aca4c287eed12e357e90eb
635,431953,431953:premise:fra_Latn,premise,entailment,RELIABLE_GOLD,entailment,0.9761167764663696,True,A man and a woman are walking in a street.,A man and a woman are walking down a street.,0.981605589389801,0.9948922395706177,0.981605589389801,entailment,0.995741605758667,False,False,False,"[{""group"":""space"",""original"":{""in"":1},""candidate"":{},""field"":""premise""}]",[],"[{""group"":""space"",""original"":{""in"":1},""candidate"":{},""field"":""premise""}]",0.046511627906976716,True,[],facebook/nllb-200-distilled-600M,f8d333a098d19b4fd9a8b18f94170487ad3f821d,MoritzLaurer/DeBERTa-v3-base-mnli-fever-anli,6f5cf0a2b59cabb106aca4c287eed12e357e90eb
635,431953,431953:hypothesis:fra_Latn,hypothesis,entailment,RELIABLE_GOLD,entailment,0.9761167764663696,True,a man and a woman walk down the street,A man and a woman are walking down the street,0.9967902302742004,0.9963037967681885,0.9963037967681885,entailment,0.9226496815681458,False,False,False,[],[],[],0.08433734939759041,True,[],facebook/nllb-200-distilled-600M,f8d333a098d19b4fd9a8b18f94170487ad3f821d,MoritzLaurer/DeBERTa-v3-base-mnli-fever-anli,6f5cf0a2b59cabb106aca4c287eed12e357e90eb
636,432209,432209:hypothesis:fra_Latn,hypothesis,contradiction,RELIABLE_GOLD,contradiction,0.999560534954071,True,A woman is sleeping on the street.,A woman sleeps on the street.,0.9973852038383484,0.9960134029388428,0.9960134029388428,contradiction,0.9993114471435547,False,False,False,[],[],[],0.11111111111111116,True,[],facebook/nllb-200-distilled-600M,f8d333a098d19b4fd9a8b18f94170487ad3f821d,MoritzLaurer/DeBERTa-v3-base-mnli-fever-anli,6f5cf0a2b59cabb106aca4c287eed12e357e90eb
637,433659,433659:premise:fra_Latn,premise,contradiction,RELIABLE_GOLD,contradiction,0.9992503523826599,True,A man riding a horse is chasing after a young cow with a lasso.,A man on a horse chases a young cow with a lasso.,0.998104453086853,0.9979538917541504,0.9979538917541504,contradiction,0.9991388320922852,False,False,False,"[{""group"":""time"",""original"":{""after"":1},""candidate"":{},""field"":""premise""},{""group"":""space"",""original"":{},""candidate"":{""on"":1},""field"":""premise""}]",[],"[{""group"":""time"",""original"":{""after"":1},""candidate"":{},""field"":""premise""},{""group"":""space"",""original"":{},""candidate"":{""on"":1},""field"":""premise""}]",0.1607142857142857,True,[],facebook/nllb-200-distilled-600M,f8d333a098d19b4fd9a8b18f94170487ad3f821d,MoritzLaurer/DeBERTa-v3-base-mnli-fever-anli,6f5cf0a2b59cabb106aca4c287eed12e357e90eb
637,433659,433659:hypothesis:fra_Latn,hypothesis,contradiction,RELIABLE_GOLD,contradiction,0.9992503523826599,True,a lasso is being used on a pig,a lasso is used on a pig,0.9959068298339844,0.9916917085647583,0.9916917085647583,contradiction,0.9947945475578308,False,False,False,[],[],[],0.11111111111111116,True,[],facebook/nllb-200-distilled-600M,f8d333a098d19b4fd9a8b18f94170487ad3f821d,MoritzLaurer/DeBERTa-v3-base-mnli-fever-anli,6f5cf0a2b59cabb106aca4c287eed12e357e90eb
639,437702,437702:premise:fra_Latn,premise,entailment,RELIABLE_GOLD,entailment,0.9935575127601624,True,A person swims in a pool by a waterfall.,A person swims in a pool near a waterfall.,0.9968609809875488,0.9956569671630859,0.9956569671630859,entailment,0.9910968542098999,False,False,False,"[{""group"":""space"",""original"":{""in"":1},""candidate"":{""in"":1,""near"":1},""field"":""premise""}]",[],"[{""group"":""space"",""original"":{""in"":1},""candidate"":{""in"":1,""near"":1},""field"":""premise""}]",0.07317073170731703,True,[],facebook/nllb-200-distilled-600M,f8d333a098d19b4fd9a8b18f94170487ad3f821d,MoritzLaurer/DeBERTa-v3-base-mnli-fever-anli,6f5cf0a2b59cabb106aca4c287eed12e357e90eb
639,437702,437702:hypothesis:fra_Latn,hypothesis,entailment,RELIABLE_GOLD,entailment,0.9935575127601624,True,A person is near the waterfall.,There's a person near the waterfall.,0.9979641437530518,0.9977228045463562,0.9977228045463562,entailment,0.9929826259613037,False,False,False,[],[],[],0.16417910447761197,True,[],facebook/nllb-200-distilled-600M,f8d333a098d19b4fd9a8b18f94170487ad3f821d,MoritzLaurer/DeBERTa-v3-base-mnli-fever-anli,6f5cf0a2b59cabb106aca4c287eed12e357e90eb
645,441649,441649:premise:fra_Latn,premise,entailment,RELIABLE_GOLD,entailment,0.9400140047073364,True,A small boy in a white shirt is jumping with a sword in his hand.,A little boy in a white shirt jumps with a sword in his hand.,0.9974149465560913,0.997638463973999,0.9974149465560913,entailment,0.9575933814048767,False,False,False,[],[],[],0.11111111111111116,True,[],facebook/nllb-200-distilled-600M,f8d333a098d19b4fd9a8b18f94170487ad3f821d,MoritzLaurer/DeBERTa-v3-base-mnli-fever-anli,6f5cf0a2b59cabb106aca4c287eed12e357e90eb
646,442027,442027:premise:fra_Latn,premise,contradiction,RELIABLE_GOLD,contradiction,0.9992687106132507,True,A child in an orange t-shirt is riding a green bike beside a pathway.,A child in an orange t-shirt is riding a green bike near a trail.,0.9970272183418274,0.9963156580924988,0.9963156580924988,contradiction,0.9992566704750061,False,False,False,"[{""group"":""space"",""original"":{""beside"":1,""in"":1},""candidate"":{""in"":1,""near"":1},""field"":""premise""}]",[],"[{""group"":""space"",""original"":{""beside"":1,""in"":1},""candidate"":{""in"":1,""near"":1},""field"":""premise""}]",0.13432835820895528,True,[],facebook/nllb-200-distilled-600M,f8d333a098d19b4fd9a8b18f94170487ad3f821d,MoritzLaurer/DeBERTa-v3-base-mnli-fever-anli,6f5cf0a2b59cabb106aca4c287eed12e357e90eb
649,443307,443307:premise:fra_Latn,premise,neutral,RELIABLE_GOLD,neutral,0.9994198083877563,True,"In a tilted picture, two boys in a poor country run towards a doorway.","In a slanted image, two young men from a poor country run to a door.",0.9964704513549805,0.996085524559021,0.996085524559021,neutral,0.9991670846939087,False,False,False,"[{""group"":""space"",""original"":{""in"":2},""candidate"":{""in"":1},""field"":""premise""}]",[],"[{""group"":""space"",""original"":{""in"":2},""candidate"":{""in"":1},""field"":""premise""}]",0.26086956521739135,True,[],facebook/nllb-200-distilled-600M,f8d333a098d19b4fd9a8b18f94170487ad3f821d,MoritzLaurer/DeBERTa-v3-base-mnli-fever-anli,6f5cf0a2b59cabb106aca4c287eed12e357e90eb
649,443307,443307:hypothesis:fra_Latn,hypothesis,neutral,RELIABLE_GOLD,neutral,0.9994198083877563,True,Two boys wearing blue run toward a doorway in a picture.,Two boys in blue running to a door in a photo.,0.9973633885383606,0.9980249404907227,0.9973633885383606,neutral,0.9984269142150879,False,False,False,"[{""group"":""space"",""original"":{""in"":1},""candidate"":{""in"":2},""field"":""hypothesis""}]",[],"[{""group"":""space"",""original"":{""in"":1},""candidate"":{""in"":2},""field"":""hypothesis""}]",0.23529411764705888,True,[],facebook/nllb-200-distilled-600M,f8d333a098d19b4fd9a8b18f94170487ad3f821d,MoritzLaurer/DeBERTa-v3-base-mnli-fever-anli,6f5cf0a2b59cabb106aca4c287eed12e357e90eb
650,445694,445694:premise:fra_Latn,premise,neutral,RELIABLE_GOLD,neutral,0.9665780663490295,True,A person riding a horse trying to rope a calf that is running from them.,A person on a horse trying to tie up a calf that runs away.,0.9973955154418945,0.9959956407546997,0.9959956407546997,neutral,0.876724123954773,False,False,False,"[{""group"":""space"",""original"":{},""candidate"":{""on"":1},""field"":""premise""}]",[],"[{""group"":""space"",""original"":{},""candidate"":{""on"":1},""field"":""premise""}]",0.26717557251908397,True,[],facebook/nllb-200-distilled-600M,f8d333a098d19b4fd9a8b18f94170487ad3f821d,MoritzLaurer/DeBERTa-v3-base-mnli-fever-anli,6f5cf0a2b59cabb106aca4c287eed12e357e90eb
650,445694,445694:hypothesis:fra_Latn,hypothesis,neutral,RELIABLE_GOLD,neutral,0.9665780663490295,True,A person is competing at a rodeo.,A person is competing in a rodeo.,0.9953463673591614,0.9959782361984253,0.9953463673591614,neutral,0.9513978362083435,False,False,False,"[{""group"":""space"",""original"":{},""candidate"":{""in"":1},""field"":""hypothesis""}]",[],"[{""group"":""space"",""original"":{},""candidate"":{""in"":1},""field"":""hypothesis""}]",0.06060606060606055,True,[],facebook/nllb-200-distilled-600M,f8d333a098d19b4fd9a8b18f94170487ad3f821d,MoritzLaurer/DeBERTa-v3-base-mnli-fever-anli,6f5cf0a2b59cabb106aca4c287eed12e357e90eb
651,445900,445900:hypothesis:fra_Latn,hypothesis,entailment,RELIABLE_GOLD,entailment,0.9962111711502075,True,Some people are maneuvering radio controlled gadgets.,Some people operate controlled radio gadgets.,0.9945595860481262,0.995043158531189,0.9945595860481262,entailment,0.9931203126907349,False,False,False,[],[],[],0.2857142857142857,True,[],facebook/nllb-200-distilled-600M,f8d333a098d19b4fd9a8b18f94170487ad3f821d,MoritzLaurer/DeBERTa-v3-base-mnli-fever-anli,6f5cf0a2b59cabb106aca4c287eed12e357e90eb
653,447248,447248:premise:fra_Latn,premise,entailment,RELIABLE_GOLD,entailment,0.8958956003189087,True,An Asian man makes calligraphy on a green table with newspaper on it.,An Asian guy is doing calligraphy on a green table with a newspaper on it.,0.9977184534072876,0.9977251887321472,0.9977184534072876,entailment,0.9053764343261719,False,False,False,[],[],[],0.14685314685314688,True,[],facebook/nllb-200-distilled-600M,f8d333a098d19b4fd9a8b18f94170487ad3f821d,MoritzLaurer/DeBERTa-v3-base-mnli-fever-anli,6f5cf0a2b59cabb106aca4c287eed12e357e90eb
655,448093,448093:premise:fra_Latn,premise,entailment,RELIABLE_GOLD,entailment,0.996647298336029,True,"A security guard stands by a metal, lighted sculpture.",A security guard stands near a burning metal sculpture.,0.9680427312850952,0.9949285984039307,0.9680427312850952,entailment,0.9952267408370972,False,False,False,"[{""group"":""space"",""original"":{},""candidate"":{""near"":1},""field"":""premise""}]",[],"[{""group"":""space"",""original"":{},""candidate"":{""near"":1},""field"":""premise""}]",0.21100917431192656,True,[],facebook/nllb-200-distilled-600M,f8d333a098d19b4fd9a8b18f94170487ad3f821d,MoritzLaurer/DeBERTa-v3-base-mnli-fever-anli,6f5cf0a2b59cabb106aca4c287eed12e357e90eb
655,448093,448093:hypothesis:fra_Latn,hypothesis,entailment,RELIABLE_GOLD,entailment,0.996647298336029,True,A person guards a sculpture.,A person keeps a sculpture.,0.9924302697181702,0.9604913592338562,0.9604913592338562,entailment,0.9665510654449463,False,False,False,[],[],[],0.1636363636363637,True,[],facebook/nllb-200-distilled-600M,f8d333a098d19b4fd9a8b18f94170487ad3f821d,MoritzLaurer/DeBERTa-v3-base-mnli-fever-anli,6f5cf0a2b59cabb106aca4c287eed12e357e90eb
661,450897,450897:premise:fra_Latn,premise,contradiction,RELIABLE_GOLD,contradiction,0.9969047904014587,True,A chef is preparing some food.,A chef cooks food.,0.9965488314628601,0.9954066276550293,0.9954066276550293,contradiction,0.999014139175415,False,False,False,"[{""group"":""quantifier"",""original"":{""some"":1},""candidate"":{},""field"":""premise""}]",[],"[{""group"":""quantifier"",""original"":{""some"":1},""candidate"":{},""field"":""premise""}]",0.41666666666666663,True,[],facebook/nllb-200-distilled-600M,f8d333a098d19b4fd9a8b18f94170487ad3f821d,MoritzLaurer/DeBERTa-v3-base-mnli-fever-anli,6f5cf0a2b59cabb106aca4c287eed12e357e90eb
661,450897,450897:hypothesis:fra_Latn,hypothesis,contradiction,RELIABLE_GOLD,contradiction,0.9969047904014587,True,In the kitchen the man washes dishes.,"In the kitchen, the man washes the dishes.",0.9977641105651855,0.9981822967529297,0.9977641105651855,contradiction,0.9989845156669617,False,False,False,[],[],[],0.06329113924050633,True,[],facebook/nllb-200-distilled-600M,f8d333a098d19b4fd9a8b18f94170487ad3f821d,MoritzLaurer/DeBERTa-v3-base-mnli-fever-anli,6f5cf0a2b59cabb106aca4c287eed12e357e90eb
664,453097,453097:hypothesis:fra_Latn,hypothesis,neutral,RELIABLE_GOLD,neutral,0.9975109100341797,True,The people are almost to the finish line.,People are almost at the finish line.,0.9966778755187988,0.9935718774795532,0.9935718774795532,neutral,0.9947739243507385,False,False,False,[],[],[],0.07692307692307687,True,[],facebook/nllb-200-distilled-600M,f8d333a098d19b4fd9a8b18f94170487ad3f821d,MoritzLaurer/DeBERTa-v3-base-mnli-fever-anli,6f5cf0a2b59cabb106aca4c287eed12e357e90eb
667,456266,456266:premise:fra_Latn,premise,neutral,RELIABLE_GOLD,neutral,0.9930018782615662,True,A guy lifts some heavy weights while an older man assists him.,A guy lifts heavy weights while an older man helps him.,0.9972472786903381,0.9931424856185913,0.9931424856185913,neutral,0.9924800395965576,False,False,False,"[{""group"":""quantifier"",""original"":{""some"":1},""candidate"":{},""field"":""premise""}]",[],"[{""group"":""quantifier"",""original"":{""some"":1},""candidate"":{},""field"":""premise""}]",0.1282051282051282,True,[],facebook/nllb-200-distilled-600M,f8d333a098d19b4fd9a8b18f94170487ad3f821d,MoritzLaurer/DeBERTa-v3-base-mnli-fever-anli,6f5cf0a2b59cabb106aca4c287eed12e357e90eb
668,456761,456761:premise:fra_Latn,premise,contradiction,RELIABLE_GOLD,contradiction,0.9994820952415466,True,"Three dogs run on beach, two playing with unknown object.","Three dogs are running on the beach, two are playing with an unknown object.",0.9944422841072083,0.9958317875862122,0.9944422841072083,contradiction,0.9993165731430054,False,False,False,[],[],[],0.1428571428571429,True,[],facebook/nllb-200-distilled-600M,f8d333a098d19b4fd9a8b18f94170487ad3f821d,MoritzLaurer/DeBERTa-v3-base-mnli-fever-anli,6f5cf0a2b59cabb106aca4c287eed12e357e90eb
668,456761,456761:hypothesis:fra_Latn,hypothesis,contradiction,RELIABLE_GOLD,contradiction,0.9994820952415466,True,Three dogs are swimming in the ocean.,Three dogs swimming in the ocean.,0.9962044358253479,0.9960162043571472,0.9960162043571472,contradiction,0.9994882345199585,False,False,False,[],[],[],0.05714285714285716,True,[],facebook/nllb-200-distilled-600M,f8d333a098d19b4fd9a8b18f94170487ad3f821d,MoritzLaurer/DeBERTa-v3-base-mnli-fever-anli,6f5cf0a2b59cabb106aca4c287eed12e357e90eb
671,457899,457899:premise:fra_Latn,premise,entailment,RELIABLE_GOLD,entailment,0.9944114089012146,True,A woman in a red dress and a man in a white suite are engaging in a ballet performance on a purple lit stage.,A woman in a red dress and a man in a white suite perform a ballet on a purple-lit stage.,0.9907612204551697,0.9952066540718079,0.9907612204551697,entailment,0.9955931305885315,False,False,False,"[{""group"":""space"",""original"":{""in"":3,""on"":1},""candidate"":{""in"":2,""on"":1},""field"":""premise""}]",[],"[{""group"":""space"",""original"":{""in"":3,""on"":1},""candidate"":{""in"":2,""on"":1},""field"":""premise""}]",0.1717171717171717,True,[],facebook/nllb-200-distilled-600M,f8d333a098d19b4fd9a8b18f94170487ad3f821d,MoritzLaurer/DeBERTa-v3-base-mnli-fever-anli,6f5cf0a2b59cabb106aca4c287eed12e357e90eb
671,457899,457899:hypothesis:fra_Latn,hypothesis,entailment,RELIABLE_GOLD,entailment,0.9944114089012146,True,A man and woman are dancing.,A man and a woman are dancing.,0.9968212842941284,0.9973016977310181,0.9968212842941284,entailment,0.9937978386878967,False,False,False,[],[],[],0.03448275862068961,True,[],facebook/nllb-200-distilled-600M,f8d333a098d19b4fd9a8b18f94170487ad3f821d,MoritzLaurer/DeBERTa-v3-base-mnli-fever-anli,6f5cf0a2b59cabb106aca4c287eed12e357e90eb
672,458599,458599:hypothesis:fra_Latn,hypothesis,neutral,RELIABLE_GOLD,neutral,0.9978860020637512,True,A man is riding his bicycle in the forest to exercise.,A man is cycling in the woods to train.,0.9970609545707703,0.9950292706489563,0.9950292706489563,neutral,0.9989452958106995,False,False,False,[],[],[],0.3548387096774194,True,[],facebook/nllb-200-distilled-600M,f8d333a098d19b4fd9a8b18f94170487ad3f821d,MoritzLaurer/DeBERTa-v3-base-mnli-fever-anli,6f5cf0a2b59cabb106aca4c287eed12e357e90eb
673,458628,458628:hypothesis:fra_Latn,hypothesis,contradiction,RELIABLE_GOLD,contradiction,0.9996150732040405,True,The girls have no fingers.,Girls don't have fingers.,0.9971713423728943,0.9845578074455261,0.9845578074455261,contradiction,0.9995885491371155,False,False,False,"[{""group"":""negation"",""original"":{""no"":1},""candidate"":{""not"":1},""field"":""hypothesis""}]",[],"[{""group"":""negation"",""original"":{""no"":1},""candidate"":{""not"":1},""field"":""hypothesis""}]",0.2549019607843137,True,[],facebook/nllb-200-distilled-600M,f8d333a098d19b4fd9a8b18f94170487ad3f821d,MoritzLaurer/DeBERTa-v3-base-mnli-fever-anli,6f5cf0a2b59cabb106aca4c287eed12e357e90eb
674,459828,459828:hypothesis:fra_Latn,hypothesis,entailment,RELIABLE_GOLD,entailment,0.9872714877128601,True,Someone is jumping.,Somebody's going to jump.,0.9948240518569946,0.9834798574447632,0.9834798574447632,entailment,0.893547773361206,False,False,False,[],[],[],0.40909090909090906,True,[],facebook/nllb-200-distilled-600M,f8d333a098d19b4fd9a8b18f94170487ad3f821d,MoritzLaurer/DeBERTa-v3-base-mnli-fever-anli,6f5cf0a2b59cabb106aca4c287eed12e357e90eb
677,463559,463559:premise:fra_Latn,premise,neutral,RELIABLE_GOLD,neutral,0.996781587600708,True,"A woman is jogging on a road by a shoreline, holding an item up in the air.","A woman runs down a road near a beach, holding an object in the air.",0.9974299073219299,0.9969039559364319,0.9969039559364319,neutral,0.9827568531036377,False,False,False,"[{""group"":""space"",""original"":{""in"":1,""on"":1},""candidate"":{""in"":1,""near"":1},""field"":""premise""}]",[],"[{""group"":""space"",""original"":{""in"":1,""on"":1},""candidate"":{""in"":1,""near"":1},""field"":""premise""}]",0.30069930069930073,True,[],facebook/nllb-200-distilled-600M,f8d333a098d19b4fd9a8b18f94170487ad3f821d,MoritzLaurer/DeBERTa-v3-base-mnli-fever-anli,6f5cf0a2b59cabb106aca4c287eed12e357e90eb
677,463559,463559:hypothesis:fra_Latn,hypothesis,neutral,RELIABLE_GOLD,neutral,0.996781587600708,True,The woman is holding a rock.,The woman is holding a stone.,0.9979016780853271,0.9981499910354614,0.9979016780853271,neutral,0.9978171586990356,False,False,False,[],[],[],0.1228070175438597,True,[],facebook/nllb-200-distilled-600M,f8d333a098d19b4fd9a8b18f94170487ad3f821d,MoritzLaurer/DeBERTa-v3-base-mnli-fever-anli,6f5cf0a2b59cabb106aca4c287eed12e357e90eb
679,463687,463687:premise:fra_Latn,premise,neutral,RELIABLE_GOLD,neutral,0.9972471594810486,True,Children are playing outside in a rocky area beside a river.,The children are playing outside in a rocky area by a river.,0.9940195083618164,0.996971607208252,0.9940195083618164,neutral,0.996439516544342,False,False,False,"[{""group"":""space"",""original"":{""beside"":1,""outside"":1,""in"":1},""candidate"":{""outside"":1,""in"":1},""field"":""premise""}]",[],"[{""group"":""space"",""original"":{""beside"":1,""outside"":1,""in"":1},""candidate"":{""outside"":1,""in"":1},""field"":""premise""}]",0.08333333333333337,True,[],facebook/nllb-200-distilled-600M,f8d333a098d19b4fd9a8b18f94170487ad3f821d,MoritzLaurer/DeBERTa-v3-base-mnli-fever-anli,6f5cf0a2b59cabb106aca4c287eed12e357e90eb
680,464513,464513:premise:fra_Latn,premise,contradiction,RELIABLE_GOLD,contradiction,0.9989025592803955,True,A small kid wearing a helmet smiles while his father is doing some adjustment at its back.,A little boy wearing a helmet smiles as his father makes adjustments to his back.,0.9947478175163269,0.9979636669158936,0.9947478175163269,contradiction,0.9988510608673096,False,False,False,"[{""group"":""quantifier"",""original"":{""some"":1},""candidate"":{},""field"":""premise""}]",[],"[{""group"":""quantifier"",""original"":{""some"":1},""candidate"":{},""field"":""premise""}]",0.23976608187134507,True,[],facebook/nllb-200-distilled-600M,f8d333a098d19b4fd9a8b18f94170487ad3f821d,MoritzLaurer/DeBERTa-v3-base-mnli-fever-anli,6f5cf0a2b59cabb106aca4c287eed12e357e90eb
680,464513,464513:hypothesis:fra_Latn,hypothesis,contradiction,RELIABLE_GOLD,contradiction,0.9989025592803955,True,The kid is flying through the sky wearing a cape.,The kid's flying in the sky in a cape.,0.9966680407524109,0.9968929290771484,0.9966680407524109,contradiction,0.9987398982048035,False,False,False,"[{""group"":""space"",""original"":{""through"":1},""candidate"":{""in"":2},""field"":""hypothesis""}]",[],"[{""group"":""space"",""original"":{""through"":1},""candidate"":{""in"":2},""field"":""hypothesis""}]",0.1954022988505747,True,[],facebook/nllb-200-distilled-600M,f8d333a098d19b4fd9a8b18f94170487ad3f821d,MoritzLaurer/DeBERTa-v3-base-mnli-fever-anli,6f5cf0a2b59cabb106aca4c287eed12e357e90eb
681,464854,464854:hypothesis:fra_Latn,hypothesis,entailment,RELIABLE_GOLD,entailment,0.9669817090034485,True,There are two boys.,There's two boys.,0.9938884973526001,0.9925715327262878,0.9925715327262878,entailment,0.9680482745170593,False,False,False,[],[],[],0.16666666666666663,True,[],facebook/nllb-200-distilled-600M,f8d333a098d19b4fd9a8b18f94170487ad3f821d,MoritzLaurer/DeBERTa-v3-base-mnli-fever-anli,6f5cf0a2b59cabb106aca4c287eed12e357e90eb
682,464901,464901:hypothesis:fra_Latn,hypothesis,contradiction,RELIABLE_GOLD,contradiction,0.9843907952308655,True,A man juggles on the street.,A man juggling in the street.,0.9952263832092285,0.9976685643196106,0.9952263832092285,contradiction,0.969651460647583,False,False,False,"[{""group"":""space"",""original"":{""on"":1},""candidate"":{""in"":1},""field"":""hypothesis""}]",[],"[{""group"":""space"",""original"":{""on"":1},""candidate"":{""in"":1},""field"":""hypothesis""}]",0.1228070175438597,True,[],facebook/nllb-200-distilled-600M,f8d333a098d19b4fd9a8b18f94170487ad3f821d,MoritzLaurer/DeBERTa-v3-base-mnli-fever-anli,6f5cf0a2b59cabb106aca4c287eed12e357e90eb
684,467470,467470:premise:fra_Latn,premise,contradiction,RELIABLE_GOLD,contradiction,0.9991703033447266,True,A group of people are sitting on the top of a boat.,A group of people is sitting on top of a boat.,0.9975305199623108,0.9973522424697876,0.9973522424697876,contradiction,0.9991542100906372,False,False,False,[],[],[],0.09278350515463918,True,[],facebook/nllb-200-distilled-600M,f8d333a098d19b4fd9a8b18f94170487ad3f821d,MoritzLaurer/DeBERTa-v3-base-mnli-fever-anli,6f5cf0a2b59cabb106aca4c287eed12e357e90eb
684,467470,467470:hypothesis:fra_Latn,hypothesis,contradiction,RELIABLE_GOLD,contradiction,0.9991703033447266,True,The people are swimming,People are swimming .,0.9929838180541992,0.987351655960083,0.987351655960083,contradiction,0.9950849413871765,False,False,False,[],[],[],0.13636363636363635,True,[],facebook/nllb-200-distilled-600M,f8d333a098d19b4fd9a8b18f94170487ad3f821d,MoritzLaurer/DeBERTa-v3-base-mnli-fever-anli,6f5cf0a2b59cabb106aca4c287eed12e357e90eb
686,468548,468548:premise:fra_Latn,premise,contradiction,RELIABLE_GOLD,contradiction,0.9828447103500366,True,A class of students all doing different actions.,A class of students doing different things.,0.9944524168968201,0.9669873118400574,0.9669873118400574,contradiction,0.9947358965873718,False,False,False,"[{""group"":""quantifier"",""original"":{""all"":1},""candidate"":{},""field"":""premise""}]",[],"[{""group"":""quantifier"",""original"":{""all"":1},""candidate"":{},""field"":""premise""}]",0.09890109890109888,True,[],facebook/nllb-200-distilled-600M,f8d333a098d19b4fd9a8b18f94170487ad3f821d,MoritzLaurer/DeBERTa-v3-base-mnli-fever-anli,6f5cf0a2b59cabb106aca4c287eed12e357e90eb
687,469856,469856:hypothesis:fra_Latn,hypothesis,neutral,RELIABLE_GOLD,neutral,0.9932206869125366,True,There is a criminal in the back of a police van.,There's a criminal in the back of a police van.,0.9953889846801758,0.9932423233985901,0.9932423233985901,neutral,0.992734432220459,False,False,False,[],[],[],0.03157894736842104,True,[],facebook/nllb-200-distilled-600M,f8d333a098d19b4fd9a8b18f94170487ad3f821d,MoritzLaurer/DeBERTa-v3-base-mnli-fever-anli,6f5cf0a2b59cabb106aca4c287eed12e357e90eb
688,470247,470247:premise:fra_Latn,premise,entailment,RELIABLE_GOLD,entailment,0.9961732029914856,True,A man with a yellow hat on is leaning on a wall of some sort.,A man in a yellow hat is leaning on a kind of wall.,0.9956386685371399,0.9916523098945618,0.9916523098945618,entailment,0.9963239431381226,False,False,False,"[{""group"":""quantifier"",""original"":{""some"":1},""candidate"":{},""field"":""premise""},{""group"":""space"",""original"":{""on"":2},""candidate"":{""in"":1,""on"":1},""field"":""premise""}]",[],"[{""group"":""quantifier"",""original"":{""some"":1},""candidate"":{},""field"":""premise""},{""group"":""space"",""original"":{""on"":2},""candidate"":{""in"":1,""on"":1},""field"":""premise""}]",0.25,True,[],facebook/nllb-200-distilled-600M,f8d333a098d19b4fd9a8b18f94170487ad3f821d,MoritzLaurer/DeBERTa-v3-base-mnli-fever-anli,6f5cf0a2b59cabb106aca4c287eed12e357e90eb
688,470247,470247:hypothesis:fra_Latn,hypothesis,entailment,RELIABLE_GOLD,entailment,0.9961732029914856,True,someone with a yellow hat leans,someone with a leaning yellow hat,0.9576364755630493,0.9678083062171936,0.9576364755630493,entailment,0.9855786561965942,False,False,False,[],[],[],0.21875,True,[],facebook/nllb-200-distilled-600M,f8d333a098d19b4fd9a8b18f94170487ad3f821d,MoritzLaurer/DeBERTa-v3-base-mnli-fever-anli,6f5cf0a2b59cabb106aca4c287eed12e357e90eb
691,472789,472789:premise:fra_Latn,premise,contradiction,RELIABLE_GOLD,contradiction,0.9994661211967468,True,A young boy points a toy rifle off-camera.,A young boy points a toy rifle out of the camera.,0.9903165698051453,0.9959995746612549,0.9903165698051453,contradiction,0.9994592070579529,False,False,False,[],[],[],0.1208791208791209,True,[],facebook/nllb-200-distilled-600M,f8d333a098d19b4fd9a8b18f94170487ad3f821d,MoritzLaurer/DeBERTa-v3-base-mnli-fever-anli,6f5cf0a2b59cabb106aca4c287eed12e357e90eb
691,472789,472789:hypothesis:fra_Latn,hypothesis,contradiction,RELIABLE_GOLD,contradiction,0.9994661211967468,True,A boy is holding a sword.,A boy holds a sword.,0.9982060194015503,0.9976587295532227,0.9976587295532227,contradiction,0.9992678761482239,False,False,False,[],[],[],0.15555555555555556,True,[],facebook/nllb-200-distilled-600M,f8d333a098d19b4fd9a8b18f94170487ad3f821d,MoritzLaurer/DeBERTa-v3-base-mnli-fever-anli,6f5cf0a2b59cabb106aca4c287eed12e357e90eb
692,473855,473855:hypothesis:fra_Latn,hypothesis,entailment,RELIABLE_GOLD,entailment,0.9745338559150696,True,The person is outdoors.,The person is outside.,0.9976844787597656,0.9964697360992432,0.9964697360992432,entailment,0.9823618531227112,False,False,False,"[{""group"":""space"",""original"":{},""candidate"":{""outside"":1},""field"":""hypothesis""}]",[],"[{""group"":""space"",""original"":{},""candidate"":{""outside"":1},""field"":""hypothesis""}]",0.15555555555555556,True,[],facebook/nllb-200-distilled-600M,f8d333a098d19b4fd9a8b18f94170487ad3f821d,MoritzLaurer/DeBERTa-v3-base-mnli-fever-anli,6f5cf0a2b59cabb106aca4c287eed12e357e90eb
694,474740,474740:premise:fra_Latn,premise,entailment,RELIABLE_GOLD,entailment,0.9941936135292053,True,A man in white is playing a black accordion.,A man in white plays a black accordion.,0.9966031312942505,0.9960352778434753,0.9960352778434753,entailment,0.9926983714103699,False,False,False,[],[],[],0.08433734939759041,True,[],facebook/nllb-200-distilled-600M,f8d333a098d19b4fd9a8b18f94170487ad3f821d,MoritzLaurer/DeBERTa-v3-base-mnli-fever-anli,6f5cf0a2b59cabb106aca4c287eed12e357e90eb
694,474740,474740:hypothesis:fra_Latn,hypothesis,entailment,RELIABLE_GOLD,entailment,0.9941936135292053,True,man plays accordion,the man plays the accordion,0.9962168335914612,0.9961932897567749,0.9961932897567749,entailment,0.9927189350128174,False,False,False,[],[],[],0.17391304347826086,True,[],facebook/nllb-200-distilled-600M,f8d333a098d19b4fd9a8b18f94170487ad3f821d,MoritzLaurer/DeBERTa-v3-base-mnli-fever-anli,6f5cf0a2b59cabb106aca4c287eed12e357e90eb
696,475232,475232:premise:fra_Latn,premise,neutral,RELIABLE_GOLD,neutral,0.876193106174469,True,A guy snowboarding down a pole that is on top of a blue vehicle into the snow.,A guy who's snowboarding on a pole that's on a blue vehicle in the snow.,0.99379962682724,0.9225995540618896,0.9225995540618896,neutral,0.9310048818588257,False,False,False,"[{""group"":""space"",""original"":{""on"":1},""candidate"":{""in"":1,""on"":2},""field"":""premise""}]",[],"[{""group"":""space"",""original"":{""on"":1},""candidate"":{""in"":1,""on"":2},""field"":""premise""}]",0.1333333333333333,True,[],facebook/nllb-200-distilled-600M,f8d333a098d19b4fd9a8b18f94170487ad3f821d,MoritzLaurer/DeBERTa-v3-base-mnli-fever-anli,6f5cf0a2b59cabb106aca4c287eed12e357e90eb
697,475671,475671:hypothesis:fra_Latn,hypothesis,neutral,RELIABLE_GOLD,neutral,0.9995456337928772,True,It was a wedding for two Indian people,It was a wedding for two Indians.,0.9948550462722778,0.9882633686065674,0.9882633686065674,neutral,0.9995220899581909,False,False,False,[],[],[],0.12676056338028174,True,[],facebook/nllb-200-distilled-600M,f8d333a098d19b4fd9a8b18f94170487ad3f821d,MoritzLaurer/DeBERTa-v3-base-mnli-fever-anli,6f5cf0a2b59cabb106aca4c287eed12e357e90eb
698,477167,477167:hypothesis:fra_Latn,hypothesis,contradiction,RELIABLE_GOLD,contradiction,0.999419093132019,True,The woman is wearing a white shirt.,The woman wears a white shirt.,0.9979603290557861,0.9972652196884155,0.9972652196884155,contradiction,0.9993663430213928,False,False,False,[],[],[],0.10769230769230764,True,[],facebook/nllb-200-distilled-600M,f8d333a098d19b4fd9a8b18f94170487ad3f821d,MoritzLaurer/DeBERTa-v3-base-mnli-fever-anli,6f5cf0a2b59cabb106aca4c287eed12e357e90eb
700,477332,477332:premise:fra_Latn,premise,entailment,RELIABLE_GOLD,entailment,0.9973662495613098,True,People are in a restaurant eating.,People eat in a restaurant.,0.9982477426528931,0.9967717528343201,0.9967717528343201,entailment,0.9959357976913452,False,False,False,[],[],[],0.180327868852459,True,[],facebook/nllb-200-distilled-600M,f8d333a098d19b4fd9a8b18f94170487ad3f821d,MoritzLaurer/DeBERTa-v3-base-mnli-fever-anli,6f5cf0a2b59cabb106aca4c287eed12e357e90eb
700,477332,477332:hypothesis:fra_Latn,hypothesis,entailment,RELIABLE_GOLD,entailment,0.9973662495613098,True,A group of individuals eating in a restaurant.,A group of people eating in a restaurant.,0.9968259334564209,0.9945230484008789,0.9945230484008789,entailment,0.9944831728935242,False,False,False,[],[],[],0.1724137931034483,True,[],facebook/nllb-200-distilled-600M,f8d333a098d19b4fd9a8b18f94170487ad3f821d,MoritzLaurer/DeBERTa-v3-base-mnli-fever-anli,6f5cf0a2b59cabb106aca4c287eed12e357e90eb
702,477962,477962:hypothesis:fra_Latn,hypothesis,entailment,RELIABLE_GOLD,entailment,0.9773757457733154,True,Girls are walking in the daytime.,Girls walk around during the day.,0.9975511431694031,0.9963275790214539,0.9963275790214539,entailment,0.9831383228302002,False,False,False,"[{""group"":""time"",""original"":{},""candidate"":{""during"":1},""field"":""hypothesis""},{""group"":""space"",""original"":{""in"":1},""candidate"":{},""field"":""hypothesis""}]",[],"[{""group"":""time"",""original"":{},""candidate"":{""during"":1},""field"":""hypothesis""},{""group"":""space"",""original"":{""in"":1},""candidate"":{},""field"":""hypothesis""}]",0.33333333333333337,True,[],facebook/nllb-200-distilled-600M,f8d333a098d19b4fd9a8b18f94170487ad3f821d,MoritzLaurer/DeBERTa-v3-base-mnli-fever-anli,6f5cf0a2b59cabb106aca4c287eed12e357e90eb
707,485427,485427:premise:fra_Latn,premise,neutral,RELIABLE_GOLD,neutral,0.9992644190788269,True,A child jumps onto a bed.,A child jumps on a bed.,0.9979748129844666,0.9978218078613281,0.9978218078613281,neutral,0.9992384910583496,False,False,False,"[{""group"":""space"",""original"":{},""candidate"":{""on"":1},""field"":""premise""}]",[],"[{""group"":""space"",""original"":{},""candidate"":{""on"":1},""field"":""premise""}]",0.04166666666666663,True,[],facebook/nllb-200-distilled-600M,f8d333a098d19b4fd9a8b18f94170487ad3f821d,MoritzLaurer/DeBERTa-v3-base-mnli-fever-anli,6f5cf0a2b59cabb106aca4c287eed12e357e90eb
707,485427,485427:hypothesis:fra_Latn,hypothesis,neutral,RELIABLE_GOLD,neutral,0.9992644190788269,True,The child is jumping on the bed and his big sister is worried that the bed will break and they will get scolded.,The child jumps on the bed and her older sister fears that the bed will break and they will be rebuked.,0.9951778650283813,0.9966118931770325,0.9951778650283813,neutral,0.9986646175384521,False,False,False,[],[],[],0.2093023255813954,True,[],facebook/nllb-200-distilled-600M,f8d333a098d19b4fd9a8b18f94170487ad3f821d,MoritzLaurer/DeBERTa-v3-base-mnli-fever-anli,6f5cf0a2b59cabb106aca4c287eed12e357e90eb
708,485580,485580:premise:fra_Latn,premise,contradiction,RELIABLE_GOLD,contradiction,0.9983468055725098,True,A man who is wearing glasses is planting trees.,A man in glasses planted trees.,0.9972381591796875,0.9976383447647095,0.9972381591796875,contradiction,0.9975330829620361,False,False,False,"[{""group"":""space"",""original"":{},""candidate"":{""in"":1},""field"":""premise""}]",[],"[{""group"":""space"",""original"":{},""candidate"":{""in"":1},""field"":""premise""}]",0.2564102564102564,True,[],facebook/nllb-200-distilled-600M,f8d333a098d19b4fd9a8b18f94170487ad3f821d,MoritzLaurer/DeBERTa-v3-base-mnli-fever-anli,6f5cf0a2b59cabb106aca4c287eed12e357e90eb
708,485580,485580:hypothesis:fra_Latn,hypothesis,contradiction,RELIABLE_GOLD,contradiction,0.9983468055725098,True,A man plants strawberries.,A man planted strawberries.,0.9975123405456543,0.9969170093536377,0.9969170093536377,contradiction,0.9988797307014465,False,False,False,[],[],[],0.05660377358490565,True,[],facebook/nllb-200-distilled-600M,f8d333a098d19b4fd9a8b18f94170487ad3f821d,MoritzLaurer/DeBERTa-v3-base-mnli-fever-anli,6f5cf0a2b59cabb106aca4c287eed12e357e90eb
710,485858,485858:premise:fra_Latn,premise,entailment,RELIABLE_GOLD,entailment,0.995815098285675,True,"A woman with long dark hair is walking on a sidewalk past some tall buildings, while two other people walk across the street with their dog.","A woman with long, dark hair walks down a sidewalk in front of tall buildings, while two other people cross the street with their dog.",0.9822638630867004,0.9949982166290283,0.9822638630867004,entailment,0.9913148283958435,False,False,False,"[{""group"":""quantifier"",""original"":{""some"":1},""candidate"":{},""field"":""premise""},{""group"":""space"",""original"":{""on"":1},""candidate"":{""front"":1,""in"":1},""field"":""premise""}]",[],"[{""group"":""quantifier"",""original"":{""some"":1},""candidate"":{},""field"":""premise""},{""group"":""space"",""original"":{""on"":1},""candidate"":{""front"":1,""in"":1},""field"":""premise""}]",0.10948905109489049,True,[],facebook/nllb-200-distilled-600M,f8d333a098d19b4fd9a8b18f94170487ad3f821d,MoritzLaurer/DeBERTa-v3-base-mnli-fever-anli,6f5cf0a2b59cabb106aca4c287eed12e357e90eb
710,485858,485858:hypothesis:fra_Latn,hypothesis,entailment,RELIABLE_GOLD,entailment,0.995815098285675,True,People walking.,People are walking.,0.994902491569519,0.9964661598205566,0.994902491569519,entailment,0.9970822930335999,False,False,False,[],[],[],0.11764705882352944,True,[],facebook/nllb-200-distilled-600M,f8d333a098d19b4fd9a8b18f94170487ad3f821d,MoritzLaurer/DeBERTa-v3-base-mnli-fever-anli,6f5cf0a2b59cabb106aca4c287eed12e357e90eb
711,486098,486098:premise:fra_Latn,premise,entailment,RELIABLE_GOLD,entailment,0.8895876407623291,True,A professor explaining a University level lecture.,A professor explaining a university lecture.,0.992057740688324,0.9904800057411194,0.9904800057411194,entailment,0.9202702045440674,False,False,False,[],[],[],0.06382978723404253,True,[],facebook/nllb-200-distilled-600M,f8d333a098d19b4fd9a8b18f94170487ad3f821d,MoritzLaurer/DeBERTa-v3-base-mnli-fever-anli,6f5cf0a2b59cabb106aca4c287eed12e357e90eb
713,487229,487229:premise:fra_Latn,premise,contradiction,RELIABLE_GOLD,contradiction,0.9990410208702087,True,A young girl in a green bathing suit getting splashed with water.,A young girl in a green swimsuit gets sprayed with water.,0.9861435890197754,0.9951853156089783,0.9861435890197754,contradiction,0.9991218447685242,False,False,False,[],[],[],0.16393442622950816,True,[],facebook/nllb-200-distilled-600M,f8d333a098d19b4fd9a8b18f94170487ad3f821d,MoritzLaurer/DeBERTa-v3-base-mnli-fever-anli,6f5cf0a2b59cabb106aca4c287eed12e357e90eb
714,487685,487685:hypothesis:fra_Latn,hypothesis,neutral,RELIABLE_GOLD,neutral,0.9925249814987183,True,The people are talking.,People are talking.,0.9953835606575012,0.9916812777519226,0.9916812777519226,neutral,0.9757763743400574,False,False,False,[],[],[],0.09523809523809523,True,[],facebook/nllb-200-distilled-600M,f8d333a098d19b4fd9a8b18f94170487ad3f821d,MoritzLaurer/DeBERTa-v3-base-mnli-fever-anli,6f5cf0a2b59cabb106aca4c287eed12e357e90eb
716,488702,488702:hypothesis:fra_Latn,hypothesis,entailment,RELIABLE_GOLD,entailment,0.9972736239433289,True,"On the grass near the water, a person in a yellow hat walks carrying fishing gear.","On the grass by the water, a person in a yellow hat walks with fishing gear.",0.9974071383476257,0.995556652545929,0.995556652545929,entailment,0.9977931976318359,False,False,False,"[{""group"":""space"",""original"":{""in"":1,""near"":1,""on"":1},""candidate"":{""in"":1,""on"":1},""field"":""hypothesis""}]",[],"[{""group"":""space"",""original"":{""in"":1,""near"":1,""on"":1},""candidate"":{""in"":1,""on"":1},""field"":""hypothesis""}]",0.10126582278481011,True,[],facebook/nllb-200-distilled-600M,f8d333a098d19b4fd9a8b18f94170487ad3f821d,MoritzLaurer/DeBERTa-v3-base-mnli-fever-anli,6f5cf0a2b59cabb106aca4c287eed12e357e90eb
717,488841,488841:premise:fra_Latn,premise,contradiction,RELIABLE_GOLD,contradiction,0.999595582485199,True,People are standing in a room with a television that has a picture of a boat on the water.,People stand in a room with a TV that has a picture of a boat on the water.,0.98854660987854,0.9898459911346436,0.98854660987854,contradiction,0.9996111989021301,False,False,False,[],[],[],0.09090909090909094,True,[],facebook/nllb-200-distilled-600M,f8d333a098d19b4fd9a8b18f94170487ad3f821d,MoritzLaurer/DeBERTa-v3-base-mnli-fever-anli,6f5cf0a2b59cabb106aca4c287eed12e357e90eb
717,488841,488841:hypothesis:fra_Latn,hypothesis,contradiction,RELIABLE_GOLD,contradiction,0.999595582485199,True,A man sits online in a dark room eating pizza and watching Wheel of Fortune.,"A man is sitting online in a dark room, eating pizza and watching Wheel of Fortune.",0.994082510471344,0.9960103034973145,0.994082510471344,contradiction,0.9995607733726501,False,False,False,[],[],[],0.05660377358490565,True,[],facebook/nllb-200-distilled-600M,f8d333a098d19b4fd9a8b18f94170487ad3f821d,MoritzLaurer/DeBERTa-v3-base-mnli-fever-anli,6f5cf0a2b59cabb106aca4c287eed12e357e90eb
718,489327,489327:premise:fra_Latn,premise,contradiction,RELIABLE_GOLD,contradiction,0.9981104135513306,True,A person wearing a red vest climbs up a steep rock.,A person wearing a red vest climbs a steep rock.,0.9973719120025635,0.9968057870864868,0.9968057870864868,contradiction,0.9942243695259094,False,False,False,[],[],[],0.030303030303030276,True,[],facebook/nllb-200-distilled-600M,f8d333a098d19b4fd9a8b18f94170487ad3f821d,MoritzLaurer/DeBERTa-v3-base-mnli-fever-anli,6f5cf0a2b59cabb106aca4c287eed12e357e90eb
720,489857,489857:premise:fra_Latn,premise,entailment,RELIABLE_GOLD,entailment,0.9963387250900269,True,A little boy learning how to handle an owl in the outdoors.,A little boy learning how to handle an owl outside.,0.9961701035499573,0.9922388195991516,0.9922388195991516,entailment,0.996180534362793,False,False,False,"[{""group"":""space"",""original"":{""in"":1},""candidate"":{""outside"":1},""field"":""premise""}]",[],"[{""group"":""space"",""original"":{""in"":1},""candidate"":{""outside"":1},""field"":""premise""}]",0.12727272727272732,True,[],facebook/nllb-200-distilled-600M,f8d333a098d19b4fd9a8b18f94170487ad3f821d,MoritzLaurer/DeBERTa-v3-base-mnli-fever-anli,6f5cf0a2b59cabb106aca4c287eed12e357e90eb
722,491039,491039:premise:fra_Latn,premise,entailment,RELIABLE_GOLD,entailment,0.996351957321167,True,A young lady is being videotaped while she's sitting in her stroller in front of a Sysco truck on the sidewalk.,A young woman is filmed as she sits in her stroller in front of a Sysco truck on the sidewalk.,0.9970609545707703,0.9981203675270081,0.9970609545707703,entailment,0.9976656436920166,False,False,False,[],[],[],0.18048780487804883,True,[],facebook/nllb-200-distilled-600M,f8d333a098d19b4fd9a8b18f94170487ad3f821d,MoritzLaurer/DeBERTa-v3-base-mnli-fever-anli,6f5cf0a2b59cabb106aca4c287eed12e357e90eb
722,491039,491039:hypothesis:fra_Latn,hypothesis,entailment,RELIABLE_GOLD,entailment,0.996351957321167,True,a young woman is being filmed while she sits in her stroller on the sidewalk in front of a truck,A young woman is filmed sitting in her stroller on the sidewalk in front of a truck,0.9958788156509399,0.9965906143188477,0.9958788156509399,entailment,0.9967730641365051,False,False,False,[],[],[],0.11731843575418999,True,[],facebook/nllb-200-distilled-600M,f8d333a098d19b4fd9a8b18f94170487ad3f821d,MoritzLaurer/DeBERTa-v3-base-mnli-fever-anli,6f5cf0a2b59cabb106aca4c287eed12e357e90eb
723,492175,492175:premise:fra_Latn,premise,neutral,RELIABLE_GOLD,neutral,0.9994574189186096,True,A person holding a small dog on a leash is bending over and looking through items.,A person holding a little dog on a leash bends over and looks at objects.,0.9974679946899414,0.9841564297676086,0.9841564297676086,neutral,0.9991539716720581,False,False,False,"[{""group"":""space"",""original"":{""through"":1,""over"":1,""on"":1},""candidate"":{""over"":1,""on"":1},""field"":""premise""}]",[],"[{""group"":""space"",""original"":{""through"":1,""over"":1,""on"":1},""candidate"":{""over"":1,""on"":1},""field"":""premise""}]",0.2129032258064516,True,[],facebook/nllb-200-distilled-600M,f8d333a098d19b4fd9a8b18f94170487ad3f821d,MoritzLaurer/DeBERTa-v3-base-mnli-fever-anli,6f5cf0a2b59cabb106aca4c287eed12e357e90eb
723,492175,492175:hypothesis:fra_Latn,hypothesis,neutral,RELIABLE_GOLD,neutral,0.9994574189186096,True,The person is looking though several shopping bags.,The person looks through several shopping bags.,0.9961258769035339,0.9937322735786438,0.9937322735786438,neutral,0.9993202686309814,False,False,False,"[{""group"":""space"",""original"":{},""candidate"":{""through"":1},""field"":""hypothesis""}]",[],"[{""group"":""space"",""original"":{},""candidate"":{""through"":1},""field"":""hypothesis""}]",0.08163265306122447,True,[],facebook/nllb-200-distilled-600M,f8d333a098d19b4fd9a8b18f94170487ad3f821d,MoritzLaurer/DeBERTa-v3-base-mnli-fever-anli,6f5cf0a2b59cabb106aca4c287eed12e357e90eb
724,493759,493759:premise:fra_Latn,premise,contradiction,RELIABLE_GOLD,contradiction,0.999159574508667,True,Yellow dog catches ball in shallow waters.,The yellow dog catches the ball in shallow water.,0.996661901473999,0.997053861618042,0.996661901473999,contradiction,0.9992347955703735,False,False,False,[],[],[],0.09890109890109888,True,[],facebook/nllb-200-distilled-600M,f8d333a098d19b4fd9a8b18f94170487ad3f821d,MoritzLaurer/DeBERTa-v3-base-mnli-fever-anli,6f5cf0a2b59cabb106aca4c287eed12e357e90eb
724,493759,493759:hypothesis:fra_Latn,hypothesis,contradiction,RELIABLE_GOLD,contradiction,0.999159574508667,True,Dog sleeping,Dogs are sleeping,0.9903182983398438,0.9819629192352295,0.9819629192352295,contradiction,0.9994159936904907,False,False,False,[],[],[],0.1724137931034483,True,[],facebook/nllb-200-distilled-600M,f8d333a098d19b4fd9a8b18f94170487ad3f821d,MoritzLaurer/DeBERTa-v3-base-mnli-fever-anli,6f5cf0a2b59cabb106aca4c287eed12e357e90eb
726,495730,495730:premise:fra_Latn,premise,neutral,RELIABLE_GOLD,neutral,0.9978094696998596,True,A woman in a park wearing a hat and holding a scarf over her face.,A woman in a park wearing a hat and a scarf on her face.,0.9947658777236938,0.9860617518424988,0.9860617518424988,neutral,0.9975392818450928,False,False,False,"[{""group"":""space"",""original"":{""over"":1,""in"":1},""candidate"":{""in"":1,""on"":1},""field"":""premise""}]",[],"[{""group"":""space"",""original"":{""over"":1,""in"":1},""candidate"":{""in"":1,""on"":1},""field"":""premise""}]",0.09836065573770492,True,[],facebook/nllb-200-distilled-600M,f8d333a098d19b4fd9a8b18f94170487ad3f821d,MoritzLaurer/DeBERTa-v3-base-mnli-fever-anli,6f5cf0a2b59cabb106aca4c287eed12e357e90eb
726,495730,495730:hypothesis:fra_Latn,hypothesis,neutral,RELIABLE_GOLD,neutral,0.9978094696998596,True,A woman is in a city park.,There's a woman in a city park.,0.9975016713142395,0.9974460601806641,0.9974460601806641,neutral,0.9972084164619446,False,False,False,[],[],[],0.19298245614035092,True,[],facebook/nllb-200-distilled-600M,f8d333a098d19b4fd9a8b18f94170487ad3f821d,MoritzLaurer/DeBERTa-v3-base-mnli-fever-anli,6f5cf0a2b59cabb106aca4c287eed12e357e90eb
728,496534,496534:premise:fra_Latn,premise,neutral,RELIABLE_GOLD,neutral,0.9976564645767212,True,Three guys riding on an elephant with a house-like structures and trees in the background.,Three guys riding an elephant with structures like a house and trees in the background.,0.9945929646492004,0.9940981864929199,0.9940981864929199,neutral,0.9982390403747559,False,False,False,"[{""group"":""space"",""original"":{""in"":1,""on"":1},""candidate"":{""in"":1},""field"":""premise""}]",[],"[{""group"":""space"",""original"":{""in"":1,""on"":1},""candidate"":{""in"":1},""field"":""premise""}]",0.16384180790960456,True,[],facebook/nllb-200-distilled-600M,f8d333a098d19b4fd9a8b18f94170487ad3f821d,MoritzLaurer/DeBERTa-v3-base-mnli-fever-anli,6f5cf0a2b59cabb106aca4c287eed12e357e90eb
728,496534,496534:hypothesis:fra_Latn,hypothesis,neutral,RELIABLE_GOLD,neutral,0.9976564645767212,True,The elephants sometimes fight their trainers.,Elephants sometimes fight with their trainers.,0.9970468878746033,0.9942534565925598,0.9942534565925598,neutral,0.997800886631012,False,False,False,[],[],[],0.09890109890109888,True,[],facebook/nllb-200-distilled-600M,f8d333a098d19b4fd9a8b18f94170487ad3f821d,MoritzLaurer/DeBERTa-v3-base-mnli-fever-anli,6f5cf0a2b59cabb106aca4c287eed12e357e90eb
729,499937,499937:premise:fra_Latn,premise,contradiction,RELIABLE_GOLD,contradiction,0.9990154504776001,True,They blow their trumpets.,They're blowing their trumpets.,0.9955267310142517,0.9970183372497559,0.9955267310142517,contradiction,0.9995607733726501,False,False,False,[],[],[],0.1071428571428571,True,[],facebook/nllb-200-distilled-600M,f8d333a098d19b4fd9a8b18f94170487ad3f821d,MoritzLaurer/DeBERTa-v3-base-mnli-fever-anli,6f5cf0a2b59cabb106aca4c287eed12e357e90eb
729,499937,499937:hypothesis:fra_Latn,hypothesis,contradiction,RELIABLE_GOLD,contradiction,0.9990154504776001,True,The trumpeters are playing fiddles.,The trumpets play violins.,0.9897913932800293,0.9909977912902832,0.9897913932800293,contradiction,0.9890896677970886,False,False,False,[],[],[],0.3114754098360656,True,[],facebook/nllb-200-distilled-600M,f8d333a098d19b4fd9a8b18f94170487ad3f821d,MoritzLaurer/DeBERTa-v3-base-mnli-fever-anli,6f5cf0a2b59cabb106aca4c287eed12e357e90eb
731,501731,501731:hypothesis:fra_Latn,hypothesis,contradiction,RELIABLE_GOLD,contradiction,0.999648928642273,True,No one is jumping from a swing.,No one jumps from a swing.,0.995186984539032,0.9622446298599243,0.9622446298599243,contradiction,0.9996449947357178,False,False,False,[],[],[],0.1228070175438597,True,[],facebook/nllb-200-distilled-600M,f8d333a098d19b4fd9a8b18f94170487ad3f821d,MoritzLaurer/DeBERTa-v3-base-mnli-fever-anli,6f5cf0a2b59cabb106aca4c287eed12e357e90eb
733,502223,502223:premise:fra_Latn,premise,neutral,RELIABLE_GOLD,neutral,0.9838272333145142,True,Three men are standing next to each other wearing different colored shirts.,Three men standing next to each other in different-colored shirts.,0.9971587657928467,0.9965840578079224,0.9965840578079224,neutral,0.9911242723464966,False,False,False,"[{""group"":""space"",""original"":{},""candidate"":{""in"":1},""field"":""premise""}]",[],"[{""group"":""space"",""original"":{},""candidate"":{""in"":1},""field"":""premise""}]",0.07801418439716312,True,[],facebook/nllb-200-distilled-600M,f8d333a098d19b4fd9a8b18f94170487ad3f821d,MoritzLaurer/DeBERTa-v3-base-mnli-fever-anli,6f5cf0a2b59cabb106aca4c287eed12e357e90eb
734,502423,502423:premise:fra_Latn,premise,entailment,RELIABLE_GOLD,entailment,0.9982593655586243,True,A man smiles and poses with a product he appears to be trying to sell.,A man smiles and poses with a product he seems to be trying to sell.,0.9942238926887512,0.9929429888725281,0.9929429888725281,entailment,0.9981831908226013,False,False,False,[],[],[],0.05797101449275366,True,[],facebook/nllb-200-distilled-600M,f8d333a098d19b4fd9a8b18f94170487ad3f821d,MoritzLaurer/DeBERTa-v3-base-mnli-fever-anli,6f5cf0a2b59cabb106aca4c287eed12e357e90eb
734,502423,502423:hypothesis:fra_Latn,hypothesis,entailment,RELIABLE_GOLD,entailment,0.9982593655586243,True,A person is posing with an object.,A person poses with an object.,0.9972227811813354,0.9932102560997009,0.9932102560997009,entailment,0.9978100657463074,False,False,False,[],[],[],0.125,True,[],facebook/nllb-200-distilled-600M,f8d333a098d19b4fd9a8b18f94170487ad3f821d,MoritzLaurer/DeBERTa-v3-base-mnli-fever-anli,6f5cf0a2b59cabb106aca4c287eed12e357e90eb
736,504105,504105:premise:fra_Latn,premise,entailment,RELIABLE_GOLD,entailment,0.9952724575996399,True,A man wearing a blue shirt smokes a cigarette in front of an official building.,A man in a blue shirt smokes a cigarette outside an official building.,0.9953709244728088,0.9948765635490417,0.9948765635490417,entailment,0.9972684383392334,False,False,False,"[{""group"":""space"",""original"":{""front"":1,""in"":1},""candidate"":{""outside"":1,""in"":1},""field"":""premise""}]",[],"[{""group"":""space"",""original"":{""front"":1,""in"":1},""candidate"":{""outside"":1,""in"":1},""field"":""premise""}]",0.14093959731543626,True,[],facebook/nllb-200-distilled-600M,f8d333a098d19b4fd9a8b18f94170487ad3f821d,MoritzLaurer/DeBERTa-v3-base-mnli-fever-anli,6f5cf0a2b59cabb106aca4c287eed12e357e90eb
736,504105,504105:hypothesis:fra_Latn,hypothesis,entailment,RELIABLE_GOLD,entailment,0.9952724575996399,True,A man wearing a blue shirt.,A man in a blue shirt.,0.9966062307357788,0.9970646500587463,0.9966062307357788,entailment,0.9961771965026855,False,False,False,"[{""group"":""space"",""original"":{},""candidate"":{""in"":1},""field"":""hypothesis""}]",[],"[{""group"":""space"",""original"":{},""candidate"":{""in"":1},""field"":""hypothesis""}]",0.10204081632653061,True,[],facebook/nllb-200-distilled-600M,f8d333a098d19b4fd9a8b18f94170487ad3f821d,MoritzLaurer/DeBERTa-v3-base-mnli-fever-anli,6f5cf0a2b59cabb106aca4c287eed12e357e90eb
737,504992,504992:hypothesis:fra_Latn,hypothesis,entailment,RELIABLE_GOLD,entailment,0.9268132448196411,True,There are clothes on the women.,There's clothes on women.,0.996736466884613,0.9945530295372009,0.9945530295372009,entailment,0.9649501442909241,False,False,False,[],[],[],0.1785714285714286,True,[],facebook/nllb-200-distilled-600M,f8d333a098d19b4fd9a8b18f94170487ad3f821d,MoritzLaurer/DeBERTa-v3-base-mnli-fever-anli,6f5cf0a2b59cabb106aca4c287eed12e357e90eb
740,508521,508521:hypothesis:fra_Latn,hypothesis,neutral,RELIABLE_GOLD,neutral,0.996397852897644,True,A person is competing in a bmx competition.,A person participates in a bmx competition.,0.9973387122154236,0.9904170036315918,0.9904170036315918,neutral,0.9891303777694702,False,False,False,[],[],[],0.2093023255813954,True,[],facebook/nllb-200-distilled-600M,f8d333a098d19b4fd9a8b18f94170487ad3f821d,MoritzLaurer/DeBERTa-v3-base-mnli-fever-anli,6f5cf0a2b59cabb106aca4c287eed12e357e90eb
742,509328,509328:hypothesis:fra_Latn,hypothesis,entailment,RELIABLE_GOLD,entailment,0.9971332550048828,True,A woman is touching a man.,A woman touches a man.,0.997136116027832,0.9918316006660461,0.9918316006660461,entailment,0.9970695972442627,False,False,False,[],[],[],0.16666666666666663,True,[],facebook/nllb-200-distilled-600M,f8d333a098d19b4fd9a8b18f94170487ad3f821d,MoritzLaurer/DeBERTa-v3-base-mnli-fever-anli,6f5cf0a2b59cabb106aca4c287eed12e357e90eb
743,509438,509438:premise:fra_Latn,premise,entailment,RELIABLE_GOLD,entailment,0.9808907508850098,True,Two women sit at desks in a large room with white walls.,Two women are sitting at offices in a large room with white walls.,0.9626240134239197,0.9400349855422974,0.9400349855422974,entailment,0.9787978529930115,False,False,False,[],[],[],0.1311475409836066,True,[],facebook/nllb-200-distilled-600M,f8d333a098d19b4fd9a8b18f94170487ad3f821d,MoritzLaurer/DeBERTa-v3-base-mnli-fever-anli,6f5cf0a2b59cabb106aca4c287eed12e357e90eb
745,510869,510869:hypothesis:fra_Latn,hypothesis,neutral,RELIABLE_GOLD,neutral,0.9992777705192566,True,A man is meditating while listening to water noises.,A man meditates on the sound of water.,0.9850257039070129,0.9932307004928589,0.9850257039070129,neutral,0.9991257786750793,False,False,False,"[{""group"":""space"",""original"":{},""candidate"":{""on"":1},""field"":""hypothesis""}]",[],"[{""group"":""space"",""original"":{},""candidate"":{""on"":1},""field"":""hypothesis""}]",0.3555555555555555,True,[],facebook/nllb-200-distilled-600M,f8d333a098d19b4fd9a8b18f94170487ad3f821d,MoritzLaurer/DeBERTa-v3-base-mnli-fever-anli,6f5cf0a2b59cabb106aca4c287eed12e357e90eb
746,511280,511280:hypothesis:fra_Latn,hypothesis,contradiction,RELIABLE_GOLD,contradiction,0.9994698166847229,True,A white dog in a red collar jumping over a tree.,A white dog with a red collar jumping on a tree.,0.9890395402908325,0.9748051762580872,0.9748051762580872,contradiction,0.9995614886283875,False,False,False,"[{""group"":""space"",""original"":{""over"":1,""in"":1},""candidate"":{""on"":1},""field"":""hypothesis""}]",[],"[{""group"":""space"",""original"":{""over"":1,""in"":1},""candidate"":{""on"":1},""field"":""hypothesis""}]",0.08333333333333337,True,[],facebook/nllb-200-distilled-600M,f8d333a098d19b4fd9a8b18f94170487ad3f821d,MoritzLaurer/DeBERTa-v3-base-mnli-fever-anli,6f5cf0a2b59cabb106aca4c287eed12e357e90eb
747,511871,511871:premise:fra_Latn,premise,neutral,RELIABLE_GOLD,neutral,0.9902698993682861,True,The man in blue is punching the man with the red gloves while he blocks his face.,The man in blue hits the man with his red gloves while he blocks his face.,0.9963154196739197,0.9844588041305542,0.9844588041305542,neutral,0.9661149382591248,False,False,False,[],[],[],0.09677419354838712,True,[],facebook/nllb-200-distilled-600M,f8d333a098d19b4fd9a8b18f94170487ad3f821d,MoritzLaurer/DeBERTa-v3-base-mnli-fever-anli,6f5cf0a2b59cabb106aca4c287eed12e357e90eb
748,512053,512053:hypothesis:fra_Latn,hypothesis,contradiction,RELIABLE_GOLD,contradiction,0.9995456337928772,True,Nobody is performing.,No one's playing.,0.9962934851646423,0.9958156943321228,0.9958156943321228,contradiction,0.9997307658195496,False,False,False,"[{""group"":""negation"",""original"":{""nobody"":1},""candidate"":{""no"":1},""field"":""hypothesis""}]",[],"[{""group"":""negation"",""original"":{""nobody"":1},""candidate"":{""no"":1},""field"":""hypothesis""}]",0.4736842105263158,True,[],facebook/nllb-200-distilled-600M,f8d333a098d19b4fd9a8b18f94170487ad3f821d,MoritzLaurer/DeBERTa-v3-base-mnli-fever-anli,6f5cf0a2b59cabb106aca4c287eed12e357e90eb
749,512639,512639:premise:fra_Latn,premise,neutral,RELIABLE_GOLD,neutral,0.9992159605026245,True,A skateboarder makes a jump while someone films it.,A skateboarder makes a jump while someone else is filming him.,0.9907887578010559,0.9886735081672668,0.9886735081672668,neutral,0.9990267753601074,False,False,False,[],[],[],0.1327433628318584,True,[],facebook/nllb-200-distilled-600M,f8d333a098d19b4fd9a8b18f94170487ad3f821d,MoritzLaurer/DeBERTa-v3-base-mnli-fever-anli,6f5cf0a2b59cabb106aca4c287eed12e357e90eb
750,512695,512695:hypothesis:fra_Latn,hypothesis,entailment,RELIABLE_GOLD,entailment,0.9232550859451294,True,A young girl draws.,A young girl is drawing.,0.9963566064834595,0.9977096319198608,0.9963566064834595,entailment,0.8768647313117981,False,False,False,[],[],[],0.16279069767441856,True,[],facebook/nllb-200-distilled-600M,f8d333a098d19b4fd9a8b18f94170487ad3f821d,MoritzLaurer/DeBERTa-v3-base-mnli-fever-anli,6f5cf0a2b59cabb106aca4c287eed12e357e90eb
751,512778,512778:hypothesis:fra_Latn,hypothesis,contradiction,RELIABLE_GOLD,contradiction,0.9979509711265564,True,The man is riding his atv on the city road.,The man is driving his ATV on the city road.,0.9968760013580322,0.9985954165458679,0.9968760013580322,contradiction,0.998810887336731,False,False,False,[],[],[],0.03448275862068961,True,[],facebook/nllb-200-distilled-600M,f8d333a098d19b4fd9a8b18f94170487ad3f821d,MoritzLaurer/DeBERTa-v3-base-mnli-fever-anli,6f5cf0a2b59cabb106aca4c287eed12e357e90eb
752,513211,513211:premise:fra_Latn,premise,neutral,RELIABLE_GOLD,neutral,0.9990469813346863,True,two men working a construction job,two men working in a construction company,0.9839890599250793,0.995488703250885,0.9839890599250793,neutral,0.9992108345031738,False,False,False,"[{""group"":""space"",""original"":{},""candidate"":{""in"":1},""field"":""premise""}]",[],"[{""group"":""space"",""original"":{},""candidate"":{""in"":1},""field"":""premise""}]",0.1466666666666666,True,[],facebook/nllb-200-distilled-600M,f8d333a098d19b4fd9a8b18f94170487ad3f821d,MoritzLaurer/DeBERTa-v3-base-mnli-fever-anli,6f5cf0a2b59cabb106aca4c287eed12e357e90eb
755,514380,514380:hypothesis:fra_Latn,hypothesis,neutral,RELIABLE_GOLD,neutral,0.9921820759773254,True,A female is going to take a picture of a car that she is trying to sell.,A female is going to take a picture of a car she's trying to sell.,0.9953136444091797,0.9949983358383179,0.9949983358383179,neutral,0.9912543892860413,False,False,False,[],[],[],0.05797101449275366,True,[],facebook/nllb-200-distilled-600M,f8d333a098d19b4fd9a8b18f94170487ad3f821d,MoritzLaurer/DeBERTa-v3-base-mnli-fever-anli,6f5cf0a2b59cabb106aca4c287eed12e357e90eb
756,515747,515747:premise:fra_Latn,premise,contradiction,RELIABLE_GOLD,contradiction,0.999180018901825,True,A boy poses on a shadow-dappled lawn.,A boy poses on a shaded lawn.,0.9979311227798462,0.9961819648742676,0.9961819648742676,contradiction,0.9990308284759521,False,False,False,[],[],[],0.12121212121212122,True,[],facebook/nllb-200-distilled-600M,f8d333a098d19b4fd9a8b18f94170487ad3f821d,MoritzLaurer/DeBERTa-v3-base-mnli-fever-anli,6f5cf0a2b59cabb106aca4c287eed12e357e90eb
756,515747,515747:hypothesis:fra_Latn,hypothesis,contradiction,RELIABLE_GOLD,contradiction,0.999180018901825,True,A boy takes a bath.,A boy is taking a bath.,0.9966431856155396,0.997702419757843,0.9966431856155396,contradiction,0.9991729855537415,False,False,False,[],[],[],0.19047619047619047,True,[],facebook/nllb-200-distilled-600M,f8d333a098d19b4fd9a8b18f94170487ad3f821d,MoritzLaurer/DeBERTa-v3-base-mnli-fever-anli,6f5cf0a2b59cabb106aca4c287eed12e357e90eb
757,516128,516128:hypothesis:fra_Latn,hypothesis,entailment,RELIABLE_GOLD,entailment,0.9933412671089172,True,The man is playing drums.,The man plays drums.,0.9978145360946655,0.9962206482887268,0.9962206482887268,entailment,0.9952353835105896,False,False,False,[],[],[],0.15555555555555556,True,[],facebook/nllb-200-distilled-600M,f8d333a098d19b4fd9a8b18f94170487ad3f821d,MoritzLaurer/DeBERTa-v3-base-mnli-fever-anli,6f5cf0a2b59cabb106aca4c287eed12e357e90eb
758,517858,517858:premise:fra_Latn,premise,entailment,RELIABLE_GOLD,entailment,0.9981517195701599,True,Older female walking with cane next to flower wreaths.,An older female walks with a cane next to flower crowns.,0.9931578040122986,0.9706286787986755,0.9706286787986755,entailment,0.9977967739105225,False,False,False,[],[],[],0.1636363636363637,True,[],facebook/nllb-200-distilled-600M,f8d333a098d19b4fd9a8b18f94170487ad3f821d,MoritzLaurer/DeBERTa-v3-base-mnli-fever-anli,6f5cf0a2b59cabb106aca4c287eed12e357e90eb
758,517858,517858:hypothesis:fra_Latn,hypothesis,entailment,RELIABLE_GOLD,entailment,0.9981517195701599,True,An older woman is walking with a cane.,An old woman walks with a cane.,0.9978854060173035,0.9971760511398315,0.9971760511398315,entailment,0.9978430271148682,False,False,False,[],[],[],0.13043478260869568,True,[],facebook/nllb-200-distilled-600M,f8d333a098d19b4fd9a8b18f94170487ad3f821d,MoritzLaurer/DeBERTa-v3-base-mnli-fever-anli,6f5cf0a2b59cabb106aca4c287eed12e357e90eb
759,518461,518461:premise:fra_Latn,premise,entailment,RELIABLE_GOLD,entailment,0.9955198764801025,True,A dog up to its belly in the snow attempts to move.,A dog in the snow is trying to move to the belly.,0.9868545532226562,0.992158055305481,0.9868545532226562,entailment,0.9961811304092407,False,False,False,[],[],[],0.43999999999999995,True,[],facebook/nllb-200-distilled-600M,f8d333a098d19b4fd9a8b18f94170487ad3f821d,MoritzLaurer/DeBERTa-v3-base-mnli-fever-anli,6f5cf0a2b59cabb106aca4c287eed12e357e90eb
759,518461,518461:hypothesis:fra_Latn,hypothesis,entailment,RELIABLE_GOLD,entailment,0.9955198764801025,True,An animal outdoors.,It's an animal out there.,0.9901326894760132,0.9902374148368835,0.9901326894760132,entailment,0.9685705304145813,False,False,False,[],[],[],0.31818181818181823,True,[],facebook/nllb-200-distilled-600M,f8d333a098d19b4fd9a8b18f94170487ad3f821d,MoritzLaurer/DeBERTa-v3-base-mnli-fever-anli,6f5cf0a2b59cabb106aca4c287eed12e357e90eb
762,519469,519469:hypothesis:fra_Latn,hypothesis,neutral,RELIABLE_GOLD,neutral,0.9988049268722534,True,Many pigeons are sitting on a concrete wall.,A lot of pigeons are sitting on a concrete wall.,0.9983239769935608,0.9980588555335999,0.9980588555335999,neutral,0.9990057349205017,False,False,False,"[{""group"":""quantifier"",""original"":{""many"":1},""candidate"":{},""field"":""hypothesis""}]",[],"[{""group"":""quantifier"",""original"":{""many"":1},""candidate"":{},""field"":""hypothesis""}]",0.10869565217391308,True,[],facebook/nllb-200-distilled-600M,f8d333a098d19b4fd9a8b18f94170487ad3f821d,MoritzLaurer/DeBERTa-v3-base-mnli-fever-anli,6f5cf0a2b59cabb106aca4c287eed12e357e90eb
763,519819,519819:premise:fra_Latn,premise,neutral,RELIABLE_GOLD,neutral,0.9987523555755615,True,A man hiking with a large backpack and two poles near a collection of pointy white rocks.,A man walking with a big backpack and two poles near a collection of sharp white stones.,0.9974777102470398,0.9956895709037781,0.9956895709037781,neutral,0.9990130662918091,False,False,False,[],[],[],0.15254237288135597,True,[],facebook/nllb-200-distilled-600M,f8d333a098d19b4fd9a8b18f94170487ad3f821d,MoritzLaurer/DeBERTa-v3-base-mnli-fever-anli,6f5cf0a2b59cabb106aca4c287eed12e357e90eb
763,519819,519819:hypothesis:fra_Latn,hypothesis,neutral,RELIABLE_GOLD,neutral,0.9987523555755615,True,The man hiking is caucasian.,The man who hikes is Caucasian.,0.9978296160697937,0.9970532655715942,0.9970532655715942,neutral,0.9989275336265564,False,False,False,[],[],[],0.15254237288135597,True,[],facebook/nllb-200-distilled-600M,f8d333a098d19b4fd9a8b18f94170487ad3f821d,MoritzLaurer/DeBERTa-v3-base-mnli-fever-anli,6f5cf0a2b59cabb106aca4c287eed12e357e90eb
764,520042,520042:premise:fra_Latn,premise,contradiction,RELIABLE_GOLD,contradiction,0.9994644522666931,True,A Team USA player passing the ball to another player.,A player on the U.S. team passes the ball to another player.,0.9969229102134705,0.9961394667625427,0.9961394667625427,contradiction,0.9993608593940735,False,False,False,"[{""group"":""space"",""original"":{},""candidate"":{""on"":1},""field"":""premise""}]",[],"[{""group"":""space"",""original"":{},""candidate"":{""on"":1},""field"":""premise""}]",0.2743362831858407,True,[],facebook/nllb-200-distilled-600M,f8d333a098d19b4fd9a8b18f94170487ad3f821d,MoritzLaurer/DeBERTa-v3-base-mnli-fever-anli,6f5cf0a2b59cabb106aca4c287eed12e357e90eb
764,520042,520042:hypothesis:fra_Latn,hypothesis,contradiction,RELIABLE_GOLD,contradiction,0.9994644522666931,True,The people do not have a ball.,People don't have a ball.,0.9963858127593994,0.9909985065460205,0.9909985065460205,contradiction,0.9993721842765808,False,False,False,[],[],[],0.12727272727272732,True,[],facebook/nllb-200-distilled-600M,f8d333a098d19b4fd9a8b18f94170487ad3f821d,MoritzLaurer/DeBERTa-v3-base-mnli-fever-anli,6f5cf0a2b59cabb106aca4c287eed12e357e90eb
766,521347,521347:premise:fra_Latn,premise,neutral,RELIABLE_GOLD,neutral,0.9648100733757019,True,A blond woman is holding a microphone and making a zero sign with her fingers.,A blonde woman holds a microphone and makes a zero sign with her fingers.,0.9967036843299866,0.9955893754959106,0.9955893754959106,neutral,0.967139720916748,False,False,False,[],[],[],0.08609271523178808,True,[],facebook/nllb-200-distilled-600M,f8d333a098d19b4fd9a8b18f94170487ad3f821d,MoritzLaurer/DeBERTa-v3-base-mnli-fever-anli,6f5cf0a2b59cabb106aca4c287eed12e357e90eb
766,521347,521347:hypothesis:fra_Latn,hypothesis,neutral,RELIABLE_GOLD,neutral,0.9648100733757019,True,A woman is speaking into a microphone.,There's a woman talking in a microphone.,0.9984117746353149,0.9982141256332397,0.9982141256332397,neutral,0.9753963947296143,False,False,False,"[{""group"":""space"",""original"":{},""candidate"":{""in"":1},""field"":""hypothesis""}]",[],"[{""group"":""space"",""original"":{},""candidate"":{""in"":1},""field"":""hypothesis""}]",0.23076923076923073,True,[],facebook/nllb-200-distilled-600M,f8d333a098d19b4fd9a8b18f94170487ad3f821d,MoritzLaurer/DeBERTa-v3-base-mnli-fever-anli,6f5cf0a2b59cabb106aca4c287eed12e357e90eb
767,521683,521683:premise:fra_Latn,premise,contradiction,RELIABLE_GOLD,contradiction,0.9995949864387512,True,A little girl in a hat sits under a grocery cart.,A little girl in a hat is sitting under a grocery basket.,0.992132842540741,0.9870479702949524,0.9870479702949524,contradiction,0.999614953994751,False,False,False,[],[],[],0.13207547169811318,True,[],facebook/nllb-200-distilled-600M,f8d333a098d19b4fd9a8b18f94170487ad3f821d,MoritzLaurer/DeBERTa-v3-base-mnli-fever-anli,6f5cf0a2b59cabb106aca4c287eed12e357e90eb
767,521683,521683:hypothesis:fra_Latn,hypothesis,contradiction,RELIABLE_GOLD,contradiction,0.9995949864387512,True,A girl is sleeping in her bed.,A girl sleeps in her bed.,0.9978733062744141,0.9970384836196899,0.9970384836196899,contradiction,0.999632716178894,False,False,False,[],[],[],0.12727272727272732,True,[],facebook/nllb-200-distilled-600M,f8d333a098d19b4fd9a8b18f94170487ad3f821d,MoritzLaurer/DeBERTa-v3-base-mnli-fever-anli,6f5cf0a2b59cabb106aca4c287eed12e357e90eb
770,524354,524354:hypothesis:fra_Latn,hypothesis,contradiction,RELIABLE_GOLD,contradiction,0.9995465874671936,True,Two boys were climbing a tree,Two boys climbing a tree.,0.9970695972442627,0.9940420985221863,0.9940420985221863,contradiction,0.9996241331100464,False,False,False,[],[],[],0.11111111111111116,True,[],facebook/nllb-200-distilled-600M,f8d333a098d19b4fd9a8b18f94170487ad3f821d,MoritzLaurer/DeBERTa-v3-base-mnli-fever-anli,6f5cf0a2b59cabb106aca4c287eed12e357e90eb
772,524406,524406:hypothesis:fra_Latn,hypothesis,neutral,RELIABLE_GOLD,neutral,0.9934629201889038,True,They are making soup,They make soup .,0.9939417839050293,0.9600290656089783,0.9600290656089783,neutral,0.9388926029205322,False,False,False,[],[],[],0.2777777777777778,True,[],facebook/nllb-200-distilled-600M,f8d333a098d19b4fd9a8b18f94170487ad3f821d,MoritzLaurer/DeBERTa-v3-base-mnli-fever-anli,6f5cf0a2b59cabb106aca4c287eed12e357e90eb
773,524854,524854:premise:fra_Latn,premise,neutral,RELIABLE_GOLD,neutral,0.9924572706222534,True,A little girl smiling and holding a small object.,A little girl smiling and holding a little object.,0.9966844916343689,0.9933592677116394,0.9933592677116394,neutral,0.9914785027503967,False,False,False,[],[],[],0.07070707070707072,True,[],facebook/nllb-200-distilled-600M,f8d333a098d19b4fd9a8b18f94170487ad3f821d,MoritzLaurer/DeBERTa-v3-base-mnli-fever-anli,6f5cf0a2b59cabb106aca4c287eed12e357e90eb
774,527833,527833:hypothesis:fra_Latn,hypothesis,entailment,RELIABLE_GOLD,entailment,0.9979883432388306,True,Two humans are having a meal.,Two humans are eating.,0.9966002106666565,0.9967319965362549,0.9966002106666565,entailment,0.9966503977775574,False,False,False,[],[],[],0.21568627450980393,True,[],facebook/nllb-200-distilled-600M,f8d333a098d19b4fd9a8b18f94170487ad3f821d,MoritzLaurer/DeBERTa-v3-base-mnli-fever-anli,6f5cf0a2b59cabb106aca4c287eed12e357e90eb
775,528482,528482:premise:fra_Latn,premise,entailment,RELIABLE_GOLD,entailment,0.9855297803878784,True,A religious man in a robe is sitting in contemplation.,A religious man dressed in a robe is sitting contemplating.,0.9974615573883057,0.9971004128456116,0.9971004128456116,entailment,0.9822023510932922,False,False,False,"[{""group"":""space"",""original"":{""in"":2},""candidate"":{""in"":1},""field"":""premise""}]",[],"[{""group"":""space"",""original"":{""in"":2},""candidate"":{""in"":1},""field"":""premise""}]",0.11504424778761058,True,[],facebook/nllb-200-distilled-600M,f8d333a098d19b4fd9a8b18f94170487ad3f821d,MoritzLaurer/DeBERTa-v3-base-mnli-fever-anli,6f5cf0a2b59cabb106aca4c287eed12e357e90eb
776,528520,528520:premise:fra_Latn,premise,entailment,RELIABLE_GOLD,entailment,0.9964052438735962,True,A surfer catching a wave.,A surfer who catches a wave.,0.9972124695777893,0.9971910119056702,0.9971910119056702,entailment,0.9953629970550537,False,False,False,[],[],[],0.16981132075471694,True,[],facebook/nllb-200-distilled-600M,f8d333a098d19b4fd9a8b18f94170487ad3f821d,MoritzLaurer/DeBERTa-v3-base-mnli-fever-anli,6f5cf0a2b59cabb106aca4c287eed12e357e90eb
776,528520,528520:hypothesis:fra_Latn,hypothesis,entailment,RELIABLE_GOLD,entailment,0.9964052438735962,True,A person is surfing.,A surfer.,0.9908934831619263,0.9865992069244385,0.9865992069244385,entailment,0.9950320720672607,False,False,False,[],[],[],0.5172413793103448,True,[],facebook/nllb-200-distilled-600M,f8d333a098d19b4fd9a8b18f94170487ad3f821d,MoritzLaurer/DeBERTa-v3-base-mnli-fever-anli,6f5cf0a2b59cabb106aca4c287eed12e357e90eb
777,530538,530538:hypothesis:fra_Latn,hypothesis,entailment,RELIABLE_GOLD,entailment,0.978131890296936,True,Four young boys are standing in a group.,Four young boys stand in a group.,0.9966195821762085,0.9957634210586548,0.9957634210586548,entailment,0.9850120544433594,False,False,False,[],[],[],0.09589041095890416,True,[],facebook/nllb-200-distilled-600M,f8d333a098d19b4fd9a8b18f94170487ad3f821d,MoritzLaurer/DeBERTa-v3-base-mnli-fever-anli,6f5cf0a2b59cabb106aca4c287eed12e357e90eb
778,531157,531157:premise:fra_Latn,premise,contradiction,RELIABLE_GOLD,contradiction,0.9964371919631958,True,A girl sitting in the back of a cart full of various belongings.,A girl sitting in the back of a wagon full of various items.,0.9874833822250366,0.9921896457672119,0.9874833822250366,contradiction,0.9983067512512207,False,False,False,[],[],[],0.14516129032258063,True,[],facebook/nllb-200-distilled-600M,f8d333a098d19b4fd9a8b18f94170487ad3f821d,MoritzLaurer/DeBERTa-v3-base-mnli-fever-anli,6f5cf0a2b59cabb106aca4c287eed12e357e90eb
778,531157,531157:hypothesis:fra_Latn,hypothesis,contradiction,RELIABLE_GOLD,contradiction,0.9964371919631958,True,A boy carries his belongings in his arms.,A boy carries his stuff in his arms.,0.9973934888839722,0.9960303902626038,0.9960303902626038,contradiction,0.997958779335022,False,False,False,[],[],[],0.16883116883116878,True,[],facebook/nllb-200-distilled-600M,f8d333a098d19b4fd9a8b18f94170487ad3f821d,MoritzLaurer/DeBERTa-v3-base-mnli-fever-anli,6f5cf0a2b59cabb106aca4c287eed12e357e90eb
779,533036,533036:premise:fra_Latn,premise,entailment,RELIABLE_GOLD,entailment,0.9974307417869568,True,A woman wearing a colorful shawl on her head is using a sewing machine.,A woman wearing a colorful shawl on her head uses a sewing machine.,0.9956300258636475,0.9947803616523743,0.9947803616523743,entailment,0.9971049427986145,False,False,False,[],[],[],0.05797101449275366,True,[],facebook/nllb-200-distilled-600M,f8d333a098d19b4fd9a8b18f94170487ad3f821d,MoritzLaurer/DeBERTa-v3-base-mnli-fever-anli,6f5cf0a2b59cabb106aca4c287eed12e357e90eb
780,534650,534650:hypothesis:fra_Latn,hypothesis,contradiction,RELIABLE_GOLD,contradiction,0.9995025396347046,True,The person is laying on the ground.,The person is lying on the floor.,0.952278196811676,0.978779137134552,0.952278196811676,contradiction,0.9992982149124146,False,False,False,[],[],[],0.1470588235294118,True,[],facebook/nllb-200-distilled-600M,f8d333a098d19b4fd9a8b18f94170487ad3f821d,MoritzLaurer/DeBERTa-v3-base-mnli-fever-anli,6f5cf0a2b59cabb106aca4c287eed12e357e90eb
781,537726,537726:premise:fra_Latn,premise,neutral,RELIABLE_GOLD,neutral,0.9990160465240479,True,A closeup of a bicycle rider's leg.,It's a close-up of a cyclist's leg.,0.9972634315490723,0.9971458315849304,0.9971458315849304,neutral,0.9989227652549744,False,False,False,[],[],[],0.22857142857142854,True,[],facebook/nllb-200-distilled-600M,f8d333a098d19b4fd9a8b18f94170487ad3f821d,MoritzLaurer/DeBERTa-v3-base-mnli-fever-anli,6f5cf0a2b59cabb106aca4c287eed12e357e90eb
781,537726,537726:hypothesis:fra_Latn,hypothesis,neutral,RELIABLE_GOLD,neutral,0.9990160465240479,True,The person is participating in a bike race.,The person is taking part in a cycling race.,0.9977598190307617,0.9981936812400818,0.9977598190307617,neutral,0.9991264939308167,False,False,False,[],[],[],0.28735632183908044,True,[],facebook/nllb-200-distilled-600M,f8d333a098d19b4fd9a8b18f94170487ad3f821d,MoritzLaurer/DeBERTa-v3-base-mnli-fever-anli,6f5cf0a2b59cabb106aca4c287eed12e357e90eb
782,538979,538979:premise:fra_Latn,premise,entailment,RELIABLE_GOLD,entailment,0.9844241738319397,True,The local street is busy with a food market and bus transportation.,The local street is occupied by a food market and bus transport.,0.9965268969535828,0.9954406023025513,0.9954406023025513,entailment,0.9714363217353821,False,False,False,[],[],[],0.16030534351145043,True,[],facebook/nllb-200-distilled-600M,f8d333a098d19b4fd9a8b18f94170487ad3f821d,MoritzLaurer/DeBERTa-v3-base-mnli-fever-anli,6f5cf0a2b59cabb106aca4c287eed12e357e90eb
782,538979,538979:hypothesis:fra_Latn,hypothesis,entailment,RELIABLE_GOLD,entailment,0.9844241738319397,True,There is a bus that brings you to the local street fair that sells food.,There's a bus that takes you to the local street fair that sells food.,0.9947305917739868,0.9917866587638855,0.9917866587638855,entailment,0.9812208414077759,False,False,False,[],[],[],0.08450704225352113,True,[],facebook/nllb-200-distilled-600M,f8d333a098d19b4fd9a8b18f94170487ad3f821d,MoritzLaurer/DeBERTa-v3-base-mnli-fever-anli,6f5cf0a2b59cabb106aca4c287eed12e357e90eb
784,539243,539243:premise:fra_Latn,premise,contradiction,RELIABLE_GOLD,contradiction,0.9995550513267517,True,Two men wearing sandals walking.,Two men in sandals are walking.,0.9976150989532471,0.9977960586547852,0.9976150989532471,contradiction,0.9996590614318848,False,False,False,"[{""group"":""space"",""original"":{},""candidate"":{""in"":1},""field"":""premise""}]",[],"[{""group"":""space"",""original"":{},""candidate"":{""in"":1},""field"":""premise""}]",0.1428571428571429,True,[],facebook/nllb-200-distilled-600M,f8d333a098d19b4fd9a8b18f94170487ad3f821d,MoritzLaurer/DeBERTa-v3-base-mnli-fever-anli,6f5cf0a2b59cabb106aca4c287eed12e357e90eb
784,539243,539243:hypothesis:fra_Latn,hypothesis,contradiction,RELIABLE_GOLD,contradiction,0.9995550513267517,True,the men are asleep in the motel,The men are sleeping in the motel.,0.9967309236526489,0.9972422122955322,0.9967309236526489,contradiction,0.9996082186698914,False,False,False,[],[],[],0.07692307692307687,True,[],facebook/nllb-200-distilled-600M,f8d333a098d19b4fd9a8b18f94170487ad3f821d,MoritzLaurer/DeBERTa-v3-base-mnli-fever-anli,6f5cf0a2b59cabb106aca4c287eed12e357e90eb
785,539998,539998:premise:fra_Latn,premise,neutral,RELIABLE_GOLD,neutral,0.9986940026283264,True,A small black girl in a bathing suit,A little black girl in a swimsuit,0.9960236549377441,0.9974109530448914,0.9960236549377441,neutral,0.9984520673751831,False,False,False,[],[],[],0.24637681159420288,True,[],facebook/nllb-200-distilled-600M,f8d333a098d19b4fd9a8b18f94170487ad3f821d,MoritzLaurer/DeBERTa-v3-base-mnli-fever-anli,6f5cf0a2b59cabb106aca4c287eed12e357e90eb
785,539998,539998:hypothesis:fra_Latn,hypothesis,neutral,RELIABLE_GOLD,neutral,0.9986940026283264,True,The girl is visiting her grandmother who lives on Martha's Vineyard.,The girl visits her grandmother who lives on Martha's Vineyard.,0.9977996945381165,0.9960625767707825,0.9960625767707825,neutral,0.9981491565704346,False,False,False,[],[],[],0.05343511450381677,True,[],facebook/nllb-200-distilled-600M,f8d333a098d19b4fd9a8b18f94170487ad3f821d,MoritzLaurer/DeBERTa-v3-base-mnli-fever-anli,6f5cf0a2b59cabb106aca4c287eed12e357e90eb
787,540574,540574:premise:fra_Latn,premise,contradiction,RELIABLE_GOLD,contradiction,0.999659538269043,True,man wearing gray jacket watching family at worship.,A man in a gray jacket watching his family at worship.,0.9877419471740723,0.9973958730697632,0.9877419471740723,contradiction,0.9996371269226074,False,False,False,"[{""group"":""space"",""original"":{},""candidate"":{""in"":1},""field"":""premise""}]",[],"[{""group"":""space"",""original"":{},""candidate"":{""in"":1},""field"":""premise""}]",0.12380952380952381,True,[],facebook/nllb-200-distilled-600M,f8d333a098d19b4fd9a8b18f94170487ad3f821d,MoritzLaurer/DeBERTa-v3-base-mnli-fever-anli,6f5cf0a2b59cabb106aca4c287eed12e357e90eb
787,540574,540574:hypothesis:fra_Latn,hypothesis,contradiction,RELIABLE_GOLD,contradiction,0.999659538269043,True,A man is at home eating dinner.,There's a man at home having dinner.,0.998454213142395,0.9977548718452454,0.9977548718452454,contradiction,0.999566376209259,False,False,False,[],[],[],0.22388059701492535,True,[],facebook/nllb-200-distilled-600M,f8d333a098d19b4fd9a8b18f94170487ad3f821d,MoritzLaurer/DeBERTa-v3-base-mnli-fever-anli,6f5cf0a2b59cabb106aca4c287eed12e357e90eb
789,541746,541746:premise:fra_Latn,premise,contradiction,RELIABLE_GOLD,contradiction,0.9994394183158875,True,A person in yellow is riding a dirt bike on a dirt path.,A person in yellow is cycling on a dirt track.,0.9978671073913574,0.9356734156608582,0.9356734156608582,contradiction,0.999622106552124,False,False,False,[],[],[],0.2549019607843137,True,[],facebook/nllb-200-distilled-600M,f8d333a098d19b4fd9a8b18f94170487ad3f821d,MoritzLaurer/DeBERTa-v3-base-mnli-fever-anli,6f5cf0a2b59cabb106aca4c287eed12e357e90eb
789,541746,541746:hypothesis:fra_Latn,hypothesis,contradiction,RELIABLE_GOLD,contradiction,0.9994394183158875,True,A guy driving an ATV through the park.,A guy driving an ATV in the park.,0.9969415068626404,0.9948369264602661,0.9948369264602661,contradiction,0.9993270635604858,False,False,False,"[{""group"":""space"",""original"":{""through"":1},""candidate"":{""in"":1},""field"":""hypothesis""}]",[],"[{""group"":""space"",""original"":{""through"":1},""candidate"":{""in"":1},""field"":""hypothesis""}]",0.12676056338028174,True,[],facebook/nllb-200-distilled-600M,f8d333a098d19b4fd9a8b18f94170487ad3f821d,MoritzLaurer/DeBERTa-v3-base-mnli-fever-anli,6f5cf0a2b59cabb106aca4c287eed12e357e90eb
790,542263,542263:premise:fra_Latn,premise,neutral,RELIABLE_GOLD,neutral,0.9982169270515442,True,A girl in a floral bathing suit jumping on the beach in front of the waves.,A flowering swimsuit girl jumping on the beach in front of the waves.,0.9956393241882324,0.9947915077209473,0.9947915077209473,neutral,0.9945377707481384,False,False,False,"[{""group"":""space"",""original"":{""front"":1,""in"":2,""on"":1},""candidate"":{""front"":1,""in"":1,""on"":1},""field"":""premise""}]",[],"[{""group"":""space"",""original"":{""front"":1,""in"":2,""on"":1},""candidate"":{""front"":1,""in"":1,""on"":1},""field"":""premise""}]",0.3055555555555556,True,[],facebook/nllb-200-distilled-600M,f8d333a098d19b4fd9a8b18f94170487ad3f821d,MoritzLaurer/DeBERTa-v3-base-mnli-fever-anli,6f5cf0a2b59cabb106aca4c287eed12e357e90eb
790,542263,542263:hypothesis:fra_Latn,hypothesis,neutral,RELIABLE_GOLD,neutral,0.9982169270515442,True,A five year old girl is on vacation with her family.,A five-year-old girl is on vacation with her family.,0.9968736171722412,0.9966367483139038,0.9966367483139038,neutral,0.9981293082237244,False,False,False,[],[],[],0.038461538461538436,True,[],facebook/nllb-200-distilled-600M,f8d333a098d19b4fd9a8b18f94170487ad3f821d,MoritzLaurer/DeBERTa-v3-base-mnli-fever-anli,6f5cf0a2b59cabb106aca4c287eed12e357e90eb
791,542646,542646:hypothesis:fra_Latn,hypothesis,contradiction,RELIABLE_GOLD,contradiction,0.9995792508125305,True,The sports team is laying down on the field.,The sports team is lying on the field.,0.9972568154335022,0.9983314871788025,0.9972568154335022,contradiction,0.9995156526565552,False,False,False,[],[],[],0.07317073170731703,True,[],facebook/nllb-200-distilled-600M,f8d333a098d19b4fd9a8b18f94170487ad3f821d,MoritzLaurer/DeBERTa-v3-base-mnli-fever-anli,6f5cf0a2b59cabb106aca4c287eed12e357e90eb
795,547621,547621:hypothesis:fra_Latn,hypothesis,entailment,RELIABLE_GOLD,entailment,0.9940324425697327,True,Dogs play outside.,The dogs are playing outside.,0.9955347776412964,0.9970852732658386,0.9955347776412964,entailment,0.9892866015434265,False,False,False,[],[],[],0.23404255319148937,True,[],facebook/nllb-200-distilled-600M,f8d333a098d19b4fd9a8b18f94170487ad3f821d,MoritzLaurer/DeBERTa-v3-base-mnli-fever-anli,6f5cf0a2b59cabb106aca4c287eed12e357e90eb
799,549910,549910:premise:fra_Latn,premise,contradiction,RELIABLE_GOLD,contradiction,0.9995772242546082,True,Crowd standing outside a metro area.,A crowd standing outside a metropolitan area.,0.9933072924613953,0.9955162405967712,0.9933072924613953,contradiction,0.9995297193527222,False,False,False,[],[],[],0.11111111111111116,True,[],facebook/nllb-200-distilled-600M,f8d333a098d19b4fd9a8b18f94170487ad3f821d,MoritzLaurer/DeBERTa-v3-base-mnli-fever-anli,6f5cf0a2b59cabb106aca4c287eed12e357e90eb
3,760,760:premise:fra_Latn,premise,neutral,GOLD_LOW_CONFIDENCE,neutral,0.5028151869773865,False,A soccer game played by a blue team and a red team on a perfectly manicured field at dusk.,A soccer game played by a blue team and a red team on a perfectly manicured field at dusk.,,,,None,,False,False,False,[],[],[],,False,"[""source_nli_low_confidence""]",facebook/nllb-200-distilled-600M,,MoritzLaurer/DeBERTa-v3-base-mnli-fever-anli,6f5cf0a2b59cabb106aca4c287eed12e357e90eb
3,760,760:hypothesis:fra_Latn,hypothesis,neutral,GOLD_LOW_CONFIDENCE,neutral,0.5028151869773865,False,People are playing soccer for a competition.,People are playing soccer for a competition.,,,,None,,False,False,False,[],[],[],,False,"[""source_nli_low_confidence""]",facebook/nllb-200-distilled-600M,,MoritzLaurer/DeBERTa-v3-base-mnli-fever-anli,6f5cf0a2b59cabb106aca4c287eed12e357e90eb
5,2169,2169:premise:fra_Latn,premise,neutral,GOLD_DISAGREEMENT,entailment,0.043892089277505875,False,A woman is holding a bird while sitting in a flowering tree.,A woman is holding a bird while sitting in a flowering tree.,,,,None,,False,False,False,[],[],[],,False,"[""source_label_disagreement""]",facebook/nllb-200-distilled-600M,,MoritzLaurer/DeBERTa-v3-base-mnli-fever-anli,6f5cf0a2b59cabb106aca4c287eed12e357e90eb
5,2169,2169:hypothesis:fra_Latn,hypothesis,neutral,GOLD_DISAGREEMENT,entailment,0.043892089277505875,False,a woman puts her bird ina a tree,a woman puts her bird ina a tree,,,,None,,False,False,False,[],[],[],,False,"[""source_label_disagreement""]",facebook/nllb-200-distilled-600M,,MoritzLaurer/DeBERTa-v3-base-mnli-fever-anli,6f5cf0a2b59cabb106aca4c287eed12e357e90eb
11,4548,4548:premise:fra_Latn,premise,contradiction,GOLD_DISAGREEMENT,neutral,0.01081023272126913,False,"Four musicians playing reed instruments with one playing a clarinet and three playing saxophones, being watched by a young child on a bicycle.","Four musicians playing reed instruments with one playing a clarinet and three playing saxophones, being watched by a young child on a bicycle.",,,,None,,False,False,False,[],[],[],,False,"[""source_label_disagreement""]",facebook/nllb-200-distilled-600M,,MoritzLaurer/DeBERTa-v3-base-mnli-fever-anli,6f5cf0a2b59cabb106aca4c287eed12e357e90eb
11,4548,4548:hypothesis:fra_Latn,hypothesis,contradiction,GOLD_DISAGREEMENT,neutral,0.01081023272126913,False,some musicians sleep,some musicians sleep,,,,None,,False,False,False,[],[],[],,False,"[""source_label_disagreement""]",facebook/nllb-200-distilled-600M,,MoritzLaurer/DeBERTa-v3-base-mnli-fever-anli,6f5cf0a2b59cabb106aca4c287eed12e357e90eb
17,7321,7321:premise:fra_Latn,premise,neutral,GOLD_DISAGREEMENT,entailment,0.1327843815088272,False,A person picking garbanzo beans with her bear hands.,A person picking garbanzo beans with her bear hands.,,,,None,,False,False,False,[],[],[],,False,"[""source_label_disagreement""]",facebook/nllb-200-distilled-600M,,MoritzLaurer/DeBERTa-v3-base-mnli-fever-anli,6f5cf0a2b59cabb106aca4c287eed12e357e90eb
17,7321,7321:hypothesis:fra_Latn,hypothesis,neutral,GOLD_DISAGREEMENT,entailment,0.1327843815088272,False,A person picks garbanzo beans with bear paws for hands.,A person picks garbanzo beans with bear paws for hands.,,,,None,,False,False,False,[],[],[],,False,"[""source_label_disagreement""]",facebook/nllb-200-distilled-600M,,MoritzLaurer/DeBERTa-v3-base-mnli-fever-anli,6f5cf0a2b59cabb106aca4c287eed12e357e90eb
19,8435,8435:premise:fra_Latn,premise,neutral,GOLD_DISAGREEMENT,entailment,0.014348148368299007,False,A young boy sit alone in a wagon and holds on tightly to two cattle as they follow his mother's wagon down a dusty dirt road.,A young boy sit alone in a wagon and holds on tightly to two cattle as they follow his mother's wagon down a dusty dirt road.,,,,None,,False,False,False,[],[],[],,False,"[""source_label_disagreement""]",facebook/nllb-200-distilled-600M,,MoritzLaurer/DeBERTa-v3-base-mnli-fever-anli,6f5cf0a2b59cabb106aca4c287eed12e357e90eb
19,8435,8435:hypothesis:fra_Latn,hypothesis,neutral,GOLD_DISAGREEMENT,entailment,0.014348148368299007,False,A boy and his mother are moving.,A boy and his mother are moving.,,,,None,,False,False,False,[],[],[],,False,"[""source_label_disagreement""]",facebook/nllb-200-distilled-600M,,MoritzLaurer/DeBERTa-v3-base-mnli-fever-anli,6f5cf0a2b59cabb106aca4c287eed12e357e90eb
22,11003,11003:premise:fra_Latn,premise,neutral,GOLD_LOW_CONFIDENCE,neutral,0.7599707841873169,False,Two men in suits laugh together.,Two men in suits laugh together.,,,,None,,False,False,False,[],[],[],,False,"[""source_nli_low_confidence""]",facebook/nllb-200-distilled-600M,,MoritzLaurer/DeBERTa-v3-base-mnli-fever-anli,6f5cf0a2b59cabb106aca4c287eed12e357e90eb
22,11003,11003:hypothesis:fra_Latn,hypothesis,neutral,GOLD_LOW_CONFIDENCE,neutral,0.7599707841873169,False,The two guys in suits are talking and smiling.,The two guys in suits are talking and smiling.,,,,None,,False,False,False,[],[],[],,False,"[""source_nli_low_confidence""]",facebook/nllb-200-distilled-600M,,MoritzLaurer/DeBERTa-v3-base-mnli-fever-anli,6f5cf0a2b59cabb106aca4c287eed12e357e90eb
28,16601,16601:premise:fra_Latn,premise,neutral,GOLD_DISAGREEMENT,entailment,0.0920761227607727,False,A lot of motorcycles lined up in Asia.,A lot of motorcycles lined up in Asia.,,,,None,,False,False,False,[],[],[],,False,"[""source_label_disagreement""]",facebook/nllb-200-distilled-600M,,MoritzLaurer/DeBERTa-v3-base-mnli-fever-anli,6f5cf0a2b59cabb106aca4c287eed12e357e90eb
28,16601,16601:hypothesis:fra_Latn,hypothesis,neutral,GOLD_DISAGREEMENT,entailment,0.0920761227607727,False,The vehicles are parked.,The vehicles are parked.,,,,None,,False,False,False,[],[],[],,False,"[""source_label_disagreement""]",facebook/nllb-200-distilled-600M,,MoritzLaurer/DeBERTa-v3-base-mnli-fever-anli,6f5cf0a2b59cabb106aca4c287eed12e357e90eb
31,18505,18505:premise:fra_Latn,premise,contradiction,GOLD_LOW_CONFIDENCE,contradiction,0.6059726476669312,False,A man in jeans is lying on a wooden floor.,A man in jeans is lying on a wooden floor.,,,,None,,False,False,False,[],[],[],,False,"[""source_nli_low_confidence""]",facebook/nllb-200-distilled-600M,,MoritzLaurer/DeBERTa-v3-base-mnli-fever-anli,6f5cf0a2b59cabb106aca4c287eed12e357e90eb
31,18505,18505:hypothesis:fra_Latn,hypothesis,contradiction,GOLD_LOW_CONFIDENCE,contradiction,0.6059726476669312,False,A man and woman is holding hands.,A man and woman is holding hands.,,,,None,,False,False,False,[],[],[],,False,"[""source_nli_low_confidence""]",facebook/nllb-200-distilled-600M,,MoritzLaurer/DeBERTa-v3-base-mnli-fever-anli,6f5cf0a2b59cabb106aca4c287eed12e357e90eb
2,707,707:premise:fra_Latn,premise,entailment,RELIABLE_GOLD,entailment,0.993026852607727,True,a motorcyclist does a nose wheelie.,A motorcyclist makes a nose roll.,0.8517272472381592,0.697882354259491,0.697882354259491,neutral,0.06052945554256439,False,False,False,[],[],[],0.20588235294117652,False,"[""semantic_drift"",""label_flip""]",facebook/nllb-200-distilled-600M,f8d333a098d19b4fd9a8b18f94170487ad3f821d,MoritzLaurer/DeBERTa-v3-base-mnli-fever-anli,6f5cf0a2b59cabb106aca4c287eed12e357e90eb
2,707,707:hypothesis:fra_Latn,hypothesis,entailment,RELIABLE_GOLD,entailment,0.993026852607727,True,A motorcyclist doing a wheelie,A motorcyclist making a wheel,0.9826411604881287,0.1023419201374054,0.1023419201374054,entailment,0.9366301894187927,False,False,False,[],[],[],0.11864406779661019,False,"[""semantic_drift""]",facebook/nllb-200-distilled-600M,f8d333a098d19b4fd9a8b18f94170487ad3f821d,MoritzLaurer/DeBERTa-v3-base-mnli-fever-anli,6f5cf0a2b59cabb106aca4c287eed12e357e90eb
7,3208,3208:hypothesis:fra_Latn,hypothesis,entailment,RELIABLE_GOLD,entailment,0.9686083197593689,True,A guy is at the green helm of a boat.,There's a guy on the green deck of a boat.,0.5665518641471863,0.006149317603558302,0.006149317603558302,entailment,0.8376345634460449,False,False,False,"[{""group"":""space"",""original"":{},""candidate"":{""on"":1},""field"":""hypothesis""}]",[],"[{""group"":""space"",""original"":{},""candidate"":{""on"":1},""field"":""hypothesis""}]",0.26582278481012656,False,"[""semantic_drift""]",facebook/nllb-200-distilled-600M,f8d333a098d19b4fd9a8b18f94170487ad3f821d,MoritzLaurer/DeBERTa-v3-base-mnli-fever-anli,6f5cf0a2b59cabb106aca4c287eed12e357e90eb
12,5321,5321:premise:fra_Latn,premise,entailment,RELIABLE_GOLD,entailment,0.9977225661277771,True,"Two young adults at a rodeo, one is helping the other to fix an injury to his arm after a brief ride.","Two young adults on a rodeo, one helping the other to repair an arm injury after a short walk.",0.0011723112547770143,0.012599664740264416,0.0011723112547770143,entailment,0.996096670627594,False,False,False,"[{""group"":""space"",""original"":{},""candidate"":{""on"":1},""field"":""premise""}]",[],"[{""group"":""space"",""original"":{},""candidate"":{""on"":1},""field"":""premise""}]",0.23076923076923073,False,"[""semantic_drift""]",facebook/nllb-200-distilled-600M,f8d333a098d19b4fd9a8b18f94170487ad3f821d,MoritzLaurer/DeBERTa-v3-base-mnli-fever-anli,6f5cf0a2b59cabb106aca4c287eed12e357e90eb
13,5450,5450:premise:fra_Latn,premise,neutral,RELIABLE_GOLD,neutral,0.9031684994697571,True,A heavyset man is standing next to a building.,A tall man stands next to a building.,0.9828923940658569,0.9488438367843628,0.9488438367843628,neutral,0.7582346200942993,False,False,False,[],[],[],0.20481927710843373,False,"[""low_nli_confidence""]",facebook/nllb-200-distilled-600M,f8d333a098d19b4fd9a8b18f94170487ad3f821d,MoritzLaurer/DeBERTa-v3-base-mnli-fever-anli,6f5cf0a2b59cabb106aca4c287eed12e357e90eb
13,5450,5450:hypothesis:fra_Latn,hypothesis,neutral,RELIABLE_GOLD,neutral,0.9031684994697571,True,The man works in the building.,The man works in the building.,0.9974853992462158,0.9974853992462158,0.9974853992462158,neutral,0.9031685590744019,False,False,False,[],[],[],0.0,False,"[""trivial_copy""]",facebook/nllb-200-distilled-600M,f8d333a098d19b4fd9a8b18f94170487ad3f821d,MoritzLaurer/DeBERTa-v3-base-mnli-fever-anli,6f5cf0a2b59cabb106aca4c287eed12e357e90eb
20,9707,9707:hypothesis:fra_Latn,hypothesis,neutral,RELIABLE_GOLD,neutral,0.9943884015083313,True,Two two women are going to take the subway into town.,Two women are taking the subway to the city.,0.9939765930175781,0.9970983266830444,0.9939765930175781,neutral,0.970716655254364,False,False,False,"[{""group"":""number"",""original"":{""2"":2},""candidate"":{""2"":1},""field"":""hypothesis""}]","[{""group"":""number"",""original"":{""2"":2},""candidate"":{""2"":1},""field"":""hypothesis""}]","[{""group"":""number"",""original"":{""2"":2},""candidate"":{""2"":1},""field"":""hypothesis""}]",0.2989690721649485,False,"[""numeric_value_changed""]",facebook/nllb-200-distilled-600M,f8d333a098d19b4fd9a8b18f94170487ad3f821d,MoritzLaurer/DeBERTa-v3-base-mnli-fever-anli,6f5cf0a2b59cabb106aca4c287eed12e357e90eb
23,12969,12969:premise:fra_Latn,premise,contradiction,RELIABLE_GOLD,contradiction,0.9983012080192566,True,"Two men walk in the park, one with a shaggy dog on a leash and a device for cleaning up canine droppings.","Two men are walking in the park, one with a dog on a rope and a canine excrement cleaner.",0.9899842739105225,0.020289305597543716,0.020289305597543716,neutral,0.0018931339727714658,False,False,False,[],[],[],0.3402061855670103,False,"[""semantic_drift"",""label_flip""]",facebook/nllb-200-distilled-600M,f8d333a098d19b4fd9a8b18f94170487ad3f821d,MoritzLaurer/DeBERTa-v3-base-mnli-fever-anli,6f5cf0a2b59cabb106aca4c287eed12e357e90eb
23,12969,12969:hypothesis:fra_Latn,hypothesis,contradiction,RELIABLE_GOLD,contradiction,0.9983012080192566,True,The dog isn't shaggy,The dog's not sexy.,0.022726187482476234,0.006718180142343044,0.006718180142343044,neutral,0.006090196315199137,False,False,False,[],[],[],0.33333333333333337,False,"[""semantic_drift"",""label_flip""]",facebook/nllb-200-distilled-600M,f8d333a098d19b4fd9a8b18f94170487ad3f821d,MoritzLaurer/DeBERTa-v3-base-mnli-fever-anli,6f5cf0a2b59cabb106aca4c287eed12e357e90eb
26,13833,13833:premise:fra_Latn,premise,entailment,RELIABLE_GOLD,entailment,0.9894185662269592,True,"A balding man in a dark suit and maroon tie, with a mustache and beard, plays bagpipes, as a young blond woman standing next to him in a light blue crop top and skirt listens and sticks her tongue out.","A white-headed man in a black suit and a brown tie, with a moustache and a beard, plays pipes, while a young blonde woman stands beside him in a light blue top and a skirt listens and",0.9312997460365295,0.001005774480290711,0.001005774480290711,neutral,0.08289541304111481,True,True,False,"[{""group"":""space"",""original"":{""in"":2},""candidate"":{""beside"":1,""in"":2},""field"":""premise""}]",[],"[{""group"":""space"",""original"":{""in"":2},""candidate"":{""beside"":1,""in"":2},""field"":""premise""}]",0.21875,False,"[""generation_truncated"",""semantic_drift"",""label_flip""]",facebook/nllb-200-distilled-600M,f8d333a098d19b4fd9a8b18f94170487ad3f821d,MoritzLaurer/DeBERTa-v3-base-mnli-fever-anli,6f5cf0a2b59cabb106aca4c287eed12e357e90eb
26,13833,13833:hypothesis:fra_Latn,hypothesis,entailment,RELIABLE_GOLD,entailment,0.9894185662269592,True,a balding man with facial hair wearing a dark suit and tie plays bagpipes as a young blonde woman stands next to him in a blue shirt and skirt sticking her tongue out.,A white-headed man with facial hair wearing a suit and a dark tie plays the pipette while a young blonde stands beside him in a blue shirt and a skirt that stretches out his tongue.,0.13866586983203888,0.9184703230857849,0.13866586983203888,entailment,0.9246857762336731,False,False,False,"[{""group"":""space"",""original"":{""in"":1},""candidate"":{""beside"":1,""in"":1},""field"":""hypothesis""}]",[],"[{""group"":""space"",""original"":{""in"":1},""candidate"":{""beside"":1,""in"":1},""field"":""hypothesis""}]",0.26436781609195403,False,"[""semantic_drift""]",facebook/nllb-200-distilled-600M,f8d333a098d19b4fd9a8b18f94170487ad3f821d,MoritzLaurer/DeBERTa-v3-base-mnli-fever-anli,6f5cf0a2b59cabb106aca4c287eed12e357e90eb
27,14934,14934:premise:fra_Latn,premise,entailment,RELIABLE_GOLD,entailment,0.9978760480880737,True,Man riding a yellow machine on a dirt field at an event,A man aboard a yellow machine in a field at an event,0.9963898062705994,0.004186738282442093,0.004186738282442093,entailment,0.9942148327827454,False,False,False,"[{""group"":""space"",""original"":{""on"":1},""candidate"":{""in"":1},""field"":""premise""}]",[],"[{""group"":""space"",""original"":{""on"":1},""candidate"":{""in"":1},""field"":""premise""}]",0.15887850467289721,False,"[""semantic_drift""]",facebook/nllb-200-distilled-600M,f8d333a098d19b4fd9a8b18f94170487ad3f821d,MoritzLaurer/DeBERTa-v3-base-mnli-fever-anli,6f5cf0a2b59cabb106aca4c287eed12e357e90eb
29,17575,17575:hypothesis:fra_Latn,hypothesis,neutral,RELIABLE_GOLD,neutral,0.996729850769043,True,The football player damaged his neck.,The footballer broke his neck.,0.005908476188778877,0.9956717491149902,0.005908476188778877,neutral,0.9974433183670044,False,False,False,[],[],[],0.22388059701492535,False,"[""semantic_drift""]",facebook/nllb-200-distilled-600M,f8d333a098d19b4fd9a8b18f94170487ad3f821d,MoritzLaurer/DeBERTa-v3-base-mnli-fever-anli,6f5cf0a2b59cabb106aca4c287eed12e357e90eb
30,18456,18456:premise:fra_Latn,premise,neutral,RELIABLE_GOLD,neutral,0.9564386606216431,True,A person plays with a mega joule contraption consisting of wire tracks and colored balls.,A person plays with a mega jug made up of traces of wire and colored bullets.,0.007596254348754883,0.6033747792243958,0.007596254348754883,neutral,0.9554361701011658,False,False,False,[],[],[],0.24096385542168675,False,"[""semantic_drift""]",facebook/nllb-200-distilled-600M,f8d333a098d19b4fd9a8b18f94170487ad3f821d,MoritzLaurer/DeBERTa-v3-base-mnli-fever-anli,6f5cf0a2b59cabb106aca4c287eed12e357e90eb
30,18456,18456:hypothesis:fra_Latn,hypothesis,neutral,RELIABLE_GOLD,neutral,0.9564386606216431,True,The peson has a strange life with jouls and contraptions.,The peson has a strange life with cheeks and appliances.,0.9409496188163757,0.9522989392280579,0.9409496188163757,neutral,0.7532821893692017,False,False,False,[],[],[],0.18584070796460173,False,"[""low_nli_confidence""]",facebook/nllb-200-distilled-600M,f8d333a098d19b4fd9a8b18f94170487ad3f821d,MoritzLaurer/DeBERTa-v3-base-mnli-fever-anli,6f5cf0a2b59cabb106aca4c287eed12e357e90eb
33,18790,18790:premise:fra_Latn,premise,contradiction,GOLD_DISAGREEMENT,neutral,0.08828672021627426,False,A squirrel jumps in the snow.,A squirrel jumps in the snow.,,,,None,,False,False,False,[],[],[],,False,"[""source_label_disagreement""]",facebook/nllb-200-distilled-600M,,MoritzLaurer/DeBERTa-v3-base-mnli-fever-anli,6f5cf0a2b59cabb106aca4c287eed12e357e90eb
33,18790,18790:hypothesis:fra_Latn,hypothesis,contradiction,GOLD_DISAGREEMENT,neutral,0.08828672021627426,False,A squirrel is attacking a small child.,A squirrel is attacking a small child.,,,,None,,False,False,False,[],[],[],,False,"[""source_label_disagreement""]",facebook/nllb-200-distilled-600M,,MoritzLaurer/DeBERTa-v3-base-mnli-fever-anli,6f5cf0a2b59cabb106aca4c287eed12e357e90eb
36,22740,22740:premise:fra_Latn,premise,entailment,GOLD_DISAGREEMENT,contradiction,0.1826387196779251,False,A man wearing an orange vest is standing on the street with a bulldozer behind him.,A man wearing an orange vest is standing on the street with a bulldozer behind him.,,,,None,,False,False,False,[],[],[],,False,"[""source_label_disagreement""]",facebook/nllb-200-distilled-600M,,MoritzLaurer/DeBERTa-v3-base-mnli-fever-anli,6f5cf0a2b59cabb106aca4c287eed12e357e90eb
36,22740,22740:hypothesis:fra_Latn,hypothesis,entailment,GOLD_DISAGREEMENT,contradiction,0.1826387196779251,False,Guy in front of a bulldozer.,Guy in front of a bulldozer.,,,,None,,False,False,False,[],[],[],,False,"[""source_label_disagreement""]",facebook/nllb-200-distilled-600M,,MoritzLaurer/DeBERTa-v3-base-mnli-fever-anli,6f5cf0a2b59cabb106aca4c287eed12e357e90eb
50,34858,34858:premise:fra_Latn,premise,neutral,GOLD_DISAGREEMENT,entailment,0.014200634323060513,False,Wolf-like dog chasing white wiffle ball through a green field.,Wolf-like dog chasing white wiffle ball through a green field.,,,,None,,False,False,False,[],[],[],,False,"[""source_label_disagreement""]",facebook/nllb-200-distilled-600M,,MoritzLaurer/DeBERTa-v3-base-mnli-fever-anli,6f5cf0a2b59cabb106aca4c287eed12e357e90eb
50,34858,34858:hypothesis:fra_Latn,hypothesis,neutral,GOLD_DISAGREEMENT,entailment,0.014200634323060513,False,The dog is in the field.,The dog is in the field.,,,,None,,False,False,False,[],[],[],,False,"[""source_label_disagreement""]",facebook/nllb-200-distilled-600M,,MoritzLaurer/DeBERTa-v3-base-mnli-fever-anli,6f5cf0a2b59cabb106aca4c287eed12e357e90eb
52,38085,38085:premise:fra_Latn,premise,neutral,GOLD_DISAGREEMENT,contradiction,0.4574742615222931,False,"Two young girls are playing on swings, and one is holding the other girls swing ""still.""","Two young girls are playing on swings, and one is holding the other girls swing ""still.""",,,,None,,False,False,False,[],[],[],,False,"[""source_label_disagreement""]",facebook/nllb-200-distilled-600M,,MoritzLaurer/DeBERTa-v3-base-mnli-fever-anli,6f5cf0a2b59cabb106aca4c287eed12e357e90eb
52,38085,38085:hypothesis:fra_Latn,hypothesis,neutral,GOLD_DISAGREEMENT,contradiction,0.4574742615222931,False,A girl is telling her friend it is her turn to swing.,A girl is telling her friend it is her turn to swing.,,,,None,,False,False,False,[],[],[],,False,"[""source_label_disagreement""]",facebook/nllb-200-distilled-600M,,MoritzLaurer/DeBERTa-v3-base-mnli-fever-anli,6f5cf0a2b59cabb106aca4c287eed12e357e90eb
32,18686,18686:premise:fra_Latn,premise,contradiction,RELIABLE_GOLD,contradiction,0.999019980430603,True,A girl in pink is holding onto a young boy wearing red.,A girl in pink holds a boy in red.,0.9969859719276428,0.5155285000801086,0.5155285000801086,contradiction,0.9983968138694763,False,False,False,"[{""group"":""space"",""original"":{""in"":1},""candidate"":{""in"":2},""field"":""premise""}]",[],"[{""group"":""space"",""original"":{""in"":1},""candidate"":{""in"":2},""field"":""premise""}]",0.2584269662921348,False,"[""semantic_drift""]",facebook/nllb-200-distilled-600M,f8d333a098d19b4fd9a8b18f94170487ad3f821d,MoritzLaurer/DeBERTa-v3-base-mnli-fever-anli,6f5cf0a2b59cabb106aca4c287eed12e357e90eb
32,18686,18686:hypothesis:fra_Latn,hypothesis,contradiction,RELIABLE_GOLD,contradiction,0.999019980430603,True,A sister is holding onto her brother in all black.,A sister keeps her brother in the dark.,0.9813857674598694,0.8186876177787781,0.8186876177787781,neutral,0.10524536669254303,False,False,False,"[{""group"":""quantifier"",""original"":{""all"":1},""candidate"":{},""field"":""hypothesis""}]",[],"[{""group"":""quantifier"",""original"":{""all"":1},""candidate"":{},""field"":""hypothesis""}]",0.348314606741573,False,"[""semantic_drift"",""label_flip""]",facebook/nllb-200-distilled-600M,f8d333a098d19b4fd9a8b18f94170487ad3f821d,MoritzLaurer/DeBERTa-v3-base-mnli-fever-anli,6f5cf0a2b59cabb106aca4c287eed12e357e90eb
35,19844,19844:premise:fra_Latn,premise,entailment,RELIABLE_GOLD,entailment,0.9864567518234253,True,A young blond boy looking at a white robot on a green table.,A young blonde looking at a white robot on a green table.,0.9933235049247742,0.019680647179484367,0.019680647179484367,entailment,0.9938108325004578,False,False,False,[],[],[],0.042735042735042694,False,"[""semantic_drift""]",facebook/nllb-200-distilled-600M,f8d333a098d19b4fd9a8b18f94170487ad3f821d,MoritzLaurer/DeBERTa-v3-base-mnli-fever-anli,6f5cf0a2b59cabb106aca4c287eed12e357e90eb
37,26244,26244:hypothesis:fra_Latn,hypothesis,neutral,RELIABLE_GOLD,neutral,0.9370047450065613,True,A funny person sitting,A funny person sitting,0.9902828931808472,0.9902828931808472,0.9902828931808472,neutral,0.9370047450065613,False,False,False,[],[],[],0.0,False,"[""trivial_copy""]",facebook/nllb-200-distilled-600M,f8d333a098d19b4fd9a8b18f94170487ad3f821d,MoritzLaurer/DeBERTa-v3-base-mnli-fever-anli,6f5cf0a2b59cabb106aca4c287eed12e357e90eb
38,27041,27041:hypothesis:fra_Latn,hypothesis,entailment,RELIABLE_GOLD,entailment,0.9932605624198914,True,The man is near some oranges.,The man is near some oranges.,0.9950976967811584,0.9950976967811584,0.9950976967811584,entailment,0.9932605624198914,False,False,False,[],[],[],0.0,False,"[""trivial_copy""]",facebook/nllb-200-distilled-600M,f8d333a098d19b4fd9a8b18f94170487ad3f821d,MoritzLaurer/DeBERTa-v3-base-mnli-fever-anli,6f5cf0a2b59cabb106aca4c287eed12e357e90eb
39,27080,27080:hypothesis:fra_Latn,hypothesis,entailment,RELIABLE_GOLD,entailment,0.9898721575737,True,A man moves his foot,A man moves his foot,0.9917234778404236,0.9917234778404236,0.9917234778404236,entailment,0.9898721575737,False,False,False,[],[],[],0.0,False,"[""trivial_copy""]",facebook/nllb-200-distilled-600M,f8d333a098d19b4fd9a8b18f94170487ad3f821d,MoritzLaurer/DeBERTa-v3-base-mnli-fever-anli,6f5cf0a2b59cabb106aca4c287eed12e357e90eb
42,29218,29218:premise:fra_Latn,premise,entailment,RELIABLE_GOLD,entailment,0.9970688223838806,True,A man lying down with a maroon cloth over his eyes and someone standing over him wearing flip-flops.,"A man lying there with a brown cloth over his eyes, and someone standing over him wearing flip-flops.",0.1762104630470276,0.031819216907024384,0.031819216907024384,entailment,0.9937113523483276,False,False,False,[],[],[],0.07462686567164178,False,"[""semantic_drift""]",facebook/nllb-200-distilled-600M,f8d333a098d19b4fd9a8b18f94170487ad3f821d,MoritzLaurer/DeBERTa-v3-base-mnli-fever-anli,6f5cf0a2b59cabb106aca4c287eed12e357e90eb
42,29218,29218:hypothesis:fra_Latn,hypothesis,entailment,RELIABLE_GOLD,entailment,0.9970688223838806,True,The man is lying down.,The man is lying down.,0.9979482293128967,0.9979482293128967,0.9979482293128967,entailment,0.9970688223838806,False,False,False,[],[],[],0.0,False,"[""trivial_copy""]",facebook/nllb-200-distilled-600M,f8d333a098d19b4fd9a8b18f94170487ad3f821d,MoritzLaurer/DeBERTa-v3-base-mnli-fever-anli,6f5cf0a2b59cabb106aca4c287eed12e357e90eb
43,29415,29415:premise:fra_Latn,premise,contradiction,RELIABLE_GOLD,contradiction,0.9534854888916016,True,"A man is operating a weed eater behind a building, and there is a red van nearby.","A man is operating a cannabis eater behind a building, and there's a red pickup truck nearby.",0.0008543779258616269,0.0009919514413923025,0.0008543779258616269,contradiction,0.9896460175514221,False,False,False,[],[],[],0.1724137931034483,False,"[""semantic_drift""]",facebook/nllb-200-distilled-600M,f8d333a098d19b4fd9a8b18f94170487ad3f821d,MoritzLaurer/DeBERTa-v3-base-mnli-fever-anli,6f5cf0a2b59cabb106aca4c287eed12e357e90eb
44,29765,29765:premise:fra_Latn,premise,contradiction,RELIABLE_GOLD,contradiction,0.9991926550865173,True,A man on a bicycle rides up the side of a tree.,A man riding a bicycle climbs a tree.,0.9940709471702576,0.8927523493766785,0.8927523493766785,contradiction,0.9992105960845947,False,False,False,"[{""group"":""space"",""original"":{""on"":1},""candidate"":{},""field"":""premise""}]",[],"[{""group"":""space"",""original"":{""on"":1},""candidate"":{},""field"":""premise""}]",0.33333333333333337,False,"[""semantic_drift""]",facebook/nllb-200-distilled-600M,f8d333a098d19b4fd9a8b18f94170487ad3f821d,MoritzLaurer/DeBERTa-v3-base-mnli-fever-anli,6f5cf0a2b59cabb106aca4c287eed12e357e90eb
44,29765,29765:hypothesis:fra_Latn,hypothesis,contradiction,RELIABLE_GOLD,contradiction,0.9991926550865173,True,A man on a skateboard.,A man on a skateboard.,0.9948161244392395,0.9948161244392395,0.9948161244392395,contradiction,0.9991926550865173,False,False,False,[],[],[],0.0,False,"[""trivial_copy""]",facebook/nllb-200-distilled-600M,f8d333a098d19b4fd9a8b18f94170487ad3f821d,MoritzLaurer/DeBERTa-v3-base-mnli-fever-anli,6f5cf0a2b59cabb106aca4c287eed12e357e90eb
45,30056,30056:hypothesis:fra_Latn,hypothesis,neutral,RELIABLE_GOLD,neutral,0.9971179962158203,True,Billy decided to wear his white shirt with his new glasses for his guitar recital.,Billy decided to wear his white shirt with his new glasses for his guitar recital.,0.9953258037567139,0.9953258037567139,0.9953258037567139,neutral,0.9971179962158203,False,False,False,[],[],[],0.0,False,"[""trivial_copy""]",facebook/nllb-200-distilled-600M,f8d333a098d19b4fd9a8b18f94170487ad3f821d,MoritzLaurer/DeBERTa-v3-base-mnli-fever-anli,6f5cf0a2b59cabb106aca4c287eed12e357e90eb
47,32579,32579:hypothesis:fra_Latn,hypothesis,neutral,RELIABLE_GOLD,neutral,0.9976015686988831,True,The musicians are going to band practice.,The musicians are going to practice.,0.9972842931747437,0.001451246440410614,0.001451246440410614,neutral,0.9968186616897583,False,False,False,[],[],[],0.06493506493506496,False,"[""semantic_drift""]",facebook/nllb-200-distilled-600M,f8d333a098d19b4fd9a8b18f94170487ad3f821d,MoritzLaurer/DeBERTa-v3-base-mnli-fever-anli,6f5cf0a2b59cabb106aca4c287eed12e357e90eb
48,32673,32673:premise:fra_Latn,premise,contradiction,RELIABLE_GOLD,contradiction,0.9993467926979065,True,A man sits in the floor slapping something while another woman watches and one stands in the kitchen talking.,One man is sitting on the floor typing something while another woman is watching and the other is standing in the kitchen talking.,0.0005267067463137209,0.000289261486614123,0.000289261486614123,contradiction,0.9991623163223267,False,False,False,"[{""group"":""space"",""original"":{""in"":2},""candidate"":{""in"":1,""on"":1},""field"":""premise""}]",[],"[{""group"":""space"",""original"":{""in"":2},""candidate"":{""in"":1,""on"":1},""field"":""premise""}]",0.17991631799163177,False,"[""semantic_drift""]",facebook/nllb-200-distilled-600M,f8d333a098d19b4fd9a8b18f94170487ad3f821d,MoritzLaurer/DeBERTa-v3-base-mnli-fever-anli,6f5cf0a2b59cabb106aca4c287eed12e357e90eb
49,34221,34221:premise:fra_Latn,premise,neutral,RELIABLE_GOLD,neutral,0.9715840220451355,True,Two men fix a bicycle on a trail.,Two men are fixing a bicycle on a track.,0.049101218581199646,0.2521693706512451,0.049101218581199646,contradiction,0.0025205551646649837,False,False,False,[],[],[],0.15068493150684936,False,"[""semantic_drift"",""label_flip""]",facebook/nllb-200-distilled-600M,f8d333a098d19b4fd9a8b18f94170487ad3f821d,MoritzLaurer/DeBERTa-v3-base-mnli-fever-anli,6f5cf0a2b59cabb106aca4c287eed12e357e90eb
53,38101,38101:premise:fra_Latn,premise,neutral,RELIABLE_GOLD,neutral,0.9979598522186279,True,A girl running through uneven sand with some withered grass.,A girl running through the sand with dry grass.,0.9945900440216064,0.04447881132364273,0.04447881132364273,neutral,0.9963772892951965,False,False,False,"[{""group"":""quantifier"",""original"":{""some"":1},""candidate"":{},""field"":""premise""}]",[],"[{""group"":""quantifier"",""original"":{""some"":1},""candidate"":{},""field"":""premise""}]",0.19626168224299068,False,"[""semantic_drift""]",facebook/nllb-200-distilled-600M,f8d333a098d19b4fd9a8b18f94170487ad3f821d,MoritzLaurer/DeBERTa-v3-base-mnli-fever-anli,6f5cf0a2b59cabb106aca4c287eed12e357e90eb
55,40045,40045:premise:fra_Latn,premise,contradiction,RELIABLE_GOLD,contradiction,0.9992152452468872,True,Former First Lady Laura Bush wearing a peach colored dress speaks at a conference.,"Former First Lady Laura Bush, dressed in a fish dress, speaks at a conference.",0.0006343497661873698,0.0029429872520267963,0.0006343497661873698,contradiction,0.999265730381012,False,False,False,"[{""group"":""space"",""original"":{},""candidate"":{""in"":1},""field"":""premise""}]",[],"[{""group"":""space"",""original"":{},""candidate"":{""in"":1},""field"":""premise""}]",0.275,False,"[""semantic_drift""]",facebook/nllb-200-distilled-600M,f8d333a098d19b4fd9a8b18f94170487ad3f821d,MoritzLaurer/DeBERTa-v3-base-mnli-fever-anli,6f5cf0a2b59cabb106aca4c287eed12e357e90eb
56,40130,40130:premise:fra_Latn,premise,entailment,RELIABLE_GOLD,entailment,0.9957807064056396,True,A man sitting on a rock in a grass field talking on his cellphone.,A man sitting on a rock in a grass field talking on his cell phone.,0.9964902997016907,0.9942690134048462,0.9942690134048462,entailment,0.9964445233345032,False,False,False,[],[],[],0.007518796992481258,False,"[""trivial_copy""]",facebook/nllb-200-distilled-600M,f8d333a098d19b4fd9a8b18f94170487ad3f821d,MoritzLaurer/DeBERTa-v3-base-mnli-fever-anli,6f5cf0a2b59cabb106aca4c287eed12e357e90eb
57,40441,40441:hypothesis:fra_Latn,hypothesis,neutral,RELIABLE_GOLD,neutral,0.9077663421630859,True,Two guys trying to catch the same Frisbee,Two guys trying to catch the same Frisbee.,0.9952865242958069,0.9929297566413879,0.9929297566413879,neutral,0.7785414457321167,False,False,False,[],[],[],0.012048192771084376,False,"[""trivial_copy"",""low_nli_confidence""]",facebook/nllb-200-distilled-600M,f8d333a098d19b4fd9a8b18f94170487ad3f821d,MoritzLaurer/DeBERTa-v3-base-mnli-fever-anli,6f5cf0a2b59cabb106aca4c287eed12e357e90eb
58,41993,41993:hypothesis:fra_Latn,hypothesis,neutral,RELIABLE_GOLD,neutral,0.9612749218940735,True,The office worker is thinking.,The office worker is thinking.,0.9966601133346558,0.9966601133346558,0.9966601133346558,neutral,0.9612749218940735,False,False,False,[],[],[],0.0,False,"[""trivial_copy""]",facebook/nllb-200-distilled-600M,f8d333a098d19b4fd9a8b18f94170487ad3f821d,MoritzLaurer/DeBERTa-v3-base-mnli-fever-anli,6f5cf0a2b59cabb106aca4c287eed12e357e90eb
59,42372,42372:hypothesis:fra_Latn,hypothesis,entailment,RELIABLE_GOLD,entailment,0.991329550743103,True,The boy is Asian.,The boy is Asian.,0.9956116080284119,0.9956116080284119,0.9956116080284119,entailment,0.991329550743103,False,False,False,[],[],[],0.0,False,"[""trivial_copy""]",facebook/nllb-200-distilled-600M,f8d333a098d19b4fd9a8b18f94170487ad3f821d,MoritzLaurer/DeBERTa-v3-base-mnli-fever-anli,6f5cf0a2b59cabb106aca4c287eed12e357e90eb
60,43495,43495:premise:fra_Latn,premise,neutral,RELIABLE_GOLD,neutral,0.9977750182151794,True,A man with black gloves sits on someone's shoulders to take a picture.,A man in black gloves sits on someone's shoulders to take a picture.,0.9963562488555908,0.9964126944541931,0.9963562488555908,neutral,0.9973817467689514,False,False,False,"[{""group"":""space"",""original"":{""on"":1},""candidate"":{""in"":1,""on"":1},""field"":""premise""}]",[],"[{""group"":""space"",""original"":{""on"":1},""candidate"":{""in"":1,""on"":1},""field"":""premise""}]",0.02898550724637683,False,"[""trivial_copy""]",facebook/nllb-200-distilled-600M,f8d333a098d19b4fd9a8b18f94170487ad3f821d,MoritzLaurer/DeBERTa-v3-base-mnli-fever-anli,6f5cf0a2b59cabb106aca4c287eed12e357e90eb
60,43495,43495:hypothesis:fra_Latn,hypothesis,neutral,RELIABLE_GOLD,neutral,0.9977750182151794,True,The man is short.,The man is small.,0.9787482023239136,0.4575943648815155,0.4575943648815155,neutral,0.9822461605072021,False,False,False,[],[],[],0.23529411764705888,False,"[""semantic_drift""]",facebook/nllb-200-distilled-600M,f8d333a098d19b4fd9a8b18f94170487ad3f821d,MoritzLaurer/DeBERTa-v3-base-mnli-fever-anli,6f5cf0a2b59cabb106aca4c287eed12e357e90eb
63,44726,44726:hypothesis:fra_Latn,hypothesis,entailment,RELIABLE_GOLD,entailment,0.9923093318939209,True,A boy is using a computer.,A boy is using a computer.,0.9974493384361267,0.9974493384361267,0.9974493384361267,entailment,0.9923093318939209,False,False,False,[],[],[],0.0,False,"[""trivial_copy""]",facebook/nllb-200-distilled-600M,f8d333a098d19b4fd9a8b18f94170487ad3f821d,MoritzLaurer/DeBERTa-v3-base-mnli-fever-anli,6f5cf0a2b59cabb106aca4c287eed12e357e90eb
74,51049,51049:premise:fra_Latn,premise,entailment,GOLD_DISAGREEMENT,neutral,0.002839494263753295,False,A young girl and an older man are checking out at the food store.,A young girl and an older man are checking out at the food store.,,,,None,,False,False,False,[],[],[],,False,"[""source_label_disagreement""]",facebook/nllb-200-distilled-600M,,MoritzLaurer/DeBERTa-v3-base-mnli-fever-anli,6f5cf0a2b59cabb106aca4c287eed12e357e90eb
74,51049,51049:hypothesis:fra_Latn,hypothesis,entailment,GOLD_DISAGREEMENT,neutral,0.002839494263753295,False,The two people have just bought some food.,The two people have just bought some food.,,,,None,,False,False,False,[],[],[],,False,"[""source_label_disagreement""]",facebook/nllb-200-distilled-600M,,MoritzLaurer/DeBERTa-v3-base-mnli-fever-anli,6f5cf0a2b59cabb106aca4c287eed12e357e90eb
75,52691,52691:premise:fra_Latn,premise,neutral,GOLD_LOW_CONFIDENCE,neutral,0.7990950345993042,False,A street which is lined with many motorcycles.,A street which is lined with many motorcycles.,,,,None,,False,False,False,[],[],[],,False,"[""source_nli_low_confidence""]",facebook/nllb-200-distilled-600M,,MoritzLaurer/DeBERTa-v3-base-mnli-fever-anli,6f5cf0a2b59cabb106aca4c287eed12e357e90eb
75,52691,52691:hypothesis:fra_Latn,hypothesis,neutral,GOLD_LOW_CONFIDENCE,neutral,0.7990950345993042,False,There is a parade of motorcycles.,There is a parade of motorcycles.,,,,None,,False,False,False,[],[],[],,False,"[""source_nli_low_confidence""]",facebook/nllb-200-distilled-600M,,MoritzLaurer/DeBERTa-v3-base-mnli-fever-anli,6f5cf0a2b59cabb106aca4c287eed12e357e90eb
77,53250,53250:premise:fra_Latn,premise,contradiction,GOLD_LOW_CONFIDENCE,contradiction,0.7928719520568848,False,Man lining up a putt while playing mini-golf.,Man lining up a putt while playing mini-golf.,,,,None,,False,False,False,[],[],[],,False,"[""source_nli_low_confidence""]",facebook/nllb-200-distilled-600M,,MoritzLaurer/DeBERTa-v3-base-mnli-fever-anli,6f5cf0a2b59cabb106aca4c287eed12e357e90eb
77,53250,53250:hypothesis:fra_Latn,hypothesis,contradiction,GOLD_LOW_CONFIDENCE,contradiction,0.7928719520568848,False,A man plays in the PGA tournament.,A man plays in the PGA tournament.,,,,None,,False,False,False,[],[],[],,False,"[""source_nli_low_confidence""]",facebook/nllb-200-distilled-600M,,MoritzLaurer/DeBERTa-v3-base-mnli-fever-anli,6f5cf0a2b59cabb106aca4c287eed12e357e90eb
87,58153,58153:premise:fra_Latn,premise,neutral,GOLD_DISAGREEMENT,entailment,0.06744325906038284,False,A group of runners on a road outside wearing short-sleeved shirts and shorts run towards the camera while a group of bystanders lining the street watch.,A group of runners on a road outside wearing short-sleeved shirts and shorts run towards the camera while a group of bystanders lining the street watch.,,,,None,,False,False,False,[],[],[],,False,"[""source_label_disagreement""]",facebook/nllb-200-distilled-600M,,MoritzLaurer/DeBERTa-v3-base-mnli-fever-anli,6f5cf0a2b59cabb106aca4c287eed12e357e90eb
87,58153,58153:hypothesis:fra_Latn,hypothesis,neutral,GOLD_DISAGREEMENT,entailment,0.06744325906038284,False,the camera photographs a race,the camera photographs a race,,,,None,,False,False,False,[],[],[],,False,"[""source_label_disagreement""]",facebook/nllb-200-distilled-600M,,MoritzLaurer/DeBERTa-v3-base-mnli-fever-anli,6f5cf0a2b59cabb106aca4c287eed12e357e90eb
90,60384,60384:premise:fra_Latn,premise,neutral,GOLD_DISAGREEMENT,entailment,0.25070178508758545,False,Two basketball players from duke are looking upward.,Two basketball players from duke are looking upward.,,,,None,,False,False,False,[],[],[],,False,"[""source_label_disagreement""]",facebook/nllb-200-distilled-600M,,MoritzLaurer/DeBERTa-v3-base-mnli-fever-anli,6f5cf0a2b59cabb106aca4c287eed12e357e90eb
90,60384,60384:hypothesis:fra_Latn,hypothesis,neutral,GOLD_DISAGREEMENT,entailment,0.25070178508758545,False,Two teammates are checking the scoreboard.,Two teammates are checking the scoreboard.,,,,None,,False,False,False,[],[],[],,False,"[""source_label_disagreement""]",facebook/nllb-200-distilled-600M,,MoritzLaurer/DeBERTa-v3-base-mnli-fever-anli,6f5cf0a2b59cabb106aca4c287eed12e357e90eb
92,61057,61057:premise:fra_Latn,premise,neutral,GOLD_DISAGREEMENT,entailment,0.009554263204336166,False,A woman and three children are picking something out of a blue trashcan.,A woman and three children are picking something out of a blue trashcan.,,,,None,,False,False,False,[],[],[],,False,"[""source_label_disagreement""]",facebook/nllb-200-distilled-600M,,MoritzLaurer/DeBERTa-v3-base-mnli-fever-anli,6f5cf0a2b59cabb106aca4c287eed12e357e90eb
92,61057,61057:hypothesis:fra_Latn,hypothesis,neutral,GOLD_DISAGREEMENT,entailment,0.009554263204336166,False,A woman and kids are picking up trash.,A woman and kids are picking up trash.,,,,None,,False,False,False,[],[],[],,False,"[""source_label_disagreement""]",facebook/nllb-200-distilled-600M,,MoritzLaurer/DeBERTa-v3-base-mnli-fever-anli,6f5cf0a2b59cabb106aca4c287eed12e357e90eb
64,45940,45940:hypothesis:fra_Latn,hypothesis,neutral,RELIABLE_GOLD,neutral,0.9955845475196838,True,The dog brings the ball back to his owner.,The dog returns the bullet to its owner.,0.0013250495539978147,0.0017047892324626446,0.0013250495539978147,contradiction,0.21100786328315735,False,False,False,[],[],[],0.2195121951219512,False,"[""semantic_drift"",""label_flip""]",facebook/nllb-200-distilled-600M,f8d333a098d19b4fd9a8b18f94170487ad3f821d,MoritzLaurer/DeBERTa-v3-base-mnli-fever-anli,6f5cf0a2b59cabb106aca4c287eed12e357e90eb
65,46018,46018:hypothesis:fra_Latn,hypothesis,neutral,RELIABLE_GOLD,neutral,0.9923380017280579,True,The boys are wearing soccer jerseys.,The boys are wearing football shirts.,0.002735813846811652,0.008386580273509026,0.002735813846811652,neutral,0.8808263540267944,False,False,False,[],[],[],0.31506849315068497,False,"[""semantic_drift""]",facebook/nllb-200-distilled-600M,f8d333a098d19b4fd9a8b18f94170487ad3f821d,MoritzLaurer/DeBERTa-v3-base-mnli-fever-anli,6f5cf0a2b59cabb106aca4c287eed12e357e90eb
67,46771,46771:premise:fra_Latn,premise,neutral,RELIABLE_GOLD,neutral,0.9970301389694214,True,"Girl with glasses wearing a black horizontally striped shirt, a blue tuque, and jeans sitting on a cobblestone sidewalk and street.","A girl in glasses wearing a black shirt with horizontal stripes, a blue tux and jeans sitting on a sidewalk and a paved street.",0.9673133492469788,0.06605761498212814,0.06605761498212814,neutral,0.9975255131721497,False,False,False,"[{""group"":""space"",""original"":{""on"":1},""candidate"":{""in"":1,""on"":1},""field"":""premise""}]",[],"[{""group"":""space"",""original"":{""on"":1},""candidate"":{""in"":1,""on"":1},""field"":""premise""}]",0.1937984496124031,False,"[""semantic_drift""]",facebook/nllb-200-distilled-600M,f8d333a098d19b4fd9a8b18f94170487ad3f821d,MoritzLaurer/DeBERTa-v3-base-mnli-fever-anli,6f5cf0a2b59cabb106aca4c287eed12e357e90eb
67,46771,46771:hypothesis:fra_Latn,hypothesis,neutral,RELIABLE_GOLD,neutral,0.9970301389694214,True,A girl is waiting for her ride,There's a girl waiting for her flight.,0.22460272908210754,0.9924489259719849,0.22460272908210754,neutral,0.9903551340103149,False,False,False,[],[],[],0.2941176470588235,False,"[""semantic_drift""]",facebook/nllb-200-distilled-600M,f8d333a098d19b4fd9a8b18f94170487ad3f821d,MoritzLaurer/DeBERTa-v3-base-mnli-fever-anli,6f5cf0a2b59cabb106aca4c287eed12e357e90eb
69,48793,48793:premise:fra_Latn,premise,entailment,RELIABLE_GOLD,entailment,0.9964689016342163,True,A man in a jean jacket walking through town.,A man in jeans walking through town.,0.9259456396102905,0.009398985654115677,0.009398985654115677,entailment,0.9962857961654663,False,False,False,[],[],[],0.125,False,"[""semantic_drift""]",facebook/nllb-200-distilled-600M,f8d333a098d19b4fd9a8b18f94170487ad3f821d,MoritzLaurer/DeBERTa-v3-base-mnli-fever-anli,6f5cf0a2b59cabb106aca4c287eed12e357e90eb
70,48999,48999:hypothesis:fra_Latn,hypothesis,neutral,RELIABLE_GOLD,neutral,0.9978662133216858,True,A person is jumping over a bench on a bike.,A person jumps off a bicycle bench.,0.8702977895736694,0.9300181865692139,0.8702977895736694,contradiction,0.009334437549114227,False,False,False,"[{""group"":""space"",""original"":{""over"":1,""on"":1},""candidate"":{},""field"":""hypothesis""}]",[],"[{""group"":""space"",""original"":{""over"":1,""on"":1},""candidate"":{},""field"":""hypothesis""}]",0.3846153846153846,False,"[""semantic_drift"",""label_flip""]",facebook/nllb-200-distilled-600M,f8d333a098d19b4fd9a8b18f94170487ad3f821d,MoritzLaurer/DeBERTa-v3-base-mnli-fever-anli,6f5cf0a2b59cabb106aca4c287eed12e357e90eb
71,49580,49580:premise:fra_Latn,premise,entailment,RELIABLE_GOLD,entailment,0.9956674575805664,True,A young boy looks out the window while traveling.,A young boy looks out the window while traveling.,0.9967261552810669,0.9967261552810669,0.9967261552810669,entailment,0.9956674575805664,False,False,False,[],[],[],0.0,False,"[""trivial_copy""]",facebook/nllb-200-distilled-600M,f8d333a098d19b4fd9a8b18f94170487ad3f821d,MoritzLaurer/DeBERTa-v3-base-mnli-fever-anli,6f5cf0a2b59cabb106aca4c287eed12e357e90eb
71,49580,49580:hypothesis:fra_Latn,hypothesis,entailment,RELIABLE_GOLD,entailment,0.9956674575805664,True,a child is in a moving vehicle,a child is in a moving vehicle,0.9946462512016296,0.9946462512016296,0.9946462512016296,entailment,0.9956674575805664,False,False,False,[],[],[],0.0,False,"[""trivial_copy""]",facebook/nllb-200-distilled-600M,f8d333a098d19b4fd9a8b18f94170487ad3f821d,MoritzLaurer/DeBERTa-v3-base-mnli-fever-anli,6f5cf0a2b59cabb106aca4c287eed12e357e90eb
73,50615,50615:hypothesis:fra_Latn,hypothesis,contradiction,RELIABLE_GOLD,contradiction,0.9993504881858826,True,A football player taking a hit,A soccer player takes a hit,0.9802457690238953,0.834844172000885,0.834844172000885,contradiction,0.9992272853851318,False,False,False,[],[],[],0.29824561403508776,False,"[""semantic_drift""]",facebook/nllb-200-distilled-600M,f8d333a098d19b4fd9a8b18f94170487ad3f821d,MoritzLaurer/DeBERTa-v3-base-mnli-fever-anli,6f5cf0a2b59cabb106aca4c287eed12e357e90eb
76,52808,52808:hypothesis:fra_Latn,hypothesis,contradiction,RELIABLE_GOLD,contradiction,0.9609857797622681,True,The manager is about to fire the employee.,The manager is about to fire the employee.,0.9977668523788452,0.9977668523788452,0.9977668523788452,contradiction,0.9609856605529785,False,False,False,[],[],[],0.0,False,"[""trivial_copy""]",facebook/nllb-200-distilled-600M,f8d333a098d19b4fd9a8b18f94170487ad3f821d,MoritzLaurer/DeBERTa-v3-base-mnli-fever-anli,6f5cf0a2b59cabb106aca4c287eed12e357e90eb
79,54712,54712:premise:fra_Latn,premise,entailment,RELIABLE_GOLD,entailment,0.9964410662651062,True,A man breakdances as a crowd watches.,A man dances like a crowd.,0.6737805008888245,0.005662900861352682,0.005662900861352682,neutral,0.4022902548313141,False,False,False,[],[],[],0.3015873015873016,False,"[""semantic_drift"",""label_flip""]",facebook/nllb-200-distilled-600M,f8d333a098d19b4fd9a8b18f94170487ad3f821d,MoritzLaurer/DeBERTa-v3-base-mnli-fever-anli,6f5cf0a2b59cabb106aca4c287eed12e357e90eb
79,54712,54712:hypothesis:fra_Latn,hypothesis,entailment,RELIABLE_GOLD,entailment,0.9964410662651062,True,A man dances in front of a crowd.,A man dances in front of a crowd.,0.9964714050292969,0.9964714050292969,0.9964714050292969,entailment,0.9964410662651062,False,False,False,[],[],[],0.0,False,"[""trivial_copy""]",facebook/nllb-200-distilled-600M,f8d333a098d19b4fd9a8b18f94170487ad3f821d,MoritzLaurer/DeBERTa-v3-base-mnli-fever-anli,6f5cf0a2b59cabb106aca4c287eed12e357e90eb
80,54941,54941:premise:fra_Latn,premise,entailment,RELIABLE_GOLD,entailment,0.9970095157623291,True,The girl in the pink California Santa Cruz sweatshirt was cutting cheese for the picnic.,The girl in the pink Santa Cruz sweatshirt was cutting cheese for the picnic.,0.9954892992973328,0.1688794195652008,0.1688794195652008,entailment,0.9970420002937317,False,False,False,[],[],[],0.06666666666666665,False,"[""semantic_drift""]",facebook/nllb-200-distilled-600M,f8d333a098d19b4fd9a8b18f94170487ad3f821d,MoritzLaurer/DeBERTa-v3-base-mnli-fever-anli,6f5cf0a2b59cabb106aca4c287eed12e357e90eb
81,55266,55266:premise:fra_Latn,premise,contradiction,RELIABLE_GOLD,contradiction,0.9994255304336548,True,"A man wearing a cowboy hat, overalls, and a white shirt is pointing at his music sheet and looking at someone in confusion.","A man in a cowboy hat, suit and white shirt points to his sheet of music and looks at someone in confusion.",0.025919945910573006,0.005324042867869139,0.005324042867869139,contradiction,0.9994825124740601,False,False,False,"[{""group"":""space"",""original"":{""in"":1},""candidate"":{""in"":2},""field"":""premise""}]",[],"[{""group"":""space"",""original"":{""in"":1},""candidate"":{""in"":2},""field"":""premise""}]",0.19999999999999996,False,"[""semantic_drift""]",facebook/nllb-200-distilled-600M,f8d333a098d19b4fd9a8b18f94170487ad3f821d,MoritzLaurer/DeBERTa-v3-base-mnli-fever-anli,6f5cf0a2b59cabb106aca4c287eed12e357e90eb
82,55448,55448:hypothesis:fra_Latn,hypothesis,contradiction,RELIABLE_GOLD,contradiction,0.9992283582687378,True,A woman and a young boy are laughing.,A woman and a boy are laughing.,0.9960156083106995,0.023312469944357872,0.023312469944357872,contradiction,0.9992603659629822,False,False,False,[],[],[],0.08823529411764708,False,"[""semantic_drift""]",facebook/nllb-200-distilled-600M,f8d333a098d19b4fd9a8b18f94170487ad3f821d,MoritzLaurer/DeBERTa-v3-base-mnli-fever-anli,6f5cf0a2b59cabb106aca4c287eed12e357e90eb
83,56475,56475:hypothesis:fra_Latn,hypothesis,entailment,RELIABLE_GOLD,entailment,0.9951796531677246,True,An animal is moving.,An animal is moving.,0.9968011379241943,0.9968011379241943,0.9968011379241943,entailment,0.9951796531677246,False,False,False,[],[],[],0.0,False,"[""trivial_copy""]",facebook/nllb-200-distilled-600M,f8d333a098d19b4fd9a8b18f94170487ad3f821d,MoritzLaurer/DeBERTa-v3-base-mnli-fever-anli,6f5cf0a2b59cabb106aca4c287eed12e357e90eb
84,56607,56607:hypothesis:fra_Latn,hypothesis,entailment,RELIABLE_GOLD,entailment,0.9977753758430481,True,A man with a bandanna is outside.,A man with a bandana is outside.,0.9949511289596558,0.9912773370742798,0.9912773370742798,entailment,0.9974984526634216,False,False,False,[],[],[],0.01538461538461533,False,"[""trivial_copy""]",facebook/nllb-200-distilled-600M,f8d333a098d19b4fd9a8b18f94170487ad3f821d,MoritzLaurer/DeBERTa-v3-base-mnli-fever-anli,6f5cf0a2b59cabb106aca4c287eed12e357e90eb
85,56660,56660:premise:fra_Latn,premise,contradiction,RELIABLE_GOLD,contradiction,0.9584112763404846,True,A woman with a drink and a toy.,A woman with a drink and a toy.,0.9902036190032959,0.9902036190032959,0.9902036190032959,contradiction,0.9584112763404846,False,False,False,[],[],[],0.0,False,"[""trivial_copy""]",facebook/nllb-200-distilled-600M,f8d333a098d19b4fd9a8b18f94170487ad3f821d,MoritzLaurer/DeBERTa-v3-base-mnli-fever-anli,6f5cf0a2b59cabb106aca4c287eed12e357e90eb
86,56738,56738:premise:fra_Latn,premise,contradiction,RELIABLE_GOLD,contradiction,0.9975811243057251,True,A woman scuba diving with a large sea turtle.,A woman diving with a big sea turtle.,0.9971029162406921,0.5318329334259033,0.5318329334259033,contradiction,0.9985525012016296,False,False,False,[],[],[],0.14634146341463417,False,"[""semantic_drift""]",facebook/nllb-200-distilled-600M,f8d333a098d19b4fd9a8b18f94170487ad3f821d,MoritzLaurer/DeBERTa-v3-base-mnli-fever-anli,6f5cf0a2b59cabb106aca4c287eed12e357e90eb
88,58539,58539:hypothesis:fra_Latn,hypothesis,neutral,RELIABLE_GOLD,neutral,0.8265563249588013,True,The man is living out of his car since losing his job 5 months ago.,The man's been living in his car since he lost his job five months ago.,0.9968830347061157,0.9939338564872742,0.9939338564872742,contradiction,0.10957349091768265,False,False,False,"[{""group"":""space"",""original"":{},""candidate"":{""in"":1},""field"":""hypothesis""}]",[],"[{""group"":""space"",""original"":{},""candidate"":{""in"":1},""field"":""hypothesis""}]",0.2028985507246377,False,"[""label_flip""]",facebook/nllb-200-distilled-600M,f8d333a098d19b4fd9a8b18f94170487ad3f821d,MoritzLaurer/DeBERTa-v3-base-mnli-fever-anli,6f5cf0a2b59cabb106aca4c287eed12e357e90eb
89,58989,58989:premise:fra_Latn,premise,neutral,RELIABLE_GOLD,neutral,0.9991987347602844,True,A man in a blue shirt is taking a picture.,A man in a blue shirt is taking a picture.,0.9954177141189575,0.9954177141189575,0.9954177141189575,neutral,0.9991987347602844,False,False,False,[],[],[],0.0,False,"[""trivial_copy""]",facebook/nllb-200-distilled-600M,f8d333a098d19b4fd9a8b18f94170487ad3f821d,MoritzLaurer/DeBERTa-v3-base-mnli-fever-anli,6f5cf0a2b59cabb106aca4c287eed12e357e90eb
93,62478,62478:hypothesis:fra_Latn,hypothesis,entailment,RELIABLE_GOLD,entailment,0.978808581829071,True,The dog is experiencing cold weather.,The dog knows the cold.,0.9400211572647095,0.6141924262046814,0.6141924262046814,neutral,0.3408476710319519,False,False,False,[],[],[],0.43333333333333335,False,"[""semantic_drift"",""label_flip""]",facebook/nllb-200-distilled-600M,f8d333a098d19b4fd9a8b18f94170487ad3f821d,MoritzLaurer/DeBERTa-v3-base-mnli-fever-anli,6f5cf0a2b59cabb106aca4c287eed12e357e90eb
97,63627,63627:premise:fra_Latn,premise,entailment,GOLD_DISAGREEMENT,neutral,0.0033191582188010216,False,The cylinder's pattern could be described as red chevron.,The cylinder's pattern could be described as red chevron.,,,,None,,False,False,False,[],[],[],,False,"[""source_label_disagreement""]",facebook/nllb-200-distilled-600M,,MoritzLaurer/DeBERTa-v3-base-mnli-fever-anli,6f5cf0a2b59cabb106aca4c287eed12e357e90eb
97,63627,63627:hypothesis:fra_Latn,hypothesis,entailment,GOLD_DISAGREEMENT,neutral,0.0033191582188010216,False,The cylinder was painted by someone.,The cylinder was painted by someone.,,,,None,,False,False,False,[],[],[],,False,"[""source_label_disagreement""]",facebook/nllb-200-distilled-600M,,MoritzLaurer/DeBERTa-v3-base-mnli-fever-anli,6f5cf0a2b59cabb106aca4c287eed12e357e90eb
103,66385,66385:premise:fra_Latn,premise,entailment,GOLD_LOW_CONFIDENCE,entailment,0.6718241572380066,False,A boy in his pajamas getting ready to play something on his guitar.,A boy in his pajamas getting ready to play something on his guitar.,,,,None,,False,False,False,[],[],[],,False,"[""source_nli_low_confidence""]",facebook/nllb-200-distilled-600M,,MoritzLaurer/DeBERTa-v3-base-mnli-fever-anli,6f5cf0a2b59cabb106aca4c287eed12e357e90eb
103,66385,66385:hypothesis:fra_Latn,hypothesis,entailment,GOLD_LOW_CONFIDENCE,entailment,0.6718241572380066,False,A boy sits in his pajamas with a guitar on his lap.,A boy sits in his pajamas with a guitar on his lap.,,,,None,,False,False,False,[],[],[],,False,"[""source_nli_low_confidence""]",facebook/nllb-200-distilled-600M,,MoritzLaurer/DeBERTa-v3-base-mnli-fever-anli,6f5cf0a2b59cabb106aca4c287eed12e357e90eb
105,66664,66664:premise:fra_Latn,premise,contradiction,GOLD_DISAGREEMENT,neutral,0.004201808478683233,False,A group of people clapping as they watch a band together.,A group of people clapping as they watch a band together.,,,,None,,False,False,False,[],[],[],,False,"[""source_label_disagreement""]",facebook/nllb-200-distilled-600M,,MoritzLaurer/DeBERTa-v3-base-mnli-fever-anli,6f5cf0a2b59cabb106aca4c287eed12e357e90eb
105,66664,66664:hypothesis:fra_Latn,hypothesis,contradiction,GOLD_DISAGREEMENT,neutral,0.004201808478683233,False,A group of people are clapping as they watch a rubber band.,A group of people are clapping as they watch a rubber band.,,,,None,,False,False,False,[],[],[],,False,"[""source_label_disagreement""]",facebook/nllb-200-distilled-600M,,MoritzLaurer/DeBERTa-v3-base-mnli-fever-anli,6f5cf0a2b59cabb106aca4c287eed12e357e90eb
108,68719,68719:premise:fra_Latn,premise,entailment,GOLD_LOW_CONFIDENCE,entailment,0.6130655407905579,False,A person is doing a back flip while other people and cars go by in the background.,A person is doing a back flip while other people and cars go by in the background.,,,,None,,False,False,False,[],[],[],,False,"[""source_nli_low_confidence""]",facebook/nllb-200-distilled-600M,,MoritzLaurer/DeBERTa-v3-base-mnli-fever-anli,6f5cf0a2b59cabb106aca4c287eed12e357e90eb
108,68719,68719:hypothesis:fra_Latn,hypothesis,entailment,GOLD_LOW_CONFIDENCE,entailment,0.6130655407905579,False,The person knows how to do a flip.,The person knows how to do a flip.,,,,None,,False,False,False,[],[],[],,False,"[""source_nli_low_confidence""]",facebook/nllb-200-distilled-600M,,MoritzLaurer/DeBERTa-v3-base-mnli-fever-anli,6f5cf0a2b59cabb106aca4c287eed12e357e90eb
110,69925,69925:premise:fra_Latn,premise,neutral,GOLD_DISAGREEMENT,entailment,0.1910664588212967,False,"There are two men engaged in a karate match, the man on the left kicks the man on the right in the face while the man on the right kicks the man on the left in the groin.","There are two men engaged in a karate match, the man on the left kicks the man on the right in the face while the man on the right kicks the man on the left in the groin.",,,,None,,False,False,False,[],[],[],,False,"[""source_label_disagreement""]",facebook/nllb-200-distilled-600M,,MoritzLaurer/DeBERTa-v3-base-mnli-fever-anli,6f5cf0a2b59cabb106aca4c287eed12e357e90eb
110,69925,69925:hypothesis:fra_Latn,hypothesis,neutral,GOLD_DISAGREEMENT,entailment,0.1910664588212967,False,The men are in a torunament.,The men are in a torunament.,,,,None,,False,False,False,[],[],[],,False,"[""source_label_disagreement""]",facebook/nllb-200-distilled-600M,,MoritzLaurer/DeBERTa-v3-base-mnli-fever-anli,6f5cf0a2b59cabb106aca4c287eed12e357e90eb
117,73520,73520:premise:fra_Latn,premise,neutral,GOLD_LOW_CONFIDENCE,neutral,0.5820712447166443,False,The woman is holding the harness that the brown and white dog is wearing.,The woman is holding the harness that the brown and white dog is wearing.,,,,None,,False,False,False,[],[],[],,False,"[""source_nli_low_confidence""]",facebook/nllb-200-distilled-600M,,MoritzLaurer/DeBERTa-v3-base-mnli-fever-anli,6f5cf0a2b59cabb106aca4c287eed12e357e90eb
117,73520,73520:hypothesis:fra_Latn,hypothesis,neutral,GOLD_LOW_CONFIDENCE,neutral,0.5820712447166443,False,The woman is walking the brown and white dog.,The woman is walking the brown and white dog.,,,,None,,False,False,False,[],[],[],,False,"[""source_nli_low_confidence""]",facebook/nllb-200-distilled-600M,,MoritzLaurer/DeBERTa-v3-base-mnli-fever-anli,6f5cf0a2b59cabb106aca4c287eed12e357e90eb
122,75277,75277:premise:fra_Latn,premise,neutral,GOLD_DISAGREEMENT,entailment,0.3414667844772339,False,A couple embraces on a busy street.,A couple embraces on a busy street.,,,,None,,False,False,False,[],[],[],,False,"[""source_label_disagreement""]",facebook/nllb-200-distilled-600M,,MoritzLaurer/DeBERTa-v3-base-mnli-fever-anli,6f5cf0a2b59cabb106aca4c287eed12e357e90eb
122,75277,75277:hypothesis:fra_Latn,hypothesis,neutral,GOLD_DISAGREEMENT,entailment,0.3414667844772339,False,A couple reunites,A couple reunites,,,,None,,False,False,False,[],[],[],,False,"[""source_label_disagreement""]",facebook/nllb-200-distilled-600M,,MoritzLaurer/DeBERTa-v3-base-mnli-fever-anli,6f5cf0a2b59cabb106aca4c287eed12e357e90eb
123,75708,75708:premise:fra_Latn,premise,neutral,GOLD_DISAGREEMENT,entailment,0.010257628746330738,False,"A baseball pitcher wearing a blue, red and white uniform is about to throw a baseball.","A baseball pitcher wearing a blue, red and white uniform is about to throw a baseball.",,,,None,,False,False,False,[],[],[],,False,"[""source_label_disagreement""]",facebook/nllb-200-distilled-600M,,MoritzLaurer/DeBERTa-v3-base-mnli-fever-anli,6f5cf0a2b59cabb106aca4c287eed12e357e90eb
123,75708,75708:hypothesis:fra_Latn,hypothesis,neutral,GOLD_DISAGREEMENT,entailment,0.010257628746330738,False,A baseball player prepares to throw a ball at a batter.,A baseball player prepares to throw a ball at a batter.,,,,None,,False,False,False,[],[],[],,False,"[""source_label_disagreement""]",facebook/nllb-200-distilled-600M,,MoritzLaurer/DeBERTa-v3-base-mnli-fever-anli,6f5cf0a2b59cabb106aca4c287eed12e357e90eb
124,76076,76076:premise:fra_Latn,premise,neutral,GOLD_DISAGREEMENT,contradiction,0.055791862308979034,False,An individual cutting up a vegetable in their kitchen with a knife.,An individual cutting up a vegetable in their kitchen with a knife.,,,,None,,False,False,False,[],[],[],,False,"[""source_label_disagreement""]",facebook/nllb-200-distilled-600M,,MoritzLaurer/DeBERTa-v3-base-mnli-fever-anli,6f5cf0a2b59cabb106aca4c287eed12e357e90eb
124,76076,76076:hypothesis:fra_Latn,hypothesis,neutral,GOLD_DISAGREEMENT,contradiction,0.055791862308979034,False,A person making a dinner for his family.,A person making a dinner for his family.,,,,None,,False,False,False,[],[],[],,False,"[""source_label_disagreement""]",facebook/nllb-200-distilled-600M,,MoritzLaurer/DeBERTa-v3-base-mnli-fever-anli,6f5cf0a2b59cabb106aca4c287eed12e357e90eb
98,64203,64203:premise:fra_Latn,premise,entailment,RELIABLE_GOLD,entailment,0.9869613647460938,True,A child sleeps under a pink pillow.,A child sleeps under a pink pillow.,0.9965124726295471,0.9965124726295471,0.9965124726295471,entailment,0.9869613647460938,False,False,False,[],[],[],0.0,False,"[""trivial_copy""]",facebook/nllb-200-distilled-600M,f8d333a098d19b4fd9a8b18f94170487ad3f821d,MoritzLaurer/DeBERTa-v3-base-mnli-fever-anli,6f5cf0a2b59cabb106aca4c287eed12e357e90eb
99,64354,64354:premise:fra_Latn,premise,contradiction,RELIABLE_GOLD,contradiction,0.9987892508506775,True,two men working in a bakery,two men working in a bakery,0.9963390827178955,0.9963390827178955,0.9963390827178955,contradiction,0.9987892508506775,False,False,False,[],[],[],0.0,False,"[""trivial_copy""]",facebook/nllb-200-distilled-600M,f8d333a098d19b4fd9a8b18f94170487ad3f821d,MoritzLaurer/DeBERTa-v3-base-mnli-fever-anli,6f5cf0a2b59cabb106aca4c287eed12e357e90eb
99,64354,64354:hypothesis:fra_Latn,hypothesis,contradiction,RELIABLE_GOLD,contradiction,0.9987892508506775,True,Two men checking books out of a library.,Two men checking books in a library.,0.9828870892524719,0.014690635725855827,0.014690635725855827,contradiction,0.9990397095680237,False,False,False,"[{""group"":""space"",""original"":{},""candidate"":{""in"":1},""field"":""hypothesis""}]",[],"[{""group"":""space"",""original"":{},""candidate"":{""in"":1},""field"":""hypothesis""}]",0.10526315789473684,False,"[""semantic_drift""]",facebook/nllb-200-distilled-600M,f8d333a098d19b4fd9a8b18f94170487ad3f821d,MoritzLaurer/DeBERTa-v3-base-mnli-fever-anli,6f5cf0a2b59cabb106aca4c287eed12e357e90eb
100,64378,64378:hypothesis:fra_Latn,hypothesis,neutral,RELIABLE_GOLD,neutral,0.999464213848114,True,The four people are siblings.,All four are brothers and sisters.,0.1324903666973114,0.9867346286773682,0.1324903666973114,neutral,0.9994526505470276,False,False,False,"[{""group"":""quantifier"",""original"":{},""candidate"":{""all"":1},""field"":""hypothesis""}]",[],"[{""group"":""quantifier"",""original"":{},""candidate"":{""all"":1},""field"":""hypothesis""}]",0.5555555555555556,False,"[""semantic_drift""]",facebook/nllb-200-distilled-600M,f8d333a098d19b4fd9a8b18f94170487ad3f821d,MoritzLaurer/DeBERTa-v3-base-mnli-fever-anli,6f5cf0a2b59cabb106aca4c287eed12e357e90eb
104,66614,66614:hypothesis:fra_Latn,hypothesis,neutral,RELIABLE_GOLD,neutral,0.99798583984375,True,"Two men play on stage, hoping to get discovered by someone in the crowd.","Two men play on stage, hoping to be discovered by someone in the crowd.",0.994934618473053,0.9959838390350342,0.994934618473053,neutral,0.9977439641952515,False,False,False,[],[],[],0.020979020979020935,False,"[""trivial_copy""]",facebook/nllb-200-distilled-600M,f8d333a098d19b4fd9a8b18f94170487ad3f821d,MoritzLaurer/DeBERTa-v3-base-mnli-fever-anli,6f5cf0a2b59cabb106aca4c287eed12e357e90eb
109,69474,69474:hypothesis:fra_Latn,hypothesis,entailment,RELIABLE_GOLD,entailment,0.991447925567627,True,A man is smiling.,A man is smiling.,0.9968994855880737,0.9968994855880737,0.9968994855880737,entailment,0.991447925567627,False,False,False,[],[],[],0.0,False,"[""trivial_copy""]",facebook/nllb-200-distilled-600M,f8d333a098d19b4fd9a8b18f94170487ad3f821d,MoritzLaurer/DeBERTa-v3-base-mnli-fever-anli,6f5cf0a2b59cabb106aca4c287eed12e357e90eb
111,69975,69975:hypothesis:fra_Latn,hypothesis,contradiction,RELIABLE_GOLD,contradiction,0.9975041747093201,True,A man in a white shirt and shorts is ready to serve the beef wellington.,A man in a white shirt and shorts is ready to serve beef wellington.,0.9950969815254211,0.9864164590835571,0.9864164590835571,contradiction,0.9975594282150269,False,False,False,[],[],[],0.02857142857142858,False,"[""trivial_copy""]",facebook/nllb-200-distilled-600M,f8d333a098d19b4fd9a8b18f94170487ad3f821d,MoritzLaurer/DeBERTa-v3-base-mnli-fever-anli,6f5cf0a2b59cabb106aca4c287eed12e357e90eb
114,71825,71825:premise:fra_Latn,premise,contradiction,RELIABLE_GOLD,contradiction,0.9992719292640686,True,A boy rides a game machine.,A boy drives a game machine.,0.0022241193801164627,0.006726844701915979,0.0022241193801164627,contradiction,0.9995779395103455,False,False,False,[],[],[],0.054545454545454564,False,"[""semantic_drift""]",facebook/nllb-200-distilled-600M,f8d333a098d19b4fd9a8b18f94170487ad3f821d,MoritzLaurer/DeBERTa-v3-base-mnli-fever-anli,6f5cf0a2b59cabb106aca4c287eed12e357e90eb
114,71825,71825:hypothesis:fra_Latn,hypothesis,contradiction,RELIABLE_GOLD,contradiction,0.9992719292640686,True,A boy is riding a toy pony.,A boy is riding a toy pony.,0.9975323677062988,0.9975323677062988,0.9975323677062988,contradiction,0.9992719292640686,False,False,False,[],[],[],0.0,False,"[""trivial_copy""]",facebook/nllb-200-distilled-600M,f8d333a098d19b4fd9a8b18f94170487ad3f821d,MoritzLaurer/DeBERTa-v3-base-mnli-fever-anli,6f5cf0a2b59cabb106aca4c287eed12e357e90eb
115,72005,72005:premise:fra_Latn,premise,contradiction,RELIABLE_GOLD,contradiction,0.999542236328125,True,A group of people playing a game with a tennis ball on a beach.,A group of people playing a game with a tennis ball on a beach.,0.9933168888092041,0.9933168888092041,0.9933168888092041,contradiction,0.999542236328125,False,False,False,[],[],[],0.0,False,"[""trivial_copy""]",facebook/nllb-200-distilled-600M,f8d333a098d19b4fd9a8b18f94170487ad3f821d,MoritzLaurer/DeBERTa-v3-base-mnli-fever-anli,6f5cf0a2b59cabb106aca4c287eed12e357e90eb
116,73032,73032:hypothesis:fra_Latn,hypothesis,contradiction,RELIABLE_GOLD,contradiction,0.9949851036071777,True,The man is walking a tight rope between two sky scrapers.,Man walks on a rope tied between two skyscrapers.,0.9854375123977661,0.30040088295936584,0.30040088295936584,contradiction,0.9989064931869507,False,False,False,"[{""group"":""space"",""original"":{},""candidate"":{""on"":1},""field"":""hypothesis""}]",[],"[{""group"":""space"",""original"":{},""candidate"":{""on"":1},""field"":""hypothesis""}]",0.2264150943396226,False,"[""semantic_drift""]",facebook/nllb-200-distilled-600M,f8d333a098d19b4fd9a8b18f94170487ad3f821d,MoritzLaurer/DeBERTa-v3-base-mnli-fever-anli,6f5cf0a2b59cabb106aca4c287eed12e357e90eb
118,73554,73554:premise:fra_Latn,premise,entailment,RELIABLE_GOLD,entailment,0.9978938698768616,True,"A man in a neon shirt, khakis, and an orange hard hat walks by a mulch machine.","A man in a neon shirt, khakis, and a hard orange hat passes by a flying machine.",0.002918058540672064,0.0032231558579951525,0.002918058540672064,contradiction,0.0051144263707101345,False,False,False,[],[],[],0.16981132075471694,False,"[""semantic_drift"",""label_flip""]",facebook/nllb-200-distilled-600M,f8d333a098d19b4fd9a8b18f94170487ad3f821d,MoritzLaurer/DeBERTa-v3-base-mnli-fever-anli,6f5cf0a2b59cabb106aca4c287eed12e357e90eb
119,73820,73820:premise:fra_Latn,premise,entailment,RELIABLE_GOLD,entailment,0.9603135585784912,True,"A young boy wearing a yellow shirt and green pants pushing a baby stroller in front of houses with red and white roofs, red doors, white railing and red floor planks.","A young boy wearing a yellow shirt and green pants pushing a baby stroller in front of houses with red and white roofs, red doors, white bars and red boards.",0.9567441344261169,0.7168344855308533,0.7168344855308533,entailment,0.956040620803833,False,False,False,[],[],[],0.06501547987616096,False,"[""semantic_drift""]",facebook/nllb-200-distilled-600M,f8d333a098d19b4fd9a8b18f94170487ad3f821d,MoritzLaurer/DeBERTa-v3-base-mnli-fever-anli,6f5cf0a2b59cabb106aca4c287eed12e357e90eb
120,74358,74358:hypothesis:fra_Latn,hypothesis,contradiction,RELIABLE_GOLD,contradiction,0.9986496567726135,True,A woman feeds a tiger.,A woman feeds a tiger.,0.9965322017669678,0.9965322017669678,0.9965322017669678,contradiction,0.9986496567726135,False,False,False,[],[],[],0.0,False,"[""trivial_copy""]",facebook/nllb-200-distilled-600M,f8d333a098d19b4fd9a8b18f94170487ad3f821d,MoritzLaurer/DeBERTa-v3-base-mnli-fever-anli,6f5cf0a2b59cabb106aca4c287eed12e357e90eb
121,75090,75090:premise:fra_Latn,premise,entailment,RELIABLE_GOLD,entailment,0.989556610584259,True,A runner is leaping over hurdles.,A runner jumps on obstacles.,0.9900417327880859,0.001680296496488154,0.001680296496488154,entailment,0.9867724776268005,False,False,False,"[{""group"":""space"",""original"":{""over"":1},""candidate"":{""on"":1},""field"":""premise""}]",[],"[{""group"":""space"",""original"":{""over"":1},""candidate"":{""on"":1},""field"":""premise""}]",0.4098360655737705,False,"[""semantic_drift""]",facebook/nllb-200-distilled-600M,f8d333a098d19b4fd9a8b18f94170487ad3f821d,MoritzLaurer/DeBERTa-v3-base-mnli-fever-anli,6f5cf0a2b59cabb106aca4c287eed12e357e90eb
125,76517,76517:premise:fra_Latn,premise,contradiction,RELIABLE_GOLD,contradiction,0.9916326403617859,True,One climber helps another in the snow.,One climber helps another in the snow.,0.996587872505188,0.996587872505188,0.996587872505188,contradiction,0.9916326403617859,False,False,False,[],[],[],0.0,False,"[""trivial_copy""]",facebook/nllb-200-distilled-600M,f8d333a098d19b4fd9a8b18f94170487ad3f821d,MoritzLaurer/DeBERTa-v3-base-mnli-fever-anli,6f5cf0a2b59cabb106aca4c287eed12e357e90eb
133,83167,83167:premise:fra_Latn,premise,contradiction,GOLD_LOW_CONFIDENCE,contradiction,0.6768379807472229,False,A man with long black hair wearing a black shirt and multi-color tie is using a electronic board with lights on it.,A man with long black hair wearing a black shirt and multi-color tie is using a electronic board with lights on it.,,,,None,,False,False,False,[],[],[],,False,"[""source_nli_low_confidence""]",facebook/nllb-200-distilled-600M,,MoritzLaurer/DeBERTa-v3-base-mnli-fever-anli,6f5cf0a2b59cabb106aca4c287eed12e357e90eb
133,83167,83167:hypothesis:fra_Latn,hypothesis,contradiction,GOLD_LOW_CONFIDENCE,contradiction,0.6768379807472229,False,His hair is a different color than his shirt.,His hair is a different color than his shirt.,,,,None,,False,False,False,[],[],[],,False,"[""source_nli_low_confidence""]",facebook/nllb-200-distilled-600M,,MoritzLaurer/DeBERTa-v3-base-mnli-fever-anli,6f5cf0a2b59cabb106aca4c287eed12e357e90eb
138,88243,88243:premise:fra_Latn,premise,entailment,GOLD_DISAGREEMENT,neutral,0.0016793939284980297,False,"A man with a white hard hat with a black logo in the front of the hat holding part of a sign with numbers on it, while standing on a balcony.","A man with a white hard hat with a black logo in the front of the hat holding part of a sign with numbers on it, while standing on a balcony.",,,,None,,False,False,False,[],[],[],,False,"[""source_label_disagreement""]",facebook/nllb-200-distilled-600M,,MoritzLaurer/DeBERTa-v3-base-mnli-fever-anli,6f5cf0a2b59cabb106aca4c287eed12e357e90eb
138,88243,88243:hypothesis:fra_Latn,hypothesis,entailment,GOLD_DISAGREEMENT,neutral,0.0016793939284980297,False,The balcony is fully built.,The balcony is fully built.,,,,None,,False,False,False,[],[],[],,False,"[""source_label_disagreement""]",facebook/nllb-200-distilled-600M,,MoritzLaurer/DeBERTa-v3-base-mnli-fever-anli,6f5cf0a2b59cabb106aca4c287eed12e357e90eb
143,93659,93659:premise:fra_Latn,premise,contradiction,GOLD_DISAGREEMENT,neutral,0.05681072175502777,False,A man in a white shirt with a plate of food sits outside in folding chairs with a little girl who is writing.,A man in a white shirt with a plate of food sits outside in folding chairs with a little girl who is writing.,,,,None,,False,False,False,[],[],[],,False,"[""source_label_disagreement""]",facebook/nllb-200-distilled-600M,,MoritzLaurer/DeBERTa-v3-base-mnli-fever-anli,6f5cf0a2b59cabb106aca4c287eed12e357e90eb
143,93659,93659:hypothesis:fra_Latn,hypothesis,contradiction,GOLD_DISAGREEMENT,neutral,0.05681072175502777,False,The small girl is drawing a picture of the man sleeping next to her.,The small girl is drawing a picture of the man sleeping next to her.,,,,None,,False,False,False,[],[],[],,False,"[""source_label_disagreement""]",facebook/nllb-200-distilled-600M,,MoritzLaurer/DeBERTa-v3-base-mnli-fever-anli,6f5cf0a2b59cabb106aca4c287eed12e357e90eb
149,97014,97014:premise:fra_Latn,premise,entailment,GOLD_DISAGREEMENT,neutral,0.14966189861297607,False,An elderly middle-eastern woman is about to smoke a pack of cigarettes.,An elderly middle-eastern woman is about to smoke a pack of cigarettes.,,,,None,,False,False,False,[],[],[],,False,"[""source_label_disagreement""]",facebook/nllb-200-distilled-600M,,MoritzLaurer/DeBERTa-v3-base-mnli-fever-anli,6f5cf0a2b59cabb106aca4c287eed12e357e90eb
149,97014,97014:hypothesis:fra_Latn,hypothesis,entailment,GOLD_DISAGREEMENT,neutral,0.14966189861297607,False,A woman is about to harm her body.,A woman is about to harm her body.,,,,None,,False,False,False,[],[],[],,False,"[""source_label_disagreement""]",facebook/nllb-200-distilled-600M,,MoritzLaurer/DeBERTa-v3-base-mnli-fever-anli,6f5cf0a2b59cabb106aca4c287eed12e357e90eb
152,97761,97761:premise:fra_Latn,premise,contradiction,GOLD_DISAGREEMENT,neutral,0.03674420341849327,False,One child is pointing to the sky and another is trying to block the sun to look,One child is pointing to the sky and another is trying to block the sun to look,,,,None,,False,False,False,[],[],[],,False,"[""source_label_disagreement""]",facebook/nllb-200-distilled-600M,,MoritzLaurer/DeBERTa-v3-base-mnli-fever-anli,6f5cf0a2b59cabb106aca4c287eed12e357e90eb
152,97761,97761:hypothesis:fra_Latn,hypothesis,contradiction,GOLD_DISAGREEMENT,neutral,0.03674420341849327,False,The children are playing in the indoor playground.,The children are playing in the indoor playground.,,,,None,,False,False,False,[],[],[],,False,"[""source_label_disagreement""]",facebook/nllb-200-distilled-600M,,MoritzLaurer/DeBERTa-v3-base-mnli-fever-anli,6f5cf0a2b59cabb106aca4c287eed12e357e90eb
128,78367,78367:premise:fra_Latn,premise,contradiction,RELIABLE_GOLD,contradiction,0.9994749426841736,True,"Two people sit in handicapped seats, one touching her ear while the other touches her eyes.","Two people are sitting in wheelchairs, one touching her ear and the other touching her eyes.",0.24612775444984436,0.988093912601471,0.24612775444984436,contradiction,0.999591052532196,False,False,False,[],[],[],0.22404371584699456,False,"[""semantic_drift""]",facebook/nllb-200-distilled-600M,f8d333a098d19b4fd9a8b18f94170487ad3f821d,MoritzLaurer/DeBERTa-v3-base-mnli-fever-anli,6f5cf0a2b59cabb106aca4c287eed12e357e90eb
132,82658,82658:premise:fra_Latn,premise,neutral,RELIABLE_GOLD,neutral,0.9973611235618591,True,A blond woman dressed in black and red is running.,A blonde dressed in black and red is short.,0.6418311595916748,0.01835421659052372,0.01835421659052372,neutral,0.7597095370292664,False,False,False,[],[],[],0.18279569892473113,False,"[""semantic_drift"",""low_nli_confidence""]",facebook/nllb-200-distilled-600M,f8d333a098d19b4fd9a8b18f94170487ad3f821d,MoritzLaurer/DeBERTa-v3-base-mnli-fever-anli,6f5cf0a2b59cabb106aca4c287eed12e357e90eb
132,82658,82658:hypothesis:fra_Latn,hypothesis,neutral,RELIABLE_GOLD,neutral,0.9973611235618591,True,"A young woman is working out at her local high-school's track, running laps.",A young woman is training on her high school circuit.,0.9949406385421753,0.004190260544419289,0.004190260544419289,neutral,0.9922641515731812,False,False,False,"[{""group"":""space"",""original"":{},""candidate"":{""on"":1},""field"":""hypothesis""}]",[],"[{""group"":""space"",""original"":{},""candidate"":{""on"":1},""field"":""hypothesis""}]",0.3643410852713178,False,"[""semantic_drift""]",facebook/nllb-200-distilled-600M,f8d333a098d19b4fd9a8b18f94170487ad3f821d,MoritzLaurer/DeBERTa-v3-base-mnli-fever-anli,6f5cf0a2b59cabb106aca4c287eed12e357e90eb
134,84582,84582:premise:fra_Latn,premise,entailment,RELIABLE_GOLD,entailment,0.989769697189331,True,A man smiling while shining another man's shoes.,A man smiling while shining another man's shoes.,0.9961016178131104,0.9961016178131104,0.9961016178131104,entailment,0.989769697189331,False,False,False,[],[],[],0.0,False,"[""trivial_copy""]",facebook/nllb-200-distilled-600M,f8d333a098d19b4fd9a8b18f94170487ad3f821d,MoritzLaurer/DeBERTa-v3-base-mnli-fever-anli,6f5cf0a2b59cabb106aca4c287eed12e357e90eb
139,88424,88424:hypothesis:fra_Latn,hypothesis,entailment,RELIABLE_GOLD,entailment,0.9955462217330933,True,Two women are writing.,Two women are writing.,0.9961112141609192,0.9961112141609192,0.9961112141609192,entailment,0.9955462217330933,False,False,False,[],[],[],0.0,False,"[""trivial_copy""]",facebook/nllb-200-distilled-600M,f8d333a098d19b4fd9a8b18f94170487ad3f821d,MoritzLaurer/DeBERTa-v3-base-mnli-fever-anli,6f5cf0a2b59cabb106aca4c287eed12e357e90eb
141,89957,89957:premise:fra_Latn,premise,entailment,RELIABLE_GOLD,entailment,0.9965684413909912,True,Two men in sleeveless shirts and shorts getting a beverage.,Two men in shirts with no sleeves and underwear having a drink.,0.7673213481903076,0.9730194807052612,0.7673213481903076,entailment,0.9957232475280762,False,False,False,"[{""group"":""negation"",""original"":{},""candidate"":{""no"":1},""field"":""premise""}]",[],"[{""group"":""negation"",""original"":{},""candidate"":{""no"":1},""field"":""premise""}]",0.4918032786885246,False,"[""semantic_drift""]",facebook/nllb-200-distilled-600M,f8d333a098d19b4fd9a8b18f94170487ad3f821d,MoritzLaurer/DeBERTa-v3-base-mnli-fever-anli,6f5cf0a2b59cabb106aca4c287eed12e357e90eb
142,90459,90459:premise:fra_Latn,premise,entailment,RELIABLE_GOLD,entailment,0.9747342467308044,True,A possible woman dressed as a belly dancer holds out a cloth with beads on it.,A woman dressed as a belly dancer stretches a cloth with pearls on it.,0.012928365729749203,0.6473714113235474,0.012928365729749203,entailment,0.8457050323486328,False,False,False,[],[],[],0.18918918918918914,False,"[""semantic_drift""]",facebook/nllb-200-distilled-600M,f8d333a098d19b4fd9a8b18f94170487ad3f821d,MoritzLaurer/DeBERTa-v3-base-mnli-fever-anli,6f5cf0a2b59cabb106aca4c287eed12e357e90eb
144,93870,93870:premise:fra_Latn,premise,entailment,RELIABLE_GOLD,entailment,0.9962921142578125,True,This is a child in a snowy landscape sledding down a hill.,It's a child in a snowy landscape hanging on a hill.,0.0022901869378983974,0.00029291262035258114,0.00029291262035258114,neutral,0.002731044078245759,False,False,False,"[{""group"":""space"",""original"":{""in"":1},""candidate"":{""in"":1,""on"":1},""field"":""premise""}]",[],"[{""group"":""space"",""original"":{""in"":1},""candidate"":{""in"":1,""on"":1},""field"":""premise""}]",0.1636363636363637,False,"[""semantic_drift"",""label_flip""]",facebook/nllb-200-distilled-600M,f8d333a098d19b4fd9a8b18f94170487ad3f821d,MoritzLaurer/DeBERTa-v3-base-mnli-fever-anli,6f5cf0a2b59cabb106aca4c287eed12e357e90eb
144,93870,93870:hypothesis:fra_Latn,hypothesis,entailment,RELIABLE_GOLD,entailment,0.9962921142578125,True,The child is sledding through the snow.,The kid's hanging out in the snow.,0.6062145829200745,0.0015859546838328242,0.0015859546838328242,entailment,0.8541150093078613,False,False,False,"[{""group"":""space"",""original"":{""through"":1},""candidate"":{""in"":1},""field"":""hypothesis""}]",[],"[{""group"":""space"",""original"":{""through"":1},""candidate"":{""in"":1},""field"":""hypothesis""}]",0.34246575342465757,False,"[""semantic_drift""]",facebook/nllb-200-distilled-600M,f8d333a098d19b4fd9a8b18f94170487ad3f821d,MoritzLaurer/DeBERTa-v3-base-mnli-fever-anli,6f5cf0a2b59cabb106aca4c287eed12e357e90eb
145,93979,93979:premise:fra_Latn,premise,contradiction,RELIABLE_GOLD,contradiction,0.965035080909729,True,A man stands outside of a doorway on his cellphone.,A man is standing outside a door on his cell phone.,0.9975177049636841,0.996982991695404,0.996982991695404,neutral,0.45711615681648254,False,False,False,[],[],[],0.13725490196078427,False,"[""label_flip""]",facebook/nllb-200-distilled-600M,f8d333a098d19b4fd9a8b18f94170487ad3f821d,MoritzLaurer/DeBERTa-v3-base-mnli-fever-anli,6f5cf0a2b59cabb106aca4c287eed12e357e90eb
145,93979,93979:hypothesis:fra_Latn,hypothesis,contradiction,RELIABLE_GOLD,contradiction,0.965035080909729,True,A man with empty hands stands outside a doorway.,A man with empty hands is standing at a door.,0.9935099482536316,0.9466667175292969,0.9466667175292969,contradiction,0.7709656953811646,False,False,False,"[{""group"":""space"",""original"":{""outside"":1},""candidate"":{},""field"":""hypothesis""}]",[],"[{""group"":""space"",""original"":{""outside"":1},""candidate"":{},""field"":""hypothesis""}]",0.18279569892473113,False,"[""low_nli_confidence""]",facebook/nllb-200-distilled-600M,f8d333a098d19b4fd9a8b18f94170487ad3f821d,MoritzLaurer/DeBERTa-v3-base-mnli-fever-anli,6f5cf0a2b59cabb106aca4c287eed12e357e90eb
147,95970,95970:hypothesis:fra_Latn,hypothesis,contradiction,RELIABLE_GOLD,contradiction,0.9995597004890442,True,People are in a stadium.,People are in a stadium.,0.996493399143219,0.996493399143219,0.996493399143219,contradiction,0.9995597004890442,False,False,False,[],[],[],0.0,False,"[""trivial_copy""]",facebook/nllb-200-distilled-600M,f8d333a098d19b4fd9a8b18f94170487ad3f821d,MoritzLaurer/DeBERTa-v3-base-mnli-fever-anli,6f5cf0a2b59cabb106aca4c287eed12e357e90eb
148,96110,96110:hypothesis:fra_Latn,hypothesis,contradiction,RELIABLE_GOLD,contradiction,0.9996128678321838,True,The man is sitting on the stage.,The man is sitting on the stage.,0.9976876974105835,0.9976876974105835,0.9976876974105835,contradiction,0.9996128678321838,False,False,False,[],[],[],0.0,False,"[""trivial_copy""]",facebook/nllb-200-distilled-600M,f8d333a098d19b4fd9a8b18f94170487ad3f821d,MoritzLaurer/DeBERTa-v3-base-mnli-fever-anli,6f5cf0a2b59cabb106aca4c287eed12e357e90eb
151,97760,97760:premise:fra_Latn,premise,entailment,RELIABLE_GOLD,entailment,0.9952333569526672,True,"The backs of two Asian girls, wearing red tops and holding red flags.","The back of two Asian girls, wearing red tops and holding red flags.",0.9854446053504944,0.9523014426231384,0.9523014426231384,entailment,0.9959404468536377,False,False,False,[],[],[],0.007299270072992692,False,"[""trivial_copy""]",facebook/nllb-200-distilled-600M,f8d333a098d19b4fd9a8b18f94170487ad3f821d,MoritzLaurer/DeBERTa-v3-base-mnli-fever-anli,6f5cf0a2b59cabb106aca4c287eed12e357e90eb
151,97760,97760:hypothesis:fra_Latn,hypothesis,entailment,RELIABLE_GOLD,entailment,0.9952333569526672,True,Two girls are holding red flags.,Two girls are wearing red flags.,0.004181327763944864,0.009569566696882248,0.004181327763944864,contradiction,0.09402886033058167,False,False,False,[],[],[],0.125,False,"[""semantic_drift"",""label_flip""]",facebook/nllb-200-distilled-600M,f8d333a098d19b4fd9a8b18f94170487ad3f821d,MoritzLaurer/DeBERTa-v3-base-mnli-fever-anli,6f5cf0a2b59cabb106aca4c287eed12e357e90eb
154,99704,99704:premise:fra_Latn,premise,neutral,RELIABLE_GOLD,neutral,0.9780031442642212,True,"Runners, some in costume, in a St Paddy's day Marathon run in the streets as people watch.","Runners, some dressed up, in a St. Paddy's marathon run through the streets as people watch.",0.9941065311431885,0.8422937393188477,0.8422937393188477,neutral,0.9254449605941772,False,False,False,"[{""group"":""space"",""original"":{""in"":3},""candidate"":{""through"":1,""in"":1},""field"":""premise""}]",[],"[{""group"":""space"",""original"":{""in"":3},""candidate"":{""through"":1,""in"":1},""field"":""premise""}]",0.1648351648351648,False,"[""semantic_drift""]",facebook/nllb-200-distilled-600M,f8d333a098d19b4fd9a8b18f94170487ad3f821d,MoritzLaurer/DeBERTa-v3-base-mnli-fever-anli,6f5cf0a2b59cabb106aca4c287eed12e357e90eb
154,99704,99704:hypothesis:fra_Latn,hypothesis,neutral,RELIABLE_GOLD,neutral,0.9780031442642212,True,The runners are almost finished with the St. Patrick's Day race.,The runners almost finished the St. Patrick's race.,0.9957921504974365,0.8287786245346069,0.8287786245346069,neutral,0.9966700673103333,False,False,False,[],[],[],0.11304347826086958,False,"[""semantic_drift""]",facebook/nllb-200-distilled-600M,f8d333a098d19b4fd9a8b18f94170487ad3f821d,MoritzLaurer/DeBERTa-v3-base-mnli-fever-anli,6f5cf0a2b59cabb106aca4c287eed12e357e90eb
156,101119,101119:premise:fra_Latn,premise,contradiction,RELIABLE_GOLD,contradiction,0.9979627132415771,True,A man with two dogs on a beach,A Man With Two Dogs On A Beach,0.9921398758888245,0.9926129579544067,0.9921398758888245,contradiction,0.9986374974250793,False,False,False,[],[],[],0.0,False,"[""trivial_copy""]",facebook/nllb-200-distilled-600M,f8d333a098d19b4fd9a8b18f94170487ad3f821d,MoritzLaurer/DeBERTa-v3-base-mnli-fever-anli,6f5cf0a2b59cabb106aca4c287eed12e357e90eb
156,101119,101119:hypothesis:fra_Latn,hypothesis,contradiction,RELIABLE_GOLD,contradiction,0.9979627132415771,True,A man is with two deer on a beach.,A man is with two deer on a beach.,0.995269238948822,0.995269238948822,0.995269238948822,contradiction,0.9979627132415771,False,False,False,[],[],[],0.0,False,"[""trivial_copy""]",facebook/nllb-200-distilled-600M,f8d333a098d19b4fd9a8b18f94170487ad3f821d,MoritzLaurer/DeBERTa-v3-base-mnli-fever-anli,6f5cf0a2b59cabb106aca4c287eed12e357e90eb
157,101993,101993:hypothesis:fra_Latn,hypothesis,entailment,RELIABLE_GOLD,entailment,0.9964518547058105,True,A woman wears sunglasses.,A woman wears sunglasses.,0.9970724582672119,0.9970724582672119,0.9970724582672119,entailment,0.9964518547058105,False,False,False,[],[],[],0.0,False,"[""trivial_copy""]",facebook/nllb-200-distilled-600M,f8d333a098d19b4fd9a8b18f94170487ad3f821d,MoritzLaurer/DeBERTa-v3-base-mnli-fever-anli,6f5cf0a2b59cabb106aca4c287eed12e357e90eb
158,103011,103011:premise:fra_Latn,premise,contradiction,RELIABLE_GOLD,contradiction,0.9994148015975952,True,A group of people surrounding the American flag.,A group of people surrounding the American flag.,0.9945091605186462,0.9945091605186462,0.9945091605186462,contradiction,0.9994148015975952,False,False,False,[],[],[],0.0,False,"[""trivial_copy""]",facebook/nllb-200-distilled-600M,f8d333a098d19b4fd9a8b18f94170487ad3f821d,MoritzLaurer/DeBERTa-v3-base-mnli-fever-anli,6f5cf0a2b59cabb106aca4c287eed12e357e90eb
158,103011,103011:hypothesis:fra_Latn,hypothesis,contradiction,RELIABLE_GOLD,contradiction,0.9994148015975952,True,People are around a Russian flag,People are around a Russian flag,0.9880357384681702,0.9880357384681702,0.9880357384681702,contradiction,0.9994148015975952,False,False,False,[],[],[],0.0,False,"[""trivial_copy""]",facebook/nllb-200-distilled-600M,f8d333a098d19b4fd9a8b18f94170487ad3f821d,MoritzLaurer/DeBERTa-v3-base-mnli-fever-anli,6f5cf0a2b59cabb106aca4c287eed12e357e90eb
159,103148,103148:premise:fra_Latn,premise,entailment,RELIABLE_GOLD,entailment,0.9963744282722473,True,People hanging about in a crowded cafe.,People in a crowded cafe.,0.9958879351615906,0.6925597190856934,0.6925597190856934,entailment,0.9970610737800598,False,False,False,[],[],[],0.21875,False,"[""semantic_drift""]",facebook/nllb-200-distilled-600M,f8d333a098d19b4fd9a8b18f94170487ad3f821d,MoritzLaurer/DeBERTa-v3-base-mnli-fever-anli,6f5cf0a2b59cabb106aca4c287eed12e357e90eb
159,103148,103148:hypothesis:fra_Latn,hypothesis,entailment,RELIABLE_GOLD,entailment,0.9963744282722473,True,People are in a cafe.,People are in a cafe.,0.9967296123504639,0.9967296123504639,0.9967296123504639,entailment,0.9963744282722473,False,False,False,[],[],[],0.0,False,"[""trivial_copy""]",facebook/nllb-200-distilled-600M,f8d333a098d19b4fd9a8b18f94170487ad3f821d,MoritzLaurer/DeBERTa-v3-base-mnli-fever-anli,6f5cf0a2b59cabb106aca4c287eed12e357e90eb
160,103393,103393:premise:fra_Latn,premise,neutral,GOLD_DISAGREEMENT,entailment,0.1866908222436905,False,Three children look through a telescope in the forest.,Three children look through a telescope in the forest.,,,,None,,False,False,False,[],[],[],,False,"[""source_label_disagreement""]",facebook/nllb-200-distilled-600M,,MoritzLaurer/DeBERTa-v3-base-mnli-fever-anli,6f5cf0a2b59cabb106aca4c287eed12e357e90eb
160,103393,103393:hypothesis:fra_Latn,hypothesis,neutral,GOLD_DISAGREEMENT,entailment,0.1866908222436905,False,Children are looking at the stars.,Children are looking at the stars.,,,,None,,False,False,False,[],[],[],,False,"[""source_label_disagreement""]",facebook/nllb-200-distilled-600M,,MoritzLaurer/DeBERTa-v3-base-mnli-fever-anli,6f5cf0a2b59cabb106aca4c287eed12e357e90eb
162,104228,104228:premise:fra_Latn,premise,neutral,GOLD_LOW_CONFIDENCE,neutral,0.7088655233383179,False,A man is playing guitar on the otherwise empty sidewalk of a street lined with vibrant homes.,A man is playing guitar on the otherwise empty sidewalk of a street lined with vibrant homes.,,,,None,,False,False,False,[],[],[],,False,"[""source_nli_low_confidence""]",facebook/nllb-200-distilled-600M,,MoritzLaurer/DeBERTa-v3-base-mnli-fever-anli,6f5cf0a2b59cabb106aca4c287eed12e357e90eb
162,104228,104228:hypothesis:fra_Latn,hypothesis,neutral,GOLD_LOW_CONFIDENCE,neutral,0.7088655233383179,False,A guitar player is playing on the sidewalk in front of his house.,A guitar player is playing on the sidewalk in front of his house.,,,,None,,False,False,False,[],[],[],,False,"[""source_nli_low_confidence""]",facebook/nllb-200-distilled-600M,,MoritzLaurer/DeBERTa-v3-base-mnli-fever-anli,6f5cf0a2b59cabb106aca4c287eed12e357e90eb
163,104604,104604:premise:fra_Latn,premise,entailment,GOLD_DISAGREEMENT,contradiction,0.08479130268096924,False,Two people are sitting at an outdoor cafe in front of an old building.,Two people are sitting at an outdoor cafe in front of an old building.,,,,None,,False,False,False,[],[],[],,False,"[""source_label_disagreement""]",facebook/nllb-200-distilled-600M,,MoritzLaurer/DeBERTa-v3-base-mnli-fever-anli,6f5cf0a2b59cabb106aca4c287eed12e357e90eb
163,104604,104604:hypothesis:fra_Latn,hypothesis,entailment,GOLD_DISAGREEMENT,contradiction,0.08479130268096924,False,There are people sitting in a building.,There are people sitting in a building.,,,,None,,False,False,False,[],[],[],,False,"[""source_label_disagreement""]",facebook/nllb-200-distilled-600M,,MoritzLaurer/DeBERTa-v3-base-mnli-fever-anli,6f5cf0a2b59cabb106aca4c287eed12e357e90eb
169,108810,108810:premise:fra_Latn,premise,entailment,GOLD_DISAGREEMENT,contradiction,0.15644428133964539,False,"A man wearing white pants stretches out his arms as he stands on a podium, while two men and a woman are looking the other way.","A man wearing white pants stretches out his arms as he stands on a podium, while two men and a woman are looking the other way.",,,,None,,False,False,False,[],[],[],,False,"[""source_label_disagreement""]",facebook/nllb-200-distilled-600M,,MoritzLaurer/DeBERTa-v3-base-mnli-fever-anli,6f5cf0a2b59cabb106aca4c287eed12e357e90eb
169,108810,108810:hypothesis:fra_Latn,hypothesis,entailment,GOLD_DISAGREEMENT,contradiction,0.15644428133964539,False,A man is stretching by a podium.,A man is stretching by a podium.,,,,None,,False,False,False,[],[],[],,False,"[""source_label_disagreement""]",facebook/nllb-200-distilled-600M,,MoritzLaurer/DeBERTa-v3-base-mnli-fever-anli,6f5cf0a2b59cabb106aca4c287eed12e357e90eb
170,109794,109794:premise:fra_Latn,premise,contradiction,GOLD_DISAGREEMENT,neutral,0.06933609396219254,False,People filling a large black container with water.,People filling a large black container with water.,,,,None,,False,False,False,[],[],[],,False,"[""source_label_disagreement""]",facebook/nllb-200-distilled-600M,,MoritzLaurer/DeBERTa-v3-base-mnli-fever-anli,6f5cf0a2b59cabb106aca4c287eed12e357e90eb
170,109794,109794:hypothesis:fra_Latn,hypothesis,contradiction,GOLD_DISAGREEMENT,neutral,0.06933609396219254,False,people are drinking gatorade because water sucks,people are drinking gatorade because water sucks,,,,None,,False,False,False,[],[],[],,False,"[""source_label_disagreement""]",facebook/nllb-200-distilled-600M,,MoritzLaurer/DeBERTa-v3-base-mnli-fever-anli,6f5cf0a2b59cabb106aca4c287eed12e357e90eb
174,112647,112647:premise:fra_Latn,premise,contradiction,GOLD_DISAGREEMENT,neutral,0.024788444861769676,False,"An edited picture of a couple kissing, one is holding a bouquet of flowers.","An edited picture of a couple kissing, one is holding a bouquet of flowers.",,,,None,,False,False,False,[],[],[],,False,"[""source_label_disagreement""]",facebook/nllb-200-distilled-600M,,MoritzLaurer/DeBERTa-v3-base-mnli-fever-anli,6f5cf0a2b59cabb106aca4c287eed12e357e90eb
174,112647,112647:hypothesis:fra_Latn,hypothesis,contradiction,GOLD_DISAGREEMENT,neutral,0.024788444861769676,False,The mom kissed her son on the forehead.,The mom kissed her son on the forehead.,,,,None,,False,False,False,[],[],[],,False,"[""source_label_disagreement""]",facebook/nllb-200-distilled-600M,,MoritzLaurer/DeBERTa-v3-base-mnli-fever-anli,6f5cf0a2b59cabb106aca4c287eed12e357e90eb
161,104123,104123:premise:fra_Latn,premise,contradiction,RELIABLE_GOLD,contradiction,0.9959993362426758,True,A gloved man palms forward in front of arranged clothes.,A man with handcuffs palms in front of a row of clothes.,0.006967732682824135,0.1349162757396698,0.006967732682824135,contradiction,0.9980649352073669,False,False,False,[],[],[],0.375,False,"[""semantic_drift""]",facebook/nllb-200-distilled-600M,f8d333a098d19b4fd9a8b18f94170487ad3f821d,MoritzLaurer/DeBERTa-v3-base-mnli-fever-anli,6f5cf0a2b59cabb106aca4c287eed12e357e90eb
161,104123,104123:hypothesis:fra_Latn,hypothesis,contradiction,RELIABLE_GOLD,contradiction,0.9959993362426758,True,A man jumps forward in front of dogs.,A man jumps in front of the dogs.,0.9946364760398865,0.6385234594345093,0.6385234594345093,contradiction,0.9981961846351624,False,False,False,[],[],[],0.17142857142857137,False,"[""semantic_drift""]",facebook/nllb-200-distilled-600M,f8d333a098d19b4fd9a8b18f94170487ad3f821d,MoritzLaurer/DeBERTa-v3-base-mnli-fever-anli,6f5cf0a2b59cabb106aca4c287eed12e357e90eb
164,105325,105325:hypothesis:fra_Latn,hypothesis,neutral,RELIABLE_GOLD,neutral,0.8475672602653503,True,A group of bike riders racing.,A group of cyclists in a race.,0.9961932897567749,0.997761607170105,0.9961932897567749,contradiction,0.26107269525527954,False,False,False,"[{""group"":""space"",""original"":{},""candidate"":{""in"":1},""field"":""hypothesis""}]",[],"[{""group"":""space"",""original"":{},""candidate"":{""in"":1},""field"":""hypothesis""}]",0.3666666666666667,False,"[""label_flip""]",facebook/nllb-200-distilled-600M,f8d333a098d19b4fd9a8b18f94170487ad3f821d,MoritzLaurer/DeBERTa-v3-base-mnli-fever-anli,6f5cf0a2b59cabb106aca4c287eed12e357e90eb
165,105872,105872:premise:fra_Latn,premise,entailment,RELIABLE_GOLD,entailment,0.9701388478279114,True,A man shovels snow off of a roof while another stands in the contraption that allowed them to reach the high place.,"One of them is lifting snow from the roof, while the other is standing in the machine that helped them reach the height.",0.9982103109359741,0.987736701965332,0.987736701965332,neutral,0.3405987024307251,False,False,False,[],[],[],0.3702127659574468,False,"[""label_flip""]",facebook/nllb-200-distilled-600M,f8d333a098d19b4fd9a8b18f94170487ad3f821d,MoritzLaurer/DeBERTa-v3-base-mnli-fever-anli,6f5cf0a2b59cabb106aca4c287eed12e357e90eb
167,107232,107232:premise:fra_Latn,premise,entailment,RELIABLE_GOLD,entailment,0.9624122977256775,True,Children getting picked up from sports practice.,Children are gathered for sports training.,0.9792059659957886,0.02493862994015217,0.02493862994015217,entailment,0.8084853291511536,False,False,False,[],[],[],0.37777777777777777,False,"[""semantic_drift""]",facebook/nllb-200-distilled-600M,f8d333a098d19b4fd9a8b18f94170487ad3f821d,MoritzLaurer/DeBERTa-v3-base-mnli-fever-anli,6f5cf0a2b59cabb106aca4c287eed12e357e90eb
167,107232,107232:hypothesis:fra_Latn,hypothesis,entailment,RELIABLE_GOLD,entailment,0.9624122977256775,True,children getting done with sports practice,children starting to play sports,0.00023572175996378064,9.689816943136975e-05,9.689816943136975e-05,contradiction,0.25479546189308167,False,False,False,[],[],[],0.3513513513513513,False,"[""semantic_drift"",""label_flip""]",facebook/nllb-200-distilled-600M,f8d333a098d19b4fd9a8b18f94170487ad3f821d,MoritzLaurer/DeBERTa-v3-base-mnli-fever-anli,6f5cf0a2b59cabb106aca4c287eed12e357e90eb
168,108589,108589:premise:fra_Latn,premise,neutral,RELIABLE_GOLD,neutral,0.9991293549537659,True,A group of people are dressed in multicolored clothes while performing an act.,A group of people are dressed in colorful clothes while they play.,0.3200515806674957,0.8921480178833008,0.3200515806674957,neutral,0.9993866682052612,False,False,False,[],[],[],0.2222222222222222,False,"[""semantic_drift""]",facebook/nllb-200-distilled-600M,f8d333a098d19b4fd9a8b18f94170487ad3f821d,MoritzLaurer/DeBERTa-v3-base-mnli-fever-anli,6f5cf0a2b59cabb106aca4c287eed12e357e90eb
171,109896,109896:premise:fra_Latn,premise,neutral,RELIABLE_GOLD,neutral,0.9976940751075745,True,"A young Asian man wearing a conical straw hat holding straw goods, and another person in the back to the left holding straw goods.","A young Asian wearing a conical straw hat holding straw goods, and another person in the back on the left holding straw goods.",0.990884006023407,0.10102381557226181,0.10102381557226181,neutral,0.9972310662269592,False,False,False,"[{""group"":""space"",""original"":{""left"":1,""in"":1},""candidate"":{""left"":1,""in"":1,""on"":1},""field"":""premise""}]",[],"[{""group"":""space"",""original"":{""left"":1,""in"":1},""candidate"":{""left"":1,""in"":1,""on"":1},""field"":""premise""}]",0.0234375,False,"[""trivial_copy"",""semantic_drift""]",facebook/nllb-200-distilled-600M,f8d333a098d19b4fd9a8b18f94170487ad3f821d,MoritzLaurer/DeBERTa-v3-base-mnli-fever-anli,6f5cf0a2b59cabb106aca4c287eed12e357e90eb
171,109896,109896:hypothesis:fra_Latn,hypothesis,neutral,RELIABLE_GOLD,neutral,0.9976940751075745,True,Two young Asian men are selling their wares at a market in China.,Two young Asians are selling their goods at a Chinese market.,0.9967886209487915,0.010391071438789368,0.010391071438789368,neutral,0.9977912902832031,False,False,False,"[{""group"":""space"",""original"":{""in"":1},""candidate"":{},""field"":""hypothesis""}]",[],"[{""group"":""space"",""original"":{""in"":1},""candidate"":{},""field"":""hypothesis""}]",0.23809523809523814,False,"[""semantic_drift""]",facebook/nllb-200-distilled-600M,f8d333a098d19b4fd9a8b18f94170487ad3f821d,MoritzLaurer/DeBERTa-v3-base-mnli-fever-anli,6f5cf0a2b59cabb106aca4c287eed12e357e90eb
173,111766,111766:premise:fra_Latn,premise,contradiction,RELIABLE_GOLD,contradiction,0.9996414184570312,True,A dog is running on the sand whilst chasing a ball.,A dog runs on the sand while chasing a bullet.,0.00021511818340513855,0.0002178578870370984,0.00021511818340513855,contradiction,0.9996046423912048,False,False,False,[],[],[],0.15463917525773196,False,"[""semantic_drift""]",facebook/nllb-200-distilled-600M,f8d333a098d19b4fd9a8b18f94170487ad3f821d,MoritzLaurer/DeBERTa-v3-base-mnli-fever-anli,6f5cf0a2b59cabb106aca4c287eed12e357e90eb
173,111766,111766:hypothesis:fra_Latn,hypothesis,contradiction,RELIABLE_GOLD,contradiction,0.9996414184570312,True,the dog is on the couch in the living room,the dog is on the couch in the living room,0.9961711764335632,0.9961711764335632,0.9961711764335632,contradiction,0.9996414184570312,False,False,False,[],[],[],0.0,False,"[""trivial_copy""]",facebook/nllb-200-distilled-600M,f8d333a098d19b4fd9a8b18f94170487ad3f821d,MoritzLaurer/DeBERTa-v3-base-mnli-fever-anli,6f5cf0a2b59cabb106aca4c287eed12e357e90eb
175,113130,113130:premise:fra_Latn,premise,entailment,RELIABLE_GOLD,entailment,0.9926517605781555,True,A person wearing a red shirt sitting in the middle of fresh fruit and vegetables.,A person wearing a red shirt sitting in the middle of fresh fruits and vegetables.,0.9926937818527222,0.992646336555481,0.992646336555481,entailment,0.9926193356513977,False,False,False,[],[],[],0.006134969325153339,False,"[""trivial_copy""]",facebook/nllb-200-distilled-600M,f8d333a098d19b4fd9a8b18f94170487ad3f821d,MoritzLaurer/DeBERTa-v3-base-mnli-fever-anli,6f5cf0a2b59cabb106aca4c287eed12e357e90eb
175,113130,113130:hypothesis:fra_Latn,hypothesis,entailment,RELIABLE_GOLD,entailment,0.9926517605781555,True,A person is surrounded by food.,A person is surrounded by food.,0.9950119256973267,0.9950119256973267,0.9950119256973267,entailment,0.9926517605781555,False,False,False,[],[],[],0.0,False,"[""trivial_copy""]",facebook/nllb-200-distilled-600M,f8d333a098d19b4fd9a8b18f94170487ad3f821d,MoritzLaurer/DeBERTa-v3-base-mnli-fever-anli,6f5cf0a2b59cabb106aca4c287eed12e357e90eb
176,113482,113482:hypothesis:fra_Latn,hypothesis,neutral,RELIABLE_GOLD,neutral,0.9866539835929871,True,The worker gets paid,The worker gets paid.,0.9968608617782593,0.9949085116386414,0.9949085116386414,neutral,0.945578396320343,False,False,False,[],[],[],0.024390243902439046,False,"[""trivial_copy""]",facebook/nllb-200-distilled-600M,f8d333a098d19b4fd9a8b18f94170487ad3f821d,MoritzLaurer/DeBERTa-v3-base-mnli-fever-anli,6f5cf0a2b59cabb106aca4c287eed12e357e90eb
177,114570,114570:premise:fra_Latn,premise,entailment,RELIABLE_GOLD,entailment,0.9921407103538513,True,A man in a green parks looks over his shoulder at a policeman who is helping an injured bicyclist lying in the street.,A man in a green park watches a policeman help an injured cyclist lying in the street.,0.9948280453681946,0.005655336659401655,0.005655336659401655,entailment,0.9657341241836548,False,False,False,"[{""group"":""space"",""original"":{""over"":1,""in"":2},""candidate"":{""in"":2},""field"":""premise""}]",[],"[{""group"":""space"",""original"":{""over"":1,""in"":2},""candidate"":{""in"":2},""field"":""premise""}]",0.20588235294117652,False,"[""semantic_drift""]",facebook/nllb-200-distilled-600M,f8d333a098d19b4fd9a8b18f94170487ad3f821d,MoritzLaurer/DeBERTa-v3-base-mnli-fever-anli,6f5cf0a2b59cabb106aca4c287eed12e357e90eb
178,115153,115153:premise:fra_Latn,premise,contradiction,RELIABLE_GOLD,contradiction,0.9995136260986328,True,A woman in dark sunglasses checks her mobile phone while two woman walk the city crosswalk.,A woman with dark sunglasses checks her cell phone as two women walk down the street.,0.9954649806022644,0.020157091319561005,0.020157091319561005,contradiction,0.9995416402816772,False,False,False,"[{""group"":""space"",""original"":{""in"":1},""candidate"":{},""field"":""premise""}]",[],"[{""group"":""space"",""original"":{""in"":1},""candidate"":{},""field"":""premise""}]",0.23863636363636365,False,"[""semantic_drift""]",facebook/nllb-200-distilled-600M,f8d333a098d19b4fd9a8b18f94170487ad3f821d,MoritzLaurer/DeBERTa-v3-base-mnli-fever-anli,6f5cf0a2b59cabb106aca4c287eed12e357e90eb
178,115153,115153:hypothesis:fra_Latn,hypothesis,contradiction,RELIABLE_GOLD,contradiction,0.9995136260986328,True,A girl drops her phone in a stream in the country side.,A girl throws her phone into a stream in the country.,0.2002139836549759,0.9273743033409119,0.2002139836549759,contradiction,0.9996330738067627,False,False,False,"[{""group"":""space"",""original"":{""in"":2},""candidate"":{""in"":1},""field"":""hypothesis""}]",[],"[{""group"":""space"",""original"":{""in"":2},""candidate"":{""in"":1},""field"":""hypothesis""}]",0.11111111111111116,False,"[""semantic_drift""]",facebook/nllb-200-distilled-600M,f8d333a098d19b4fd9a8b18f94170487ad3f821d,MoritzLaurer/DeBERTa-v3-base-mnli-fever-anli,6f5cf0a2b59cabb106aca4c287eed12e357e90eb
180,117167,117167:premise:fra_Latn,premise,neutral,RELIABLE_GOLD,neutral,0.9954442977905273,True,An old man in front of an Iron Man truck.,An old man in front of an Iron Man truck.,0.9935378432273865,0.9935378432273865,0.9935378432273865,neutral,0.9954442977905273,False,False,False,[],[],[],0.0,False,"[""trivial_copy""]",facebook/nllb-200-distilled-600M,f8d333a098d19b4fd9a8b18f94170487ad3f821d,MoritzLaurer/DeBERTa-v3-base-mnli-fever-anli,6f5cf0a2b59cabb106aca4c287eed12e357e90eb
180,117167,117167:hypothesis:fra_Latn,hypothesis,neutral,RELIABLE_GOLD,neutral,0.9954442977905273,True,The man is working on the engine of the Iron Man truck.,The man's working on the engine of the Iron Man truck.,0.9980288147926331,0.9978606104850769,0.9978606104850769,neutral,0.9950085878372192,False,False,False,[],[],[],0.02752293577981646,False,"[""trivial_copy""]",facebook/nllb-200-distilled-600M,f8d333a098d19b4fd9a8b18f94170487ad3f821d,MoritzLaurer/DeBERTa-v3-base-mnli-fever-anli,6f5cf0a2b59cabb106aca4c287eed12e357e90eb
182,118176,118176:premise:fra_Latn,premise,neutral,RELIABLE_GOLD,neutral,0.9991245865821838,True,A young girl in a red shirt hitting a tennis ball with a pink racket,A girl in a red shirt hits a tennis ball with a pink racquet.,0.9959039092063904,0.022871501743793488,0.022871501743793488,neutral,0.998874843120575,False,False,False,[],[],[],0.11627906976744184,False,"[""semantic_drift""]",facebook/nllb-200-distilled-600M,f8d333a098d19b4fd9a8b18f94170487ad3f821d,MoritzLaurer/DeBERTa-v3-base-mnli-fever-anli,6f5cf0a2b59cabb106aca4c287eed12e357e90eb
183,118210,118210:premise:fra_Latn,premise,contradiction,RELIABLE_GOLD,contradiction,0.995461642742157,True,"A group of African boys of different ages tending to their cattle, with bushes in the background and small wagon in the center of the picture.","A group of African boys of different ages tending their livestock, with bushes in the background and a small car in the center of the image.",0.05605527013540268,0.005921160336583853,0.005921160336583853,neutral,0.000649689172860235,False,False,False,[],[],[],0.11347517730496459,False,"[""semantic_drift"",""label_flip""]",facebook/nllb-200-distilled-600M,f8d333a098d19b4fd9a8b18f94170487ad3f821d,MoritzLaurer/DeBERTa-v3-base-mnli-fever-anli,6f5cf0a2b59cabb106aca4c287eed12e357e90eb
183,118210,118210:hypothesis:fra_Latn,hypothesis,contradiction,RELIABLE_GOLD,contradiction,0.995461642742157,True,The boys are slopping the hogs.,The boys are doing some damage.,0.9093137979507446,0.012981646694242954,0.012981646694242954,neutral,0.004248559940606356,False,False,False,"[{""group"":""quantifier"",""original"":{},""candidate"":{""some"":1},""field"":""hypothesis""}]",[],"[{""group"":""quantifier"",""original"":{},""candidate"":{""some"":1},""field"":""hypothesis""}]",0.29032258064516125,False,"[""semantic_drift"",""label_flip""]",facebook/nllb-200-distilled-600M,f8d333a098d19b4fd9a8b18f94170487ad3f821d,MoritzLaurer/DeBERTa-v3-base-mnli-fever-anli,6f5cf0a2b59cabb106aca4c287eed12e357e90eb
185,119934,119934:hypothesis:fra_Latn,hypothesis,entailment,RELIABLE_GOLD,entailment,0.8969429731369019,True,The man is near the house.,The man is near the house.,0.99662184715271,0.99662184715271,0.99662184715271,entailment,0.8969429731369019,False,False,False,[],[],[],0.0,False,"[""trivial_copy""]",facebook/nllb-200-distilled-600M,f8d333a098d19b4fd9a8b18f94170487ad3f821d,MoritzLaurer/DeBERTa-v3-base-mnli-fever-anli,6f5cf0a2b59cabb106aca4c287eed12e357e90eb
187,123524,123524:hypothesis:fra_Latn,hypothesis,contradiction,RELIABLE_GOLD,contradiction,0.999640703201294,True,The factory workers are sitting.,The factory workers are sitting.,0.9966357350349426,0.9966357350349426,0.9966357350349426,contradiction,0.999640703201294,False,False,False,[],[],[],0.0,False,"[""trivial_copy""]",facebook/nllb-200-distilled-600M,f8d333a098d19b4fd9a8b18f94170487ad3f821d,MoritzLaurer/DeBERTa-v3-base-mnli-fever-anli,6f5cf0a2b59cabb106aca4c287eed12e357e90eb
190,125168,125168:premise:fra_Latn,premise,entailment,RELIABLE_GOLD,entailment,0.9974320530891418,True,"Two cyclists competing in road race, one in front of the other.","Two cyclists competing on the road, one in front of the other.",0.995010256767273,0.023538833484053612,0.023538833484053612,entailment,0.9968343377113342,False,False,False,"[{""group"":""space"",""original"":{""front"":1,""in"":2},""candidate"":{""front"":1,""in"":1,""on"":1},""field"":""premise""}]",[],"[{""group"":""space"",""original"":{""front"":1,""in"":2},""candidate"":{""front"":1,""in"":1,""on"":1},""field"":""premise""}]",0.08799999999999997,False,"[""semantic_drift""]",facebook/nllb-200-distilled-600M,f8d333a098d19b4fd9a8b18f94170487ad3f821d,MoritzLaurer/DeBERTa-v3-base-mnli-fever-anli,6f5cf0a2b59cabb106aca4c287eed12e357e90eb
191,125334,125334:hypothesis:fra_Latn,hypothesis,neutral,RELIABLE_GOLD,neutral,0.9970946311950684,True,The woman is in a play.,The woman's in a room.,0.004295014776289463,0.0003211218863725662,0.0003211218863725662,contradiction,0.1681245118379593,False,False,False,[],[],[],0.24444444444444446,False,"[""semantic_drift"",""label_flip""]",facebook/nllb-200-distilled-600M,f8d333a098d19b4fd9a8b18f94170487ad3f821d,MoritzLaurer/DeBERTa-v3-base-mnli-fever-anli,6f5cf0a2b59cabb106aca4c287eed12e357e90eb
194,129375,129375:premise:fra_Latn,premise,neutral,GOLD_DISAGREEMENT,entailment,0.3181914985179901,False,"A woman holding a microphone wearing a brown jacket, in front of a sign which says ""comedians you should know.""","A woman holding a microphone wearing a brown jacket, in front of a sign which says ""comedians you should know.""",,,,None,,False,False,False,[],[],[],,False,"[""source_label_disagreement""]",facebook/nllb-200-distilled-600M,,MoritzLaurer/DeBERTa-v3-base-mnli-fever-anli,6f5cf0a2b59cabb106aca4c287eed12e357e90eb
194,129375,129375:hypothesis:fra_Latn,hypothesis,neutral,GOLD_DISAGREEMENT,entailment,0.3181914985179901,False,A woman is advertising for a sign promoting comedians.,A woman is advertising for a sign promoting comedians.,,,,None,,False,False,False,[],[],[],,False,"[""source_label_disagreement""]",facebook/nllb-200-distilled-600M,,MoritzLaurer/DeBERTa-v3-base-mnli-fever-anli,6f5cf0a2b59cabb106aca4c287eed12e357e90eb
197,130156,130156:premise:fra_Latn,premise,neutral,GOLD_DISAGREEMENT,contradiction,0.2507120966911316,False,A person is suspended by wires and poles against a blue sky.,A person is suspended by wires and poles against a blue sky.,,,,None,,False,False,False,[],[],[],,False,"[""source_label_disagreement""]",facebook/nllb-200-distilled-600M,,MoritzLaurer/DeBERTa-v3-base-mnli-fever-anli,6f5cf0a2b59cabb106aca4c287eed12e357e90eb
197,130156,130156:hypothesis:fra_Latn,hypothesis,neutral,GOLD_DISAGREEMENT,contradiction,0.2507120966911316,False,There is a highwire act that is too high and it suspended between two buildings.,There is a highwire act that is too high and it suspended between two buildings.,,,,None,,False,False,False,[],[],[],,False,"[""source_label_disagreement""]",facebook/nllb-200-distilled-600M,,MoritzLaurer/DeBERTa-v3-base-mnli-fever-anli,6f5cf0a2b59cabb106aca4c287eed12e357e90eb
199,133213,133213:premise:fra_Latn,premise,contradiction,GOLD_DISAGREEMENT,neutral,0.025369610637426376,False,"A shirtless man, wearing sunglasses and yellow shorts is making a heart sign towards the camera.","A shirtless man, wearing sunglasses and yellow shorts is making a heart sign towards the camera.",,,,None,,False,False,False,[],[],[],,False,"[""source_label_disagreement""]",facebook/nllb-200-distilled-600M,,MoritzLaurer/DeBERTa-v3-base-mnli-fever-anli,6f5cf0a2b59cabb106aca4c287eed12e357e90eb
199,133213,133213:hypothesis:fra_Latn,hypothesis,contradiction,GOLD_DISAGREEMENT,neutral,0.025369610637426376,False,Grocery stores are busy with shoppers hoping to win a free turkey.,Grocery stores are busy with shoppers hoping to win a free turkey.,,,,None,,False,False,False,[],[],[],,False,"[""source_label_disagreement""]",facebook/nllb-200-distilled-600M,,MoritzLaurer/DeBERTa-v3-base-mnli-fever-anli,6f5cf0a2b59cabb106aca4c287eed12e357e90eb
205,136456,136456:premise:fra_Latn,premise,entailment,GOLD_DISAGREEMENT,neutral,0.1827947050333023,False,A painter is standing on smaller silver ladder and there is another silver ladder close by.,A painter is standing on smaller silver ladder and there is another silver ladder close by.,,,,None,,False,False,False,[],[],[],,False,"[""source_label_disagreement""]",facebook/nllb-200-distilled-600M,,MoritzLaurer/DeBERTa-v3-base-mnli-fever-anli,6f5cf0a2b59cabb106aca4c287eed12e357e90eb
205,136456,136456:hypothesis:fra_Latn,hypothesis,entailment,GOLD_DISAGREEMENT,neutral,0.1827947050333023,False,A man is standing on a ladder painting.,A man is standing on a ladder painting.,,,,None,,False,False,False,[],[],[],,False,"[""source_label_disagreement""]",facebook/nllb-200-distilled-600M,,MoritzLaurer/DeBERTa-v3-base-mnli-fever-anli,6f5cf0a2b59cabb106aca4c287eed12e357e90eb
206,137962,137962:premise:fra_Latn,premise,neutral,GOLD_DISAGREEMENT,entailment,0.10230439156293869,False,The rugby players play on a field.,The rugby players play on a field.,,,,None,,False,False,False,[],[],[],,False,"[""source_label_disagreement""]",facebook/nllb-200-distilled-600M,,MoritzLaurer/DeBERTa-v3-base-mnli-fever-anli,6f5cf0a2b59cabb106aca4c287eed12e357e90eb
206,137962,137962:hypothesis:fra_Latn,hypothesis,neutral,GOLD_DISAGREEMENT,entailment,0.10230439156293869,False,A group of rugby players practices outside.,A group of rugby players practices outside.,,,,None,,False,False,False,[],[],[],,False,"[""source_label_disagreement""]",facebook/nllb-200-distilled-600M,,MoritzLaurer/DeBERTa-v3-base-mnli-fever-anli,6f5cf0a2b59cabb106aca4c287eed12e357e90eb
210,138618,138618:premise:fra_Latn,premise,neutral,GOLD_DISAGREEMENT,entailment,0.02366020157933235,False,A person riding transit (catching?) a paper bag.,A person riding transit (catching?) a paper bag.,,,,None,,False,False,False,[],[],[],,False,"[""source_label_disagreement""]",facebook/nllb-200-distilled-600M,,MoritzLaurer/DeBERTa-v3-base-mnli-fever-anli,6f5cf0a2b59cabb106aca4c287eed12e357e90eb
210,138618,138618:hypothesis:fra_Latn,hypothesis,neutral,GOLD_DISAGREEMENT,entailment,0.02366020157933235,False,A person with a paper bag.,A person with a paper bag.,,,,None,,False,False,False,[],[],[],,False,"[""source_label_disagreement""]",facebook/nllb-200-distilled-600M,,MoritzLaurer/DeBERTa-v3-base-mnli-fever-anli,6f5cf0a2b59cabb106aca4c287eed12e357e90eb
222,146990,146990:premise:fra_Latn,premise,entailment,GOLD_LOW_CONFIDENCE,entailment,0.4105112552642822,False,"A cyclist in a red, yellow and black uniform, including a helmet is performing a trick on his bike.","A cyclist in a red, yellow and black uniform, including a helmet is performing a trick on his bike.",,,,None,,False,False,False,[],[],[],,False,"[""source_nli_low_confidence""]",facebook/nllb-200-distilled-600M,,MoritzLaurer/DeBERTa-v3-base-mnli-fever-anli,6f5cf0a2b59cabb106aca4c287eed12e357e90eb
222,146990,146990:hypothesis:fra_Latn,hypothesis,entailment,GOLD_LOW_CONFIDENCE,entailment,0.4105112552642822,False,A cyclist is preforming a bike trick.,A cyclist is preforming a bike trick.,,,,None,,False,False,False,[],[],[],,False,"[""source_nli_low_confidence""]",facebook/nllb-200-distilled-600M,,MoritzLaurer/DeBERTa-v3-base-mnli-fever-anli,6f5cf0a2b59cabb106aca4c287eed12e357e90eb
193,126867,126867:premise:fra_Latn,premise,neutral,RELIABLE_GOLD,neutral,0.9978771209716797,True,A woman in a brown coat is reading a book.,A woman in a brown coat is reading a book.,0.9972147345542908,0.9972147345542908,0.9972147345542908,neutral,0.9978771209716797,False,False,False,[],[],[],0.0,False,"[""trivial_copy""]",facebook/nllb-200-distilled-600M,f8d333a098d19b4fd9a8b18f94170487ad3f821d,MoritzLaurer/DeBERTa-v3-base-mnli-fever-anli,6f5cf0a2b59cabb106aca4c287eed12e357e90eb
195,129526,129526:premise:fra_Latn,premise,contradiction,RELIABLE_GOLD,contradiction,0.9995163679122925,True,People walking past a fashion shops.,People are walking in front of a fashion store.,0.006277153268456459,0.10013826191425323,0.006277153268456459,contradiction,0.9992870688438416,False,False,False,"[{""group"":""space"",""original"":{},""candidate"":{""front"":1,""in"":1},""field"":""premise""}]",[],"[{""group"":""space"",""original"":{},""candidate"":{""front"":1,""in"":1},""field"":""premise""}]",0.27710843373493976,False,"[""semantic_drift""]",facebook/nllb-200-distilled-600M,f8d333a098d19b4fd9a8b18f94170487ad3f821d,MoritzLaurer/DeBERTa-v3-base-mnli-fever-anli,6f5cf0a2b59cabb106aca4c287eed12e357e90eb
196,129767,129767:hypothesis:fra_Latn,hypothesis,contradiction,RELIABLE_GOLD,contradiction,0.9996949434280396,True,The boy is rolling a can down the street in the rain.,The boy is rolling a can down the street in the rain.,0.9975072741508484,0.9975072741508484,0.9975072741508484,contradiction,0.9996949434280396,False,False,False,[],[],[],0.0,False,"[""trivial_copy""]",facebook/nllb-200-distilled-600M,f8d333a098d19b4fd9a8b18f94170487ad3f821d,MoritzLaurer/DeBERTa-v3-base-mnli-fever-anli,6f5cf0a2b59cabb106aca4c287eed12e357e90eb
198,132011,132011:hypothesis:fra_Latn,hypothesis,entailment,RELIABLE_GOLD,entailment,0.9983224272727966,True,Two people sitting on a bench.,Two people sitting on a bench.,0.9968488812446594,0.9968488812446594,0.9968488812446594,entailment,0.9983224272727966,False,False,False,[],[],[],0.0,False,"[""trivial_copy""]",facebook/nllb-200-distilled-600M,f8d333a098d19b4fd9a8b18f94170487ad3f821d,MoritzLaurer/DeBERTa-v3-base-mnli-fever-anli,6f5cf0a2b59cabb106aca4c287eed12e357e90eb
200,134525,134525:premise:fra_Latn,premise,contradiction,RELIABLE_GOLD,contradiction,0.9990488886833191,True,People on the sideline of a soccer match.,People on the edge of a football game.,0.012176601216197014,0.003401329508051276,0.003401329508051276,contradiction,0.9992239475250244,False,False,False,[],[],[],0.36708860759493667,False,"[""semantic_drift""]",facebook/nllb-200-distilled-600M,f8d333a098d19b4fd9a8b18f94170487ad3f821d,MoritzLaurer/DeBERTa-v3-base-mnli-fever-anli,6f5cf0a2b59cabb106aca4c287eed12e357e90eb
200,134525,134525:hypothesis:fra_Latn,hypothesis,contradiction,RELIABLE_GOLD,contradiction,0.9990488886833191,True,People are watching a college basketball game.,People are watching a college basketball game.,0.9974476099014282,0.9974476099014282,0.9974476099014282,contradiction,0.9990488886833191,False,False,False,[],[],[],0.0,False,"[""trivial_copy""]",facebook/nllb-200-distilled-600M,f8d333a098d19b4fd9a8b18f94170487ad3f821d,MoritzLaurer/DeBERTa-v3-base-mnli-fever-anli,6f5cf0a2b59cabb106aca4c287eed12e357e90eb
201,134613,134613:premise:fra_Latn,premise,neutral,RELIABLE_GOLD,neutral,0.9939762353897095,True,"A redheaded woman with a scarf in her hair, wearing a white sweater with black bows on it.","A red-haired woman with a scarf in her hair, wearing a white sweater with black bows on it.",0.9886081218719482,0.990031361579895,0.9886081218719482,neutral,0.9938458800315857,False,False,False,[],[],[],0.027624309392265234,False,"[""trivial_copy""]",facebook/nllb-200-distilled-600M,f8d333a098d19b4fd9a8b18f94170487ad3f821d,MoritzLaurer/DeBERTa-v3-base-mnli-fever-anli,6f5cf0a2b59cabb106aca4c287eed12e357e90eb
201,134613,134613:hypothesis:fra_Latn,hypothesis,neutral,RELIABLE_GOLD,neutral,0.9939762353897095,True,The woman is out Christmas Carolling in the winter time.,The woman's out singing Christmas songs in the winter.,0.9958470463752747,0.7037005424499512,0.7037005424499512,neutral,0.9975619316101074,False,False,False,[],[],[],0.21818181818181814,False,"[""semantic_drift""]",facebook/nllb-200-distilled-600M,f8d333a098d19b4fd9a8b18f94170487ad3f821d,MoritzLaurer/DeBERTa-v3-base-mnli-fever-anli,6f5cf0a2b59cabb106aca4c287eed12e357e90eb
202,135071,135071:premise:fra_Latn,premise,entailment,RELIABLE_GOLD,entailment,0.996249258518219,True,"A man wearing a belt, a tan jacket and brown shoes is walking next to a woman with a brown purse, a black outfit, and sunglasses on a sidewalk.","A man wearing a belt, a brown jacket, and brown shoes walked beside a woman wearing a brown sackcloth, a black dress, and sunglasses on the sidewalk.",0.04868989437818527,0.19665902853012085,0.04868989437818527,entailment,0.9954710006713867,False,False,False,"[{""group"":""space"",""original"":{""on"":1},""candidate"":{""beside"":1,""on"":1},""field"":""premise""}]",[],"[{""group"":""space"",""original"":{""on"":1},""candidate"":{""beside"":1,""on"":1},""field"":""premise""}]",0.20547945205479456,False,"[""semantic_drift""]",facebook/nllb-200-distilled-600M,f8d333a098d19b4fd9a8b18f94170487ad3f821d,MoritzLaurer/DeBERTa-v3-base-mnli-fever-anli,6f5cf0a2b59cabb106aca4c287eed12e357e90eb
204,136271,136271:premise:fra_Latn,premise,contradiction,RELIABLE_GOLD,contradiction,0.999618649482727,True,People riding motorbikes down the street.,People riding bicycles on the street.,0.0010050471173599362,0.00023300055181607604,0.00023300055181607604,contradiction,0.9995806813240051,False,False,False,"[{""group"":""space"",""original"":{},""candidate"":{""on"":1},""field"":""premise""}]",[],"[{""group"":""space"",""original"":{},""candidate"":{""on"":1},""field"":""premise""}]",0.15384615384615385,False,"[""semantic_drift""]",facebook/nllb-200-distilled-600M,f8d333a098d19b4fd9a8b18f94170487ad3f821d,MoritzLaurer/DeBERTa-v3-base-mnli-fever-anli,6f5cf0a2b59cabb106aca4c287eed12e357e90eb
204,136271,136271:hypothesis:fra_Latn,hypothesis,contradiction,RELIABLE_GOLD,contradiction,0.999618649482727,True,People are rowing a boat on a river,People are rolling a boat on a river.,0.0015234670136123896,0.0014761595521122217,0.0014761595521122217,contradiction,0.9996863603591919,False,False,False,[],[],[],0.05555555555555558,False,"[""semantic_drift""]",facebook/nllb-200-distilled-600M,f8d333a098d19b4fd9a8b18f94170487ad3f821d,MoritzLaurer/DeBERTa-v3-base-mnli-fever-anli,6f5cf0a2b59cabb106aca4c287eed12e357e90eb
207,138010,138010:premise:fra_Latn,premise,contradiction,RELIABLE_GOLD,contradiction,0.9993240833282471,True,A lady wearing a bonnet is sitting down with her hands on her lap.,A lady wearing a hat is sitting with her hands on her knee.,0.007403064053505659,0.5754515528678894,0.007403064053505659,contradiction,0.9993337988853455,False,False,False,[],[],[],0.15200000000000002,False,"[""semantic_drift""]",facebook/nllb-200-distilled-600M,f8d333a098d19b4fd9a8b18f94170487ad3f821d,MoritzLaurer/DeBERTa-v3-base-mnli-fever-anli,6f5cf0a2b59cabb106aca4c287eed12e357e90eb
209,138332,138332:premise:fra_Latn,premise,neutral,RELIABLE_GOLD,neutral,0.9789368510246277,True,Two young boys wearing collared shirts and baseball caps have their blue-tinted tongues stuck out.,Two young boys wearing collared shirts and baseball caps have deep blue tongues.,0.8197505474090576,0.8764408230781555,0.8197505474090576,neutral,0.9845108985900879,False,False,False,[],[],[],0.1348314606741573,False,"[""semantic_drift""]",facebook/nllb-200-distilled-600M,f8d333a098d19b4fd9a8b18f94170487ad3f821d,MoritzLaurer/DeBERTa-v3-base-mnli-fever-anli,6f5cf0a2b59cabb106aca4c287eed12e357e90eb
211,138993,138993:hypothesis:fra_Latn,hypothesis,contradiction,RELIABLE_GOLD,contradiction,0.9970999956130981,True,Some women in jumpsuits.,Women in jumpers.,0.9783279895782471,0.23917776346206665,0.23917776346206665,contradiction,0.9967269897460938,False,False,False,"[{""group"":""quantifier"",""original"":{""some"":1},""candidate"":{},""field"":""hypothesis""}]",[],"[{""group"":""quantifier"",""original"":{""some"":1},""candidate"":{},""field"":""hypothesis""}]",0.2682926829268293,False,"[""semantic_drift""]",facebook/nllb-200-distilled-600M,f8d333a098d19b4fd9a8b18f94170487ad3f821d,MoritzLaurer/DeBERTa-v3-base-mnli-fever-anli,6f5cf0a2b59cabb106aca4c287eed12e357e90eb
212,141282,141282:premise:fra_Latn,premise,neutral,RELIABLE_GOLD,neutral,0.9989770650863647,True,"A view of large field ringed by trees, with a large group of people milling about on the field.",You saw a large field surrounded by trees and a large crowd of people harvesting in the field.,0.19019946455955505,0.9949369430541992,0.19019946455955505,contradiction,0.001155000296421349,False,False,False,"[{""group"":""space"",""original"":{""on"":1},""candidate"":{""in"":1},""field"":""premise""}]",[],"[{""group"":""space"",""original"":{""on"":1},""candidate"":{""in"":1},""field"":""premise""}]",0.28042328042328046,False,"[""semantic_drift"",""label_flip""]",facebook/nllb-200-distilled-600M,f8d333a098d19b4fd9a8b18f94170487ad3f821d,MoritzLaurer/DeBERTa-v3-base-mnli-fever-anli,6f5cf0a2b59cabb106aca4c287eed12e357e90eb
213,141386,141386:hypothesis:fra_Latn,hypothesis,contradiction,RELIABLE_GOLD,contradiction,0.9993948936462402,True,The woman is yelling at the photographer.,The woman is yelling at the photographer.,0.9977510571479797,0.9977510571479797,0.9977510571479797,contradiction,0.9993948936462402,False,False,False,[],[],[],0.0,False,"[""trivial_copy""]",facebook/nllb-200-distilled-600M,f8d333a098d19b4fd9a8b18f94170487ad3f821d,MoritzLaurer/DeBERTa-v3-base-mnli-fever-anli,6f5cf0a2b59cabb106aca4c287eed12e357e90eb
215,141719,141719:hypothesis:fra_Latn,hypothesis,entailment,RELIABLE_GOLD,entailment,0.9976316690444946,True,A boy watches his classmates play.,A boy watches his classmates play.,0.9977332353591919,0.9977332353591919,0.9977332353591919,entailment,0.9976316690444946,False,False,False,[],[],[],0.0,False,"[""trivial_copy""]",facebook/nllb-200-distilled-600M,f8d333a098d19b4fd9a8b18f94170487ad3f821d,MoritzLaurer/DeBERTa-v3-base-mnli-fever-anli,6f5cf0a2b59cabb106aca4c287eed12e357e90eb
217,143023,143023:hypothesis:fra_Latn,hypothesis,neutral,RELIABLE_GOLD,neutral,0.9986427426338196,True,A group of women are walking to a wedding they're attending.,A group of women are walking to a wedding they're attending.,0.9969000816345215,0.9969000816345215,0.9969000816345215,neutral,0.9986427426338196,False,False,False,[],[],[],0.0,False,"[""trivial_copy""]",facebook/nllb-200-distilled-600M,f8d333a098d19b4fd9a8b18f94170487ad3f821d,MoritzLaurer/DeBERTa-v3-base-mnli-fever-anli,6f5cf0a2b59cabb106aca4c287eed12e357e90eb
219,145395,145395:premise:fra_Latn,premise,neutral,RELIABLE_GOLD,neutral,0.9980498552322388,True,Old woman with lots of ornate clothing and jewelry.,An old woman with lots of clothes and jewelry.,0.9900951385498047,0.005414273124188185,0.005414273124188185,neutral,0.9967358708381653,False,False,False,[],[],[],0.15463917525773196,False,"[""semantic_drift""]",facebook/nllb-200-distilled-600M,f8d333a098d19b4fd9a8b18f94170487ad3f821d,MoritzLaurer/DeBERTa-v3-base-mnli-fever-anli,6f5cf0a2b59cabb106aca4c287eed12e357e90eb
220,145658,145658:hypothesis:fra_Latn,hypothesis,entailment,RELIABLE_GOLD,entailment,0.9890698194503784,True,A group of kids are together.,A group of kids are together.,0.9967646598815918,0.9967646598815918,0.9967646598815918,entailment,0.9890698194503784,False,False,False,[],[],[],0.0,False,"[""trivial_copy""]",facebook/nllb-200-distilled-600M,f8d333a098d19b4fd9a8b18f94170487ad3f821d,MoritzLaurer/DeBERTa-v3-base-mnli-fever-anli,6f5cf0a2b59cabb106aca4c287eed12e357e90eb
223,147325,147325:premise:fra_Latn,premise,neutral,RELIABLE_GOLD,neutral,0.9981417655944824,True,Three girls are walking along the sidewalk together and the one in the middle is bouncing a basketball.,Three girls are walking along the sidewalk and the one in the middle is jumping a basketball.,0.9008987545967102,0.8816348910331726,0.8816348910331726,neutral,0.9975960850715637,False,False,False,[],[],[],0.08163265306122447,False,"[""semantic_drift""]",facebook/nllb-200-distilled-600M,f8d333a098d19b4fd9a8b18f94170487ad3f821d,MoritzLaurer/DeBERTa-v3-base-mnli-fever-anli,6f5cf0a2b59cabb106aca4c287eed12e357e90eb
223,147325,147325:hypothesis:fra_Latn,hypothesis,neutral,RELIABLE_GOLD,neutral,0.9981417655944824,True,Three girls are on their way to the park to shoot some hoops.,Three girls are on their way to the park to shoot.,0.9959398508071899,0.0012342261616140604,0.0012342261616140604,neutral,0.9981365203857422,False,False,False,"[{""group"":""quantifier"",""original"":{""some"":1},""candidate"":{},""field"":""hypothesis""}]",[],"[{""group"":""quantifier"",""original"":{""some"":1},""candidate"":{},""field"":""hypothesis""}]",0.09909909909909909,False,"[""semantic_drift""]",facebook/nllb-200-distilled-600M,f8d333a098d19b4fd9a8b18f94170487ad3f821d,MoritzLaurer/DeBERTa-v3-base-mnli-fever-anli,6f5cf0a2b59cabb106aca4c287eed12e357e90eb
233,159279,159279:premise:fra_Latn,premise,contradiction,GOLD_DISAGREEMENT,neutral,0.003936246037483215,False,playing the guitar in front of the color purple.,playing the guitar in front of the color purple.,,,,None,,False,False,False,[],[],[],,False,"[""source_label_disagreement""]",facebook/nllb-200-distilled-600M,,MoritzLaurer/DeBERTa-v3-base-mnli-fever-anli,6f5cf0a2b59cabb106aca4c287eed12e357e90eb
233,159279,159279:hypothesis:fra_Latn,hypothesis,contradiction,GOLD_DISAGREEMENT,neutral,0.003936246037483215,False,some instruments can only be played with particular colours,some instruments can only be played with particular colours,,,,None,,False,False,False,[],[],[],,False,"[""source_label_disagreement""]",facebook/nllb-200-distilled-600M,,MoritzLaurer/DeBERTa-v3-base-mnli-fever-anli,6f5cf0a2b59cabb106aca4c287eed12e357e90eb
248,169137,169137:premise:fra_Latn,premise,neutral,GOLD_DISAGREEMENT,entailment,0.04006044194102287,False,Two people riding a bike are riding towards a stop sign.,Two people riding a bike are riding towards a stop sign.,,,,None,,False,False,False,[],[],[],,False,"[""source_label_disagreement""]",facebook/nllb-200-distilled-600M,,MoritzLaurer/DeBERTa-v3-base-mnli-fever-anli,6f5cf0a2b59cabb106aca4c287eed12e357e90eb
248,169137,169137:hypothesis:fra_Latn,hypothesis,neutral,GOLD_DISAGREEMENT,entailment,0.04006044194102287,False,A couple ride a bike together.,A couple ride a bike together.,,,,None,,False,False,False,[],[],[],,False,"[""source_label_disagreement""]",facebook/nllb-200-distilled-600M,,MoritzLaurer/DeBERTa-v3-base-mnli-fever-anli,6f5cf0a2b59cabb106aca4c287eed12e357e90eb
251,170191,170191:premise:fra_Latn,premise,contradiction,GOLD_LOW_CONFIDENCE,contradiction,0.6918863654136658,False,A game of dominoes is being played.,A game of dominoes is being played.,,,,None,,False,False,False,[],[],[],,False,"[""source_nli_low_confidence""]",facebook/nllb-200-distilled-600M,,MoritzLaurer/DeBERTa-v3-base-mnli-fever-anli,6f5cf0a2b59cabb106aca4c287eed12e357e90eb
251,170191,170191:hypothesis:fra_Latn,hypothesis,contradiction,GOLD_LOW_CONFIDENCE,contradiction,0.6918863654136658,False,Two men are playing a card game.,Two men are playing a card game.,,,,None,,False,False,False,[],[],[],,False,"[""source_nli_low_confidence""]",facebook/nllb-200-distilled-600M,,MoritzLaurer/DeBERTa-v3-base-mnli-fever-anli,6f5cf0a2b59cabb106aca4c287eed12e357e90eb
255,172947,172947:premise:fra_Latn,premise,contradiction,GOLD_DISAGREEMENT,neutral,0.22028616070747375,False,Three young boys on a beach in swimsuits- two standing facing the water and one sitting on a rock- are in a rocky area with yellow wildflowers in the foreground while in the background many people recreate on a sandy shore.,Three young boys on a beach in swimsuits- two standing facing the water and one sitting on a rock- are in a rocky area with yellow wildflowers in the foreground while in the background many people recreate on a sandy shore.,,,,None,,False,False,False,[],[],[],,False,"[""source_label_disagreement""]",facebook/nllb-200-distilled-600M,,MoritzLaurer/DeBERTa-v3-base-mnli-fever-anli,6f5cf0a2b59cabb106aca4c287eed12e357e90eb
255,172947,172947:hypothesis:fra_Latn,hypothesis,contradiction,GOLD_DISAGREEMENT,neutral,0.22028616070747375,False,Three boys play nintendo.,Three boys play nintendo.,,,,None,,False,False,False,[],[],[],,False,"[""source_label_disagreement""]",facebook/nllb-200-distilled-600M,,MoritzLaurer/DeBERTa-v3-base-mnli-fever-anli,6f5cf0a2b59cabb106aca4c287eed12e357e90eb
225,148356,148356:premise:fra_Latn,premise,contradiction,RELIABLE_GOLD,contradiction,0.9984992742538452,True,A man in a red shirt is interacting with a woman holding a shopping bag.,A man in a red shirt is interacting with a woman holding a shopping bag.,0.9952658414840698,0.9952658414840698,0.9952658414840698,contradiction,0.9984992742538452,False,False,False,[],[],[],0.0,False,"[""trivial_copy""]",facebook/nllb-200-distilled-600M,f8d333a098d19b4fd9a8b18f94170487ad3f821d,MoritzLaurer/DeBERTa-v3-base-mnli-fever-anli,6f5cf0a2b59cabb106aca4c287eed12e357e90eb
227,150619,150619:premise:fra_Latn,premise,neutral,RELIABLE_GOLD,neutral,0.9591143727302551,True,A person in a yellow coat is carrying a bag of three oranges.,A person in a yellow coat is carrying a bag of three oranges.,0.9955030083656311,0.9955030083656311,0.9955030083656311,neutral,0.9591143727302551,False,False,False,[],[],[],0.0,False,"[""trivial_copy""]",facebook/nllb-200-distilled-600M,f8d333a098d19b4fd9a8b18f94170487ad3f821d,MoritzLaurer/DeBERTa-v3-base-mnli-fever-anli,6f5cf0a2b59cabb106aca4c287eed12e357e90eb
227,150619,150619:hypothesis:fra_Latn,hypothesis,neutral,RELIABLE_GOLD,neutral,0.9591143727302551,True,A man  in a yellow coat is carrying a bag of three oranges.,A man in a yellow coat is carrying a bag of three oranges.,0.9958018660545349,0.9958018660545349,0.9958018660545349,neutral,0.9591143727302551,False,False,False,[],[],[],0.0,False,"[""trivial_copy""]",facebook/nllb-200-distilled-600M,f8d333a098d19b4fd9a8b18f94170487ad3f821d,MoritzLaurer/DeBERTa-v3-base-mnli-fever-anli,6f5cf0a2b59cabb106aca4c287eed12e357e90eb
228,150697,150697:premise:fra_Latn,premise,contradiction,RELIABLE_GOLD,contradiction,0.9997050166130066,True,a woman holding a small ball chasing after a small boy.,A woman holding a little bullet chasing a little boy.,0.00043722198461182415,0.0009907509665936232,0.00043722198461182415,contradiction,0.9996882677078247,False,False,False,"[{""group"":""time"",""original"":{""after"":1},""candidate"":{},""field"":""premise""}]",[],"[{""group"":""time"",""original"":{""after"":1},""candidate"":{},""field"":""premise""}]",0.31481481481481477,False,"[""semantic_drift""]",facebook/nllb-200-distilled-600M,f8d333a098d19b4fd9a8b18f94170487ad3f821d,MoritzLaurer/DeBERTa-v3-base-mnli-fever-anli,6f5cf0a2b59cabb106aca4c287eed12e357e90eb
229,151152,151152:hypothesis:fra_Latn,hypothesis,contradiction,RELIABLE_GOLD,contradiction,0.9992468357086182,True,The men are standing in the boats.,The men are in the boats.,0.9934495091438293,0.36061519384384155,0.36061519384384155,entailment,0.0011137762339785695,False,False,False,[],[],[],0.15254237288135597,False,"[""semantic_drift"",""label_flip""]",facebook/nllb-200-distilled-600M,f8d333a098d19b4fd9a8b18f94170487ad3f821d,MoritzLaurer/DeBERTa-v3-base-mnli-fever-anli,6f5cf0a2b59cabb106aca4c287eed12e357e90eb
230,151395,151395:premise:fra_Latn,premise,entailment,RELIABLE_GOLD,entailment,0.9976045489311218,True,Eight people are on an escalator going up or down.,Eight people are going up or down a staircase.,0.06498146802186966,0.002911139279603958,0.002911139279603958,contradiction,0.0002003294648602605,False,False,False,"[{""group"":""space"",""original"":{""on"":1},""candidate"":{},""field"":""premise""}]",[],"[{""group"":""space"",""original"":{""on"":1},""candidate"":{},""field"":""premise""}]",0.29166666666666663,False,"[""semantic_drift"",""label_flip""]",facebook/nllb-200-distilled-600M,f8d333a098d19b4fd9a8b18f94170487ad3f821d,MoritzLaurer/DeBERTa-v3-base-mnli-fever-anli,6f5cf0a2b59cabb106aca4c287eed12e357e90eb
230,151395,151395:hypothesis:fra_Latn,hypothesis,entailment,RELIABLE_GOLD,entailment,0.9976045489311218,True,Group of people taking an escalator.,A group of people taking a flight of stairs.,0.4246918857097626,0.00020436389604583383,0.00020436389604583383,entailment,0.9942637085914612,False,False,False,[],[],[],0.275,False,"[""semantic_drift""]",facebook/nllb-200-distilled-600M,f8d333a098d19b4fd9a8b18f94170487ad3f821d,MoritzLaurer/DeBERTa-v3-base-mnli-fever-anli,6f5cf0a2b59cabb106aca4c287eed12e357e90eb
234,159758,159758:premise:fra_Latn,premise,contradiction,RELIABLE_GOLD,contradiction,0.9987940788269043,True,A man in a white shirt black tie looks out of the elevator shaft of a parking garage.,A man in a white shirt and a black tie looks into the elevator in a parking lot.,0.029560361057519913,0.004069552291184664,0.004069552291184664,contradiction,0.9992305040359497,False,False,False,"[{""group"":""space"",""original"":{""in"":1},""candidate"":{""in"":2},""field"":""premise""}]",[],"[{""group"":""space"",""original"":{""in"":1},""candidate"":{""in"":2},""field"":""premise""}]",0.19999999999999996,False,"[""semantic_drift""]",facebook/nllb-200-distilled-600M,f8d333a098d19b4fd9a8b18f94170487ad3f821d,MoritzLaurer/DeBERTa-v3-base-mnli-fever-anli,6f5cf0a2b59cabb106aca4c287eed12e357e90eb
236,161674,161674:premise:fra_Latn,premise,entailment,RELIABLE_GOLD,entailment,0.9958277344703674,True,A male is leaping above white water.,A male jumps on white water.,0.9839247465133667,0.8681672811508179,0.8681672811508179,entailment,0.9943576455116272,False,False,False,"[{""group"":""space"",""original"":{},""candidate"":{""on"":1},""field"":""premise""}]",[],"[{""group"":""space"",""original"":{},""candidate"":{""on"":1},""field"":""premise""}]",0.28125,False,"[""semantic_drift""]",facebook/nllb-200-distilled-600M,f8d333a098d19b4fd9a8b18f94170487ad3f821d,MoritzLaurer/DeBERTa-v3-base-mnli-fever-anli,6f5cf0a2b59cabb106aca4c287eed12e357e90eb
237,163028,163028:premise:fra_Latn,premise,neutral,RELIABLE_GOLD,neutral,0.9936975836753845,True,A smiling young girl in braids is playing ball.,A young girl with a smile on her face is playing ball.,0.9955331087112427,0.0009787121089175344,0.0009787121089175344,neutral,0.9749261736869812,False,False,False,"[{""group"":""space"",""original"":{""in"":1},""candidate"":{""on"":1},""field"":""premise""}]",[],"[{""group"":""space"",""original"":{""in"":1},""candidate"":{""on"":1},""field"":""premise""}]",0.306930693069307,False,"[""semantic_drift""]",facebook/nllb-200-distilled-600M,f8d333a098d19b4fd9a8b18f94170487ad3f821d,MoritzLaurer/DeBERTa-v3-base-mnli-fever-anli,6f5cf0a2b59cabb106aca4c287eed12e357e90eb
237,163028,163028:hypothesis:fra_Latn,hypothesis,neutral,RELIABLE_GOLD,neutral,0.9936975836753845,True,A child kicking a ball while playing.,A kid who hits a ball while playing.,0.00490708788856864,0.0010343869216740131,0.0010343869216740131,neutral,0.9168239235877991,False,False,False,[],[],[],0.26027397260273977,False,"[""semantic_drift""]",facebook/nllb-200-distilled-600M,f8d333a098d19b4fd9a8b18f94170487ad3f821d,MoritzLaurer/DeBERTa-v3-base-mnli-fever-anli,6f5cf0a2b59cabb106aca4c287eed12e357e90eb
238,163640,163640:premise:fra_Latn,premise,entailment,RELIABLE_GOLD,entailment,0.9966333508491516,True,Old man is fixing overturned bike.,The old man is fixing a broken bicycle.,0.9442101120948792,0.004612192511558533,0.004612192511558533,entailment,0.9978646636009216,False,False,False,[],[],[],0.28767123287671237,False,"[""semantic_drift""]",facebook/nllb-200-distilled-600M,f8d333a098d19b4fd9a8b18f94170487ad3f821d,MoritzLaurer/DeBERTa-v3-base-mnli-fever-anli,6f5cf0a2b59cabb106aca4c287eed12e357e90eb
240,164421,164421:hypothesis:fra_Latn,hypothesis,contradiction,RELIABLE_GOLD,contradiction,0.998278021812439,True,The man is sitting on a park bench.,The man is sitting on a park bench.,0.9982523322105408,0.9982523322105408,0.9982523322105408,contradiction,0.998278021812439,False,False,False,[],[],[],0.0,False,"[""trivial_copy""]",facebook/nllb-200-distilled-600M,f8d333a098d19b4fd9a8b18f94170487ad3f821d,MoritzLaurer/DeBERTa-v3-base-mnli-fever-anli,6f5cf0a2b59cabb106aca4c287eed12e357e90eb
241,165214,165214:hypothesis:fra_Latn,hypothesis,contradiction,RELIABLE_GOLD,contradiction,0.999692440032959,True,Two women are sleeping.,Two women are sleeping.,0.9959729313850403,0.9959729313850403,0.9959729313850403,contradiction,0.999692440032959,False,False,False,[],[],[],0.0,False,"[""trivial_copy""]",facebook/nllb-200-distilled-600M,f8d333a098d19b4fd9a8b18f94170487ad3f821d,MoritzLaurer/DeBERTa-v3-base-mnli-fever-anli,6f5cf0a2b59cabb106aca4c287eed12e357e90eb
242,166345,166345:premise:fra_Latn,premise,neutral,RELIABLE_GOLD,neutral,0.9992368221282959,True,A young girl is drawing with an orange crayon.,A young girl is drawing with an orange pencil.,0.46020761132240295,0.08522919565439224,0.08522919565439224,neutral,0.9993267059326172,False,False,False,[],[],[],0.10869565217391308,False,"[""semantic_drift""]",facebook/nllb-200-distilled-600M,f8d333a098d19b4fd9a8b18f94170487ad3f821d,MoritzLaurer/DeBERTa-v3-base-mnli-fever-anli,6f5cf0a2b59cabb106aca4c287eed12e357e90eb
243,167082,167082:premise:fra_Latn,premise,entailment,RELIABLE_GOLD,entailment,0.9906911253929138,True,"Four women, two with id badges.","Four women, two with badges.",0.9911150932312012,0.007208652328699827,0.007208652328699827,entailment,0.9881977438926697,False,False,False,[],[],[],0.05084745762711862,False,"[""semantic_drift""]",facebook/nllb-200-distilled-600M,f8d333a098d19b4fd9a8b18f94170487ad3f821d,MoritzLaurer/DeBERTa-v3-base-mnli-fever-anli,6f5cf0a2b59cabb106aca4c287eed12e357e90eb
243,167082,167082:hypothesis:fra_Latn,hypothesis,entailment,RELIABLE_GOLD,entailment,0.9906911253929138,True,Two women have badges.,Two women have badges.,0.9944255352020264,0.9944255352020264,0.9944255352020264,entailment,0.9906911253929138,False,False,False,[],[],[],0.0,False,"[""trivial_copy""]",facebook/nllb-200-distilled-600M,f8d333a098d19b4fd9a8b18f94170487ad3f821d,MoritzLaurer/DeBERTa-v3-base-mnli-fever-anli,6f5cf0a2b59cabb106aca4c287eed12e357e90eb
246,168963,168963:premise:fra_Latn,premise,contradiction,RELIABLE_GOLD,contradiction,0.9943495392799377,True,A man is on a casual bike ride during the day into town.,A man takes a bike ride in the city during the day.,0.9947803616523743,0.07409320771694183,0.07409320771694183,contradiction,0.9970550537109375,False,False,False,"[{""group"":""space"",""original"":{""on"":1},""candidate"":{""in"":1},""field"":""premise""}]",[],"[{""group"":""space"",""original"":{""on"":1},""candidate"":{""in"":1},""field"":""premise""}]",0.3457943925233645,False,"[""semantic_drift""]",facebook/nllb-200-distilled-600M,f8d333a098d19b4fd9a8b18f94170487ad3f821d,MoritzLaurer/DeBERTa-v3-base-mnli-fever-anli,6f5cf0a2b59cabb106aca4c287eed12e357e90eb
247,169049,169049:premise:fra_Latn,premise,contradiction,RELIABLE_GOLD,contradiction,0.9204383492469788,True,Man and baby posing in front of an engine of an old train.,A man and a baby standing in front of an old train engine.,0.9831959009170532,0.6096571087837219,0.6096571087837219,contradiction,0.9839630722999573,False,False,False,[],[],[],0.2586206896551724,False,"[""semantic_drift""]",facebook/nllb-200-distilled-600M,f8d333a098d19b4fd9a8b18f94170487ad3f821d,MoritzLaurer/DeBERTa-v3-base-mnli-fever-anli,6f5cf0a2b59cabb106aca4c287eed12e357e90eb
249,169167,169167:hypothesis:fra_Latn,hypothesis,neutral,RELIABLE_GOLD,neutral,0.9992984533309937,True,The skater is performing for a cameraman.,The skater is playing a cameraman.,0.09879745543003082,0.9279977679252625,0.09879745543003082,neutral,0.9965884685516357,False,False,False,[],[],[],0.17333333333333334,False,"[""semantic_drift""]",facebook/nllb-200-distilled-600M,f8d333a098d19b4fd9a8b18f94170487ad3f821d,MoritzLaurer/DeBERTa-v3-base-mnli-fever-anli,6f5cf0a2b59cabb106aca4c287eed12e357e90eb
252,170297,170297:premise:fra_Latn,premise,entailment,RELIABLE_GOLD,entailment,0.8614192008972168,True,Two Latin dancers dancing with Mariachi band playing in the background with a crowd watching.,Two Latin dancers dancing with the Mariachi band playing in the background with a crowd watching.,0.9867141842842102,0.992443859577179,0.9867141842842102,entailment,0.8420803546905518,False,False,False,[],[],[],0.021052631578947323,False,"[""trivial_copy""]",facebook/nllb-200-distilled-600M,f8d333a098d19b4fd9a8b18f94170487ad3f821d,MoritzLaurer/DeBERTa-v3-base-mnli-fever-anli,6f5cf0a2b59cabb106aca4c287eed12e357e90eb
252,170297,170297:hypothesis:fra_Latn,hypothesis,entailment,RELIABLE_GOLD,entailment,0.8614192008972168,True,The dancers are performing for the crowd.,The dancers perform in front of the crowd.,0.9975454211235046,0.9967758059501648,0.9967758059501648,contradiction,0.3253037631511688,False,False,False,"[{""group"":""space"",""original"":{},""candidate"":{""front"":1,""in"":1},""field"":""hypothesis""}]",[],"[{""group"":""space"",""original"":{},""candidate"":{""front"":1,""in"":1},""field"":""hypothesis""}]",0.15662650602409633,False,"[""label_flip""]",facebook/nllb-200-distilled-600M,f8d333a098d19b4fd9a8b18f94170487ad3f821d,MoritzLaurer/DeBERTa-v3-base-mnli-fever-anli,6f5cf0a2b59cabb106aca4c287eed12e357e90eb
253,171597,171597:premise:fra_Latn,premise,neutral,RELIABLE_GOLD,neutral,0.9969927072525024,True,"A small South American child running on a cobblestone pathway, by a blue wall with a door.","A little South American boy running down a paved road, near a blue wall with a door.",0.2048092484474182,0.47302210330963135,0.2048092484474182,contradiction,0.0008391512092202902,False,False,False,"[{""group"":""space"",""original"":{""on"":1},""candidate"":{""near"":1},""field"":""premise""}]",[],"[{""group"":""space"",""original"":{""on"":1},""candidate"":{""near"":1},""field"":""premise""}]",0.27586206896551724,False,"[""semantic_drift"",""label_flip""]",facebook/nllb-200-distilled-600M,f8d333a098d19b4fd9a8b18f94170487ad3f821d,MoritzLaurer/DeBERTa-v3-base-mnli-fever-anli,6f5cf0a2b59cabb106aca4c287eed12e357e90eb
254,172675,172675:hypothesis:fra_Latn,hypothesis,contradiction,RELIABLE_GOLD,contradiction,0.9987307190895081,True,The arcade is closed.,The arcade is closed.,0.9976713061332703,0.9976713061332703,0.9976713061332703,contradiction,0.9987307190895081,False,False,False,[],[],[],0.0,False,"[""trivial_copy""]",facebook/nllb-200-distilled-600M,f8d333a098d19b4fd9a8b18f94170487ad3f821d,MoritzLaurer/DeBERTa-v3-base-mnli-fever-anli,6f5cf0a2b59cabb106aca4c287eed12e357e90eb
259,176277,176277:premise:fra_Latn,premise,contradiction,GOLD_DISAGREEMENT,neutral,0.07760533690452576,False,people in white shirts and backpacks looking around one of them holding a small camera.,people in white shirts and backpacks looking around one of them holding a small camera.,,,,None,,False,False,False,[],[],[],,False,"[""source_label_disagreement""]",facebook/nllb-200-distilled-600M,,MoritzLaurer/DeBERTa-v3-base-mnli-fever-anli,6f5cf0a2b59cabb106aca4c287eed12e357e90eb
259,176277,176277:hypothesis:fra_Latn,hypothesis,contradiction,GOLD_DISAGREEMENT,neutral,0.07760533690452576,False,Some people are dressed in formal wear at the museum.,Some people are dressed in formal wear at the museum.,,,,None,,False,False,False,[],[],[],,False,"[""source_label_disagreement""]",facebook/nllb-200-distilled-600M,,MoritzLaurer/DeBERTa-v3-base-mnli-fever-anli,6f5cf0a2b59cabb106aca4c287eed12e357e90eb
284,192973,192973:premise:fra_Latn,premise,neutral,GOLD_DISAGREEMENT,entailment,0.006981702987104654,False,Several people are washing themselves off using showers at the beach.,Several people are washing themselves off using showers at the beach.,,,,None,,False,False,False,[],[],[],,False,"[""source_label_disagreement""]",facebook/nllb-200-distilled-600M,,MoritzLaurer/DeBERTa-v3-base-mnli-fever-anli,6f5cf0a2b59cabb106aca4c287eed12e357e90eb
284,192973,192973:hypothesis:fra_Latn,hypothesis,neutral,GOLD_DISAGREEMENT,entailment,0.006981702987104654,False,some people are in beach,some people are in beach,,,,None,,False,False,False,[],[],[],,False,"[""source_label_disagreement""]",facebook/nllb-200-distilled-600M,,MoritzLaurer/DeBERTa-v3-base-mnli-fever-anli,6f5cf0a2b59cabb106aca4c287eed12e357e90eb
256,173016,173016:hypothesis:fra_Latn,hypothesis,contradiction,RELIABLE_GOLD,contradiction,0.9907602071762085,True,The man and his dog are playing basketball at the gym.,The man and his dog are playing basketball at the gym.,0.9966245889663696,0.9966245889663696,0.9966245889663696,contradiction,0.9907602071762085,False,False,False,[],[],[],0.0,False,"[""trivial_copy""]",facebook/nllb-200-distilled-600M,f8d333a098d19b4fd9a8b18f94170487ad3f821d,MoritzLaurer/DeBERTa-v3-base-mnli-fever-anli,6f5cf0a2b59cabb106aca4c287eed12e357e90eb
257,173774,173774:premise:fra_Latn,premise,entailment,RELIABLE_GOLD,entailment,0.9941110014915466,True,"In China, workers in the field carry out their tasks as the sun sets.","In China, workers do their jobs at sunset.",0.9954308271408081,0.007892366498708725,0.007892366498708725,entailment,0.9962305426597595,False,False,False,"[{""group"":""space"",""original"":{""in"":2},""candidate"":{""in"":1},""field"":""premise""}]",[],"[{""group"":""space"",""original"":{""in"":2},""candidate"":{""in"":1},""field"":""premise""}]",0.29729729729729726,False,"[""semantic_drift""]",facebook/nllb-200-distilled-600M,f8d333a098d19b4fd9a8b18f94170487ad3f821d,MoritzLaurer/DeBERTa-v3-base-mnli-fever-anli,6f5cf0a2b59cabb106aca4c287eed12e357e90eb
258,175645,175645:premise:fra_Latn,premise,entailment,RELIABLE_GOLD,entailment,0.8402102589607239,True,Kids jump their bikes off of dirt ramps near a waterfront.,Kids are jumping their bikes off the dirt roads near a beach.,0.9235068559646606,0.4851924180984497,0.4851924180984497,entailment,0.9195146560668945,False,False,False,[],[],[],0.24369747899159666,False,"[""semantic_drift""]",facebook/nllb-200-distilled-600M,f8d333a098d19b4fd9a8b18f94170487ad3f821d,MoritzLaurer/DeBERTa-v3-base-mnli-fever-anli,6f5cf0a2b59cabb106aca4c287eed12e357e90eb
261,176956,176956:premise:fra_Latn,premise,neutral,RELIABLE_GOLD,neutral,0.9977352619171143,True,A woman in a magazine stand.,A woman in a magazine stand.,0.9940444827079773,0.9940444827079773,0.9940444827079773,neutral,0.9977352619171143,False,False,False,[],[],[],0.0,False,"[""trivial_copy""]",facebook/nllb-200-distilled-600M,f8d333a098d19b4fd9a8b18f94170487ad3f821d,MoritzLaurer/DeBERTa-v3-base-mnli-fever-anli,6f5cf0a2b59cabb106aca4c287eed12e357e90eb
261,176956,176956:hypothesis:fra_Latn,hypothesis,neutral,RELIABLE_GOLD,neutral,0.9977352619171143,True,The magazine stand has a wide variety of material.,The magazine contains a wide variety of topics.,0.9463405609130859,0.07514496147632599,0.07514496147632599,neutral,0.9971933960914612,False,False,False,[],[],[],0.19587628865979378,False,"[""semantic_drift""]",facebook/nllb-200-distilled-600M,f8d333a098d19b4fd9a8b18f94170487ad3f821d,MoritzLaurer/DeBERTa-v3-base-mnli-fever-anli,6f5cf0a2b59cabb106aca4c287eed12e357e90eb
262,177271,177271:premise:fra_Latn,premise,entailment,RELIABLE_GOLD,entailment,0.9871655702590942,True,"A young lady in a colorful dress, holds a white stuffed animal stands in the rain hold a plaid umbrella.","A young woman in a colorful dress, holding a white stuffed animal, standing in the rain, holding an umbrella.",0.9952352643013,0.0005914510693401098,0.0005914510693401098,neutral,0.001165257766842842,False,False,False,[],[],[],0.12676056338028174,False,"[""semantic_drift"",""label_flip""]",facebook/nllb-200-distilled-600M,f8d333a098d19b4fd9a8b18f94170487ad3f821d,MoritzLaurer/DeBERTa-v3-base-mnli-fever-anli,6f5cf0a2b59cabb106aca4c287eed12e357e90eb
262,177271,177271:hypothesis:fra_Latn,hypothesis,entailment,RELIABLE_GOLD,entailment,0.9871655702590942,True,A lady wearing a colorful dress holds a plaid umbrella and a white stuffed animal in the rain.,A lady dressed in a colorful dress holds an umbrella in her lap and a white stuffed animal in the rain.,0.012749163433909416,0.0009676161571405828,0.0009676161571405828,neutral,0.3028518855571747,False,False,False,"[{""group"":""space"",""original"":{""in"":1},""candidate"":{""in"":3},""field"":""hypothesis""}]",[],"[{""group"":""space"",""original"":{""in"":1},""candidate"":{""in"":3},""field"":""hypothesis""}]",0.14720812182741116,False,"[""semantic_drift"",""label_flip""]",facebook/nllb-200-distilled-600M,f8d333a098d19b4fd9a8b18f94170487ad3f821d,MoritzLaurer/DeBERTa-v3-base-mnli-fever-anli,6f5cf0a2b59cabb106aca4c287eed12e357e90eb
263,177566,177566:premise:fra_Latn,premise,entailment,RELIABLE_GOLD,entailment,0.9970114231109619,True,A little boy with a green shirt is running on a rock ledge.,A little boy in a green shirt runs up a cliff.,0.8913734555244446,0.7089256644248962,0.7089256644248962,entailment,0.996436357498169,False,False,False,"[{""group"":""space"",""original"":{""on"":1},""candidate"":{""in"":1},""field"":""premise""}]",[],"[{""group"":""space"",""original"":{""on"":1},""candidate"":{""in"":1},""field"":""premise""}]",0.2571428571428571,False,"[""semantic_drift""]",facebook/nllb-200-distilled-600M,f8d333a098d19b4fd9a8b18f94170487ad3f821d,MoritzLaurer/DeBERTa-v3-base-mnli-fever-anli,6f5cf0a2b59cabb106aca4c287eed12e357e90eb
263,177566,177566:hypothesis:fra_Latn,hypothesis,entailment,RELIABLE_GOLD,entailment,0.9970114231109619,True,A child is running.,A short child.,0.0018705717520788312,0.0015809726901352406,0.0015809726901352406,neutral,0.24805648624897003,False,False,False,[],[],[],0.5151515151515151,False,"[""semantic_drift"",""label_flip""]",facebook/nllb-200-distilled-600M,f8d333a098d19b4fd9a8b18f94170487ad3f821d,MoritzLaurer/DeBERTa-v3-base-mnli-fever-anli,6f5cf0a2b59cabb106aca4c287eed12e357e90eb
264,177718,177718:premise:fra_Latn,premise,entailment,RELIABLE_GOLD,entailment,0.9934461712837219,True,Three women are rollerskating in full roller derby attire.,Three women are roller skating in full costume.,0.7952108979225159,0.020749101415276527,0.020749101415276527,entailment,0.9900151491165161,False,False,False,[],[],[],0.19999999999999996,False,"[""semantic_drift""]",facebook/nllb-200-distilled-600M,f8d333a098d19b4fd9a8b18f94170487ad3f821d,MoritzLaurer/DeBERTa-v3-base-mnli-fever-anli,6f5cf0a2b59cabb106aca4c287eed12e357e90eb
264,177718,177718:hypothesis:fra_Latn,hypothesis,entailment,RELIABLE_GOLD,entailment,0.9934461712837219,True,Three women are rollerskating,Three women are skating on wheels,0.9830538630485535,0.028290947899222374,0.028290947899222374,entailment,0.9710809588432312,False,False,False,"[{""group"":""space"",""original"":{},""candidate"":{""on"":1},""field"":""hypothesis""}]",[],"[{""group"":""space"",""original"":{},""candidate"":{""on"":1},""field"":""hypothesis""}]",0.25806451612903225,False,"[""semantic_drift""]",facebook/nllb-200-distilled-600M,f8d333a098d19b4fd9a8b18f94170487ad3f821d,MoritzLaurer/DeBERTa-v3-base-mnli-fever-anli,6f5cf0a2b59cabb106aca4c287eed12e357e90eb
265,178067,178067:hypothesis:fra_Latn,hypothesis,entailment,RELIABLE_GOLD,entailment,0.9927378296852112,True,A man is looking at an object.,A man is looking at an object.,0.9965680837631226,0.9965680837631226,0.9965680837631226,entailment,0.9927378296852112,False,False,False,[],[],[],0.0,False,"[""trivial_copy""]",facebook/nllb-200-distilled-600M,f8d333a098d19b4fd9a8b18f94170487ad3f821d,MoritzLaurer/DeBERTa-v3-base-mnli-fever-anli,6f5cf0a2b59cabb106aca4c287eed12e357e90eb
266,178078,178078:hypothesis:fra_Latn,hypothesis,contradiction,RELIABLE_GOLD,contradiction,0.999232292175293,True,Asian girls dancing in the streets.,Asian girls dancing in the streets.,0.997063934803009,0.997063934803009,0.997063934803009,contradiction,0.999232292175293,False,False,False,[],[],[],0.0,False,"[""trivial_copy""]",facebook/nllb-200-distilled-600M,f8d333a098d19b4fd9a8b18f94170487ad3f821d,MoritzLaurer/DeBERTa-v3-base-mnli-fever-anli,6f5cf0a2b59cabb106aca4c287eed12e357e90eb
268,182297,182297:premise:fra_Latn,premise,neutral,RELIABLE_GOLD,neutral,0.999229907989502,True,A man is snowboarding over a structure on a snowy hill.,A man is snowboarding on a structure on a snowy hill.,0.9850395917892456,0.8205209970474243,0.8205209970474243,neutral,0.9991570711135864,False,False,False,"[{""group"":""space"",""original"":{""over"":1,""on"":1},""candidate"":{""on"":2},""field"":""premise""}]",[],"[{""group"":""space"",""original"":{""over"":1,""on"":1},""candidate"":{""on"":2},""field"":""premise""}]",0.03703703703703709,False,"[""semantic_drift""]",facebook/nllb-200-distilled-600M,f8d333a098d19b4fd9a8b18f94170487ad3f821d,MoritzLaurer/DeBERTa-v3-base-mnli-fever-anli,6f5cf0a2b59cabb106aca4c287eed12e357e90eb
268,182297,182297:hypothesis:fra_Latn,hypothesis,neutral,RELIABLE_GOLD,neutral,0.999229907989502,True,The snowboard has stripes.,The snowboard has bands.,0.14490316808223724,0.11464991420507431,0.11464991420507431,neutral,0.9709020256996155,False,False,False,[],[],[],0.19999999999999996,False,"[""semantic_drift""]",facebook/nllb-200-distilled-600M,f8d333a098d19b4fd9a8b18f94170487ad3f821d,MoritzLaurer/DeBERTa-v3-base-mnli-fever-anli,6f5cf0a2b59cabb106aca4c287eed12e357e90eb
269,182307,182307:hypothesis:fra_Latn,hypothesis,contradiction,RELIABLE_GOLD,contradiction,0.9987543821334839,True,Kids walking home.,The kids are going home.,0.9846737384796143,0.009057767689228058,0.009057767689228058,contradiction,0.9008931517601013,False,False,False,[],[],[],0.2857142857142857,False,"[""semantic_drift""]",facebook/nllb-200-distilled-600M,f8d333a098d19b4fd9a8b18f94170487ad3f821d,MoritzLaurer/DeBERTa-v3-base-mnli-fever-anli,6f5cf0a2b59cabb106aca4c287eed12e357e90eb
272,184494,184494:premise:fra_Latn,premise,neutral,RELIABLE_GOLD,neutral,0.9992088675498962,True,An oriental woman in a white gabardine and dressy shoes standing outside waiting for a ride.,An oriental woman in a white robe and shoes standing outside waiting for a ride.,0.9894165396690369,0.0037130427081137896,0.0037130427081137896,neutral,0.9991957545280457,False,False,False,[],[],[],0.09302325581395354,False,"[""semantic_drift""]",facebook/nllb-200-distilled-600M,f8d333a098d19b4fd9a8b18f94170487ad3f821d,MoritzLaurer/DeBERTa-v3-base-mnli-fever-anli,6f5cf0a2b59cabb106aca4c287eed12e357e90eb
272,184494,184494:hypothesis:fra_Latn,hypothesis,neutral,RELIABLE_GOLD,neutral,0.9992088675498962,True,The woman is a bride on her way to a church.,The woman is a bride on her way to church.,0.995139479637146,0.9933857321739197,0.9933857321739197,neutral,0.9990875720977783,False,False,False,[],[],[],0.023255813953488413,False,"[""trivial_copy""]",facebook/nllb-200-distilled-600M,f8d333a098d19b4fd9a8b18f94170487ad3f821d,MoritzLaurer/DeBERTa-v3-base-mnli-fever-anli,6f5cf0a2b59cabb106aca4c287eed12e357e90eb
273,184671,184671:premise:fra_Latn,premise,contradiction,RELIABLE_GOLD,contradiction,0.9985999464988708,True,A person in a yellow safety vest kneeling in the street.,A person in a yellow vest kneeling down the street.,0.9723219871520996,0.07548771053552628,0.07548771053552628,contradiction,0.9991500377655029,False,False,False,"[{""group"":""space"",""original"":{""in"":2},""candidate"":{""in"":1},""field"":""premise""}]",[],"[{""group"":""space"",""original"":{""in"":2},""candidate"":{""in"":1},""field"":""premise""}]",0.10280373831775702,False,"[""semantic_drift""]",facebook/nllb-200-distilled-600M,f8d333a098d19b4fd9a8b18f94170487ad3f821d,MoritzLaurer/DeBERTa-v3-base-mnli-fever-anli,6f5cf0a2b59cabb106aca4c287eed12e357e90eb
274,184879,184879:premise:fra_Latn,premise,neutral,RELIABLE_GOLD,neutral,0.903498113155365,True,A young girl expanding the time of childhood through colorful play.,A young girl who expands her childhood through colorful games.,0.9682736992835999,0.991402804851532,0.9682736992835999,contradiction,0.06301283091306686,False,False,False,[],[],[],0.1937984496124031,False,"[""label_flip""]",facebook/nllb-200-distilled-600M,f8d333a098d19b4fd9a8b18f94170487ad3f821d,MoritzLaurer/DeBERTa-v3-base-mnli-fever-anli,6f5cf0a2b59cabb106aca4c287eed12e357e90eb
275,185263,185263:premise:fra_Latn,premise,contradiction,RELIABLE_GOLD,contradiction,0.999330997467041,True,A man and two young girls in a forest.,A man and two girls in a forest.,0.9935482144355774,0.017524896189570427,0.017524896189570427,contradiction,0.999356210231781,False,False,False,[],[],[],0.08571428571428574,False,"[""semantic_drift""]",facebook/nllb-200-distilled-600M,f8d333a098d19b4fd9a8b18f94170487ad3f821d,MoritzLaurer/DeBERTa-v3-base-mnli-fever-anli,6f5cf0a2b59cabb106aca4c287eed12e357e90eb
277,188199,188199:premise:fra_Latn,premise,entailment,RELIABLE_GOLD,entailment,0.9951932430267334,True,A woman with a floral shirt and purse and a man with a black shirt are walking while another man walks behind them.,A woman in a shirt and a bag of flowers and a man in a black shirt are walking while another man is walking behind them.,0.9770575761795044,0.9929918050765991,0.9770575761795044,contradiction,0.25612130761146545,False,False,False,"[{""group"":""space"",""original"":{""behind"":1},""candidate"":{""behind"":1,""in"":2},""field"":""premise""}]",[],"[{""group"":""space"",""original"":{""behind"":1},""candidate"":{""behind"":1,""in"":2},""field"":""premise""}]",0.16595744680851066,False,"[""label_flip""]",facebook/nllb-200-distilled-600M,f8d333a098d19b4fd9a8b18f94170487ad3f821d,MoritzLaurer/DeBERTa-v3-base-mnli-fever-anli,6f5cf0a2b59cabb106aca4c287eed12e357e90eb
277,188199,188199:hypothesis:fra_Latn,hypothesis,entailment,RELIABLE_GOLD,entailment,0.9951932430267334,True,the woman has a purse,The woman has a purse,0.9954642653465271,0.9974258542060852,0.9954642653465271,entailment,0.9948697090148926,False,False,False,[],[],[],0.0,False,"[""trivial_copy""]",facebook/nllb-200-distilled-600M,f8d333a098d19b4fd9a8b18f94170487ad3f821d,MoritzLaurer/DeBERTa-v3-base-mnli-fever-anli,6f5cf0a2b59cabb106aca4c287eed12e357e90eb
281,188981,188981:hypothesis:fra_Latn,hypothesis,neutral,RELIABLE_GOLD,neutral,0.9979447722434998,True,A man holds his guitar and talks to a man who just gave him a tip.,A man holds his guitar and talks to a man who just gave him a tip.,0.9937509894371033,0.9937509894371033,0.9937509894371033,neutral,0.9979447722434998,False,False,False,[],[],[],0.0,False,"[""trivial_copy""]",facebook/nllb-200-distilled-600M,f8d333a098d19b4fd9a8b18f94170487ad3f821d,MoritzLaurer/DeBERTa-v3-base-mnli-fever-anli,6f5cf0a2b59cabb106aca4c287eed12e357e90eb
282,189281,189281:hypothesis:fra_Latn,hypothesis,neutral,RELIABLE_GOLD,neutral,0.9900975227355957,True,peoples are tested by group discussion.,People are tested by group discussion.,0.9962208867073059,0.9962324500083923,0.9962208867073059,neutral,0.9925948977470398,False,False,False,[],[],[],0.012987012987012991,False,"[""trivial_copy""]",facebook/nllb-200-distilled-600M,f8d333a098d19b4fd9a8b18f94170487ad3f821d,MoritzLaurer/DeBERTa-v3-base-mnli-fever-anli,6f5cf0a2b59cabb106aca4c287eed12e357e90eb
283,192390,192390:premise:fra_Latn,premise,contradiction,RELIABLE_GOLD,contradiction,0.9982823133468628,True,"A woman, fit and toned, runs in a race as a crowd of runners follow.","A woman, in shape and shape, follows a crowd of runners in a race.",0.48655369877815247,0.1367177963256836,0.1367177963256836,contradiction,0.9951251149177551,False,False,False,"[{""group"":""space"",""original"":{""in"":1},""candidate"":{""in"":2},""field"":""premise""}]",[],"[{""group"":""space"",""original"":{""in"":1},""candidate"":{""in"":2},""field"":""premise""}]",0.4029850746268657,False,"[""semantic_drift""]",facebook/nllb-200-distilled-600M,f8d333a098d19b4fd9a8b18f94170487ad3f821d,MoritzLaurer/DeBERTa-v3-base-mnli-fever-anli,6f5cf0a2b59cabb106aca4c287eed12e357e90eb
285,194020,194020:premise:fra_Latn,premise,entailment,RELIABLE_GOLD,entailment,0.9940350651741028,True,A man on a laptop at a table.,A man on a laptop at a table.,0.9934630393981934,0.9934630393981934,0.9934630393981934,entailment,0.9940350651741028,False,False,False,[],[],[],0.0,False,"[""trivial_copy""]",facebook/nllb-200-distilled-600M,f8d333a098d19b4fd9a8b18f94170487ad3f821d,MoritzLaurer/DeBERTa-v3-base-mnli-fever-anli,6f5cf0a2b59cabb106aca4c287eed12e357e90eb
294,202122,202122:premise:fra_Latn,premise,contradiction,GOLD_LOW_CONFIDENCE,contradiction,0.7482296228408813,False,"A group of people sit outdoors around a small, short table.","A group of people sit outdoors around a small, short table.",,,,None,,False,False,False,[],[],[],,False,"[""source_nli_low_confidence""]",facebook/nllb-200-distilled-600M,,MoritzLaurer/DeBERTa-v3-base-mnli-fever-anli,6f5cf0a2b59cabb106aca4c287eed12e357e90eb
294,202122,202122:hypothesis:fra_Latn,hypothesis,contradiction,GOLD_LOW_CONFIDENCE,contradiction,0.7482296228408813,False,The dryer is broken.,The dryer is broken.,,,,None,,False,False,False,[],[],[],,False,"[""source_nli_low_confidence""]",facebook/nllb-200-distilled-600M,,MoritzLaurer/DeBERTa-v3-base-mnli-fever-anli,6f5cf0a2b59cabb106aca4c287eed12e357e90eb
296,204391,204391:premise:fra_Latn,premise,neutral,GOLD_DISAGREEMENT,entailment,0.43807297945022583,False,A smiling man on a horse in front of brush and woods.,A smiling man on a horse in front of brush and woods.,,,,None,,False,False,False,[],[],[],,False,"[""source_label_disagreement""]",facebook/nllb-200-distilled-600M,,MoritzLaurer/DeBERTa-v3-base-mnli-fever-anli,6f5cf0a2b59cabb106aca4c287eed12e357e90eb
296,204391,204391:hypothesis:fra_Latn,hypothesis,neutral,GOLD_DISAGREEMENT,entailment,0.43807297945022583,False,A man enjoys a day in the woods with his horse.,A man enjoys a day in the woods with his horse.,,,,None,,False,False,False,[],[],[],,False,"[""source_label_disagreement""]",facebook/nllb-200-distilled-600M,,MoritzLaurer/DeBERTa-v3-base-mnli-fever-anli,6f5cf0a2b59cabb106aca4c287eed12e357e90eb
289,197235,197235:hypothesis:fra_Latn,hypothesis,entailment,RELIABLE_GOLD,entailment,0.9972240924835205,True,A man fishing in the ocean.,A man fishing in the ocean.,0.9966866374015808,0.9966866374015808,0.9966866374015808,entailment,0.9972240924835205,False,False,False,[],[],[],0.0,False,"[""trivial_copy""]",facebook/nllb-200-distilled-600M,f8d333a098d19b4fd9a8b18f94170487ad3f821d,MoritzLaurer/DeBERTa-v3-base-mnli-fever-anli,6f5cf0a2b59cabb106aca4c287eed12e357e90eb
290,199215,199215:hypothesis:fra_Latn,hypothesis,neutral,RELIABLE_GOLD,neutral,0.9846817255020142,True,The hckey game is about to begin.,The hockey game is about to begin.,0.015337985008955002,0.20636986196041107,0.015337985008955002,neutral,0.787387490272522,False,False,False,[],[],[],0.014925373134328401,False,"[""trivial_copy"",""semantic_drift"",""low_nli_confidence""]",facebook/nllb-200-distilled-600M,f8d333a098d19b4fd9a8b18f94170487ad3f821d,MoritzLaurer/DeBERTa-v3-base-mnli-fever-anli,6f5cf0a2b59cabb106aca4c287eed12e357e90eb
292,200662,200662:premise:fra_Latn,premise,neutral,RELIABLE_GOLD,neutral,0.9472551941871643,True,A man in a hat is walking across a lawn from a small truck to a van with a satellite.,A man in a hat crosses a lawn from a pickup truck to a van with a satellite.,0.9581199288368225,0.5703927874565125,0.5703927874565125,neutral,0.9707233905792236,False,False,False,[],[],[],0.15527950310559002,False,"[""semantic_drift""]",facebook/nllb-200-distilled-600M,f8d333a098d19b4fd9a8b18f94170487ad3f821d,MoritzLaurer/DeBERTa-v3-base-mnli-fever-anli,6f5cf0a2b59cabb106aca4c287eed12e357e90eb
293,200772,200772:hypothesis:fra_Latn,hypothesis,neutral,RELIABLE_GOLD,neutral,0.9951594471931458,True,The wakeboader is a man.,The wakeboader is a man.,0.9961062073707581,0.9961062073707581,0.9961062073707581,neutral,0.9951594471931458,False,False,False,[],[],[],0.0,False,"[""trivial_copy""]",facebook/nllb-200-distilled-600M,f8d333a098d19b4fd9a8b18f94170487ad3f821d,MoritzLaurer/DeBERTa-v3-base-mnli-fever-anli,6f5cf0a2b59cabb106aca4c287eed12e357e90eb
295,203055,203055:hypothesis:fra_Latn,hypothesis,contradiction,RELIABLE_GOLD,contradiction,0.9988422989845276,True,a rabbit runs,a short rabbit,0.02103562280535698,0.32092076539993286,0.02103562280535698,contradiction,0.998784601688385,False,False,False,[],[],[],0.40740740740740744,False,"[""semantic_drift""]",facebook/nllb-200-distilled-600M,f8d333a098d19b4fd9a8b18f94170487ad3f821d,MoritzLaurer/DeBERTa-v3-base-mnli-fever-anli,6f5cf0a2b59cabb106aca4c287eed12e357e90eb
297,204719,204719:premise:fra_Latn,premise,contradiction,RELIABLE_GOLD,contradiction,0.9994925260543823,True,The men are waving as they are standing in snow.,Men act like they stand in the snow.,0.9033808708190918,0.0005798456841148436,0.0005798456841148436,contradiction,0.9989559650421143,False,False,False,[],[],[],0.38095238095238093,False,"[""semantic_drift""]",facebook/nllb-200-distilled-600M,f8d333a098d19b4fd9a8b18f94170487ad3f821d,MoritzLaurer/DeBERTa-v3-base-mnli-fever-anli,6f5cf0a2b59cabb106aca4c287eed12e357e90eb
298,204800,204800:hypothesis:fra_Latn,hypothesis,contradiction,RELIABLE_GOLD,contradiction,0.9993088245391846,True,Two women are running.,Two women are running.,0.9964607357978821,0.9964607357978821,0.9964607357978821,contradiction,0.9993088245391846,False,False,False,[],[],[],0.0,False,"[""trivial_copy""]",facebook/nllb-200-distilled-600M,f8d333a098d19b4fd9a8b18f94170487ad3f821d,MoritzLaurer/DeBERTa-v3-base-mnli-fever-anli,6f5cf0a2b59cabb106aca4c287eed12e357e90eb
299,205153,205153:hypothesis:fra_Latn,hypothesis,neutral,RELIABLE_GOLD,neutral,0.9993688464164734,True,The men are wearing safety gear.,The men are wearing safety gear.,0.9974018335342407,0.9974018335342407,0.9974018335342407,neutral,0.9993688464164734,False,False,False,[],[],[],0.0,False,"[""trivial_copy""]",facebook/nllb-200-distilled-600M,f8d333a098d19b4fd9a8b18f94170487ad3f821d,MoritzLaurer/DeBERTa-v3-base-mnli-fever-anli,6f5cf0a2b59cabb106aca4c287eed12e357e90eb
300,206106,206106:premise:fra_Latn,premise,neutral,RELIABLE_GOLD,neutral,0.9984846711158752,True,There is a man with a red hat on his hand.,There's a man with a red hat in his hand.,0.9452794194221497,0.86262047290802,0.86262047290802,neutral,0.9984686970710754,False,False,False,"[{""group"":""space"",""original"":{""on"":1},""candidate"":{""in"":1},""field"":""premise""}]",[],"[{""group"":""space"",""original"":{""on"":1},""candidate"":{""in"":1},""field"":""premise""}]",0.06024096385542166,False,"[""semantic_drift""]",facebook/nllb-200-distilled-600M,f8d333a098d19b4fd9a8b18f94170487ad3f821d,MoritzLaurer/DeBERTa-v3-base-mnli-fever-anli,6f5cf0a2b59cabb106aca4c287eed12e357e90eb
305,209684,209684:premise:fra_Latn,premise,entailment,RELIABLE_GOLD,entailment,0.9918839931488037,True,"A man sits back on an elegant sofa, sticking his feet up on the coffee table.",A man sits on an elegant sofa and sets his feet on the coffee table.,0.9956568479537964,0.23492315411567688,0.23492315411567688,entailment,0.9922260046005249,False,False,False,[],[],[],0.1448275862068965,False,"[""semantic_drift""]",facebook/nllb-200-distilled-600M,f8d333a098d19b4fd9a8b18f94170487ad3f821d,MoritzLaurer/DeBERTa-v3-base-mnli-fever-anli,6f5cf0a2b59cabb106aca4c287eed12e357e90eb
306,209775,209775:hypothesis:fra_Latn,hypothesis,neutral,RELIABLE_GOLD,neutral,0.9433273077011108,True,the people were on concrete,People were on the concrete.,0.9959610104560852,0.9959143996238708,0.9959143996238708,entailment,0.318083792924881,False,False,False,[],[],[],0.1636363636363637,False,"[""label_flip""]",facebook/nllb-200-distilled-600M,f8d333a098d19b4fd9a8b18f94170487ad3f821d,MoritzLaurer/DeBERTa-v3-base-mnli-fever-anli,6f5cf0a2b59cabb106aca4c287eed12e357e90eb
307,211350,211350:premise:fra_Latn,premise,entailment,RELIABLE_GOLD,entailment,0.9833884239196777,True,Two women in military uniform are standing with other soldiers in formation.,Two women in military uniforms stand with other soldiers in training.,0.2913035452365875,0.7413352727890015,0.2913035452365875,entailment,0.7188165187835693,False,False,False,[],[],[],0.11724137931034484,False,"[""semantic_drift"",""low_nli_confidence""]",facebook/nllb-200-distilled-600M,f8d333a098d19b4fd9a8b18f94170487ad3f821d,MoritzLaurer/DeBERTa-v3-base-mnli-fever-anli,6f5cf0a2b59cabb106aca4c287eed12e357e90eb
307,211350,211350:hypothesis:fra_Latn,hypothesis,entailment,RELIABLE_GOLD,entailment,0.9833884239196777,True,Two women in military uniform are standing with others in formation,Two women in military uniform stand with others in training.,0.7830868363380432,0.7258549332618713,0.7258549332618713,entailment,0.8016545176506042,False,False,False,[],[],[],0.13385826771653542,False,"[""semantic_drift""]",facebook/nllb-200-distilled-600M,f8d333a098d19b4fd9a8b18f94170487ad3f821d,MoritzLaurer/DeBERTa-v3-base-mnli-fever-anli,6f5cf0a2b59cabb106aca4c287eed12e357e90eb
308,211927,211927:premise:fra_Latn,premise,neutral,RELIABLE_GOLD,neutral,0.9778068661689758,True,A boat floating on blue water.,A boat floating on blue water.,0.9967965483665466,0.9967965483665466,0.9967965483665466,neutral,0.9778068661689758,False,False,False,[],[],[],0.0,False,"[""trivial_copy""]",facebook/nllb-200-distilled-600M,f8d333a098d19b4fd9a8b18f94170487ad3f821d,MoritzLaurer/DeBERTa-v3-base-mnli-fever-anli,6f5cf0a2b59cabb106aca4c287eed12e357e90eb
308,211927,211927:hypothesis:fra_Latn,hypothesis,neutral,RELIABLE_GOLD,neutral,0.9778068661689758,True,The boat is about to be taken out on the water.,The boat is about to be put back into the water.,0.31591495871543884,0.9856770038604736,0.31591495871543884,contradiction,0.09339170902967453,False,False,False,"[{""group"":""space"",""original"":{""on"":1},""candidate"":{},""field"":""hypothesis""}]",[],"[{""group"":""space"",""original"":{""on"":1},""candidate"":{},""field"":""hypothesis""}]",0.17894736842105263,False,"[""semantic_drift"",""label_flip""]",facebook/nllb-200-distilled-600M,f8d333a098d19b4fd9a8b18f94170487ad3f821d,MoritzLaurer/DeBERTa-v3-base-mnli-fever-anli,6f5cf0a2b59cabb106aca4c287eed12e357e90eb
309,213001,213001:premise:fra_Latn,premise,entailment,RELIABLE_GOLD,entailment,0.9962660670280457,True,Two girls play in the shower with their clothes on.,Two girls playing in the shower with their clothes on.,0.9965793490409851,0.996957540512085,0.9965793490409851,entailment,0.9964026212692261,False,False,False,[],[],[],0.02857142857142858,False,"[""trivial_copy""]",facebook/nllb-200-distilled-600M,f8d333a098d19b4fd9a8b18f94170487ad3f821d,MoritzLaurer/DeBERTa-v3-base-mnli-fever-anli,6f5cf0a2b59cabb106aca4c287eed12e357e90eb
311,213566,213566:premise:fra_Latn,premise,neutral,RELIABLE_GOLD,neutral,0.9986898303031921,True,A little boy in a cowboy hat eating something.,A little boy in a cowboy hat eating something.,0.9947965741157532,0.9947965741157532,0.9947965741157532,neutral,0.9986898303031921,False,False,False,[],[],[],0.0,False,"[""trivial_copy""]",facebook/nllb-200-distilled-600M,f8d333a098d19b4fd9a8b18f94170487ad3f821d,MoritzLaurer/DeBERTa-v3-base-mnli-fever-anli,6f5cf0a2b59cabb106aca4c287eed12e357e90eb
311,213566,213566:hypothesis:fra_Latn,hypothesis,neutral,RELIABLE_GOLD,neutral,0.9986898303031921,True,The boy is eating his birthday cake with the other party guests.,The boy is eating his birthday cake with the other guests.,0.9941698312759399,0.24644887447357178,0.24644887447357178,neutral,0.9988214373588562,False,False,False,[],[],[],0.049180327868852514,False,"[""semantic_drift""]",facebook/nllb-200-distilled-600M,f8d333a098d19b4fd9a8b18f94170487ad3f821d,MoritzLaurer/DeBERTa-v3-base-mnli-fever-anli,6f5cf0a2b59cabb106aca4c287eed12e357e90eb
312,214226,214226:hypothesis:fra_Latn,hypothesis,contradiction,RELIABLE_GOLD,contradiction,0.9993904829025269,True,a mouse eating chees,a mouse eating cheese,0.9937677383422852,0.98696368932724,0.98696368932724,contradiction,0.9993996620178223,False,False,False,[],[],[],0.024390243902439046,False,"[""trivial_copy""]",facebook/nllb-200-distilled-600M,f8d333a098d19b4fd9a8b18f94170487ad3f821d,MoritzLaurer/DeBERTa-v3-base-mnli-fever-anli,6f5cf0a2b59cabb106aca4c287eed12e357e90eb
313,214998,214998:premise:fra_Latn,premise,neutral,RELIABLE_GOLD,neutral,0.9977096319198608,True,A runner is sliding into home while the cathcer covers the plate in a softball game.,A runner slips into the house while the catcher covers the plate during a softball game.,0.9955270886421204,0.992384672164917,0.992384672164917,contradiction,0.014001469127833843,False,False,False,"[{""group"":""time"",""original"":{},""candidate"":{""during"":1},""field"":""premise""},{""group"":""space"",""original"":{""in"":1},""candidate"":{},""field"":""premise""}]",[],"[{""group"":""time"",""original"":{},""candidate"":{""during"":1},""field"":""premise""},{""group"":""space"",""original"":{""in"":1},""candidate"":{},""field"":""premise""}]",0.12790697674418605,False,"[""label_flip""]",facebook/nllb-200-distilled-600M,f8d333a098d19b4fd9a8b18f94170487ad3f821d,MoritzLaurer/DeBERTa-v3-base-mnli-fever-anli,6f5cf0a2b59cabb106aca4c287eed12e357e90eb
313,214998,214998:hypothesis:fra_Latn,hypothesis,neutral,RELIABLE_GOLD,neutral,0.9977096319198608,True,A runner slides home for the winning run in a softball game.,A runner comes home for the winning race in a softball game.,0.9650982618331909,0.03311644494533539,0.03311644494533539,neutral,0.9857199788093567,False,False,False,[],[],[],0.09999999999999998,False,"[""semantic_drift""]",facebook/nllb-200-distilled-600M,f8d333a098d19b4fd9a8b18f94170487ad3f821d,MoritzLaurer/DeBERTa-v3-base-mnli-fever-anli,6f5cf0a2b59cabb106aca4c287eed12e357e90eb
316,215759,215759:premise:fra_Latn,premise,contradiction,RELIABLE_GOLD,contradiction,0.9993879795074463,True,White girl in a white dress and white bird-looking wings holding some blue ads.,A white girl in a white dress and white bird wings holding blue ads.,0.9908333420753479,0.7024396061897278,0.7024396061897278,contradiction,0.9993298053741455,False,False,False,"[{""group"":""quantifier"",""original"":{""some"":1},""candidate"":{},""field"":""premise""}]",[],"[{""group"":""quantifier"",""original"":{""some"":1},""candidate"":{},""field"":""premise""}]",0.10204081632653061,False,"[""semantic_drift""]",facebook/nllb-200-distilled-600M,f8d333a098d19b4fd9a8b18f94170487ad3f821d,MoritzLaurer/DeBERTa-v3-base-mnli-fever-anli,6f5cf0a2b59cabb106aca4c287eed12e357e90eb
317,215835,215835:premise:fra_Latn,premise,neutral,RELIABLE_GOLD,neutral,0.995371401309967,True,Soccer players in jerseys representing two teams mill around on a soccer field.,Football players in shirts representing two teams gather on a football field.,0.001787681831046939,0.011700085364282131,0.001787681831046939,neutral,0.9623482823371887,False,False,False,[],[],[],0.2948717948717948,False,"[""semantic_drift""]",facebook/nllb-200-distilled-600M,f8d333a098d19b4fd9a8b18f94170487ad3f821d,MoritzLaurer/DeBERTa-v3-base-mnli-fever-anli,6f5cf0a2b59cabb106aca4c287eed12e357e90eb
317,215835,215835:hypothesis:fra_Latn,hypothesis,neutral,RELIABLE_GOLD,neutral,0.995371401309967,True,The soccer players are getting ready to play.,The football players are getting ready to play.,0.06136151775717735,0.6791723370552063,0.06136151775717735,contradiction,0.10249032825231552,False,False,False,[],[],[],0.13043478260869568,False,"[""semantic_drift"",""label_flip""]",facebook/nllb-200-distilled-600M,f8d333a098d19b4fd9a8b18f94170487ad3f821d,MoritzLaurer/DeBERTa-v3-base-mnli-fever-anli,6f5cf0a2b59cabb106aca4c287eed12e357e90eb
318,215950,215950:premise:fra_Latn,premise,neutral,RELIABLE_GOLD,neutral,0.950130820274353,True,"A guy in a blue shirt, shorts and sandals is giving a speech with a microphone to some people sitting in the front row of an auditorium.","A guy in a blue shirt, pants, and sandals gives a talk with a microphone to some people sitting in the front row of an auditorium.",0.01793290488421917,0.029450010508298874,0.01793290488421917,neutral,0.9566231369972229,False,False,False,[],[],[],0.09774436090225569,False,"[""semantic_drift""]",facebook/nllb-200-distilled-600M,f8d333a098d19b4fd9a8b18f94170487ad3f821d,MoritzLaurer/DeBERTa-v3-base-mnli-fever-anli,6f5cf0a2b59cabb106aca4c287eed12e357e90eb
318,215950,215950:hypothesis:fra_Latn,hypothesis,neutral,RELIABLE_GOLD,neutral,0.950130820274353,True,A man is giving his campaing speech.,A man is giving his campaign speech.,0.9969028830528259,0.994644045829773,0.994644045829773,neutral,0.9980207681655884,False,False,False,[],[],[],0.02777777777777779,False,"[""trivial_copy""]",facebook/nllb-200-distilled-600M,f8d333a098d19b4fd9a8b18f94170487ad3f821d,MoritzLaurer/DeBERTa-v3-base-mnli-fever-anli,6f5cf0a2b59cabb106aca4c287eed12e357e90eb
325,221454,221454:premise:fra_Latn,premise,neutral,GOLD_DISAGREEMENT,entailment,0.020325278863310814,False,A girl wearing the number one LaFayette softball uniform is about to throw the ball.,A girl wearing the number one LaFayette softball uniform is about to throw the ball.,,,,None,,False,False,False,[],[],[],,False,"[""source_label_disagreement""]",facebook/nllb-200-distilled-600M,,MoritzLaurer/DeBERTa-v3-base-mnli-fever-anli,6f5cf0a2b59cabb106aca4c287eed12e357e90eb
325,221454,221454:hypothesis:fra_Latn,hypothesis,neutral,GOLD_DISAGREEMENT,entailment,0.020325278863310814,False,Some woman are softball players.,Some woman are softball players.,,,,None,,False,False,False,[],[],[],,False,"[""source_label_disagreement""]",facebook/nllb-200-distilled-600M,,MoritzLaurer/DeBERTa-v3-base-mnli-fever-anli,6f5cf0a2b59cabb106aca4c287eed12e357e90eb
330,224812,224812:premise:fra_Latn,premise,contradiction,GOLD_DISAGREEMENT,entailment,0.0018691960722208023,False,Little girl holding a karate trophy.,Little girl holding a karate trophy.,,,,None,,False,False,False,[],[],[],,False,"[""source_label_disagreement""]",facebook/nllb-200-distilled-600M,,MoritzLaurer/DeBERTa-v3-base-mnli-fever-anli,6f5cf0a2b59cabb106aca4c287eed12e357e90eb
330,224812,224812:hypothesis:fra_Latn,hypothesis,contradiction,GOLD_DISAGREEMENT,entailment,0.0018691960722208023,False,A little girl is,A little girl is,,,,None,,False,False,False,[],[],[],,False,"[""source_label_disagreement""]",facebook/nllb-200-distilled-600M,,MoritzLaurer/DeBERTa-v3-base-mnli-fever-anli,6f5cf0a2b59cabb106aca4c287eed12e357e90eb
334,226575,226575:premise:fra_Latn,premise,contradiction,GOLD_LOW_CONFIDENCE,contradiction,0.6095410585403442,False,Two men and a woman converse together at as EASTA meeting.,Two men and a woman converse together at as EASTA meeting.,,,,None,,False,False,False,[],[],[],,False,"[""source_nli_low_confidence""]",facebook/nllb-200-distilled-600M,,MoritzLaurer/DeBERTa-v3-base-mnli-fever-anli,6f5cf0a2b59cabb106aca4c287eed12e357e90eb
334,226575,226575:hypothesis:fra_Latn,hypothesis,contradiction,GOLD_LOW_CONFIDENCE,contradiction,0.6095410585403442,False,A woman is shouting a men in office.,A woman is shouting a men in office.,,,,None,,False,False,False,[],[],[],,False,"[""source_nli_low_confidence""]",facebook/nllb-200-distilled-600M,,MoritzLaurer/DeBERTa-v3-base-mnli-fever-anli,6f5cf0a2b59cabb106aca4c287eed12e357e90eb
341,232434,232434:premise:fra_Latn,premise,contradiction,GOLD_DISAGREEMENT,neutral,0.14099769294261932,False,"Male figure wearing black, and surfing on a surfboard.","Male figure wearing black, and surfing on a surfboard.",,,,None,,False,False,False,[],[],[],,False,"[""source_label_disagreement""]",facebook/nllb-200-distilled-600M,,MoritzLaurer/DeBERTa-v3-base-mnli-fever-anli,6f5cf0a2b59cabb106aca4c287eed12e357e90eb
341,232434,232434:hypothesis:fra_Latn,hypothesis,contradiction,GOLD_DISAGREEMENT,neutral,0.14099769294261932,False,Male in black mugs a lady on the street.,Male in black mugs a lady on the street.,,,,None,,False,False,False,[],[],[],,False,"[""source_label_disagreement""]",facebook/nllb-200-distilled-600M,,MoritzLaurer/DeBERTa-v3-base-mnli-fever-anli,6f5cf0a2b59cabb106aca4c287eed12e357e90eb
347,233919,233919:premise:fra_Latn,premise,entailment,GOLD_DISAGREEMENT,neutral,0.4634733200073242,False,A man and a woman kissing while at a show.,A man and a woman kissing while at a show.,,,,None,,False,False,False,[],[],[],,False,"[""source_label_disagreement""]",facebook/nllb-200-distilled-600M,,MoritzLaurer/DeBERTa-v3-base-mnli-fever-anli,6f5cf0a2b59cabb106aca4c287eed12e357e90eb
347,233919,233919:hypothesis:fra_Latn,hypothesis,entailment,GOLD_DISAGREEMENT,neutral,0.4634733200073242,False,A man is attracted to a woman.,A man is attracted to a woman.,,,,None,,False,False,False,[],[],[],,False,"[""source_label_disagreement""]",facebook/nllb-200-distilled-600M,,MoritzLaurer/DeBERTa-v3-base-mnli-fever-anli,6f5cf0a2b59cabb106aca4c287eed12e357e90eb
320,217803,217803:hypothesis:fra_Latn,hypothesis,entailment,RELIABLE_GOLD,entailment,0.9786309003829956,True,People are looking at something.,People are looking at something.,0.9952754974365234,0.9952754974365234,0.9952754974365234,entailment,0.9786309003829956,False,False,False,[],[],[],0.0,False,"[""trivial_copy""]",facebook/nllb-200-distilled-600M,f8d333a098d19b4fd9a8b18f94170487ad3f821d,MoritzLaurer/DeBERTa-v3-base-mnli-fever-anli,6f5cf0a2b59cabb106aca4c287eed12e357e90eb
321,218103,218103:premise:fra_Latn,premise,entailment,RELIABLE_GOLD,entailment,0.9985931515693665,True,A teenage girl wearing a t-shirt and bathing suit bottom jumps into a body of water.,A teenage girl wearing a t-shirt and a swimsuit jumps into a water tank.,0.0028166493866592646,0.9485068917274475,0.0028166493866592646,entailment,0.9983267188072205,False,False,False,[],[],[],0.1923076923076923,False,"[""semantic_drift""]",facebook/nllb-200-distilled-600M,f8d333a098d19b4fd9a8b18f94170487ad3f821d,MoritzLaurer/DeBERTa-v3-base-mnli-fever-anli,6f5cf0a2b59cabb106aca4c287eed12e357e90eb
326,223038,223038:premise:fra_Latn,premise,neutral,RELIABLE_GOLD,neutral,0.9921446442604065,True,A boy in a blue life jacket jumps into the water.,A boy in a blue vest jumps into the water.,0.3479253053665161,0.048541124910116196,0.048541124910116196,neutral,0.9942084550857544,False,False,False,[],[],[],0.1208791208791209,False,"[""semantic_drift""]",facebook/nllb-200-distilled-600M,f8d333a098d19b4fd9a8b18f94170487ad3f821d,MoritzLaurer/DeBERTa-v3-base-mnli-fever-anli,6f5cf0a2b59cabb106aca4c287eed12e357e90eb
328,224071,224071:hypothesis:fra_Latn,hypothesis,contradiction,RELIABLE_GOLD,contradiction,0.9996057152748108,True,Three men riding their motorcycles.,Three men on a bicycle.,0.0002850803139153868,0.00023459777003154159,0.00023459777003154159,contradiction,0.9993797540664673,False,False,False,"[{""group"":""space"",""original"":{},""candidate"":{""on"":1},""field"":""hypothesis""}]",[],"[{""group"":""space"",""original"":{},""candidate"":{""on"":1},""field"":""hypothesis""}]",0.4137931034482759,False,"[""semantic_drift""]",facebook/nllb-200-distilled-600M,f8d333a098d19b4fd9a8b18f94170487ad3f821d,MoritzLaurer/DeBERTa-v3-base-mnli-fever-anli,6f5cf0a2b59cabb106aca4c287eed12e357e90eb
331,226116,226116:hypothesis:fra_Latn,hypothesis,neutral,RELIABLE_GOLD,neutral,0.9838452339172363,True,they just finished shopping,They just finished shopping.,0.9918730854988098,0.9941826462745667,0.9918730854988098,neutral,0.9888272285461426,False,False,False,[],[],[],0.018181818181818188,False,"[""trivial_copy""]",facebook/nllb-200-distilled-600M,f8d333a098d19b4fd9a8b18f94170487ad3f821d,MoritzLaurer/DeBERTa-v3-base-mnli-fever-anli,6f5cf0a2b59cabb106aca4c287eed12e357e90eb
332,226394,226394:premise:fra_Latn,premise,neutral,RELIABLE_GOLD,neutral,0.9641255736351013,True,A black bird in the air with leaves in its mouth.,A black bird in the air with leaves in its mouth.,0.992499053478241,0.992499053478241,0.992499053478241,neutral,0.9641255736351013,False,False,False,[],[],[],0.0,False,"[""trivial_copy""]",facebook/nllb-200-distilled-600M,f8d333a098d19b4fd9a8b18f94170487ad3f821d,MoritzLaurer/DeBERTa-v3-base-mnli-fever-anli,6f5cf0a2b59cabb106aca4c287eed12e357e90eb
332,226394,226394:hypothesis:fra_Latn,hypothesis,neutral,RELIABLE_GOLD,neutral,0.9641255736351013,True,A black bird is making a nest.,A black bird makes a nest.,0.9970006346702576,0.9942926168441772,0.9942926168441772,neutral,0.7695412635803223,False,False,False,[],[],[],0.1428571428571429,False,"[""low_nli_confidence""]",facebook/nllb-200-distilled-600M,f8d333a098d19b4fd9a8b18f94170487ad3f821d,MoritzLaurer/DeBERTa-v3-base-mnli-fever-anli,6f5cf0a2b59cabb106aca4c287eed12e357e90eb
333,226504,226504:hypothesis:fra_Latn,hypothesis,neutral,RELIABLE_GOLD,neutral,0.9831127524375916,True,the child was happy,the child was happy,0.9957276582717896,0.9957276582717896,0.9957276582717896,neutral,0.9831127524375916,False,False,False,[],[],[],0.0,False,"[""trivial_copy""]",facebook/nllb-200-distilled-600M,f8d333a098d19b4fd9a8b18f94170487ad3f821d,MoritzLaurer/DeBERTa-v3-base-mnli-fever-anli,6f5cf0a2b59cabb106aca4c287eed12e357e90eb
335,226981,226981:hypothesis:fra_Latn,hypothesis,entailment,RELIABLE_GOLD,entailment,0.9970670342445374,True,A cafe where two men sit alone.,A cafe where two men are alone.,0.98058021068573,0.784130871295929,0.784130871295929,entailment,0.9964174032211304,False,False,False,[],[],[],0.09677419354838712,False,"[""semantic_drift""]",facebook/nllb-200-distilled-600M,f8d333a098d19b4fd9a8b18f94170487ad3f821d,MoritzLaurer/DeBERTa-v3-base-mnli-fever-anli,6f5cf0a2b59cabb106aca4c287eed12e357e90eb
337,229906,229906:premise:fra_Latn,premise,contradiction,RELIABLE_GOLD,contradiction,0.9996108412742615,True,A dark-skinned security officer smiles.,A black security officer smiles.,0.021215492859482765,0.9894563555717468,0.021215492859482765,contradiction,0.9996132254600525,False,False,False,[],[],[],0.18309859154929575,False,"[""semantic_drift""]",facebook/nllb-200-distilled-600M,f8d333a098d19b4fd9a8b18f94170487ad3f821d,MoritzLaurer/DeBERTa-v3-base-mnli-fever-anli,6f5cf0a2b59cabb106aca4c287eed12e357e90eb
337,229906,229906:hypothesis:fra_Latn,hypothesis,contradiction,RELIABLE_GOLD,contradiction,0.9996108412742615,True,A security officer is angry and scowling.,A security guard is angry and scared.,0.013719785027205944,0.013196277432143688,0.013196277432143688,contradiction,0.9993738532066345,False,False,False,[],[],[],0.2564102564102564,False,"[""semantic_drift""]",facebook/nllb-200-distilled-600M,f8d333a098d19b4fd9a8b18f94170487ad3f821d,MoritzLaurer/DeBERTa-v3-base-mnli-fever-anli,6f5cf0a2b59cabb106aca4c287eed12e357e90eb
338,230044,230044:premise:fra_Latn,premise,neutral,RELIABLE_GOLD,neutral,0.9994099140167236,True,A man with a guitar and a woman with a microphone perform.,A man with a guitar and a woman with a microphone perform.,0.9931135773658752,0.9931135773658752,0.9931135773658752,neutral,0.9994099140167236,False,False,False,[],[],[],0.0,False,"[""trivial_copy""]",facebook/nllb-200-distilled-600M,f8d333a098d19b4fd9a8b18f94170487ad3f821d,MoritzLaurer/DeBERTa-v3-base-mnli-fever-anli,6f5cf0a2b59cabb106aca4c287eed12e357e90eb
339,230599,230599:premise:fra_Latn,premise,contradiction,RELIABLE_GOLD,contradiction,0.999735414981842,True,"Two men are kayaking, one in front of the other.","Two men are kayaking, one in front of the other.",0.9934219717979431,0.9934219717979431,0.9934219717979431,contradiction,0.999735414981842,False,False,False,[],[],[],0.0,False,"[""trivial_copy""]",facebook/nllb-200-distilled-600M,f8d333a098d19b4fd9a8b18f94170487ad3f821d,MoritzLaurer/DeBERTa-v3-base-mnli-fever-anli,6f5cf0a2b59cabb106aca4c287eed12e357e90eb
340,231324,231324:premise:fra_Latn,premise,entailment,RELIABLE_GOLD,entailment,0.9983744621276855,True,A smiling woman with dark hair is sitting at a table.,A smiling woman with black hair is sitting at a table.,0.0017076443182304502,0.9893454909324646,0.0017076443182304502,entailment,0.9983417987823486,False,False,False,[],[],[],0.04672897196261683,False,"[""semantic_drift""]",facebook/nllb-200-distilled-600M,f8d333a098d19b4fd9a8b18f94170487ad3f821d,MoritzLaurer/DeBERTa-v3-base-mnli-fever-anli,6f5cf0a2b59cabb106aca4c287eed12e357e90eb
342,232796,232796:hypothesis:fra_Latn,hypothesis,entailment,RELIABLE_GOLD,entailment,0.997729480266571,True,Two people talking.,Two people talking.,0.9942445158958435,0.9942445158958435,0.9942445158958435,entailment,0.997729480266571,False,False,False,[],[],[],0.0,False,"[""trivial_copy""]",facebook/nllb-200-distilled-600M,f8d333a098d19b4fd9a8b18f94170487ad3f821d,MoritzLaurer/DeBERTa-v3-base-mnli-fever-anli,6f5cf0a2b59cabb106aca4c287eed12e357e90eb
343,232922,232922:premise:fra_Latn,premise,entailment,RELIABLE_GOLD,entailment,0.998066246509552,True,A person standing outside is using an umbrella in the heavy rain.,A person standing outside using an umbrella in the heavy rain.,0.9971823692321777,0.9969346523284912,0.9969346523284912,entailment,0.9977403879165649,False,False,False,[],[],[],0.023622047244094446,False,"[""trivial_copy""]",facebook/nllb-200-distilled-600M,f8d333a098d19b4fd9a8b18f94170487ad3f821d,MoritzLaurer/DeBERTa-v3-base-mnli-fever-anli,6f5cf0a2b59cabb106aca4c287eed12e357e90eb
348,233997,233997:hypothesis:fra_Latn,hypothesis,contradiction,RELIABLE_GOLD,contradiction,0.9994896650314331,True,Child wearing nothing at all standing on a sleigh.,A child who carries nothing standing on a sled.,0.9898305535316467,0.9826257228851318,0.9826257228851318,neutral,0.024500194936990738,False,False,False,"[{""group"":""quantifier"",""original"":{""all"":1},""candidate"":{},""field"":""hypothesis""}]",[],"[{""group"":""quantifier"",""original"":{""all"":1},""candidate"":{},""field"":""hypothesis""}]",0.23711340206185572,False,"[""label_flip""]",facebook/nllb-200-distilled-600M,f8d333a098d19b4fd9a8b18f94170487ad3f821d,MoritzLaurer/DeBERTa-v3-base-mnli-fever-anli,6f5cf0a2b59cabb106aca4c287eed12e357e90eb
349,234990,234990:premise:fra_Latn,premise,neutral,RELIABLE_GOLD,neutral,0.9876989126205444,True,The man in black shorts and a green shirt with the number 25 on the back is about to kick the soccer ball.,The man in black shorts and a green shirt with the number 25 on his back is about to kick the football.,0.9461653232574463,0.8793640732765198,0.8793640732765198,neutral,0.9871794581413269,False,False,False,[],[],[],0.062200956937799035,False,"[""semantic_drift""]",facebook/nllb-200-distilled-600M,f8d333a098d19b4fd9a8b18f94170487ad3f821d,MoritzLaurer/DeBERTa-v3-base-mnli-fever-anli,6f5cf0a2b59cabb106aca4c287eed12e357e90eb
349,234990,234990:hypothesis:fra_Latn,hypothesis,neutral,RELIABLE_GOLD,neutral,0.9876989126205444,True,He is aiming at a goal.,He's aiming for something.,0.9956056475639343,0.9866372346878052,0.9866372346878052,neutral,0.5671296119689941,False,False,False,[],[],[],0.4285714285714286,False,"[""low_nli_confidence""]",facebook/nllb-200-distilled-600M,f8d333a098d19b4fd9a8b18f94170487ad3f821d,MoritzLaurer/DeBERTa-v3-base-mnli-fever-anli,6f5cf0a2b59cabb106aca4c287eed12e357e90eb
350,235554,235554:premise:fra_Latn,premise,neutral,RELIABLE_GOLD,neutral,0.9517473578453064,True,The man in a red shirt just got a rebound in a basketball game.,The man in the red shirt just bounced in a basketball game.,0.9579993486404419,0.862802267074585,0.862802267074585,neutral,0.9441512227058411,False,False,False,[],[],[],0.11475409836065575,False,"[""semantic_drift""]",facebook/nllb-200-distilled-600M,f8d333a098d19b4fd9a8b18f94170487ad3f821d,MoritzLaurer/DeBERTa-v3-base-mnli-fever-anli,6f5cf0a2b59cabb106aca4c287eed12e357e90eb
351,236796,236796:premise:fra_Latn,premise,neutral,RELIABLE_GOLD,neutral,0.9989483952522278,True,"Two dancers performing in the spotlight, on stage.","Two dancers performing in the spotlight, on stage.",0.9941062927246094,0.9941062927246094,0.9941062927246094,neutral,0.9989483952522278,False,False,False,[],[],[],0.0,False,"[""trivial_copy""]",facebook/nllb-200-distilled-600M,f8d333a098d19b4fd9a8b18f94170487ad3f821d,MoritzLaurer/DeBERTa-v3-base-mnli-fever-anli,6f5cf0a2b59cabb106aca4c287eed12e357e90eb
359,244500,244500:premise:fra_Latn,premise,contradiction,GOLD_DISAGREEMENT,neutral,0.0031918000895529985,False,This gentleman just finished a refreshing swim.,This gentleman just finished a refreshing swim.,,,,None,,False,False,False,[],[],[],,False,"[""source_label_disagreement""]",facebook/nllb-200-distilled-600M,,MoritzLaurer/DeBERTa-v3-base-mnli-fever-anli,6f5cf0a2b59cabb106aca4c287eed12e357e90eb
359,244500,244500:hypothesis:fra_Latn,hypothesis,contradiction,GOLD_DISAGREEMENT,neutral,0.0031918000895529985,False,A man is swimming in a pool.,A man is swimming in a pool.,,,,None,,False,False,False,[],[],[],,False,"[""source_label_disagreement""]",facebook/nllb-200-distilled-600M,,MoritzLaurer/DeBERTa-v3-base-mnli-fever-anli,6f5cf0a2b59cabb106aca4c287eed12e357e90eb
362,249816,249816:premise:fra_Latn,premise,contradiction,GOLD_DISAGREEMENT,neutral,0.005688117351382971,False,A young blond-haired boy is going down a red slide.,A young blond-haired boy is going down a red slide.,,,,None,,False,False,False,[],[],[],,False,"[""source_label_disagreement""]",facebook/nllb-200-distilled-600M,,MoritzLaurer/DeBERTa-v3-base-mnli-fever-anli,6f5cf0a2b59cabb106aca4c287eed12e357e90eb
362,249816,249816:hypothesis:fra_Latn,hypothesis,contradiction,GOLD_DISAGREEMENT,neutral,0.005688117351382971,False,a mother shows her kid how to slide,a mother shows her kid how to slide,,,,None,,False,False,False,[],[],[],,False,"[""source_label_disagreement""]",facebook/nllb-200-distilled-600M,,MoritzLaurer/DeBERTa-v3-base-mnli-fever-anli,6f5cf0a2b59cabb106aca4c287eed12e357e90eb
378,261673,261673:premise:fra_Latn,premise,entailment,GOLD_DISAGREEMENT,contradiction,0.011792004108428955,False,A woman is walking by a building labeled Fisher's Popcorn.,A woman is walking by a building labeled Fisher's Popcorn.,,,,None,,False,False,False,[],[],[],,False,"[""source_label_disagreement""]",facebook/nllb-200-distilled-600M,,MoritzLaurer/DeBERTa-v3-base-mnli-fever-anli,6f5cf0a2b59cabb106aca4c287eed12e357e90eb
378,261673,261673:hypothesis:fra_Latn,hypothesis,entailment,GOLD_DISAGREEMENT,contradiction,0.011792004108428955,False,A woman is walking by a popcorn stand,A woman is walking by a popcorn stand,,,,None,,False,False,False,[],[],[],,False,"[""source_label_disagreement""]",facebook/nllb-200-distilled-600M,,MoritzLaurer/DeBERTa-v3-base-mnli-fever-anli,6f5cf0a2b59cabb106aca4c287eed12e357e90eb
382,263526,263526:premise:fra_Latn,premise,contradiction,GOLD_LOW_CONFIDENCE,contradiction,0.5959912538528442,False,A Caucasian male performing a water board trick in a lake with trees in the background.,A Caucasian male performing a water board trick in a lake with trees in the background.,,,,None,,False,False,False,[],[],[],,False,"[""source_nli_low_confidence""]",facebook/nllb-200-distilled-600M,,MoritzLaurer/DeBERTa-v3-base-mnli-fever-anli,6f5cf0a2b59cabb106aca4c287eed12e357e90eb
382,263526,263526:hypothesis:fra_Latn,hypothesis,contradiction,GOLD_LOW_CONFIDENCE,contradiction,0.5959912538528442,False,A guy sitting down beside the water surrounded by trees.,A guy sitting down beside the water surrounded by trees.,,,,None,,False,False,False,[],[],[],,False,"[""source_nli_low_confidence""]",facebook/nllb-200-distilled-600M,,MoritzLaurer/DeBERTa-v3-base-mnli-fever-anli,6f5cf0a2b59cabb106aca4c287eed12e357e90eb
352,237247,237247:premise:fra_Latn,premise,neutral,RELIABLE_GOLD,neutral,0.9985515475273132,True,Two boys are standing in a kitchen.,Two boys are standing in a kitchen.,0.9967644214630127,0.9967644214630127,0.9967644214630127,neutral,0.9985515475273132,False,False,False,[],[],[],0.0,False,"[""trivial_copy""]",facebook/nllb-200-distilled-600M,f8d333a098d19b4fd9a8b18f94170487ad3f821d,MoritzLaurer/DeBERTa-v3-base-mnli-fever-anli,6f5cf0a2b59cabb106aca4c287eed12e357e90eb
352,237247,237247:hypothesis:fra_Latn,hypothesis,neutral,RELIABLE_GOLD,neutral,0.9985515475273132,True,Two boys are inside a house inside a kitchen wearing pink aprons.,Two boys are inside a house inside a kitchen wearing pink upholstery.,0.0016621001996099949,0.004009691067039967,0.0016621001996099949,neutral,0.9915454983711243,False,False,False,[],[],[],0.08955223880597019,False,"[""semantic_drift""]",facebook/nllb-200-distilled-600M,f8d333a098d19b4fd9a8b18f94170487ad3f821d,MoritzLaurer/DeBERTa-v3-base-mnli-fever-anli,6f5cf0a2b59cabb106aca4c287eed12e357e90eb
353,237389,237389:hypothesis:fra_Latn,hypothesis,entailment,RELIABLE_GOLD,entailment,0.9922115802764893,True,two people are in bed,Two people are in bed.,0.9961548447608948,0.9957389831542969,0.9957389831542969,entailment,0.9927622675895691,False,False,False,[],[],[],0.023255813953488413,False,"[""trivial_copy""]",facebook/nllb-200-distilled-600M,f8d333a098d19b4fd9a8b18f94170487ad3f821d,MoritzLaurer/DeBERTa-v3-base-mnli-fever-anli,6f5cf0a2b59cabb106aca4c287eed12e357e90eb
354,238210,238210:premise:fra_Latn,premise,entailment,RELIABLE_GOLD,entailment,0.9970334768295288,True,A bearded man is wearing a redhead scarf and holding a forked green and white branch.,A bearded man wears a scarlet-haired scarf and holds a green and white forked branch.,0.875186562538147,0.9577591419219971,0.875186562538147,entailment,0.9970752000808716,False,False,False,[],[],[],0.23529411764705888,False,"[""semantic_drift""]",facebook/nllb-200-distilled-600M,f8d333a098d19b4fd9a8b18f94170487ad3f821d,MoritzLaurer/DeBERTa-v3-base-mnli-fever-anli,6f5cf0a2b59cabb106aca4c287eed12e357e90eb
357,241686,241686:hypothesis:fra_Latn,hypothesis,contradiction,RELIABLE_GOLD,contradiction,0.9996954202651978,True,A dog is sleeping in the owner's backyard.,A dog sleeps in the owner's garden.,0.0016283607110381126,0.007482659537345171,0.0016283607110381126,contradiction,0.9996762275695801,False,False,False,[],[],[],0.19480519480519476,False,"[""semantic_drift""]",facebook/nllb-200-distilled-600M,f8d333a098d19b4fd9a8b18f94170487ad3f821d,MoritzLaurer/DeBERTa-v3-base-mnli-fever-anli,6f5cf0a2b59cabb106aca4c287eed12e357e90eb
358,243896,243896:premise:fra_Latn,premise,entailment,RELIABLE_GOLD,entailment,0.9922958612442017,True,A woman on a cellphone is sitting in a chair.,A woman on a cell phone is sitting in a chair.,0.9973819851875305,0.9962629675865173,0.9962629675865173,entailment,0.9961993098258972,False,False,False,[],[],[],0.01098901098901095,False,"[""trivial_copy""]",facebook/nllb-200-distilled-600M,f8d333a098d19b4fd9a8b18f94170487ad3f821d,MoritzLaurer/DeBERTa-v3-base-mnli-fever-anli,6f5cf0a2b59cabb106aca4c287eed12e357e90eb
360,246031,246031:hypothesis:fra_Latn,hypothesis,contradiction,RELIABLE_GOLD,contradiction,0.9990297555923462,True,The woman is black.,The woman is black.,0.996522068977356,0.996522068977356,0.996522068977356,contradiction,0.9990297555923462,False,False,False,[],[],[],0.0,False,"[""trivial_copy""]",facebook/nllb-200-distilled-600M,f8d333a098d19b4fd9a8b18f94170487ad3f821d,MoritzLaurer/DeBERTa-v3-base-mnli-fever-anli,6f5cf0a2b59cabb106aca4c287eed12e357e90eb
361,248126,248126:premise:fra_Latn,premise,entailment,RELIABLE_GOLD,entailment,0.9901540875434875,True,"one white little girl, riding on a brown and white saddle which is on top of brown adult horse with black hair, both outside on a sunny day.","A little white girl, riding a brown and white saddle that's on top of a brown adult horse with black hair, both out on a sunny day.",0.9958218336105347,0.9951837658882141,0.9951837658882141,entailment,0.9946696162223816,False,False,False,"[{""group"":""number"",""original"":{""1"":1,""2"":1},""candidate"":{""2"":1},""field"":""premise""},{""group"":""space"",""original"":{""outside"":1,""on"":3},""candidate"":{""on"":2},""field"":""premise""}]","[{""group"":""number"",""original"":{""1"":1,""2"":1},""candidate"":{""2"":1},""field"":""premise""}]","[{""group"":""number"",""original"":{""1"":1,""2"":1},""candidate"":{""2"":1},""field"":""premise""},{""group"":""space"",""original"":{""outside"":1,""on"":3},""candidate"":{""on"":2},""field"":""premise""}]",0.12915129151291516,False,"[""numeric_value_changed""]",facebook/nllb-200-distilled-600M,f8d333a098d19b4fd9a8b18f94170487ad3f821d,MoritzLaurer/DeBERTa-v3-base-mnli-fever-anli,6f5cf0a2b59cabb106aca4c287eed12e357e90eb
363,250993,250993:premise:fra_Latn,premise,entailment,RELIABLE_GOLD,entailment,0.9895715713500977,True,A man walks into a maroon building as a dog looks on.,A man enters a brown building looking at a dog.,0.005849081091582775,0.005074833985418081,0.005074833985418081,entailment,0.9615476727485657,False,False,False,"[{""group"":""space"",""original"":{""on"":1},""candidate"":{},""field"":""premise""}]",[],"[{""group"":""space"",""original"":{""on"":1},""candidate"":{},""field"":""premise""}]",0.36,False,"[""semantic_drift""]",facebook/nllb-200-distilled-600M,f8d333a098d19b4fd9a8b18f94170487ad3f821d,MoritzLaurer/DeBERTa-v3-base-mnli-fever-anli,6f5cf0a2b59cabb106aca4c287eed12e357e90eb
364,251441,251441:premise:fra_Latn,premise,contradiction,RELIABLE_GOLD,contradiction,0.9952608942985535,True,A sign on a store in and urban neighborhood.,A sign on a store in the downtown area.,0.005607666447758675,0.3902645707130432,0.005607666447758675,contradiction,0.992572546005249,False,False,False,[],[],[],0.37349397590361444,False,"[""semantic_drift""]",facebook/nllb-200-distilled-600M,f8d333a098d19b4fd9a8b18f94170487ad3f821d,MoritzLaurer/DeBERTa-v3-base-mnli-fever-anli,6f5cf0a2b59cabb106aca4c287eed12e357e90eb
365,252089,252089:premise:fra_Latn,premise,entailment,RELIABLE_GOLD,entailment,0.9895414710044861,True,"A woman sitting at a desk labeled Programmes and Ice Cream, the stand appears to be out of ice cream.","A woman sitting at a desk labeled ""Programmes and Ice Cream"", the stand seems to be running out of ice.",0.007073413580656052,0.10910206288099289,0.007073413580656052,entailment,0.9423853158950806,False,False,False,[],[],[],0.11764705882352944,False,"[""semantic_drift""]",facebook/nllb-200-distilled-600M,f8d333a098d19b4fd9a8b18f94170487ad3f821d,MoritzLaurer/DeBERTa-v3-base-mnli-fever-anli,6f5cf0a2b59cabb106aca4c287eed12e357e90eb
367,253837,253837:premise:fra_Latn,premise,neutral,RELIABLE_GOLD,neutral,0.9993672966957092,True,A young man in a gray t-shirt and dark pants is mowing a lawn outside a white clapboard building.,A young man in a gray t-shirt and black pants is cutting a lawn in front of a white-plate building.,0.29537031054496765,0.9485325217247009,0.29537031054496765,neutral,0.9994283318519592,False,False,False,"[{""group"":""space"",""original"":{""outside"":1,""in"":1},""candidate"":{""front"":1,""in"":2},""field"":""premise""}]",[],"[{""group"":""space"",""original"":{""outside"":1,""in"":1},""candidate"":{""front"":1,""in"":2},""field"":""premise""}]",0.19387755102040816,False,"[""semantic_drift""]",facebook/nllb-200-distilled-600M,f8d333a098d19b4fd9a8b18f94170487ad3f821d,MoritzLaurer/DeBERTa-v3-base-mnli-fever-anli,6f5cf0a2b59cabb106aca4c287eed12e357e90eb
369,254814,254814:premise:fra_Latn,premise,neutral,RELIABLE_GOLD,neutral,0.9837415218353271,True,A skateboarder performs a trick in front of a business building.,A skateboarder does a thing in front of a business building.,0.9950709342956543,0.09583475440740585,0.09583475440740585,neutral,0.9905084371566772,False,False,False,[],[],[],0.11290322580645162,False,"[""semantic_drift""]",facebook/nllb-200-distilled-600M,f8d333a098d19b4fd9a8b18f94170487ad3f821d,MoritzLaurer/DeBERTa-v3-base-mnli-fever-anli,6f5cf0a2b59cabb106aca4c287eed12e357e90eb
369,254814,254814:hypothesis:fra_Latn,hypothesis,neutral,RELIABLE_GOLD,neutral,0.9837415218353271,True,A skateboarder irritates business people by doing tricks downtown.,A skateboarder irritates business people by taking tours around town.,0.0007166501600295305,0.001217235461808741,0.0007166501600295305,contradiction,0.09703506529331207,False,False,False,[],[],[],0.14074074074074072,False,"[""semantic_drift"",""label_flip""]",facebook/nllb-200-distilled-600M,f8d333a098d19b4fd9a8b18f94170487ad3f821d,MoritzLaurer/DeBERTa-v3-base-mnli-fever-anli,6f5cf0a2b59cabb106aca4c287eed12e357e90eb
370,256030,256030:hypothesis:fra_Latn,hypothesis,contradiction,RELIABLE_GOLD,contradiction,0.9997174143791199,True,The men are inside watching TV.,The men are inside watching TV.,0.9978936314582825,0.9978936314582825,0.9978936314582825,contradiction,0.9997174143791199,False,False,False,[],[],[],0.0,False,"[""trivial_copy""]",facebook/nllb-200-distilled-600M,f8d333a098d19b4fd9a8b18f94170487ad3f821d,MoritzLaurer/DeBERTa-v3-base-mnli-fever-anli,6f5cf0a2b59cabb106aca4c287eed12e357e90eb
372,258168,258168:premise:fra_Latn,premise,neutral,RELIABLE_GOLD,neutral,0.9986109733581543,True,"Two men are swimming in a body of water, near which is an area of land covered in vegetation.",Two men are swimming in a reservoir near which there is a vegetated area of land.,0.001782237901352346,0.9958536624908447,0.001782237901352346,neutral,0.9981656670570374,False,False,False,"[{""group"":""space"",""original"":{""in"":2,""near"":1},""candidate"":{""in"":1,""near"":1},""field"":""premise""}]",[],"[{""group"":""space"",""original"":{""in"":2,""near"":1},""candidate"":{""in"":1,""near"":1},""field"":""premise""}]",0.33333333333333337,False,"[""semantic_drift""]",facebook/nllb-200-distilled-600M,f8d333a098d19b4fd9a8b18f94170487ad3f821d,MoritzLaurer/DeBERTa-v3-base-mnli-fever-anli,6f5cf0a2b59cabb106aca4c287eed12e357e90eb
373,258343,258343:premise:fra_Latn,premise,entailment,RELIABLE_GOLD,entailment,0.9968552589416504,True,A man working on the construction of a large boat.,A man working on a big ship.,0.990748941898346,0.8380929231643677,0.8380929231643677,entailment,0.9920852780342102,False,False,False,[],[],[],0.4358974358974359,False,"[""semantic_drift""]",facebook/nllb-200-distilled-600M,f8d333a098d19b4fd9a8b18f94170487ad3f821d,MoritzLaurer/DeBERTa-v3-base-mnli-fever-anli,6f5cf0a2b59cabb106aca4c287eed12e357e90eb
375,258365,258365:premise:fra_Latn,premise,contradiction,RELIABLE_GOLD,contradiction,0.9980502128601074,True,A woman pushing a shopping cart at a grocery store.,A woman pushing a basket at the grocery store.,0.5885633230209351,0.7604905962944031,0.5885633230209351,contradiction,0.9968516230583191,False,False,False,[],[],[],0.19587628865979378,False,"[""semantic_drift""]",facebook/nllb-200-distilled-600M,f8d333a098d19b4fd9a8b18f94170487ad3f821d,MoritzLaurer/DeBERTa-v3-base-mnli-fever-anli,6f5cf0a2b59cabb106aca4c287eed12e357e90eb
376,259128,259128:premise:fra_Latn,premise,entailment,RELIABLE_GOLD,entailment,0.9862813353538513,True,A greyhound running on a track.,A puppy running on a track.,0.0207107812166214,0.0031610100995749235,0.0031610100995749235,entailment,0.986645519733429,False,False,False,[],[],[],0.2068965517241379,False,"[""semantic_drift""]",facebook/nllb-200-distilled-600M,f8d333a098d19b4fd9a8b18f94170487ad3f821d,MoritzLaurer/DeBERTa-v3-base-mnli-fever-anli,6f5cf0a2b59cabb106aca4c287eed12e357e90eb
377,259206,259206:premise:fra_Latn,premise,contradiction,RELIABLE_GOLD,contradiction,0.998906135559082,True,"The two boys, in matching red shirts, fell asleep in the same position.","The two boys, dressed in the same red shirts, fell asleep in the same position.",0.9919643402099609,0.7604219913482666,0.7604219913482666,contradiction,0.9988278746604919,False,False,False,[],[],[],0.1466666666666666,False,"[""semantic_drift""]",facebook/nllb-200-distilled-600M,f8d333a098d19b4fd9a8b18f94170487ad3f821d,MoritzLaurer/DeBERTa-v3-base-mnli-fever-anli,6f5cf0a2b59cabb106aca4c287eed12e357e90eb
379,261954,261954:hypothesis:fra_Latn,hypothesis,entailment,RELIABLE_GOLD,entailment,0.9570333361625671,True,Two girls make toys together.,Two girls make toys together.,0.9963604807853699,0.9963604807853699,0.9963604807853699,entailment,0.9570333361625671,False,False,False,[],[],[],0.0,False,"[""trivial_copy""]",facebook/nllb-200-distilled-600M,f8d333a098d19b4fd9a8b18f94170487ad3f821d,MoritzLaurer/DeBERTa-v3-base-mnli-fever-anli,6f5cf0a2b59cabb106aca4c287eed12e357e90eb
380,262023,262023:premise:fra_Latn,premise,contradiction,RELIABLE_GOLD,contradiction,0.9921229481697083,True,People sitting in a room talking to a panel.,People sitting in a room talking to a panel.,0.9964269995689392,0.9964269995689392,0.9964269995689392,contradiction,0.9921229481697083,False,False,False,[],[],[],0.0,False,"[""trivial_copy""]",facebook/nllb-200-distilled-600M,f8d333a098d19b4fd9a8b18f94170487ad3f821d,MoritzLaurer/DeBERTa-v3-base-mnli-fever-anli,6f5cf0a2b59cabb106aca4c287eed12e357e90eb
381,263405,263405:premise:fra_Latn,premise,neutral,RELIABLE_GOLD,neutral,0.8756958842277527,True,A woman is playing ice hockey.,There's a woman playing ice hockey.,0.9978196620941162,0.9974270462989807,0.9974270462989807,entailment,0.49615779519081116,False,False,False,[],[],[],0.16923076923076918,False,"[""label_flip""]",facebook/nllb-200-distilled-600M,f8d333a098d19b4fd9a8b18f94170487ad3f821d,MoritzLaurer/DeBERTa-v3-base-mnli-fever-anli,6f5cf0a2b59cabb106aca4c287eed12e357e90eb
385,265354,265354:premise:fra_Latn,premise,neutral,GOLD_DISAGREEMENT,entailment,0.0014291246188804507,False,Young Indian children in an old stone building watching an elephant who his touching one child on the head.,Young Indian children in an old stone building watching an elephant who his touching one child on the head.,,,,None,,False,False,False,[],[],[],,False,"[""source_label_disagreement""]",facebook/nllb-200-distilled-600M,,MoritzLaurer/DeBERTa-v3-base-mnli-fever-anli,6f5cf0a2b59cabb106aca4c287eed12e357e90eb
385,265354,265354:hypothesis:fra_Latn,hypothesis,neutral,GOLD_DISAGREEMENT,entailment,0.0014291246188804507,False,Young Indian children watched an elephant.,Young Indian children watched an elephant.,,,,None,,False,False,False,[],[],[],,False,"[""source_label_disagreement""]",facebook/nllb-200-distilled-600M,,MoritzLaurer/DeBERTa-v3-base-mnli-fever-anli,6f5cf0a2b59cabb106aca4c287eed12e357e90eb
395,274036,274036:premise:fra_Latn,premise,contradiction,GOLD_DISAGREEMENT,neutral,0.382181853055954,False,"Woman in shorts and bikini top, yellow jacket, walking.","Woman in shorts and bikini top, yellow jacket, walking.",,,,None,,False,False,False,[],[],[],,False,"[""source_label_disagreement""]",facebook/nllb-200-distilled-600M,,MoritzLaurer/DeBERTa-v3-base-mnli-fever-anli,6f5cf0a2b59cabb106aca4c287eed12e357e90eb
395,274036,274036:hypothesis:fra_Latn,hypothesis,contradiction,GOLD_DISAGREEMENT,neutral,0.382181853055954,False,It is snowing.,It is snowing.,,,,None,,False,False,False,[],[],[],,False,"[""source_label_disagreement""]",facebook/nllb-200-distilled-600M,,MoritzLaurer/DeBERTa-v3-base-mnli-fever-anli,6f5cf0a2b59cabb106aca4c287eed12e357e90eb
396,276768,276768:premise:fra_Latn,premise,entailment,GOLD_LOW_CONFIDENCE,entailment,0.5891239047050476,False,"Three men and one woman standing next to each other, all wearing aprons and pouring something into each others cups at the same time.","Three men and one woman standing next to each other, all wearing aprons and pouring something into each others cups at the same time.",,,,None,,False,False,False,[],[],[],,False,"[""source_nli_low_confidence""]",facebook/nllb-200-distilled-600M,,MoritzLaurer/DeBERTa-v3-base-mnli-fever-anli,6f5cf0a2b59cabb106aca4c287eed12e357e90eb
396,276768,276768:hypothesis:fra_Latn,hypothesis,entailment,GOLD_LOW_CONFIDENCE,entailment,0.5891239047050476,False,"3 males and 1 female are standing vertical, next to each other wearing an apron and motioning of moving something inside a cup","3 males and 1 female are standing vertical, next to each other wearing an apron and motioning of moving something inside a cup",,,,None,,False,False,False,[],[],[],,False,"[""source_nli_low_confidence""]",facebook/nllb-200-distilled-600M,,MoritzLaurer/DeBERTa-v3-base-mnli-fever-anli,6f5cf0a2b59cabb106aca4c287eed12e357e90eb
401,277858,277858:premise:fra_Latn,premise,neutral,GOLD_DISAGREEMENT,entailment,0.2226981371641159,False,A guy sitting in a chair is getting a shave.,A guy sitting in a chair is getting a shave.,,,,None,,False,False,False,[],[],[],,False,"[""source_label_disagreement""]",facebook/nllb-200-distilled-600M,,MoritzLaurer/DeBERTa-v3-base-mnli-fever-anli,6f5cf0a2b59cabb106aca4c287eed12e357e90eb
401,277858,277858:hypothesis:fra_Latn,hypothesis,neutral,GOLD_DISAGREEMENT,entailment,0.2226981371641159,False,A guy is in a barbershop.,A guy is in a barbershop.,,,,None,,False,False,False,[],[],[],,False,"[""source_label_disagreement""]",facebook/nllb-200-distilled-600M,,MoritzLaurer/DeBERTa-v3-base-mnli-fever-anli,6f5cf0a2b59cabb106aca4c287eed12e357e90eb
406,279199,279199:premise:fra_Latn,premise,entailment,GOLD_DISAGREEMENT,contradiction,0.0006258350913412869,False,Several people on a stage with a blue background.,Several people on a stage with a blue background.,,,,None,,False,False,False,[],[],[],,False,"[""source_label_disagreement""]",facebook/nllb-200-distilled-600M,,MoritzLaurer/DeBERTa-v3-base-mnli-fever-anli,6f5cf0a2b59cabb106aca4c287eed12e357e90eb
406,279199,279199:hypothesis:fra_Latn,hypothesis,entailment,GOLD_DISAGREEMENT,contradiction,0.0006258350913412869,False,The humans are on the ground.,The humans are on the ground.,,,,None,,False,False,False,[],[],[],,False,"[""source_label_disagreement""]",facebook/nllb-200-distilled-600M,,MoritzLaurer/DeBERTa-v3-base-mnli-fever-anli,6f5cf0a2b59cabb106aca4c287eed12e357e90eb
409,280977,280977:premise:fra_Latn,premise,entailment,GOLD_DISAGREEMENT,neutral,0.43110230565071106,False,A airline stewardess serving passengers on a plane.,A airline stewardess serving passengers on a plane.,,,,None,,False,False,False,[],[],[],,False,"[""source_label_disagreement""]",facebook/nllb-200-distilled-600M,,MoritzLaurer/DeBERTa-v3-base-mnli-fever-anli,6f5cf0a2b59cabb106aca4c287eed12e357e90eb
409,280977,280977:hypothesis:fra_Latn,hypothesis,entailment,GOLD_DISAGREEMENT,neutral,0.43110230565071106,False,The stewardess is a woman,The stewardess is a woman,,,,None,,False,False,False,[],[],[],,False,"[""source_label_disagreement""]",facebook/nllb-200-distilled-600M,,MoritzLaurer/DeBERTa-v3-base-mnli-fever-anli,6f5cf0a2b59cabb106aca4c287eed12e357e90eb
410,281436,281436:premise:fra_Latn,premise,contradiction,GOLD_DISAGREEMENT,neutral,0.012061081826686859,False,"A young boy, dressed in a karate gee and wearing a yellow belt, stands ready to defend himself inside a gym.","A young boy, dressed in a karate gee and wearing a yellow belt, stands ready to defend himself inside a gym.",,,,None,,False,False,False,[],[],[],,False,"[""source_label_disagreement""]",facebook/nllb-200-distilled-600M,,MoritzLaurer/DeBERTa-v3-base-mnli-fever-anli,6f5cf0a2b59cabb106aca4c287eed12e357e90eb
410,281436,281436:hypothesis:fra_Latn,hypothesis,contradiction,GOLD_DISAGREEMENT,neutral,0.012061081826686859,False,A young boy is ready to defend himself from a flying spaghetti monster.,A young boy is ready to defend himself from a flying spaghetti monster.,,,,None,,False,False,False,[],[],[],,False,"[""source_label_disagreement""]",facebook/nllb-200-distilled-600M,,MoritzLaurer/DeBERTa-v3-base-mnli-fever-anli,6f5cf0a2b59cabb106aca4c287eed12e357e90eb
384,264764,264764:premise:fra_Latn,premise,entailment,RELIABLE_GOLD,entailment,0.9822264909744263,True,Two children are on a fairground ride.,Two kids are taking a walk on the fairground.,0.00023708934895694256,0.00020707731891889125,0.00020707731891889125,entailment,0.9939343333244324,False,False,False,[],[],[],0.37349397590361444,False,"[""semantic_drift""]",facebook/nllb-200-distilled-600M,f8d333a098d19b4fd9a8b18f94170487ad3f821d,MoritzLaurer/DeBERTa-v3-base-mnli-fever-anli,6f5cf0a2b59cabb106aca4c287eed12e357e90eb
387,268411,268411:premise:fra_Latn,premise,contradiction,RELIABLE_GOLD,contradiction,0.9916214942932129,True,A man waits at a crosswalk holding a motorbike helmet.,A man waits at a crossroads holding a motorcycle helmet.,0.9259119629859924,0.6935995817184448,0.6935995817184448,contradiction,0.9970126152038574,False,False,False,[],[],[],0.12727272727272732,False,"[""semantic_drift""]",facebook/nllb-200-distilled-600M,f8d333a098d19b4fd9a8b18f94170487ad3f821d,MoritzLaurer/DeBERTa-v3-base-mnli-fever-anli,6f5cf0a2b59cabb106aca4c287eed12e357e90eb
388,268796,268796:premise:fra_Latn,premise,entailment,RELIABLE_GOLD,entailment,0.9902731776237488,True,Children playing on a merry-go-round on a chilly day.,Kids playing on the walk on a cold day.,0.44405892491340637,0.002377811586484313,0.002377811586484313,contradiction,0.00020879064686596394,False,False,False,[],[],[],0.3913043478260869,False,"[""semantic_drift"",""label_flip""]",facebook/nllb-200-distilled-600M,f8d333a098d19b4fd9a8b18f94170487ad3f821d,MoritzLaurer/DeBERTa-v3-base-mnli-fever-anli,6f5cf0a2b59cabb106aca4c287eed12e357e90eb
388,268796,268796:hypothesis:fra_Latn,hypothesis,entailment,RELIABLE_GOLD,entailment,0.9902731776237488,True,Children are playing on a merry go,The kids are playing at the party.,0.12280598282814026,0.0006923961918801069,0.0006923961918801069,neutral,0.0017134543741121888,False,False,False,"[{""group"":""space"",""original"":{""on"":1},""candidate"":{},""field"":""hypothesis""}]",[],"[{""group"":""space"",""original"":{""on"":1},""candidate"":{},""field"":""hypothesis""}]",0.4117647058823529,False,"[""semantic_drift"",""label_flip""]",facebook/nllb-200-distilled-600M,f8d333a098d19b4fd9a8b18f94170487ad3f821d,MoritzLaurer/DeBERTa-v3-base-mnli-fever-anli,6f5cf0a2b59cabb106aca4c287eed12e357e90eb
391,271629,271629:premise:fra_Latn,premise,entailment,RELIABLE_GOLD,entailment,0.992901086807251,True,"A woman with red eyes and green makeup on her face, holds up a beige colored, ornately designed fan to cover her mouth.",A woman with red eyes and green makeup holds a beige fan to cover her mouth.,0.9965705871582031,0.0018293894827365875,0.0018293894827365875,entailment,0.992790937423706,False,False,False,"[{""group"":""space"",""original"":{""on"":1},""candidate"":{},""field"":""premise""}]",[],"[{""group"":""space"",""original"":{""on"":1},""candidate"":{},""field"":""premise""}]",0.2205128205128205,False,"[""semantic_drift""]",facebook/nllb-200-distilled-600M,f8d333a098d19b4fd9a8b18f94170487ad3f821d,MoritzLaurer/DeBERTa-v3-base-mnli-fever-anli,6f5cf0a2b59cabb106aca4c287eed12e357e90eb
391,271629,271629:hypothesis:fra_Latn,hypothesis,entailment,RELIABLE_GOLD,entailment,0.992901086807251,True,A women hides her mouth behind the fan.,A woman hides her mouth behind the fan.,0.99755859375,0.9953891038894653,0.9953891038894653,entailment,0.993050217628479,False,False,False,[],[],[],0.02564102564102566,False,"[""trivial_copy""]",facebook/nllb-200-distilled-600M,f8d333a098d19b4fd9a8b18f94170487ad3f821d,MoritzLaurer/DeBERTa-v3-base-mnli-fever-anli,6f5cf0a2b59cabb106aca4c287eed12e357e90eb
392,272383,272383:hypothesis:fra_Latn,hypothesis,neutral,RELIABLE_GOLD,neutral,0.9304444193840027,True,A lacrosse player is catching a ball.,A lacrosse player takes a ball.,0.7944315075874329,0.3758487105369568,0.3758487105369568,neutral,0.9804030656814575,False,False,False,[],[],[],0.20588235294117652,False,"[""semantic_drift""]",facebook/nllb-200-distilled-600M,f8d333a098d19b4fd9a8b18f94170487ad3f821d,MoritzLaurer/DeBERTa-v3-base-mnli-fever-anli,6f5cf0a2b59cabb106aca4c287eed12e357e90eb
393,272751,272751:hypothesis:fra_Latn,hypothesis,entailment,RELIABLE_GOLD,entailment,0.9847090244293213,True,Sleeping women.,Sleeping women.,0.9879037737846375,0.9879037737846375,0.9879037737846375,entailment,0.9847090244293213,False,False,False,[],[],[],0.0,False,"[""trivial_copy""]",facebook/nllb-200-distilled-600M,f8d333a098d19b4fd9a8b18f94170487ad3f821d,MoritzLaurer/DeBERTa-v3-base-mnli-fever-anli,6f5cf0a2b59cabb106aca4c287eed12e357e90eb
394,272787,272787:hypothesis:fra_Latn,hypothesis,contradiction,RELIABLE_GOLD,contradiction,0.9873722791671753,True,A young boy is spitting.,A young boy spits.,0.997104823589325,0.9957833290100098,0.9957833290100098,contradiction,0.6553197503089905,False,False,False,[],[],[],0.19047619047619047,False,"[""low_nli_confidence""]",facebook/nllb-200-distilled-600M,f8d333a098d19b4fd9a8b18f94170487ad3f821d,MoritzLaurer/DeBERTa-v3-base-mnli-fever-anli,6f5cf0a2b59cabb106aca4c287eed12e357e90eb
399,277522,277522:premise:fra_Latn,premise,entailment,RELIABLE_GOLD,entailment,0.9959806203842163,True,An Indian man is writing on something in a crowd of women and children.,An Indian writes about something in a crowd of women and children.,0.9948257207870483,0.03430822119116783,0.03430822119116783,contradiction,0.18989624083042145,False,False,False,"[{""group"":""space"",""original"":{""in"":1,""on"":1},""candidate"":{""in"":1},""field"":""premise""}]",[],"[{""group"":""space"",""original"":{""in"":1,""on"":1},""candidate"":{""in"":1},""field"":""premise""}]",0.12408759124087587,False,"[""semantic_drift"",""label_flip""]",facebook/nllb-200-distilled-600M,f8d333a098d19b4fd9a8b18f94170487ad3f821d,MoritzLaurer/DeBERTa-v3-base-mnli-fever-anli,6f5cf0a2b59cabb106aca4c287eed12e357e90eb
402,277982,277982:premise:fra_Latn,premise,entailment,RELIABLE_GOLD,entailment,0.9980227947235107,True,A man with a black hat is standing and shading his eyes.,"A man in a black hat stands up, and his eyes are dark.",0.6793109178543091,0.03791624307632446,0.03791624307632446,entailment,0.995928943157196,False,False,False,"[{""group"":""space"",""original"":{},""candidate"":{""in"":1},""field"":""premise""}]",[],"[{""group"":""space"",""original"":{},""candidate"":{""in"":1},""field"":""premise""}]",0.2909090909090909,False,"[""semantic_drift""]",facebook/nllb-200-distilled-600M,f8d333a098d19b4fd9a8b18f94170487ad3f821d,MoritzLaurer/DeBERTa-v3-base-mnli-fever-anli,6f5cf0a2b59cabb106aca4c287eed12e357e90eb
403,278462,278462:hypothesis:fra_Latn,hypothesis,neutral,RELIABLE_GOLD,neutral,0.9988318085670471,True,A boy swings on the swing his mother built.,A boy is swinging on the momentum his mother built.,0.8897193074226379,0.8854062557220459,0.8854062557220459,neutral,0.9886006712913513,False,False,False,[],[],[],0.19148936170212771,False,"[""semantic_drift""]",facebook/nllb-200-distilled-600M,f8d333a098d19b4fd9a8b18f94170487ad3f821d,MoritzLaurer/DeBERTa-v3-base-mnli-fever-anli,6f5cf0a2b59cabb106aca4c287eed12e357e90eb
404,278595,278595:hypothesis:fra_Latn,hypothesis,neutral,RELIABLE_GOLD,neutral,0.9951677322387695,True,The family is on the way to a movie.,The family goes to the movies.,0.9832474589347839,0.8109484314918518,0.8109484314918518,contradiction,0.0007518204511143267,False,False,False,"[{""group"":""space"",""original"":{""on"":1},""candidate"":{},""field"":""hypothesis""}]",[],"[{""group"":""space"",""original"":{""on"":1},""candidate"":{},""field"":""hypothesis""}]",0.24242424242424243,False,"[""semantic_drift"",""label_flip""]",facebook/nllb-200-distilled-600M,f8d333a098d19b4fd9a8b18f94170487ad3f821d,MoritzLaurer/DeBERTa-v3-base-mnli-fever-anli,6f5cf0a2b59cabb106aca4c287eed12e357e90eb
408,280508,280508:premise:fra_Latn,premise,contradiction,RELIABLE_GOLD,contradiction,0.9995068311691284,True,Men are working on scaffolding outside of a building while other men watch.,Some men are working on scaffolding in front of a building while others are watching.,0.9882823824882507,0.8928003907203674,0.8928003907203674,contradiction,0.9993184804916382,False,False,False,"[{""group"":""quantifier"",""original"":{},""candidate"":{""some"":1},""field"":""premise""},{""group"":""space"",""original"":{""outside"":1,""on"":1},""candidate"":{""front"":1,""in"":1,""on"":1},""field"":""premise""}]",[],"[{""group"":""quantifier"",""original"":{},""candidate"":{""some"":1},""field"":""premise""},{""group"":""space"",""original"":{""outside"":1,""on"":1},""candidate"":{""front"":1,""in"":1,""on"":1},""field"":""premise""}]",0.15000000000000002,False,"[""semantic_drift""]",facebook/nllb-200-distilled-600M,f8d333a098d19b4fd9a8b18f94170487ad3f821d,MoritzLaurer/DeBERTa-v3-base-mnli-fever-anli,6f5cf0a2b59cabb106aca4c287eed12e357e90eb
413,282686,282686:hypothesis:fra_Latn,hypothesis,neutral,RELIABLE_GOLD,neutral,0.9957476258277893,True,Local hipster bar is ripped off when ordering artwork and displays it anyways.,The local hipster bar gets stolen when you order artwork and still show it.,0.9964118599891663,0.9967895150184631,0.9964118599891663,contradiction,0.04765590280294418,False,False,False,[],[],[],0.33333333333333337,False,"[""label_flip""]",facebook/nllb-200-distilled-600M,f8d333a098d19b4fd9a8b18f94170487ad3f821d,MoritzLaurer/DeBERTa-v3-base-mnli-fever-anli,6f5cf0a2b59cabb106aca4c287eed12e357e90eb
414,282806,282806:premise:fra_Latn,premise,entailment,RELIABLE_GOLD,entailment,0.9870772361755371,True,Two kids in a green tree.,Two kids in a green tree.,0.9931848645210266,0.9931848645210266,0.9931848645210266,entailment,0.9870772361755371,False,False,False,[],[],[],0.0,False,"[""trivial_copy""]",facebook/nllb-200-distilled-600M,f8d333a098d19b4fd9a8b18f94170487ad3f821d,MoritzLaurer/DeBERTa-v3-base-mnli-fever-anli,6f5cf0a2b59cabb106aca4c287eed12e357e90eb
415,284212,284212:premise:fra_Latn,premise,entailment,RELIABLE_GOLD,entailment,0.9963716268539429,True,A man doing a trick on a bicycle in a wooded area.,A man doing something on a bike in a wooded area.,0.9948531985282898,0.003918418660759926,0.003918418660759926,neutral,0.004921175539493561,False,False,False,[],[],[],0.1717171717171717,False,"[""semantic_drift"",""label_flip""]",facebook/nllb-200-distilled-600M,f8d333a098d19b4fd9a8b18f94170487ad3f821d,MoritzLaurer/DeBERTa-v3-base-mnli-fever-anli,6f5cf0a2b59cabb106aca4c287eed12e357e90eb
415,284212,284212:hypothesis:fra_Latn,hypothesis,entailment,RELIABLE_GOLD,entailment,0.9963716268539429,True,A man does a trick,A man does a trick,0.992780864238739,0.992780864238739,0.992780864238739,entailment,0.9963716268539429,False,False,False,[],[],[],0.0,False,"[""trivial_copy""]",facebook/nllb-200-distilled-600M,f8d333a098d19b4fd9a8b18f94170487ad3f821d,MoritzLaurer/DeBERTa-v3-base-mnli-fever-anli,6f5cf0a2b59cabb106aca4c287eed12e357e90eb
440,298894,298894:premise:fra_Latn,premise,entailment,GOLD_DISAGREEMENT,neutral,0.17749445140361786,False,A professional wrestler takes a flying leap onto another wrestler.,A professional wrestler takes a flying leap onto another wrestler.,,,,None,,False,False,False,[],[],[],,False,"[""source_label_disagreement""]",facebook/nllb-200-distilled-600M,,MoritzLaurer/DeBERTa-v3-base-mnli-fever-anli,6f5cf0a2b59cabb106aca4c287eed12e357e90eb
440,298894,298894:hypothesis:fra_Latn,hypothesis,entailment,GOLD_DISAGREEMENT,neutral,0.17749445140361786,False,Pro wrestlers put on a show.,Pro wrestlers put on a show.,,,,None,,False,False,False,[],[],[],,False,"[""source_label_disagreement""]",facebook/nllb-200-distilled-600M,,MoritzLaurer/DeBERTa-v3-base-mnli-fever-anli,6f5cf0a2b59cabb106aca4c287eed12e357e90eb
442,299206,299206:premise:fra_Latn,premise,entailment,GOLD_DISAGREEMENT,contradiction,0.08436109870672226,False,Two people are carrying a large bag filled with a red substance down a ally as a figure in red walks behind them.,Two people are carrying a large bag filled with a red substance down a ally as a figure in red walks behind them.,,,,None,,False,False,False,[],[],[],,False,"[""source_label_disagreement""]",facebook/nllb-200-distilled-600M,,MoritzLaurer/DeBERTa-v3-base-mnli-fever-anli,6f5cf0a2b59cabb106aca4c287eed12e357e90eb
442,299206,299206:hypothesis:fra_Latn,hypothesis,entailment,GOLD_DISAGREEMENT,contradiction,0.08436109870672226,False,Three people are walking down the alley.,Three people are walking down the alley.,,,,None,,False,False,False,[],[],[],,False,"[""source_label_disagreement""]",facebook/nllb-200-distilled-600M,,MoritzLaurer/DeBERTa-v3-base-mnli-fever-anli,6f5cf0a2b59cabb106aca4c287eed12e357e90eb
416,285462,285462:hypothesis:fra_Latn,hypothesis,contradiction,RELIABLE_GOLD,contradiction,0.9990559220314026,True,A person in a white wetsuit surfing,A person in a surfing white suit,0.9851273894309998,0.8707824945449829,0.8707824945449829,contradiction,0.9988835453987122,False,False,False,[],[],[],0.3731343283582089,False,"[""semantic_drift""]",facebook/nllb-200-distilled-600M,f8d333a098d19b4fd9a8b18f94170487ad3f821d,MoritzLaurer/DeBERTa-v3-base-mnli-fever-anli,6f5cf0a2b59cabb106aca4c287eed12e357e90eb
417,286692,286692:hypothesis:fra_Latn,hypothesis,contradiction,RELIABLE_GOLD,contradiction,0.9989489912986755,True,There is a dog playing catch.,There's a dog playing hunting.,0.00021236215252429247,0.00023682658502366394,0.00021236215252429247,contradiction,0.9991958737373352,False,False,False,[],[],[],0.22033898305084743,False,"[""semantic_drift""]",facebook/nllb-200-distilled-600M,f8d333a098d19b4fd9a8b18f94170487ad3f821d,MoritzLaurer/DeBERTa-v3-base-mnli-fever-anli,6f5cf0a2b59cabb106aca4c287eed12e357e90eb
418,287124,287124:premise:fra_Latn,premise,neutral,RELIABLE_GOLD,neutral,0.9989724159240723,True,Two female rollerskaters competing.,Two skaters competing.,0.9962598085403442,0.0003776468802243471,0.0003776468802243471,neutral,0.9989675283432007,False,False,False,[],[],[],0.22807017543859653,False,"[""semantic_drift""]",facebook/nllb-200-distilled-600M,f8d333a098d19b4fd9a8b18f94170487ad3f821d,MoritzLaurer/DeBERTa-v3-base-mnli-fever-anli,6f5cf0a2b59cabb106aca4c287eed12e357e90eb
420,290260,290260:hypothesis:fra_Latn,hypothesis,entailment,RELIABLE_GOLD,entailment,0.9478506445884705,True,Kids were having fun.,The kids were having fun.,0.9954751133918762,0.9969732761383057,0.9954751133918762,entailment,0.5941582918167114,False,False,False,[],[],[],0.08695652173913049,False,"[""low_nli_confidence""]",facebook/nllb-200-distilled-600M,f8d333a098d19b4fd9a8b18f94170487ad3f821d,MoritzLaurer/DeBERTa-v3-base-mnli-fever-anli,6f5cf0a2b59cabb106aca4c287eed12e357e90eb
422,290839,290839:premise:fra_Latn,premise,entailment,RELIABLE_GOLD,entailment,0.9982421398162842,True,The man in the red shirt pretends to play the violin with an umbrella.,The man in the red shirt pretends to play the violin with an umbrella.,0.9966082572937012,0.9966082572937012,0.9966082572937012,entailment,0.9982421398162842,False,False,False,[],[],[],0.0,False,"[""trivial_copy""]",facebook/nllb-200-distilled-600M,f8d333a098d19b4fd9a8b18f94170487ad3f821d,MoritzLaurer/DeBERTa-v3-base-mnli-fever-anli,6f5cf0a2b59cabb106aca4c287eed12e357e90eb
423,291507,291507:premise:fra_Latn,premise,neutral,RELIABLE_GOLD,neutral,0.994611382484436,True,The young boy is jumping into the pool on his belly.,The boy jumps into the pool on his stomach.,0.9973273277282715,0.36121246218681335,0.36121246218681335,neutral,0.9963461756706238,False,False,False,[],[],[],0.26315789473684215,False,"[""semantic_drift""]",facebook/nllb-200-distilled-600M,f8d333a098d19b4fd9a8b18f94170487ad3f821d,MoritzLaurer/DeBERTa-v3-base-mnli-fever-anli,6f5cf0a2b59cabb106aca4c287eed12e357e90eb
424,291984,291984:premise:fra_Latn,premise,neutral,RELIABLE_GOLD,neutral,0.9989538192749023,True,A woman dressed in black boots and a black trench coat is walking down the middle of the street.,A woman in black boots and a black robe walks in the middle of the street.,0.007656755391508341,0.017347900196909904,0.007656755391508341,neutral,0.998630702495575,False,False,False,"[{""group"":""space"",""original"":{""in"":1},""candidate"":{""in"":2},""field"":""premise""}]",[],"[{""group"":""space"",""original"":{""in"":1},""candidate"":{""in"":2},""field"":""premise""}]",0.17647058823529416,False,"[""semantic_drift""]",facebook/nllb-200-distilled-600M,f8d333a098d19b4fd9a8b18f94170487ad3f821d,MoritzLaurer/DeBERTa-v3-base-mnli-fever-anli,6f5cf0a2b59cabb106aca4c287eed12e357e90eb
425,292713,292713:premise:fra_Latn,premise,neutral,RELIABLE_GOLD,neutral,0.9370590448379517,True,a young girl in a pick shirt swinging up in the air on a swing set,a girl in a pick-up shirt swinging in the air on a swinging game,0.9771396517753601,0.023735415190458298,0.023735415190458298,neutral,0.9906231760978699,False,False,False,[],[],[],0.15384615384615385,False,"[""semantic_drift""]",facebook/nllb-200-distilled-600M,f8d333a098d19b4fd9a8b18f94170487ad3f821d,MoritzLaurer/DeBERTa-v3-base-mnli-fever-anli,6f5cf0a2b59cabb106aca4c287eed12e357e90eb
425,292713,292713:hypothesis:fra_Latn,hypothesis,neutral,RELIABLE_GOLD,neutral,0.9370590448379517,True,The girl is having fun on the playground at recess.,The girl's having fun on the playground during the break.,0.989992082118988,0.569058895111084,0.569058895111084,neutral,0.9894464612007141,False,False,False,"[{""group"":""time"",""original"":{},""candidate"":{""during"":1},""field"":""hypothesis""}]",[],"[{""group"":""time"",""original"":{},""candidate"":{""during"":1},""field"":""hypothesis""}]",0.18518518518518523,False,"[""semantic_drift""]",facebook/nllb-200-distilled-600M,f8d333a098d19b4fd9a8b18f94170487ad3f821d,MoritzLaurer/DeBERTa-v3-base-mnli-fever-anli,6f5cf0a2b59cabb106aca4c287eed12e357e90eb
426,292795,292795:premise:fra_Latn,premise,contradiction,RELIABLE_GOLD,contradiction,0.9976373910903931,True,Woman looking out the window at a man.,A woman looking out the window at a man.,0.9933386445045471,0.9950633645057678,0.9933386445045471,contradiction,0.9978922009468079,False,False,False,[],[],[],0.02564102564102566,False,"[""trivial_copy""]",facebook/nllb-200-distilled-600M,f8d333a098d19b4fd9a8b18f94170487ad3f821d,MoritzLaurer/DeBERTa-v3-base-mnli-fever-anli,6f5cf0a2b59cabb106aca4c287eed12e357e90eb
426,292795,292795:hypothesis:fra_Latn,hypothesis,contradiction,RELIABLE_GOLD,contradiction,0.9976373910903931,True,The woman is standing outdoors.,The woman's outside.,0.998063862323761,0.8776220083236694,0.8776220083236694,contradiction,0.9921920895576477,False,False,False,"[{""group"":""space"",""original"":{},""candidate"":{""outside"":1},""field"":""hypothesis""}]",[],"[{""group"":""space"",""original"":{},""candidate"":{""outside"":1},""field"":""hypothesis""}]",0.37254901960784315,False,"[""semantic_drift""]",facebook/nllb-200-distilled-600M,f8d333a098d19b4fd9a8b18f94170487ad3f821d,MoritzLaurer/DeBERTa-v3-base-mnli-fever-anli,6f5cf0a2b59cabb106aca4c287eed12e357e90eb
429,293493,293493:premise:fra_Latn,premise,neutral,RELIABLE_GOLD,neutral,0.9949700236320496,True,"A Frisbee team huddles around a Frisbee, each holding a part of it.","A frisbee team gathers around a frisbee, each holding a game.",0.43928465247154236,0.985464870929718,0.43928465247154236,neutral,0.9962299466133118,False,False,False,[],[],[],0.15625,False,"[""semantic_drift""]",facebook/nllb-200-distilled-600M,f8d333a098d19b4fd9a8b18f94170487ad3f821d,MoritzLaurer/DeBERTa-v3-base-mnli-fever-anli,6f5cf0a2b59cabb106aca4c287eed12e357e90eb
429,293493,293493:hypothesis:fra_Latn,hypothesis,neutral,RELIABLE_GOLD,neutral,0.9949700236320496,True,A frisbee team does a chant before their game in a circle.,A frisbee team is singing a song before their game in a circle.,0.7329984903335571,0.09475960582494736,0.09475960582494736,neutral,0.9754461646080017,False,False,False,[],[],[],0.15702479338842978,False,"[""semantic_drift""]",facebook/nllb-200-distilled-600M,f8d333a098d19b4fd9a8b18f94170487ad3f821d,MoritzLaurer/DeBERTa-v3-base-mnli-fever-anli,6f5cf0a2b59cabb106aca4c287eed12e357e90eb
430,293560,293560:hypothesis:fra_Latn,hypothesis,neutral,RELIABLE_GOLD,neutral,0.9995211362838745,True,Two men are cleaning up garbage that was spilled after a block party.,Two men are cleaning up the garbage that was spilled after a neighborhood party.,0.9570658802986145,0.6379044651985168,0.6379044651985168,neutral,0.9995205402374268,False,False,False,[],[],[],0.11409395973154357,False,"[""semantic_drift""]",facebook/nllb-200-distilled-600M,f8d333a098d19b4fd9a8b18f94170487ad3f821d,MoritzLaurer/DeBERTa-v3-base-mnli-fever-anli,6f5cf0a2b59cabb106aca4c287eed12e357e90eb
431,293833,293833:premise:fra_Latn,premise,entailment,RELIABLE_GOLD,entailment,0.9926329255104065,True,A young girl with red-hair blows bubbles in clear water.,A red-haired girl blows bubbles in clear water.,0.9972679615020752,0.10288167744874954,0.10288167744874954,entailment,0.9916918277740479,False,False,False,[],[],[],0.22330097087378642,False,"[""semantic_drift""]",facebook/nllb-200-distilled-600M,f8d333a098d19b4fd9a8b18f94170487ad3f821d,MoritzLaurer/DeBERTa-v3-base-mnli-fever-anli,6f5cf0a2b59cabb106aca4c287eed12e357e90eb
432,294178,294178:premise:fra_Latn,premise,entailment,RELIABLE_GOLD,entailment,0.9962751865386963,True,"A basketball player in a white jersey with the word price on it, posting up against another player in a blue uniform.","A basketball player in a white shirt with the word prize on it, standing up against another player in a blue uniform.",0.648705780506134,0.7230148911476135,0.648705780506134,entailment,0.9924820065498352,False,False,False,[],[],[],0.06837606837606836,False,"[""semantic_drift""]",facebook/nllb-200-distilled-600M,f8d333a098d19b4fd9a8b18f94170487ad3f821d,MoritzLaurer/DeBERTa-v3-base-mnli-fever-anli,6f5cf0a2b59cabb106aca4c287eed12e357e90eb
432,294178,294178:hypothesis:fra_Latn,hypothesis,entailment,RELIABLE_GOLD,entailment,0.9962751865386963,True,a player dressed in white,a player dressed in white,0.9963625073432922,0.9963625073432922,0.9963625073432922,entailment,0.9962751865386963,False,False,False,[],[],[],0.0,False,"[""trivial_copy""]",facebook/nllb-200-distilled-600M,f8d333a098d19b4fd9a8b18f94170487ad3f821d,MoritzLaurer/DeBERTa-v3-base-mnli-fever-anli,6f5cf0a2b59cabb106aca4c287eed12e357e90eb
433,294223,294223:premise:fra_Latn,premise,contradiction,RELIABLE_GOLD,contradiction,0.9997392296791077,True,A photographer capturing a skateboarder mid trick.,A photographer capturing a skateboarder in the middle of the game.,0.04725297912955284,0.26689183712005615,0.04725297912955284,contradiction,0.9996787309646606,False,False,False,"[{""group"":""space"",""original"":{},""candidate"":{""in"":1},""field"":""premise""}]",[],"[{""group"":""space"",""original"":{},""candidate"":{""in"":1},""field"":""premise""}]",0.2068965517241379,False,"[""semantic_drift""]",facebook/nllb-200-distilled-600M,f8d333a098d19b4fd9a8b18f94170487ad3f821d,MoritzLaurer/DeBERTa-v3-base-mnli-fever-anli,6f5cf0a2b59cabb106aca4c287eed12e357e90eb
433,294223,294223:hypothesis:fra_Latn,hypothesis,contradiction,RELIABLE_GOLD,contradiction,0.9997392296791077,True,No cameras are around when the skateboard performs his trick.,There's no cameras when the skateboard does its thing.,0.995091438293457,0.729493260383606,0.729493260383606,contradiction,0.9995564818382263,False,False,False,[],[],[],0.30434782608695654,False,"[""semantic_drift""]",facebook/nllb-200-distilled-600M,f8d333a098d19b4fd9a8b18f94170487ad3f821d,MoritzLaurer/DeBERTa-v3-base-mnli-fever-anli,6f5cf0a2b59cabb106aca4c287eed12e357e90eb
435,295231,295231:premise:fra_Latn,premise,neutral,RELIABLE_GOLD,neutral,0.9941619038581848,True,A restaurant in downtown Korea.,A restaurant in the center of Korea.,0.9479199647903442,0.578596293926239,0.578596293926239,neutral,0.9917877316474915,False,False,False,[],[],[],0.22388059701492535,False,"[""semantic_drift""]",facebook/nllb-200-distilled-600M,f8d333a098d19b4fd9a8b18f94170487ad3f821d,MoritzLaurer/DeBERTa-v3-base-mnli-fever-anli,6f5cf0a2b59cabb106aca4c287eed12e357e90eb
435,295231,295231:hypothesis:fra_Latn,hypothesis,neutral,RELIABLE_GOLD,neutral,0.9941619038581848,True,The restaurant in downtown Korea has Korean food.,The restaurant in downtown Korea has Korean food.,0.9974907636642456,0.9974907636642456,0.9974907636642456,neutral,0.9941619038581848,False,False,False,[],[],[],0.0,False,"[""trivial_copy""]",facebook/nllb-200-distilled-600M,f8d333a098d19b4fd9a8b18f94170487ad3f821d,MoritzLaurer/DeBERTa-v3-base-mnli-fever-anli,6f5cf0a2b59cabb106aca4c287eed12e357e90eb
436,295609,295609:premise:fra_Latn,premise,contradiction,RELIABLE_GOLD,contradiction,0.9993450045585632,True,a beige dog running on the grass with a tennis ball in his mouth,a beige dog running on the grass with a tennis ball in his mouth,0.9911278486251831,0.9911278486251831,0.9911278486251831,contradiction,0.9993450045585632,False,False,False,[],[],[],0.0,False,"[""trivial_copy""]",facebook/nllb-200-distilled-600M,f8d333a098d19b4fd9a8b18f94170487ad3f821d,MoritzLaurer/DeBERTa-v3-base-mnli-fever-anli,6f5cf0a2b59cabb106aca4c287eed12e357e90eb
437,295641,295641:premise:fra_Latn,premise,neutral,RELIABLE_GOLD,neutral,0.9709680080413818,True,A wedding party scene with the bride throwing the bouquet of flowers to onlooking women.,A wedding party scene with the bride throwing the bouquet of flowers at women watching.,0.9931674599647522,0.9941802024841309,0.9931674599647522,neutral,0.6974002122879028,False,False,False,[],[],[],0.12,False,"[""low_nli_confidence""]",facebook/nllb-200-distilled-600M,f8d333a098d19b4fd9a8b18f94170487ad3f821d,MoritzLaurer/DeBERTa-v3-base-mnli-fever-anli,6f5cf0a2b59cabb106aca4c287eed12e357e90eb
438,297956,297956:premise:fra_Latn,premise,contradiction,RELIABLE_GOLD,contradiction,0.999309778213501,True,A man in a gray shirt is pouring a drink into a flute.,A man in a gray shirt poured a glass into a flute.,0.02273782342672348,0.9900464415550232,0.02273782342672348,contradiction,0.9994924068450928,False,False,False,[],[],[],0.17307692307692313,False,"[""semantic_drift""]",facebook/nllb-200-distilled-600M,f8d333a098d19b4fd9a8b18f94170487ad3f821d,MoritzLaurer/DeBERTa-v3-base-mnli-fever-anli,6f5cf0a2b59cabb106aca4c287eed12e357e90eb
438,297956,297956:hypothesis:fra_Latn,hypothesis,contradiction,RELIABLE_GOLD,contradiction,0.999309778213501,True,A woman in a gray shirt is pouring a drink into a flute.,A woman in a gray shirt poured a glass into a flute.,0.01954239420592785,0.9898614883422852,0.01954239420592785,contradiction,0.9994889497756958,False,False,False,[],[],[],0.16666666666666663,False,"[""semantic_drift""]",facebook/nllb-200-distilled-600M,f8d333a098d19b4fd9a8b18f94170487ad3f821d,MoritzLaurer/DeBERTa-v3-base-mnli-fever-anli,6f5cf0a2b59cabb106aca4c287eed12e357e90eb
441,299161,299161:premise:fra_Latn,premise,entailment,RELIABLE_GOLD,entailment,0.9670435786247253,True,A couple of boys are in a gym with partially assembled bicycles.,A couple of boys are in a gym with partially assembled bicycles.,0.992813766002655,0.992813766002655,0.992813766002655,entailment,0.9670435786247253,False,False,False,[],[],[],0.0,False,"[""trivial_copy""]",facebook/nllb-200-distilled-600M,f8d333a098d19b4fd9a8b18f94170487ad3f821d,MoritzLaurer/DeBERTa-v3-base-mnli-fever-anli,6f5cf0a2b59cabb106aca4c287eed12e357e90eb
441,299161,299161:hypothesis:fra_Latn,hypothesis,entailment,RELIABLE_GOLD,entailment,0.9670435786247253,True,The boys are working on their bikes inside.,The boys are working on their bikes inside.,0.997783362865448,0.997783362865448,0.997783362865448,entailment,0.9670435786247253,False,False,False,[],[],[],0.0,False,"[""trivial_copy""]",facebook/nllb-200-distilled-600M,f8d333a098d19b4fd9a8b18f94170487ad3f821d,MoritzLaurer/DeBERTa-v3-base-mnli-fever-anli,6f5cf0a2b59cabb106aca4c287eed12e357e90eb
445,301270,301270:premise:fra_Latn,premise,entailment,RELIABLE_GOLD,entailment,0.9921446442604065,True,A young woman wearing sunglasses and a blue shirt is holding a white sheet while a little girl in pigtails writes on it with a marker.,A young woman wearing sunglasses and a blue shirt holds a white sheet while a little girl in a shell will write on it with a marker.,0.8196759819984436,0.2109300196170807,0.2109300196170807,entailment,0.9589435458183289,False,False,False,"[{""group"":""modal"",""original"":{},""candidate"":{""will"":1},""field"":""premise""}]",[],"[{""group"":""modal"",""original"":{},""candidate"":{""will"":1},""field"":""premise""}]",0.08270676691729328,False,"[""semantic_drift""]",facebook/nllb-200-distilled-600M,f8d333a098d19b4fd9a8b18f94170487ad3f821d,MoritzLaurer/DeBERTa-v3-base-mnli-fever-anli,6f5cf0a2b59cabb106aca4c287eed12e357e90eb
447,302107,302107:premise:fra_Latn,premise,neutral,RELIABLE_GOLD,neutral,0.9811827540397644,True,Men share an item on mini trains.,The men are sharing an article about mini trains.,0.4490463137626648,0.9863227605819702,0.4490463137626648,contradiction,0.08368851244449615,False,False,False,"[{""group"":""space"",""original"":{""on"":1},""candidate"":{},""field"":""premise""}]",[],"[{""group"":""space"",""original"":{""on"":1},""candidate"":{},""field"":""premise""}]",0.3414634146341463,False,"[""semantic_drift"",""label_flip""]",facebook/nllb-200-distilled-600M,f8d333a098d19b4fd9a8b18f94170487ad3f821d,MoritzLaurer/DeBERTa-v3-base-mnli-fever-anli,6f5cf0a2b59cabb106aca4c287eed12e357e90eb
451,306358,306358:premise:fra_Latn,premise,neutral,GOLD_LOW_CONFIDENCE,neutral,0.5532588958740234,False,An asian lady in a red jacket taking a photo,An asian lady in a red jacket taking a photo,,,,None,,False,False,False,[],[],[],,False,"[""source_nli_low_confidence""]",facebook/nllb-200-distilled-600M,,MoritzLaurer/DeBERTa-v3-base-mnli-fever-anli,6f5cf0a2b59cabb106aca4c287eed12e357e90eb
451,306358,306358:hypothesis:fra_Latn,hypothesis,neutral,GOLD_LOW_CONFIDENCE,neutral,0.5532588958740234,False,A tall human in a jacket.,A tall human in a jacket.,,,,None,,False,False,False,[],[],[],,False,"[""source_nli_low_confidence""]",facebook/nllb-200-distilled-600M,,MoritzLaurer/DeBERTa-v3-base-mnli-fever-anli,6f5cf0a2b59cabb106aca4c287eed12e357e90eb
459,310401,310401:premise:fra_Latn,premise,entailment,GOLD_DISAGREEMENT,contradiction,0.013580731116235256,False,A man using a wheelchair is talking in a field to a couple women.,A man using a wheelchair is talking in a field to a couple women.,,,,None,,False,False,False,[],[],[],,False,"[""source_label_disagreement""]",facebook/nllb-200-distilled-600M,,MoritzLaurer/DeBERTa-v3-base-mnli-fever-anli,6f5cf0a2b59cabb106aca4c287eed12e357e90eb
459,310401,310401:hypothesis:fra_Latn,hypothesis,entailment,GOLD_DISAGREEMENT,contradiction,0.013580731116235256,False,The man is sitting,The man is sitting,,,,None,,False,False,False,[],[],[],,False,"[""source_label_disagreement""]",facebook/nllb-200-distilled-600M,,MoritzLaurer/DeBERTa-v3-base-mnli-fever-anli,6f5cf0a2b59cabb106aca4c287eed12e357e90eb
464,311616,311616:premise:fra_Latn,premise,neutral,GOLD_LOW_CONFIDENCE,neutral,0.5196446180343628,False,"Two people, a man and a woman, are on a stage at a band.","Two people, a man and a woman, are on a stage at a band.",,,,None,,False,False,False,[],[],[],,False,"[""source_nli_low_confidence""]",facebook/nllb-200-distilled-600M,,MoritzLaurer/DeBERTa-v3-base-mnli-fever-anli,6f5cf0a2b59cabb106aca4c287eed12e357e90eb
464,311616,311616:hypothesis:fra_Latn,hypothesis,neutral,GOLD_LOW_CONFIDENCE,neutral,0.5196446180343628,False,They are in a band.,They are in a band.,,,,None,,False,False,False,[],[],[],,False,"[""source_nli_low_confidence""]",facebook/nllb-200-distilled-600M,,MoritzLaurer/DeBERTa-v3-base-mnli-fever-anli,6f5cf0a2b59cabb106aca4c287eed12e357e90eb
467,313693,313693:premise:fra_Latn,premise,neutral,GOLD_DISAGREEMENT,entailment,0.05977814272046089,False,"One of the buses is marked ""Linea Express"" while the other is marked ""Metropolitan Transit System"". ","One of the buses is marked ""Linea Express"" while the other is marked ""Metropolitan Transit System"". ",,,,None,,False,False,False,[],[],[],,False,"[""source_label_disagreement""]",facebook/nllb-200-distilled-600M,,MoritzLaurer/DeBERTa-v3-base-mnli-fever-anli,6f5cf0a2b59cabb106aca4c287eed12e357e90eb
467,313693,313693:hypothesis:fra_Latn,hypothesis,neutral,GOLD_DISAGREEMENT,entailment,0.05977814272046089,False,Two buses,Two buses,,,,None,,False,False,False,[],[],[],,False,"[""source_label_disagreement""]",facebook/nllb-200-distilled-600M,,MoritzLaurer/DeBERTa-v3-base-mnli-fever-anli,6f5cf0a2b59cabb106aca4c287eed12e357e90eb
469,314877,314877:premise:fra_Latn,premise,neutral,GOLD_DISAGREEMENT,contradiction,0.01505334209650755,False,A middle-aged man and woman are holding hands walking in a street with people behind them.,A middle-aged man and woman are holding hands walking in a street with people behind them.,,,,None,,False,False,False,[],[],[],,False,"[""source_label_disagreement""]",facebook/nllb-200-distilled-600M,,MoritzLaurer/DeBERTa-v3-base-mnli-fever-anli,6f5cf0a2b59cabb106aca4c287eed12e357e90eb
469,314877,314877:hypothesis:fra_Latn,hypothesis,neutral,GOLD_DISAGREEMENT,contradiction,0.01505334209650755,False,A middle-aged couple running down the bridge.,A middle-aged couple running down the bridge.,,,,None,,False,False,False,[],[],[],,False,"[""source_label_disagreement""]",facebook/nllb-200-distilled-600M,,MoritzLaurer/DeBERTa-v3-base-mnli-fever-anli,6f5cf0a2b59cabb106aca4c287eed12e357e90eb
476,321140,321140:premise:fra_Latn,premise,contradiction,GOLD_DISAGREEMENT,neutral,0.008544355630874634,False,"A couple smiling, sitting at an event with other adults and children doing the same.","A couple smiling, sitting at an event with other adults and children doing the same.",,,,None,,False,False,False,[],[],[],,False,"[""source_label_disagreement""]",facebook/nllb-200-distilled-600M,,MoritzLaurer/DeBERTa-v3-base-mnli-fever-anli,6f5cf0a2b59cabb106aca4c287eed12e357e90eb
476,321140,321140:hypothesis:fra_Latn,hypothesis,contradiction,GOLD_DISAGREEMENT,neutral,0.008544355630874634,False,Adults and children get sleepy listening to a dull speaker at an event.,Adults and children get sleepy listening to a dull speaker at an event.,,,,None,,False,False,False,[],[],[],,False,"[""source_label_disagreement""]",facebook/nllb-200-distilled-600M,,MoritzLaurer/DeBERTa-v3-base-mnli-fever-anli,6f5cf0a2b59cabb106aca4c287eed12e357e90eb
478,322012,322012:premise:fra_Latn,premise,neutral,GOLD_DISAGREEMENT,contradiction,0.410565584897995,False,The lady is holding her glasses.,The lady is holding her glasses.,,,,None,,False,False,False,[],[],[],,False,"[""source_label_disagreement""]",facebook/nllb-200-distilled-600M,,MoritzLaurer/DeBERTa-v3-base-mnli-fever-anli,6f5cf0a2b59cabb106aca4c287eed12e357e90eb
478,322012,322012:hypothesis:fra_Latn,hypothesis,neutral,GOLD_DISAGREEMENT,contradiction,0.410565584897995,False,A lady is cleaning her glasses.,A lady is cleaning her glasses.,,,,None,,False,False,False,[],[],[],,False,"[""source_label_disagreement""]",facebook/nllb-200-distilled-600M,,MoritzLaurer/DeBERTa-v3-base-mnli-fever-anli,6f5cf0a2b59cabb106aca4c287eed12e357e90eb
450,304578,304578:premise:fra_Latn,premise,contradiction,RELIABLE_GOLD,contradiction,0.998870313167572,True,A girl sits at a desk and reads a paper.,There's a girl sitting at a desk reading a newspaper.,0.0011381092481315136,0.9948247671127319,0.0011381092481315136,contradiction,0.9980282187461853,False,False,False,[],[],[],0.26881720430107525,False,"[""semantic_drift""]",facebook/nllb-200-distilled-600M,f8d333a098d19b4fd9a8b18f94170487ad3f821d,MoritzLaurer/DeBERTa-v3-base-mnli-fever-anli,6f5cf0a2b59cabb106aca4c287eed12e357e90eb
453,307679,307679:hypothesis:fra_Latn,hypothesis,neutral,RELIABLE_GOLD,neutral,0.9948171973228455,True,The man owns the saxophone.,The man has the saxophone.,0.9970284104347229,0.9948294758796692,0.9948294758796692,entailment,0.005569200497120619,False,False,False,[],[],[],0.09433962264150941,False,"[""label_flip""]",facebook/nllb-200-distilled-600M,f8d333a098d19b4fd9a8b18f94170487ad3f821d,MoritzLaurer/DeBERTa-v3-base-mnli-fever-anli,6f5cf0a2b59cabb106aca4c287eed12e357e90eb
455,309108,309108:premise:fra_Latn,premise,contradiction,RELIABLE_GOLD,contradiction,0.9996144771575928,True,A woman in a brown sweater is sewing on her machine.,A woman in a brown sweater sewing on her machine.,0.9970026612281799,0.9966654181480408,0.9966654181480408,contradiction,0.9996180534362793,False,False,False,[],[],[],0.02970297029702973,False,"[""trivial_copy""]",facebook/nllb-200-distilled-600M,f8d333a098d19b4fd9a8b18f94170487ad3f821d,MoritzLaurer/DeBERTa-v3-base-mnli-fever-anli,6f5cf0a2b59cabb106aca4c287eed12e357e90eb
455,309108,309108:hypothesis:fra_Latn,hypothesis,contradiction,RELIABLE_GOLD,contradiction,0.9996144771575928,True,The woman doesn't have a sewing machine.,The woman doesn't have a sewing machine.,0.9974632263183594,0.9974632263183594,0.9974632263183594,contradiction,0.9996144771575928,False,False,False,[],[],[],0.0,False,"[""trivial_copy""]",facebook/nllb-200-distilled-600M,f8d333a098d19b4fd9a8b18f94170487ad3f821d,MoritzLaurer/DeBERTa-v3-base-mnli-fever-anli,6f5cf0a2b59cabb106aca4c287eed12e357e90eb
457,310001,310001:premise:fra_Latn,premise,entailment,RELIABLE_GOLD,entailment,0.9659766554832458,True,A bearded man with glasses does a toe-touch.,A bearded man with glasses touches his finger.,0.005631024483591318,0.0007394323474727571,0.0007394323474727571,entailment,0.7322633266448975,False,False,False,[],[],[],0.2666666666666667,False,"[""semantic_drift"",""low_nli_confidence""]",facebook/nllb-200-distilled-600M,f8d333a098d19b4fd9a8b18f94170487ad3f821d,MoritzLaurer/DeBERTa-v3-base-mnli-fever-anli,6f5cf0a2b59cabb106aca4c287eed12e357e90eb
457,310001,310001:hypothesis:fra_Latn,hypothesis,entailment,RELIABLE_GOLD,entailment,0.9659766554832458,True,A man is moving.,A man is moving.,0.9968382120132446,0.9968382120132446,0.9968382120132446,entailment,0.9659766554832458,False,False,False,[],[],[],0.0,False,"[""trivial_copy""]",facebook/nllb-200-distilled-600M,f8d333a098d19b4fd9a8b18f94170487ad3f821d,MoritzLaurer/DeBERTa-v3-base-mnli-fever-anli,6f5cf0a2b59cabb106aca4c287eed12e357e90eb
461,311121,311121:premise:fra_Latn,premise,contradiction,RELIABLE_GOLD,contradiction,0.9721757173538208,True,A woman in shorts and a white top is taking a picture with a digital camera as a young man watches.,A woman in shorts and a white shirt takes a photo with a digital camera while a young man watches.,0.8998230695724487,0.9870741367340088,0.8998230695724487,contradiction,0.9824005365371704,False,False,False,[],[],[],0.14720812182741116,False,"[""semantic_drift""]",facebook/nllb-200-distilled-600M,f8d333a098d19b4fd9a8b18f94170487ad3f821d,MoritzLaurer/DeBERTa-v3-base-mnli-fever-anli,6f5cf0a2b59cabb106aca4c287eed12e357e90eb
461,311121,311121:hypothesis:fra_Latn,hypothesis,contradiction,RELIABLE_GOLD,contradiction,0.9721757173538208,True,A woman in shorts and a white top is talking on her cellphone to a close friend.,A woman in shorts and a white shirt is talking on her cell phone to a close friend.,0.8501359224319458,0.9614531993865967,0.8501359224319458,contradiction,0.9911296367645264,False,False,False,[],[],[],0.042944785276073594,False,"[""semantic_drift""]",facebook/nllb-200-distilled-600M,f8d333a098d19b4fd9a8b18f94170487ad3f821d,MoritzLaurer/DeBERTa-v3-base-mnli-fever-anli,6f5cf0a2b59cabb106aca4c287eed12e357e90eb
463,311574,311574:hypothesis:fra_Latn,hypothesis,entailment,RELIABLE_GOLD,entailment,0.9395235180854797,True,It is mealtime.,It's time for dinner.,0.18855828046798706,0.9839170575141907,0.18855828046798706,neutral,0.06361930817365646,False,False,False,[],[],[],0.5,False,"[""semantic_drift"",""label_flip""]",facebook/nllb-200-distilled-600M,f8d333a098d19b4fd9a8b18f94170487ad3f821d,MoritzLaurer/DeBERTa-v3-base-mnli-fever-anli,6f5cf0a2b59cabb106aca4c287eed12e357e90eb
468,314343,314343:premise:fra_Latn,premise,entailment,RELIABLE_GOLD,entailment,0.9987090826034546,True,"A group of people sit in folding chairs in a small area under two umbrellas outdoors, with a few cars parked in the background.","A group of people is sitting in a small space under two umbrellas outside, with a few cars parked in the background.",0.9951294660568237,0.0004936234327033162,0.0004936234327033162,entailment,0.9983437061309814,False,False,False,"[{""group"":""space"",""original"":{""under"":1,""in"":3},""candidate"":{""under"":1,""outside"":1,""in"":2},""field"":""premise""}]",[],"[{""group"":""space"",""original"":{""under"":1,""in"":3},""candidate"":{""under"":1,""outside"":1,""in"":2},""field"":""premise""}]",0.12757201646090532,False,"[""semantic_drift""]",facebook/nllb-200-distilled-600M,f8d333a098d19b4fd9a8b18f94170487ad3f821d,MoritzLaurer/DeBERTa-v3-base-mnli-fever-anli,6f5cf0a2b59cabb106aca4c287eed12e357e90eb
471,316194,316194:hypothesis:fra_Latn,hypothesis,entailment,RELIABLE_GOLD,entailment,0.9957183003425598,True,Three children and three adults have a basket.,Three children and three adults have a basket.,0.9947373270988464,0.9947373270988464,0.9947373270988464,entailment,0.9957183003425598,False,False,False,[],[],[],0.0,False,"[""trivial_copy""]",facebook/nllb-200-distilled-600M,f8d333a098d19b4fd9a8b18f94170487ad3f821d,MoritzLaurer/DeBERTa-v3-base-mnli-fever-anli,6f5cf0a2b59cabb106aca4c287eed12e357e90eb
474,319482,319482:premise:fra_Latn,premise,entailment,RELIABLE_GOLD,entailment,0.9409997463226318,True,"Two boys are looking upwards with their arms streteched to the sky, the boy on the left is wearing a blue vest jacket with a gray long-sleeved shirt and black jogging pants, and black tennis shoes and a hat, and the boy on the right is wearing a silver vest jacket, with blue long-sleeved undershirt, gray pants, and black tennis shoes and has black short hair and glasses.","Two boys looking up with their arms outstretched to the sky, the boy on the left is wearing a blue jacket with a long sleeve shirt and grey black jogging pants, and black tennis shoes and a hat, and",0.7979027032852173,0.004403217695653439,0.004403217695653439,entailment,0.9872584939002991,True,True,False,"[{""group"":""space"",""original"":{""left"":1,""right"":1,""on"":2},""candidate"":{""left"":1,""on"":1},""field"":""premise""}]",[],"[{""group"":""space"",""original"":{""left"":1,""right"":1,""on"":2},""candidate"":{""left"":1,""on"":1},""field"":""premise""}]",0.3380035026269702,False,"[""generation_truncated"",""semantic_drift""]",facebook/nllb-200-distilled-600M,f8d333a098d19b4fd9a8b18f94170487ad3f821d,MoritzLaurer/DeBERTa-v3-base-mnli-fever-anli,6f5cf0a2b59cabb106aca4c287eed12e357e90eb
475,319797,319797:premise:fra_Latn,premise,contradiction,RELIABLE_GOLD,contradiction,0.9991596937179565,True,A woman in a gray and blue shirt smiles as she unwraps and cuts into a calzone.,A woman in a gray and blue shirt smiles as she rolls around and cuts into a calzone.,0.291526198387146,0.6344907283782959,0.291526198387146,contradiction,0.9991438388824463,False,False,False,[],[],[],0.09202453987730064,False,"[""semantic_drift""]",facebook/nllb-200-distilled-600M,f8d333a098d19b4fd9a8b18f94170487ad3f821d,MoritzLaurer/DeBERTa-v3-base-mnli-fever-anli,6f5cf0a2b59cabb106aca4c287eed12e357e90eb
475,319797,319797:hypothesis:fra_Latn,hypothesis,contradiction,RELIABLE_GOLD,contradiction,0.9991596937179565,True,The woman is cutting into her arm.,The woman cuts off her arm.,0.0015204352093860507,0.921820878982544,0.0015204352093860507,contradiction,0.998992383480072,False,False,False,[],[],[],0.21311475409836067,False,"[""semantic_drift""]",facebook/nllb-200-distilled-600M,f8d333a098d19b4fd9a8b18f94170487ad3f821d,MoritzLaurer/DeBERTa-v3-base-mnli-fever-anli,6f5cf0a2b59cabb106aca4c287eed12e357e90eb
477,321435,321435:premise:fra_Latn,premise,neutral,RELIABLE_GOLD,neutral,0.9985753297805786,True,A dog leaps to catch a ball in a field.,A dog jumps to catch a bullet in a field.,0.00041385460644960403,0.0009237885242328048,0.00041385460644960403,contradiction,0.01792147569358349,False,False,False,[],[],[],0.125,False,"[""semantic_drift"",""label_flip""]",facebook/nllb-200-distilled-600M,f8d333a098d19b4fd9a8b18f94170487ad3f821d,MoritzLaurer/DeBERTa-v3-base-mnli-fever-anli,6f5cf0a2b59cabb106aca4c287eed12e357e90eb
477,321435,321435:hypothesis:fra_Latn,hypothesis,neutral,RELIABLE_GOLD,neutral,0.9985753297805786,True,A dog caught a ball in a field but then dropped it.,"A dog caught a bullet in a field, but then dropped it.",0.0005954763619229198,0.001267791260033846,0.0005954763619229198,contradiction,0.0021144510246813297,False,False,False,[],[],[],0.04761904761904767,False,"[""semantic_drift"",""label_flip""]",facebook/nllb-200-distilled-600M,f8d333a098d19b4fd9a8b18f94170487ad3f821d,MoritzLaurer/DeBERTa-v3-base-mnli-fever-anli,6f5cf0a2b59cabb106aca4c287eed12e357e90eb
479,322299,322299:hypothesis:fra_Latn,hypothesis,neutral,RELIABLE_GOLD,neutral,0.9721665978431702,True,A boy band is performing a concert for a crowd.,A group of boys playing a concert for a crowd.,0.9970644116401672,0.9886667728424072,0.9886667728424072,entailment,0.07786738872528076,False,False,False,[],[],[],0.26881720430107525,False,"[""label_flip""]",facebook/nllb-200-distilled-600M,f8d333a098d19b4fd9a8b18f94170487ad3f821d,MoritzLaurer/DeBERTa-v3-base-mnli-fever-anli,6f5cf0a2b59cabb106aca4c287eed12e357e90eb
485,326894,326894:premise:fra_Latn,premise,neutral,GOLD_DISAGREEMENT,entailment,0.3044968247413635,False,People in orange shirts roll carts while people watch them.,People in orange shirts roll carts while people watch them.,,,,None,,False,False,False,[],[],[],,False,"[""source_label_disagreement""]",facebook/nllb-200-distilled-600M,,MoritzLaurer/DeBERTa-v3-base-mnli-fever-anli,6f5cf0a2b59cabb106aca4c287eed12e357e90eb
485,326894,326894:hypothesis:fra_Latn,hypothesis,neutral,GOLD_DISAGREEMENT,entailment,0.3044968247413635,False,A group of workers in matching oranage shirts push carts outside as others watch them.,A group of workers in matching oranage shirts push carts outside as others watch them.,,,,None,,False,False,False,[],[],[],,False,"[""source_label_disagreement""]",facebook/nllb-200-distilled-600M,,MoritzLaurer/DeBERTa-v3-base-mnli-fever-anli,6f5cf0a2b59cabb106aca4c287eed12e357e90eb
487,327544,327544:premise:fra_Latn,premise,contradiction,GOLD_DISAGREEMENT,neutral,0.28055551648139954,False,Two people are having a conversation as they sit at the bar.,Two people are having a conversation as they sit at the bar.,,,,None,,False,False,False,[],[],[],,False,"[""source_label_disagreement""]",facebook/nllb-200-distilled-600M,,MoritzLaurer/DeBERTa-v3-base-mnli-fever-anli,6f5cf0a2b59cabb106aca4c287eed12e357e90eb
487,327544,327544:hypothesis:fra_Latn,hypothesis,contradiction,GOLD_DISAGREEMENT,neutral,0.28055551648139954,False,They are going to Mars,They are going to Mars,,,,None,,False,False,False,[],[],[],,False,"[""source_label_disagreement""]",facebook/nllb-200-distilled-600M,,MoritzLaurer/DeBERTa-v3-base-mnli-fever-anli,6f5cf0a2b59cabb106aca4c287eed12e357e90eb
497,335668,335668:premise:fra_Latn,premise,contradiction,GOLD_DISAGREEMENT,neutral,0.008738375268876553,False,A cloudy sky above a busy city street.,A cloudy sky above a busy city street.,,,,None,,False,False,False,[],[],[],,False,"[""source_label_disagreement""]",facebook/nllb-200-distilled-600M,,MoritzLaurer/DeBERTa-v3-base-mnli-fever-anli,6f5cf0a2b59cabb106aca4c287eed12e357e90eb
497,335668,335668:hypothesis:fra_Latn,hypothesis,contradiction,GOLD_DISAGREEMENT,neutral,0.008738375268876553,False,Cars are driving on clouds.,Cars are driving on clouds.,,,,None,,False,False,False,[],[],[],,False,"[""source_label_disagreement""]",facebook/nllb-200-distilled-600M,,MoritzLaurer/DeBERTa-v3-base-mnli-fever-anli,6f5cf0a2b59cabb106aca4c287eed12e357e90eb
503,338736,338736:premise:fra_Latn,premise,entailment,GOLD_DISAGREEMENT,neutral,0.005293507594615221,False,A black dog leaps in the air above the snow.,A black dog leaps in the air above the snow.,,,,None,,False,False,False,[],[],[],,False,"[""source_label_disagreement""]",facebook/nllb-200-distilled-600M,,MoritzLaurer/DeBERTa-v3-base-mnli-fever-anli,6f5cf0a2b59cabb106aca4c287eed12e357e90eb
503,338736,338736:hypothesis:fra_Latn,hypothesis,entailment,GOLD_DISAGREEMENT,neutral,0.005293507594615221,False,The dog has snow on his fur.,The dog has snow on his fur.,,,,None,,False,False,False,[],[],[],,False,"[""source_label_disagreement""]",facebook/nllb-200-distilled-600M,,MoritzLaurer/DeBERTa-v3-base-mnli-fever-anli,6f5cf0a2b59cabb106aca4c287eed12e357e90eb
481,323424,323424:premise:fra_Latn,premise,contradiction,RELIABLE_GOLD,contradiction,0.9996150732040405,True,Two hockey players one in yellow and one in white competing against each other to gain control of the hockey puck.,"Two hockey players, one in yellow and one in white, compete to take control of the hockey box.",0.0021103182807564735,0.0032168913166970015,0.0021103182807564735,contradiction,0.9995973706245422,False,False,False,[],[],[],0.17307692307692313,False,"[""semantic_drift""]",facebook/nllb-200-distilled-600M,f8d333a098d19b4fd9a8b18f94170487ad3f821d,MoritzLaurer/DeBERTa-v3-base-mnli-fever-anli,6f5cf0a2b59cabb106aca4c287eed12e357e90eb
481,323424,323424:hypothesis:fra_Latn,hypothesis,contradiction,RELIABLE_GOLD,contradiction,0.9996150732040405,True,Two friends are playing basketball.,Two friends are playing basketball.,0.9964053630828857,0.9964053630828857,0.9964053630828857,contradiction,0.9996150732040405,False,False,False,[],[],[],0.0,False,"[""trivial_copy""]",facebook/nllb-200-distilled-600M,f8d333a098d19b4fd9a8b18f94170487ad3f821d,MoritzLaurer/DeBERTa-v3-base-mnli-fever-anli,6f5cf0a2b59cabb106aca4c287eed12e357e90eb
482,324702,324702:hypothesis:fra_Latn,hypothesis,neutral,RELIABLE_GOLD,neutral,0.9991064667701721,True,The streets are crowded.,The streets are crowded.,0.9943548440933228,0.9943548440933228,0.9943548440933228,neutral,0.9991064667701721,False,False,False,[],[],[],0.0,False,"[""trivial_copy""]",facebook/nllb-200-distilled-600M,f8d333a098d19b4fd9a8b18f94170487ad3f821d,MoritzLaurer/DeBERTa-v3-base-mnli-fever-anli,6f5cf0a2b59cabb106aca4c287eed12e357e90eb
484,326312,326312:premise:fra_Latn,premise,entailment,RELIABLE_GOLD,entailment,0.8506692051887512,True,A dog peeks out of a red play tunnel.,A dog looks out of a red game tunnel.,0.9718157052993774,0.989054799079895,0.9718157052993774,neutral,0.07055690139532089,False,False,False,[],[],[],0.16216216216216217,False,"[""label_flip""]",facebook/nllb-200-distilled-600M,f8d333a098d19b4fd9a8b18f94170487ad3f821d,MoritzLaurer/DeBERTa-v3-base-mnli-fever-anli,6f5cf0a2b59cabb106aca4c287eed12e357e90eb
484,326312,326312:hypothesis:fra_Latn,hypothesis,entailment,RELIABLE_GOLD,entailment,0.8506692051887512,True,a dog playing,a dog playing,0.9930018782615662,0.9930018782615662,0.9930018782615662,entailment,0.8506692051887512,False,False,False,[],[],[],0.0,False,"[""trivial_copy""]",facebook/nllb-200-distilled-600M,f8d333a098d19b4fd9a8b18f94170487ad3f821d,MoritzLaurer/DeBERTa-v3-base-mnli-fever-anli,6f5cf0a2b59cabb106aca4c287eed12e357e90eb
486,327111,327111:hypothesis:fra_Latn,hypothesis,contradiction,RELIABLE_GOLD,contradiction,0.9890542030334473,True,The man has a beer.,The man has a beer.,0.9967150688171387,0.9967150688171387,0.9967150688171387,contradiction,0.9890542030334473,False,False,False,[],[],[],0.0,False,"[""trivial_copy""]",facebook/nllb-200-distilled-600M,f8d333a098d19b4fd9a8b18f94170487ad3f821d,MoritzLaurer/DeBERTa-v3-base-mnli-fever-anli,6f5cf0a2b59cabb106aca4c287eed12e357e90eb
488,327733,327733:premise:fra_Latn,premise,entailment,RELIABLE_GOLD,entailment,0.9723532199859619,True,A little boy in red stands on top of a rock with a smile and outstretched arms.,A little boy in red stands on top of a rock with a smile and outstretched arms.,0.9934126734733582,0.9934126734733582,0.9934126734733582,entailment,0.9723532199859619,False,False,False,[],[],[],0.0,False,"[""trivial_copy""]",facebook/nllb-200-distilled-600M,f8d333a098d19b4fd9a8b18f94170487ad3f821d,MoritzLaurer/DeBERTa-v3-base-mnli-fever-anli,6f5cf0a2b59cabb106aca4c287eed12e357e90eb
489,328469,328469:hypothesis:fra_Latn,hypothesis,entailment,RELIABLE_GOLD,entailment,0.9788185358047485,True,There are several people in the room.,There are several people in the room.,0.9947276711463928,0.9947276711463928,0.9947276711463928,entailment,0.9788185358047485,False,False,False,[],[],[],0.0,False,"[""trivial_copy""]",facebook/nllb-200-distilled-600M,f8d333a098d19b4fd9a8b18f94170487ad3f821d,MoritzLaurer/DeBERTa-v3-base-mnli-fever-anli,6f5cf0a2b59cabb106aca4c287eed12e357e90eb
490,330719,330719:hypothesis:fra_Latn,hypothesis,contradiction,RELIABLE_GOLD,contradiction,0.9995431900024414,True,A cat is playing with yarn.,A cat playing with a wire.,0.00012273844913579524,0.0001760880695655942,0.00012273844913579524,contradiction,0.9996720552444458,False,False,False,[],[],[],0.16981132075471694,False,"[""semantic_drift""]",facebook/nllb-200-distilled-600M,f8d333a098d19b4fd9a8b18f94170487ad3f821d,MoritzLaurer/DeBERTa-v3-base-mnli-fever-anli,6f5cf0a2b59cabb106aca4c287eed12e357e90eb
492,331212,331212:premise:fra_Latn,premise,contradiction,RELIABLE_GOLD,contradiction,0.9990647435188293,True,"A little girl in a red shirt is suspended in midair on a contraption, as a man wearing white shorts looks up at her.",A little girl in a red shirt hangs out in the open on a camera while a man in white shorts looks at her.,0.26420852541923523,0.6116561889648438,0.26420852541923523,contradiction,0.9746959805488586,False,False,False,"[{""group"":""space"",""original"":{""in"":2,""on"":1},""candidate"":{""in"":3,""on"":1},""field"":""premise""}]",[],"[{""group"":""space"",""original"":{""in"":2,""on"":1},""candidate"":{""in"":3,""on"":1},""field"":""premise""}]",0.2545454545454545,False,"[""semantic_drift""]",facebook/nllb-200-distilled-600M,f8d333a098d19b4fd9a8b18f94170487ad3f821d,MoritzLaurer/DeBERTa-v3-base-mnli-fever-anli,6f5cf0a2b59cabb106aca4c287eed12e357e90eb
493,332168,332168:hypothesis:fra_Latn,hypothesis,contradiction,RELIABLE_GOLD,contradiction,0.9978678226470947,True,A man is leaning his head against a pulpit.,A man bows his head against a pulpit.,0.7805790305137634,0.9789268374443054,0.7805790305137634,contradiction,0.994005560874939,False,False,False,[],[],[],0.15000000000000002,False,"[""semantic_drift""]",facebook/nllb-200-distilled-600M,f8d333a098d19b4fd9a8b18f94170487ad3f821d,MoritzLaurer/DeBERTa-v3-base-mnli-fever-anli,6f5cf0a2b59cabb106aca4c287eed12e357e90eb
496,334987,334987:hypothesis:fra_Latn,hypothesis,entailment,RELIABLE_GOLD,entailment,0.9904142022132874,True,The group walks outside.,The group's leaving.,0.08887290209531784,0.11017628014087677,0.08887290209531784,neutral,0.006483696401119232,False,False,False,"[{""group"":""space"",""original"":{""outside"":1},""candidate"":{},""field"":""hypothesis""}]",[],"[{""group"":""space"",""original"":{""outside"":1},""candidate"":{},""field"":""hypothesis""}]",0.40909090909090906,False,"[""semantic_drift"",""label_flip""]",facebook/nllb-200-distilled-600M,f8d333a098d19b4fd9a8b18f94170487ad3f821d,MoritzLaurer/DeBERTa-v3-base-mnli-fever-anli,6f5cf0a2b59cabb106aca4c287eed12e357e90eb
498,336330,336330:hypothesis:fra_Latn,hypothesis,entailment,RELIABLE_GOLD,entailment,0.9959520101547241,True,The woman has a backpack,The woman has a backpack.,0.9971253275871277,0.99598228931427,0.99598228931427,entailment,0.9972412586212158,False,False,False,[],[],[],0.020408163265306145,False,"[""trivial_copy""]",facebook/nllb-200-distilled-600M,f8d333a098d19b4fd9a8b18f94170487ad3f821d,MoritzLaurer/DeBERTa-v3-base-mnli-fever-anli,6f5cf0a2b59cabb106aca4c287eed12e357e90eb
500,337152,337152:hypothesis:fra_Latn,hypothesis,contradiction,RELIABLE_GOLD,contradiction,0.9988101720809937,True,They are camping out in the wilderness,They're camping in the desert.,0.007301732432097197,0.6200595498085022,0.007301732432097197,contradiction,0.9980581402778625,False,False,False,[],[],[],0.2647058823529411,False,"[""semantic_drift""]",facebook/nllb-200-distilled-600M,f8d333a098d19b4fd9a8b18f94170487ad3f821d,MoritzLaurer/DeBERTa-v3-base-mnli-fever-anli,6f5cf0a2b59cabb106aca4c287eed12e357e90eb
502,338139,338139:premise:fra_Latn,premise,contradiction,RELIABLE_GOLD,contradiction,0.995822548866272,True,A mom and a young boy on a seesaw.,A mother and a young boy on stage.,0.0026969576720148325,0.00026734688435681164,0.00026734688435681164,contradiction,0.9934875965118408,False,False,False,[],[],[],0.20588235294117652,False,"[""semantic_drift""]",facebook/nllb-200-distilled-600M,f8d333a098d19b4fd9a8b18f94170487ad3f821d,MoritzLaurer/DeBERTa-v3-base-mnli-fever-anli,6f5cf0a2b59cabb106aca4c287eed12e357e90eb
504,338834,338834:premise:fra_Latn,premise,entailment,RELIABLE_GOLD,entailment,0.9916649460792542,True,A very excited man on top of a mountain jumping into the air.,A very excited man on top of a mountain jumping into the air.,0.9928312301635742,0.9928312301635742,0.9928312301635742,entailment,0.9916649460792542,False,False,False,[],[],[],0.0,False,"[""trivial_copy""]",facebook/nllb-200-distilled-600M,f8d333a098d19b4fd9a8b18f94170487ad3f821d,MoritzLaurer/DeBERTa-v3-base-mnli-fever-anli,6f5cf0a2b59cabb106aca4c287eed12e357e90eb
505,338871,338871:premise:fra_Latn,premise,contradiction,RELIABLE_GOLD,contradiction,0.9933318495750427,True,A snowboarder rides a snowboard down a railing beside a flight of steps.,A snowboarder climbs a snowboard on a fence next to a staircase.,0.5161289572715759,0.984143853187561,0.5161289572715759,contradiction,0.995201587677002,False,False,False,"[{""group"":""space"",""original"":{""beside"":1},""candidate"":{""on"":1},""field"":""premise""}]",[],"[{""group"":""space"",""original"":{""beside"":1},""candidate"":{""on"":1},""field"":""premise""}]",0.3529411764705882,False,"[""semantic_drift""]",facebook/nllb-200-distilled-600M,f8d333a098d19b4fd9a8b18f94170487ad3f821d,MoritzLaurer/DeBERTa-v3-base-mnli-fever-anli,6f5cf0a2b59cabb106aca4c287eed12e357e90eb
506,339401,339401:premise:fra_Latn,premise,contradiction,RELIABLE_GOLD,contradiction,0.9997408986091614,True,Several people are in an enclosed garden space while a young Black boy and another person hold onto a wooden frame of a raised plant bed.,Several people are in a closed garden while a young black boy and another person are standing on a wooden frame of a tall plant bed.,0.3392261266708374,0.9524710774421692,0.3392261266708374,contradiction,0.9997379183769226,False,False,False,"[{""group"":""space"",""original"":{""in"":1},""candidate"":{""in"":1,""on"":1},""field"":""premise""}]",[],"[{""group"":""space"",""original"":{""in"":1},""candidate"":{""in"":1,""on"":1},""field"":""premise""}]",0.12267657992565051,False,"[""semantic_drift""]",facebook/nllb-200-distilled-600M,f8d333a098d19b4fd9a8b18f94170487ad3f821d,MoritzLaurer/DeBERTa-v3-base-mnli-fever-anli,6f5cf0a2b59cabb106aca4c287eed12e357e90eb
507,339454,339454:premise:fra_Latn,premise,contradiction,RELIABLE_GOLD,contradiction,0.9319962859153748,True,"Ow, my head, you silly a-hole watch what you are doing next time.","Oh, my head, you stupid hole watch what you do next time.",0.9956257343292236,0.9808783531188965,0.9808783531188965,neutral,0.2999144494533539,False,False,False,[],[],[],0.14754098360655743,False,"[""label_flip""]",facebook/nllb-200-distilled-600M,f8d333a098d19b4fd9a8b18f94170487ad3f821d,MoritzLaurer/DeBERTa-v3-base-mnli-fever-anli,6f5cf0a2b59cabb106aca4c287eed12e357e90eb
507,339454,339454:hypothesis:fra_Latn,hypothesis,contradiction,RELIABLE_GOLD,contradiction,0.9319962859153748,True,"Ow, you just punched me in the shoulder.",You hit me on the shoulder.,0.9978546500205994,0.13124988973140717,0.13124988973140717,contradiction,0.9825490713119507,False,False,False,"[{""group"":""space"",""original"":{""in"":1},""candidate"":{""on"":1},""field"":""hypothesis""}]",[],"[{""group"":""space"",""original"":{""in"":1},""candidate"":{""on"":1},""field"":""hypothesis""}]",0.28358208955223885,False,"[""semantic_drift""]",facebook/nllb-200-distilled-600M,f8d333a098d19b4fd9a8b18f94170487ad3f821d,MoritzLaurer/DeBERTa-v3-base-mnli-fever-anli,6f5cf0a2b59cabb106aca4c287eed12e357e90eb
508,340397,340397:hypothesis:fra_Latn,hypothesis,contradiction,RELIABLE_GOLD,contradiction,0.9993459582328796,True,The man is wearing a green outfit.,The man is wearing a green outfit.,0.9971388578414917,0.9971388578414917,0.9971388578414917,contradiction,0.9993459582328796,False,False,False,[],[],[],0.0,False,"[""trivial_copy""]",facebook/nllb-200-distilled-600M,f8d333a098d19b4fd9a8b18f94170487ad3f821d,MoritzLaurer/DeBERTa-v3-base-mnli-fever-anli,6f5cf0a2b59cabb106aca4c287eed12e357e90eb
509,340830,340830:premise:fra_Latn,premise,neutral,RELIABLE_GOLD,neutral,0.9497272968292236,True,"Two individuals, in full fencing attire, with their masks on and the swords in their hands, fencing in the gym.","Two individuals, dressed in full scaffolding, with their masks and swords in their hands, scaffolding in the gym.",0.0002952157228719443,0.002126586390659213,0.0002952157228719443,contradiction,0.009770754724740982,False,False,False,"[{""group"":""space"",""original"":{""in"":3,""on"":1},""candidate"":{""in"":3},""field"":""premise""}]",[],"[{""group"":""space"",""original"":{""in"":3,""on"":1},""candidate"":{""in"":3},""field"":""premise""}]",0.1875,False,"[""semantic_drift"",""label_flip""]",facebook/nllb-200-distilled-600M,f8d333a098d19b4fd9a8b18f94170487ad3f821d,MoritzLaurer/DeBERTa-v3-base-mnli-fever-anli,6f5cf0a2b59cabb106aca4c287eed12e357e90eb
509,340830,340830:hypothesis:fra_Latn,hypothesis,neutral,RELIABLE_GOLD,neutral,0.9497272968292236,True,"Two men, in full fencing attire, with their masks on and the swords in their hands, fencing in the gym.","Two men, scaffolded, masked and with swords in their hands, scaffolded in the gym.",0.02036435157060623,0.05052492395043373,0.02036435157060623,contradiction,0.10988522320985794,False,False,False,"[{""group"":""space"",""original"":{""in"":3,""on"":1},""candidate"":{""in"":2},""field"":""hypothesis""}]",[],"[{""group"":""space"",""original"":{""in"":3,""on"":1},""candidate"":{""in"":2},""field"":""hypothesis""}]",0.39459459459459456,False,"[""semantic_drift"",""label_flip""]",facebook/nllb-200-distilled-600M,f8d333a098d19b4fd9a8b18f94170487ad3f821d,MoritzLaurer/DeBERTa-v3-base-mnli-fever-anli,6f5cf0a2b59cabb106aca4c287eed12e357e90eb
511,341509,341509:premise:fra_Latn,premise,contradiction,RELIABLE_GOLD,contradiction,0.9995684027671814,True,"Two men dressed in matching blue uniforms, celebrate a victory.","Two men dressed in blue uniforms, celebrating a victory.",0.9932451844215393,0.011470534838736057,0.011470534838736057,contradiction,0.9995680451393127,False,False,False,[],[],[],0.10924369747899154,False,"[""semantic_drift""]",facebook/nllb-200-distilled-600M,f8d333a098d19b4fd9a8b18f94170487ad3f821d,MoritzLaurer/DeBERTa-v3-base-mnli-fever-anli,6f5cf0a2b59cabb106aca4c287eed12e357e90eb
524,349463,349463:premise:fra_Latn,premise,contradiction,GOLD_DISAGREEMENT,neutral,0.06863797456026077,False,A dark-skinned woman with a scarf on her head smiling with telephones hanging from the trees.,A dark-skinned woman with a scarf on her head smiling with telephones hanging from the trees.,,,,None,,False,False,False,[],[],[],,False,"[""source_label_disagreement""]",facebook/nllb-200-distilled-600M,,MoritzLaurer/DeBERTa-v3-base-mnli-fever-anli,6f5cf0a2b59cabb106aca4c287eed12e357e90eb
524,349463,349463:hypothesis:fra_Latn,hypothesis,contradiction,GOLD_DISAGREEMENT,neutral,0.06863797456026077,False,She is climbing the tree to get a better reception.,She is climbing the tree to get a better reception.,,,,None,,False,False,False,[],[],[],,False,"[""source_label_disagreement""]",facebook/nllb-200-distilled-600M,,MoritzLaurer/DeBERTa-v3-base-mnli-fever-anli,6f5cf0a2b59cabb106aca4c287eed12e357e90eb
527,350537,350537:premise:fra_Latn,premise,neutral,GOLD_DISAGREEMENT,entailment,0.014730377122759819,False,"Two men kick in the air at each other on a grassy area, while another man watches them in the background.","Two men kick in the air at each other on a grassy area, while another man watches them in the background.",,,,None,,False,False,False,[],[],[],,False,"[""source_label_disagreement""]",facebook/nllb-200-distilled-600M,,MoritzLaurer/DeBERTa-v3-base-mnli-fever-anli,6f5cf0a2b59cabb106aca4c287eed12e357e90eb
527,350537,350537:hypothesis:fra_Latn,hypothesis,neutral,GOLD_DISAGREEMENT,entailment,0.014730377122759819,False,The men are outdoors.,The men are outdoors.,,,,None,,False,False,False,[],[],[],,False,"[""source_label_disagreement""]",facebook/nllb-200-distilled-600M,,MoritzLaurer/DeBERTa-v3-base-mnli-fever-anli,6f5cf0a2b59cabb106aca4c287eed12e357e90eb
533,352989,352989:premise:fra_Latn,premise,contradiction,GOLD_LOW_CONFIDENCE,contradiction,0.6547496914863586,False,A group of people near a fun house at a carnival.,A group of people near a fun house at a carnival.,,,,None,,False,False,False,[],[],[],,False,"[""source_nli_low_confidence""]",facebook/nllb-200-distilled-600M,,MoritzLaurer/DeBERTa-v3-base-mnli-fever-anli,6f5cf0a2b59cabb106aca4c287eed12e357e90eb
533,352989,352989:hypothesis:fra_Latn,hypothesis,contradiction,GOLD_LOW_CONFIDENCE,contradiction,0.6547496914863586,False,A group of people near entrance at a carnival.,A group of people near entrance at a carnival.,,,,None,,False,False,False,[],[],[],,False,"[""source_nli_low_confidence""]",facebook/nllb-200-distilled-600M,,MoritzLaurer/DeBERTa-v3-base-mnli-fever-anli,6f5cf0a2b59cabb106aca4c287eed12e357e90eb
541,358703,358703:premise:fra_Latn,premise,neutral,GOLD_DISAGREEMENT,entailment,0.009694141335785389,False,The woman in a green sweater and the man with a cap are on the side of the road.,The woman in a green sweater and the man with a cap are on the side of the road.,,,,None,,False,False,False,[],[],[],,False,"[""source_label_disagreement""]",facebook/nllb-200-distilled-600M,,MoritzLaurer/DeBERTa-v3-base-mnli-fever-anli,6f5cf0a2b59cabb106aca4c287eed12e357e90eb
541,358703,358703:hypothesis:fra_Latn,hypothesis,neutral,GOLD_DISAGREEMENT,entailment,0.009694141335785389,False,A husband and wife next to a road.,A husband and wife next to a road.,,,,None,,False,False,False,[],[],[],,False,"[""source_label_disagreement""]",facebook/nllb-200-distilled-600M,,MoritzLaurer/DeBERTa-v3-base-mnli-fever-anli,6f5cf0a2b59cabb106aca4c287eed12e357e90eb
512,341844,341844:hypothesis:fra_Latn,hypothesis,contradiction,RELIABLE_GOLD,contradiction,0.9994044303894043,True,the men are at the restaurant eating,The men are at the restaurant eating,0.9958022236824036,0.9975305199623108,0.9958022236824036,contradiction,0.9993845224380493,False,False,False,[],[],[],0.0,False,"[""trivial_copy""]",facebook/nllb-200-distilled-600M,f8d333a098d19b4fd9a8b18f94170487ad3f821d,MoritzLaurer/DeBERTa-v3-base-mnli-fever-anli,6f5cf0a2b59cabb106aca4c287eed12e357e90eb
513,342089,342089:hypothesis:fra_Latn,hypothesis,contradiction,RELIABLE_GOLD,contradiction,0.9993013143539429,True,The men broke the water pipes and are waiting for the repairman.,The men broke the water pipes and are waiting for the repairman.,0.9972915053367615,0.9972915053367615,0.9972915053367615,contradiction,0.9993013143539429,False,False,False,[],[],[],0.0,False,"[""trivial_copy""]",facebook/nllb-200-distilled-600M,f8d333a098d19b4fd9a8b18f94170487ad3f821d,MoritzLaurer/DeBERTa-v3-base-mnli-fever-anli,6f5cf0a2b59cabb106aca4c287eed12e357e90eb
514,342956,342956:premise:fra_Latn,premise,entailment,RELIABLE_GOLD,entailment,0.9977397918701172,True,"A male wearing a strange helmet covering face and head is seated on the accordion case in a street apparently blocked off, perhaps for a block party, while onlookers walk behind and listeners are seated in front in lawn chairs.","A man wearing a strange headset that covers his face and head is sitting on the accordion box in a seemingly closed street, perhaps for a neighborhood party, while spectators walk behind and listeners sit",0.9978991746902466,0.011766402050852776,0.011766402050852776,entailment,0.7429851293563843,True,True,False,"[{""group"":""space"",""original"":{""front"":1,""behind"":1,""in"":3,""on"":1},""candidate"":{""behind"":1,""in"":1,""on"":1},""field"":""premise""}]",[],"[{""group"":""space"",""original"":{""front"":1,""behind"":1,""in"":3,""on"":1},""candidate"":{""behind"":1,""in"":1,""on"":1},""field"":""premise""}]",0.6937354988399071,False,"[""generation_truncated"",""semantic_drift"",""low_nli_confidence""]",facebook/nllb-200-distilled-600M,f8d333a098d19b4fd9a8b18f94170487ad3f821d,MoritzLaurer/DeBERTa-v3-base-mnli-fever-anli,6f5cf0a2b59cabb106aca4c287eed12e357e90eb
514,342956,342956:hypothesis:fra_Latn,hypothesis,entailment,RELIABLE_GOLD,entailment,0.9977397918701172,True,a boy in a head covering is next to a blocked road that's near a crowd of people sitting on chairs,A boy in a head covering is next to a blocked road that's next to a crowd of people sitting in chairs,0.8787874579429626,0.9802541136741638,0.8787874579429626,entailment,0.9974316954612732,False,False,False,"[{""group"":""space"",""original"":{""in"":1,""near"":1,""on"":1},""candidate"":{""in"":2},""field"":""hypothesis""}]",[],"[{""group"":""space"",""original"":{""in"":1,""near"":1,""on"":1},""candidate"":{""in"":2},""field"":""hypothesis""}]",0.045226130653266305,False,"[""semantic_drift""]",facebook/nllb-200-distilled-600M,f8d333a098d19b4fd9a8b18f94170487ad3f821d,MoritzLaurer/DeBERTa-v3-base-mnli-fever-anli,6f5cf0a2b59cabb106aca4c287eed12e357e90eb
516,343889,343889:premise:fra_Latn,premise,neutral,RELIABLE_GOLD,neutral,0.9960468411445618,True,A man catches a ball in front of a large crowd.,A man takes a bullet in front of a large crowd.,0.00020345253869891167,0.00013643827696796507,0.00013643827696796507,contradiction,0.00023205261095426977,False,False,False,[],[],[],0.1063829787234043,False,"[""semantic_drift"",""label_flip""]",facebook/nllb-200-distilled-600M,f8d333a098d19b4fd9a8b18f94170487ad3f821d,MoritzLaurer/DeBERTa-v3-base-mnli-fever-anli,6f5cf0a2b59cabb106aca4c287eed12e357e90eb
516,343889,343889:hypothesis:fra_Latn,hypothesis,neutral,RELIABLE_GOLD,neutral,0.9960468411445618,True,The football player caught the pass.,The football player caught the pass.,0.9981568455696106,0.9981568455696106,0.9981568455696106,neutral,0.9960468411445618,False,False,False,[],[],[],0.0,False,"[""trivial_copy""]",facebook/nllb-200-distilled-600M,f8d333a098d19b4fd9a8b18f94170487ad3f821d,MoritzLaurer/DeBERTa-v3-base-mnli-fever-anli,6f5cf0a2b59cabb106aca4c287eed12e357e90eb
517,344181,344181:premise:fra_Latn,premise,neutral,RELIABLE_GOLD,neutral,0.9988605976104736,True,A boy contorts his face while holding an electronic device.,A boy turns his face away holding an electronic device.,0.19108401238918304,0.9092665910720825,0.19108401238918304,neutral,0.9989832043647766,False,False,False,[],[],[],0.14035087719298245,False,"[""semantic_drift""]",facebook/nllb-200-distilled-600M,f8d333a098d19b4fd9a8b18f94170487ad3f821d,MoritzLaurer/DeBERTa-v3-base-mnli-fever-anli,6f5cf0a2b59cabb106aca4c287eed12e357e90eb
517,344181,344181:hypothesis:fra_Latn,hypothesis,neutral,RELIABLE_GOLD,neutral,0.9988605976104736,True,A boy has a cell phone.,A boy has a cell phone.,0.9968200922012329,0.9968200922012329,0.9968200922012329,neutral,0.9988605976104736,False,False,False,[],[],[],0.0,False,"[""trivial_copy""]",facebook/nllb-200-distilled-600M,f8d333a098d19b4fd9a8b18f94170487ad3f821d,MoritzLaurer/DeBERTa-v3-base-mnli-fever-anli,6f5cf0a2b59cabb106aca4c287eed12e357e90eb
518,344451,344451:hypothesis:fra_Latn,hypothesis,neutral,RELIABLE_GOLD,neutral,0.994032084941864,True,An upturned hat half filled with coins sits next to the street performer.,A half-folded hat filled with coins is sitting next to the street artist.,0.9566851854324341,0.1406022608280182,0.1406022608280182,neutral,0.9907604455947876,False,False,False,[],[],[],0.28767123287671237,False,"[""semantic_drift""]",facebook/nllb-200-distilled-600M,f8d333a098d19b4fd9a8b18f94170487ad3f821d,MoritzLaurer/DeBERTa-v3-base-mnli-fever-anli,6f5cf0a2b59cabb106aca4c287eed12e357e90eb
520,344964,344964:hypothesis:fra_Latn,hypothesis,contradiction,RELIABLE_GOLD,contradiction,0.9995288848876953,True,The man is going up an escalator.,The man is climbing a ladder.,0.0002325974201085046,0.00016039481852203608,0.00016039481852203608,contradiction,0.9994853734970093,False,False,False,[],[],[],0.3548387096774194,False,"[""semantic_drift""]",facebook/nllb-200-distilled-600M,f8d333a098d19b4fd9a8b18f94170487ad3f821d,MoritzLaurer/DeBERTa-v3-base-mnli-fever-anli,6f5cf0a2b59cabb106aca4c287eed12e357e90eb
521,346374,346374:premise:fra_Latn,premise,contradiction,RELIABLE_GOLD,contradiction,0.9993866682052612,True,"Two boys, one in a red and one in a white uniform, fight for control over the ball during a soccer match.","Two boys, one in red and the other in white, are fighting for control of the ball during a football game.",0.023720720782876015,0.08619310706853867,0.023720720782876015,contradiction,0.9992979764938354,False,False,False,"[{""group"":""number"",""original"":{""1"":2,""2"":1},""candidate"":{""1"":1,""2"":1},""field"":""premise""},{""group"":""space"",""original"":{""over"":1,""in"":2},""candidate"":{""in"":2},""field"":""premise""}]","[{""group"":""number"",""original"":{""1"":2,""2"":1},""candidate"":{""1"":1,""2"":1},""field"":""premise""}]","[{""group"":""number"",""original"":{""1"":2,""2"":1},""candidate"":{""1"":1,""2"":1},""field"":""premise""},{""group"":""space"",""original"":{""over"":1,""in"":2},""candidate"":{""in"":2},""field"":""premise""}]",0.23809523809523814,False,"[""numeric_value_changed"",""semantic_drift""]",facebook/nllb-200-distilled-600M,f8d333a098d19b4fd9a8b18f94170487ad3f821d,MoritzLaurer/DeBERTa-v3-base-mnli-fever-anli,6f5cf0a2b59cabb106aca4c287eed12e357e90eb
523,349312,349312:hypothesis:fra_Latn,hypothesis,contradiction,RELIABLE_GOLD,contradiction,0.9989191293716431,True,The man is skiing in the snow.,The man is skiing in the snow.,0.9980352520942688,0.9980352520942688,0.9980352520942688,contradiction,0.9989191293716431,False,False,False,[],[],[],0.0,False,"[""trivial_copy""]",facebook/nllb-200-distilled-600M,f8d333a098d19b4fd9a8b18f94170487ad3f821d,MoritzLaurer/DeBERTa-v3-base-mnli-fever-anli,6f5cf0a2b59cabb106aca4c287eed12e357e90eb
525,349723,349723:hypothesis:fra_Latn,hypothesis,contradiction,RELIABLE_GOLD,contradiction,0.9987183809280396,True,A mann handing a cashier money.,A man putting money in the safe.,0.0001378017768729478,0.0001297050912398845,0.0001297050912398845,contradiction,0.9788368344306946,False,False,False,"[{""group"":""space"",""original"":{},""candidate"":{""in"":1},""field"":""hypothesis""}]",[],"[{""group"":""space"",""original"":{},""candidate"":{""in"":1},""field"":""hypothesis""}]",0.4920634920634921,False,"[""semantic_drift""]",facebook/nllb-200-distilled-600M,f8d333a098d19b4fd9a8b18f94170487ad3f821d,MoritzLaurer/DeBERTa-v3-base-mnli-fever-anli,6f5cf0a2b59cabb106aca4c287eed12e357e90eb
526,350091,350091:premise:fra_Latn,premise,neutral,RELIABLE_GOLD,neutral,0.9834451079368591,True,"Three girls dressed alike in plaid skirts and hats, green sweaters, and blue knee socks walk together.","Three girls, dressed in skirts and hats, green sweaters and blue socks, are walking together.",0.9930718541145325,0.0015895282849669456,0.0015895282849669456,neutral,0.9926804900169373,False,False,False,[],[],[],0.1384615384615384,False,"[""semantic_drift""]",facebook/nllb-200-distilled-600M,f8d333a098d19b4fd9a8b18f94170487ad3f821d,MoritzLaurer/DeBERTa-v3-base-mnli-fever-anli,6f5cf0a2b59cabb106aca4c287eed12e357e90eb
526,350091,350091:hypothesis:fra_Latn,hypothesis,neutral,RELIABLE_GOLD,neutral,0.9834451079368591,True,The three girls are twins.,The three girls are twins.,0.9949283599853516,0.9949283599853516,0.9949283599853516,neutral,0.9834451079368591,False,False,False,[],[],[],0.0,False,"[""trivial_copy""]",facebook/nllb-200-distilled-600M,f8d333a098d19b4fd9a8b18f94170487ad3f821d,MoritzLaurer/DeBERTa-v3-base-mnli-fever-anli,6f5cf0a2b59cabb106aca4c287eed12e357e90eb
528,351322,351322:premise:fra_Latn,premise,contradiction,RELIABLE_GOLD,contradiction,0.9997043013572693,True,"There are two men on a ladder one is at the top handing down to the other guy the number ""O"" as this what they do for a living.","There's two men on a ladder, one of them is at the top, and the other gives the number ""O"" because that's what they do for a living.",0.990982711315155,0.9851307272911072,0.9851307272911072,contradiction,0.9997085928916931,False,False,False,"[{""group"":""number"",""original"":{""1"":1,""2"":1},""candidate"":{""2"":1},""field"":""premise""}]","[{""group"":""number"",""original"":{""1"":1,""2"":1},""candidate"":{""2"":1},""field"":""premise""}]","[{""group"":""number"",""original"":{""1"":1,""2"":1},""candidate"":{""2"":1},""field"":""premise""}]",0.16602316602316602,False,"[""numeric_value_changed""]",facebook/nllb-200-distilled-600M,f8d333a098d19b4fd9a8b18f94170487ad3f821d,MoritzLaurer/DeBERTa-v3-base-mnli-fever-anli,6f5cf0a2b59cabb106aca4c287eed12e357e90eb
528,351322,351322:hypothesis:fra_Latn,hypothesis,contradiction,RELIABLE_GOLD,contradiction,0.9997043013572693,True,Two men are at office desks.,There's two men in the office.,0.9958407282829285,0.03330496698617935,0.03330496698617935,contradiction,0.9988497495651245,False,False,False,"[{""group"":""space"",""original"":{},""candidate"":{""in"":1},""field"":""hypothesis""}]",[],"[{""group"":""space"",""original"":{},""candidate"":{""in"":1},""field"":""hypothesis""}]",0.4137931034482759,False,"[""semantic_drift""]",facebook/nllb-200-distilled-600M,f8d333a098d19b4fd9a8b18f94170487ad3f821d,MoritzLaurer/DeBERTa-v3-base-mnli-fever-anli,6f5cf0a2b59cabb106aca4c287eed12e357e90eb
529,351356,351356:premise:fra_Latn,premise,neutral,RELIABLE_GOLD,neutral,0.9966030120849609,True,A black man in a white shirt is cooking on a commercial stove.,A black man in a white shirt is cooking in a commercial kitchen.,0.9743985533714294,0.01924566738307476,0.01924566738307476,neutral,0.9947388768196106,False,False,False,"[{""group"":""space"",""original"":{""in"":1,""on"":1},""candidate"":{""in"":2},""field"":""premise""}]",[],"[{""group"":""space"",""original"":{""in"":1,""on"":1},""candidate"":{""in"":2},""field"":""premise""}]",0.07936507936507942,False,"[""semantic_drift""]",facebook/nllb-200-distilled-600M,f8d333a098d19b4fd9a8b18f94170487ad3f821d,MoritzLaurer/DeBERTa-v3-base-mnli-fever-anli,6f5cf0a2b59cabb106aca4c287eed12e357e90eb
529,351356,351356:hypothesis:fra_Latn,hypothesis,neutral,RELIABLE_GOLD,neutral,0.9966030120849609,True,A man is preparing food on the commercial stove for the restaurant patrons.,A man prepares food on the commercial kitchen for the restaurant's guests.,0.9922065138816833,0.5348758101463318,0.5348758101463318,neutral,0.9804392457008362,False,False,False,[],[],[],0.18120805369127513,False,"[""semantic_drift""]",facebook/nllb-200-distilled-600M,f8d333a098d19b4fd9a8b18f94170487ad3f821d,MoritzLaurer/DeBERTa-v3-base-mnli-fever-anli,6f5cf0a2b59cabb106aca4c287eed12e357e90eb
532,352765,352765:premise:fra_Latn,premise,entailment,RELIABLE_GOLD,entailment,0.9947056174278259,True,A fluffy dog looking at a yellow chew toy.,A dusty dog looking at a yellow toy to chew.,0.02721257507801056,0.16998246312141418,0.02721257507801056,entailment,0.9937365055084229,False,False,False,[],[],[],0.2093023255813954,False,"[""semantic_drift""]",facebook/nllb-200-distilled-600M,f8d333a098d19b4fd9a8b18f94170487ad3f821d,MoritzLaurer/DeBERTa-v3-base-mnli-fever-anli,6f5cf0a2b59cabb106aca4c287eed12e357e90eb
534,353921,353921:premise:fra_Latn,premise,contradiction,RELIABLE_GOLD,contradiction,0.9994876384735107,True,Two men wearing dark pants and red shirts are leaping in-synch in front of a white building.,Two men in black pants and red shirts jump in sync in front of a white building.,0.7758718729019165,0.9967371821403503,0.7758718729019165,contradiction,0.9993069171905518,False,False,False,"[{""group"":""space"",""original"":{""front"":1,""in"":2},""candidate"":{""front"":1,""in"":3},""field"":""premise""}]",[],"[{""group"":""space"",""original"":{""front"":1,""in"":2},""candidate"":{""front"":1,""in"":3},""field"":""premise""}]",0.15116279069767447,False,"[""semantic_drift""]",facebook/nllb-200-distilled-600M,f8d333a098d19b4fd9a8b18f94170487ad3f821d,MoritzLaurer/DeBERTa-v3-base-mnli-fever-anli,6f5cf0a2b59cabb106aca4c287eed12e357e90eb
536,355209,355209:hypothesis:fra_Latn,hypothesis,contradiction,RELIABLE_GOLD,contradiction,0.9995692372322083,True,There is a girl dressed in light colored clothing frowning at a man.,There's a girl in brightly colored clothes who's rubbing a man.,0.00018160781473852694,0.00033364558476023376,0.00018160781473852694,contradiction,0.9994526505470276,False,False,False,[],[],[],0.3129770992366412,False,"[""semantic_drift""]",facebook/nllb-200-distilled-600M,f8d333a098d19b4fd9a8b18f94170487ad3f821d,MoritzLaurer/DeBERTa-v3-base-mnli-fever-anli,6f5cf0a2b59cabb106aca4c287eed12e357e90eb
538,356013,356013:hypothesis:fra_Latn,hypothesis,entailment,RELIABLE_GOLD,entailment,0.9944912195205688,True,Women are standing.,The women are up.,0.9937418103218079,0.9927089214324951,0.9927089214324951,entailment,0.6365990042686462,False,False,False,[],[],[],0.38888888888888884,False,"[""low_nli_confidence""]",facebook/nllb-200-distilled-600M,f8d333a098d19b4fd9a8b18f94170487ad3f821d,MoritzLaurer/DeBERTa-v3-base-mnli-fever-anli,6f5cf0a2b59cabb106aca4c287eed12e357e90eb
540,357578,357578:premise:fra_Latn,premise,contradiction,RELIABLE_GOLD,contradiction,0.9994580149650574,True,Small child in green shorts and green shirt squatting and looking at something.,A little boy in green shorts and a green shirt who's crouching and staring at something.,0.1626119464635849,0.9974244832992554,0.1626119464635849,contradiction,0.9995948672294617,False,False,False,[],[],[],0.23353293413173648,False,"[""semantic_drift""]",facebook/nllb-200-distilled-600M,f8d333a098d19b4fd9a8b18f94170487ad3f821d,MoritzLaurer/DeBERTa-v3-base-mnli-fever-anli,6f5cf0a2b59cabb106aca4c287eed12e357e90eb
544,359675,359675:premise:fra_Latn,premise,neutral,GOLD_DISAGREEMENT,contradiction,0.012632599100470543,False,A man is taking a nap outdoors under the cover of a pink blanket.,A man is taking a nap outdoors under the cover of a pink blanket.,,,,None,,False,False,False,[],[],[],,False,"[""source_label_disagreement""]",facebook/nllb-200-distilled-600M,,MoritzLaurer/DeBERTa-v3-base-mnli-fever-anli,6f5cf0a2b59cabb106aca4c287eed12e357e90eb
544,359675,359675:hypothesis:fra_Latn,hypothesis,neutral,GOLD_DISAGREEMENT,contradiction,0.012632599100470543,False,A man is dead outdoors under the cover of a pink blanket.,A man is dead outdoors under the cover of a pink blanket.,,,,None,,False,False,False,[],[],[],,False,"[""source_label_disagreement""]",facebook/nllb-200-distilled-600M,,MoritzLaurer/DeBERTa-v3-base-mnli-fever-anli,6f5cf0a2b59cabb106aca4c287eed12e357e90eb
556,369541,369541:premise:fra_Latn,premise,neutral,GOLD_DISAGREEMENT,entailment,0.09175454080104828,False,Five boy scouts performing on an indoor stage.,Five boy scouts performing on an indoor stage.,,,,None,,False,False,False,[],[],[],,False,"[""source_label_disagreement""]",facebook/nllb-200-distilled-600M,,MoritzLaurer/DeBERTa-v3-base-mnli-fever-anli,6f5cf0a2b59cabb106aca4c287eed12e357e90eb
556,369541,369541:hypothesis:fra_Latn,hypothesis,neutral,GOLD_DISAGREEMENT,entailment,0.09175454080104828,False,the boys are five,the boys are five,,,,None,,False,False,False,[],[],[],,False,"[""source_label_disagreement""]",facebook/nllb-200-distilled-600M,,MoritzLaurer/DeBERTa-v3-base-mnli-fever-anli,6f5cf0a2b59cabb106aca4c287eed12e357e90eb
557,369982,369982:premise:fra_Latn,premise,neutral,GOLD_LOW_CONFIDENCE,neutral,0.5404543280601501,False,two wrestlers fighting in a rink with a referee in the backgroud,two wrestlers fighting in a rink with a referee in the backgroud,,,,None,,False,False,False,[],[],[],,False,"[""source_nli_low_confidence""]",facebook/nllb-200-distilled-600M,,MoritzLaurer/DeBERTa-v3-base-mnli-fever-anli,6f5cf0a2b59cabb106aca4c287eed12e357e90eb
557,369982,369982:hypothesis:fra_Latn,hypothesis,neutral,GOLD_LOW_CONFIDENCE,neutral,0.5404543280601501,False,Some wrestlers are wrestling in a backyard championship match.,Some wrestlers are wrestling in a backyard championship match.,,,,None,,False,False,False,[],[],[],,False,"[""source_nli_low_confidence""]",facebook/nllb-200-distilled-600M,,MoritzLaurer/DeBERTa-v3-base-mnli-fever-anli,6f5cf0a2b59cabb106aca4c287eed12e357e90eb
558,371082,371082:premise:fra_Latn,premise,neutral,GOLD_LOW_CONFIDENCE,neutral,0.7027095556259155,False,This is two black children dressed the same hugging.,This is two black children dressed the same hugging.,,,,None,,False,False,False,[],[],[],,False,"[""source_nli_low_confidence""]",facebook/nllb-200-distilled-600M,,MoritzLaurer/DeBERTa-v3-base-mnli-fever-anli,6f5cf0a2b59cabb106aca4c287eed12e357e90eb
558,371082,371082:hypothesis:fra_Latn,hypothesis,neutral,GOLD_LOW_CONFIDENCE,neutral,0.7027095556259155,False,Funny humans dressed,Funny humans dressed,,,,None,,False,False,False,[],[],[],,False,"[""source_nli_low_confidence""]",facebook/nllb-200-distilled-600M,,MoritzLaurer/DeBERTa-v3-base-mnli-fever-anli,6f5cf0a2b59cabb106aca4c287eed12e357e90eb
559,371632,371632:premise:fra_Latn,premise,entailment,GOLD_LOW_CONFIDENCE,entailment,0.6213229298591614,False,A group of five people have picture taken while jumping in the air.,A group of five people have picture taken while jumping in the air.,,,,None,,False,False,False,[],[],[],,False,"[""source_nli_low_confidence""]",facebook/nllb-200-distilled-600M,,MoritzLaurer/DeBERTa-v3-base-mnli-fever-anli,6f5cf0a2b59cabb106aca4c287eed12e357e90eb
559,371632,371632:hypothesis:fra_Latn,hypothesis,entailment,GOLD_LOW_CONFIDENCE,entailment,0.6213229298591614,False,The people jump in the air when the picture is taken.,The people jump in the air when the picture is taken.,,,,None,,False,False,False,[],[],[],,False,"[""source_nli_low_confidence""]",facebook/nllb-200-distilled-600M,,MoritzLaurer/DeBERTa-v3-base-mnli-fever-anli,6f5cf0a2b59cabb106aca4c287eed12e357e90eb
564,374215,374215:premise:fra_Latn,premise,neutral,GOLD_DISAGREEMENT,entailment,0.011463276110589504,False,Amish guy plays golf and walks,Amish guy plays golf and walks,,,,None,,False,False,False,[],[],[],,False,"[""source_label_disagreement""]",facebook/nllb-200-distilled-600M,,MoritzLaurer/DeBERTa-v3-base-mnli-fever-anli,6f5cf0a2b59cabb106aca4c287eed12e357e90eb
564,374215,374215:hypothesis:fra_Latn,hypothesis,neutral,GOLD_DISAGREEMENT,entailment,0.011463276110589504,False,An Amish man enjoying some golf.,An Amish man enjoying some golf.,,,,None,,False,False,False,[],[],[],,False,"[""source_label_disagreement""]",facebook/nllb-200-distilled-600M,,MoritzLaurer/DeBERTa-v3-base-mnli-fever-anli,6f5cf0a2b59cabb106aca4c287eed12e357e90eb
566,374679,374679:premise:fra_Latn,premise,neutral,GOLD_DISAGREEMENT,contradiction,0.004422362428158522,False,A man leaning into a hole in the counter.,A man leaning into a hole in the counter.,,,,None,,False,False,False,[],[],[],,False,"[""source_label_disagreement""]",facebook/nllb-200-distilled-600M,,MoritzLaurer/DeBERTa-v3-base-mnli-fever-anli,6f5cf0a2b59cabb106aca4c287eed12e357e90eb
566,374679,374679:hypothesis:fra_Latn,hypothesis,neutral,GOLD_DISAGREEMENT,contradiction,0.004422362428158522,False,A man standing at the counter.,A man standing at the counter.,,,,None,,False,False,False,[],[],[],,False,"[""source_label_disagreement""]",facebook/nllb-200-distilled-600M,,MoritzLaurer/DeBERTa-v3-base-mnli-fever-anli,6f5cf0a2b59cabb106aca4c287eed12e357e90eb
546,360709,360709:premise:fra_Latn,premise,contradiction,RELIABLE_GOLD,contradiction,0.9982041120529175,True,Three school boys posing under a blue umbrella.,Three schoolchildren posing under a blue umbrella.,0.9927774667739868,0.023143690079450607,0.023143690079450607,contradiction,0.9981277585029602,False,False,False,[],[],[],0.134020618556701,False,"[""semantic_drift""]",facebook/nllb-200-distilled-600M,f8d333a098d19b4fd9a8b18f94170487ad3f821d,MoritzLaurer/DeBERTa-v3-base-mnli-fever-anli,6f5cf0a2b59cabb106aca4c287eed12e357e90eb
546,360709,360709:hypothesis:fra_Latn,hypothesis,contradiction,RELIABLE_GOLD,contradiction,0.9982041120529175,True,The umbrella is red.,The umbrella is red.,0.9963108897209167,0.9963108897209167,0.9963108897209167,contradiction,0.9982041120529175,False,False,False,[],[],[],0.0,False,"[""trivial_copy""]",facebook/nllb-200-distilled-600M,f8d333a098d19b4fd9a8b18f94170487ad3f821d,MoritzLaurer/DeBERTa-v3-base-mnli-fever-anli,6f5cf0a2b59cabb106aca4c287eed12e357e90eb
548,361621,361621:premise:fra_Latn,premise,neutral,RELIABLE_GOLD,neutral,0.9944227337837219,True,A woman wearing sunglasses and a black shirt is running on the beach.,A woman wearing sunglasses and a black shirt runs to the beach.,0.9593701362609863,0.9857174158096313,0.9593701362609863,contradiction,0.009680444374680519,False,False,False,"[{""group"":""space"",""original"":{""on"":1},""candidate"":{},""field"":""premise""}]",[],"[{""group"":""space"",""original"":{""on"":1},""candidate"":{},""field"":""premise""}]",0.0757575757575758,False,"[""label_flip""]",facebook/nllb-200-distilled-600M,f8d333a098d19b4fd9a8b18f94170487ad3f821d,MoritzLaurer/DeBERTa-v3-base-mnli-fever-anli,6f5cf0a2b59cabb106aca4c287eed12e357e90eb
548,361621,361621:hypothesis:fra_Latn,hypothesis,neutral,RELIABLE_GOLD,neutral,0.9944227337837219,True,A woman runs away from a lobster.,A woman runs away from a lobster.,0.9971826076507568,0.9971826076507568,0.9971826076507568,neutral,0.9944227337837219,False,False,False,[],[],[],0.0,False,"[""trivial_copy""]",facebook/nllb-200-distilled-600M,f8d333a098d19b4fd9a8b18f94170487ad3f821d,MoritzLaurer/DeBERTa-v3-base-mnli-fever-anli,6f5cf0a2b59cabb106aca4c287eed12e357e90eb
549,363227,363227:premise:fra_Latn,premise,entailment,RELIABLE_GOLD,entailment,0.9731098413467407,True,a middle-aged man working on a dock.,A middle-aged man working on a dock.,0.9958735108375549,0.9970312118530273,0.9958735108375549,entailment,0.9503093957901001,False,False,False,[],[],[],0.0,False,"[""trivial_copy""]",facebook/nllb-200-distilled-600M,f8d333a098d19b4fd9a8b18f94170487ad3f821d,MoritzLaurer/DeBERTa-v3-base-mnli-fever-anli,6f5cf0a2b59cabb106aca4c287eed12e357e90eb
549,363227,363227:hypothesis:fra_Latn,hypothesis,entailment,RELIABLE_GOLD,entailment,0.9731098413467407,True,A man is fixing a dock.,A man is fixing a dock.,0.997559666633606,0.997559666633606,0.997559666633606,entailment,0.9731098413467407,False,False,False,[],[],[],0.0,False,"[""trivial_copy""]",facebook/nllb-200-distilled-600M,f8d333a098d19b4fd9a8b18f94170487ad3f821d,MoritzLaurer/DeBERTa-v3-base-mnli-fever-anli,6f5cf0a2b59cabb106aca4c287eed12e357e90eb
550,364369,364369:hypothesis:fra_Latn,hypothesis,contradiction,RELIABLE_GOLD,contradiction,0.9993535876274109,True,A man and woman are sitting on a couch.,A man and a woman are sitting on a couch.,0.9973747730255127,0.9978485107421875,0.9973747730255127,contradiction,0.9992232322692871,False,False,False,[],[],[],0.025000000000000022,False,"[""trivial_copy""]",facebook/nllb-200-distilled-600M,f8d333a098d19b4fd9a8b18f94170487ad3f821d,MoritzLaurer/DeBERTa-v3-base-mnli-fever-anli,6f5cf0a2b59cabb106aca4c287eed12e357e90eb
551,364429,364429:hypothesis:fra_Latn,hypothesis,neutral,RELIABLE_GOLD,neutral,0.9676528573036194,True,A man and a woman are in the park,A man and a woman are in the park.,0.9958475828170776,0.995617151260376,0.995617151260376,neutral,0.9358646869659424,False,False,False,[],[],[],0.014925373134328401,False,"[""trivial_copy""]",facebook/nllb-200-distilled-600M,f8d333a098d19b4fd9a8b18f94170487ad3f821d,MoritzLaurer/DeBERTa-v3-base-mnli-fever-anli,6f5cf0a2b59cabb106aca4c287eed12e357e90eb
555,369396,369396:hypothesis:fra_Latn,hypothesis,contradiction,RELIABLE_GOLD,contradiction,0.9935770630836487,True,A teenage girl is standing on the table.,A teenage girl is standing on the table.,0.9971122741699219,0.9971122741699219,0.9971122741699219,contradiction,0.9935770630836487,False,False,False,[],[],[],0.0,False,"[""trivial_copy""]",facebook/nllb-200-distilled-600M,f8d333a098d19b4fd9a8b18f94170487ad3f821d,MoritzLaurer/DeBERTa-v3-base-mnli-fever-anli,6f5cf0a2b59cabb106aca4c287eed12e357e90eb
561,372611,372611:premise:fra_Latn,premise,entailment,RELIABLE_GOLD,entailment,0.9933757185935974,True,A brown dog carries a multiple colored toy in the grass.,A brown dog carries a multicolored toy in the grass.,0.7073532342910767,0.9938173890113831,0.7073532342910767,entailment,0.9943689703941345,False,False,False,[],[],[],0.03703703703703709,False,"[""semantic_drift""]",facebook/nllb-200-distilled-600M,f8d333a098d19b4fd9a8b18f94170487ad3f821d,MoritzLaurer/DeBERTa-v3-base-mnli-fever-anli,6f5cf0a2b59cabb106aca4c287eed12e357e90eb
562,372919,372919:premise:fra_Latn,premise,neutral,RELIABLE_GOLD,neutral,0.9944473505020142,True,A woman with curly brown hair looks at a menu.,A woman with curly brown hair looks at a menu.,0.9959194660186768,0.9959194660186768,0.9959194660186768,neutral,0.9944473505020142,False,False,False,[],[],[],0.0,False,"[""trivial_copy""]",facebook/nllb-200-distilled-600M,f8d333a098d19b4fd9a8b18f94170487ad3f821d,MoritzLaurer/DeBERTa-v3-base-mnli-fever-anli,6f5cf0a2b59cabb106aca4c287eed12e357e90eb
563,373879,373879:hypothesis:fra_Latn,hypothesis,contradiction,RELIABLE_GOLD,contradiction,0.9996262788772583,True,The clidren are watching a game,The Clidren are watching a game.,0.9973387122154236,0.9970889687538147,0.9970889687538147,contradiction,0.9996534585952759,False,False,False,[],[],[],0.015873015873015928,False,"[""trivial_copy""]",facebook/nllb-200-distilled-600M,f8d333a098d19b4fd9a8b18f94170487ad3f821d,MoritzLaurer/DeBERTa-v3-base-mnli-fever-anli,6f5cf0a2b59cabb106aca4c287eed12e357e90eb
565,374596,374596:premise:fra_Latn,premise,neutral,RELIABLE_GOLD,neutral,0.9979286193847656,True,A group of people sitting in white plastic chairs are having a picnic.,A group of people sitting in white plastic chairs are having a picnic.,0.9960600733757019,0.9960600733757019,0.9960600733757019,neutral,0.9979286193847656,False,False,False,[],[],[],0.0,False,"[""trivial_copy""]",facebook/nllb-200-distilled-600M,f8d333a098d19b4fd9a8b18f94170487ad3f821d,MoritzLaurer/DeBERTa-v3-base-mnli-fever-anli,6f5cf0a2b59cabb106aca4c287eed12e357e90eb
565,374596,374596:hypothesis:fra_Latn,hypothesis,neutral,RELIABLE_GOLD,neutral,0.9979286193847656,True,All arrived at the picnic on foot.,Everyone walked to the picnic.,0.9970443844795227,0.9960249662399292,0.9960249662399292,contradiction,0.0828697457909584,False,False,False,"[{""group"":""quantifier"",""original"":{""all"":1},""candidate"":{},""field"":""hypothesis""},{""group"":""space"",""original"":{""on"":1},""candidate"":{},""field"":""hypothesis""}]",[],"[{""group"":""quantifier"",""original"":{""all"":1},""candidate"":{},""field"":""hypothesis""},{""group"":""space"",""original"":{""on"":1},""candidate"":{},""field"":""hypothesis""}]",0.4375,False,"[""label_flip""]",facebook/nllb-200-distilled-600M,f8d333a098d19b4fd9a8b18f94170487ad3f821d,MoritzLaurer/DeBERTa-v3-base-mnli-fever-anli,6f5cf0a2b59cabb106aca4c287eed12e357e90eb
568,375602,375602:hypothesis:fra_Latn,hypothesis,neutral,RELIABLE_GOLD,neutral,0.9945825934410095,True,A man is praying while holding a latern.,A man praying with a lantern.,0.000940103258471936,0.19043157994747162,0.000940103258471936,neutral,0.9966323971748352,False,False,False,[],[],[],0.24637681159420288,False,"[""semantic_drift""]",facebook/nllb-200-distilled-600M,f8d333a098d19b4fd9a8b18f94170487ad3f821d,MoritzLaurer/DeBERTa-v3-base-mnli-fever-anli,6f5cf0a2b59cabb106aca4c287eed12e357e90eb
570,376867,376867:premise:fra_Latn,premise,neutral,RELIABLE_GOLD,neutral,0.9974184036254883,True,A dog with a muzzle is leading several other dogs in a race,A dog with a mustache is ahead of several other dogs in a race.,0.4952601194381714,0.9013580679893494,0.4952601194381714,neutral,0.976477324962616,False,False,False,[],[],[],0.14754098360655743,False,"[""semantic_drift""]",facebook/nllb-200-distilled-600M,f8d333a098d19b4fd9a8b18f94170487ad3f821d,MoritzLaurer/DeBERTa-v3-base-mnli-fever-anli,6f5cf0a2b59cabb106aca4c287eed12e357e90eb
570,376867,376867:hypothesis:fra_Latn,hypothesis,neutral,RELIABLE_GOLD,neutral,0.9974184036254883,True,The muzzled dog is really having fun.,The mutilated dog is having a really good time.,0.5685330033302307,0.9533692002296448,0.5685330033302307,neutral,0.976824939250946,False,False,False,[],[],[],0.38095238095238093,False,"[""semantic_drift""]",facebook/nllb-200-distilled-600M,f8d333a098d19b4fd9a8b18f94170487ad3f821d,MoritzLaurer/DeBERTa-v3-base-mnli-fever-anli,6f5cf0a2b59cabb106aca4c287eed12e357e90eb
571,377799,377799:hypothesis:fra_Latn,hypothesis,contradiction,RELIABLE_GOLD,contradiction,0.9964756369590759,True,The gentleman is 10 years old.,The gentleman is 10 years old.,0.9962354302406311,0.9962354302406311,0.9962354302406311,contradiction,0.9964756369590759,False,False,False,[],[],[],0.0,False,"[""trivial_copy""]",facebook/nllb-200-distilled-600M,f8d333a098d19b4fd9a8b18f94170487ad3f821d,MoritzLaurer/DeBERTa-v3-base-mnli-fever-anli,6f5cf0a2b59cabb106aca4c287eed12e357e90eb
572,377914,377914:hypothesis:fra_Latn,hypothesis,contradiction,RELIABLE_GOLD,contradiction,0.9956269264221191,True,A woman in red holds a black kidney bean.,A woman in red holds a black kidney.,0.263858824968338,0.046648070216178894,0.046648070216178894,contradiction,0.9960183501243591,False,False,False,[],[],[],0.06493506493506496,False,"[""semantic_drift""]",facebook/nllb-200-distilled-600M,f8d333a098d19b4fd9a8b18f94170487ad3f821d,MoritzLaurer/DeBERTa-v3-base-mnli-fever-anli,6f5cf0a2b59cabb106aca4c287eed12e357e90eb
575,381415,381415:premise:fra_Latn,premise,neutral,RELIABLE_GOLD,neutral,0.9973044395446777,True,Two men in magenta costumes performing.,Two men in magenta suits coming out.,0.00310847582295537,0.010158159770071507,0.00310847582295537,neutral,0.9617884159088135,False,False,False,[],[],[],0.30666666666666664,False,"[""semantic_drift""]",facebook/nllb-200-distilled-600M,f8d333a098d19b4fd9a8b18f94170487ad3f821d,MoritzLaurer/DeBERTa-v3-base-mnli-fever-anli,6f5cf0a2b59cabb106aca4c287eed12e357e90eb
575,381415,381415:hypothesis:fra_Latn,hypothesis,neutral,RELIABLE_GOLD,neutral,0.9973044395446777,True,Two men are putting on a large show.,Two men are doing a great show.,0.19478192925453186,0.014766705222427845,0.014766705222427845,neutral,0.995854377746582,False,False,False,"[{""group"":""space"",""original"":{""on"":1},""candidate"":{},""field"":""hypothesis""}]",[],"[{""group"":""space"",""original"":{""on"":1},""candidate"":{},""field"":""hypothesis""}]",0.25373134328358204,False,"[""semantic_drift""]",facebook/nllb-200-distilled-600M,f8d333a098d19b4fd9a8b18f94170487ad3f821d,MoritzLaurer/DeBERTa-v3-base-mnli-fever-anli,6f5cf0a2b59cabb106aca4c287eed12e357e90eb
584,389488,389488:premise:fra_Latn,premise,entailment,GOLD_DISAGREEMENT,contradiction,0.018055835738778114,False,three children in a field with white flowers,three children in a field with white flowers,,,,None,,False,False,False,[],[],[],,False,"[""source_label_disagreement""]",facebook/nllb-200-distilled-600M,,MoritzLaurer/DeBERTa-v3-base-mnli-fever-anli,6f5cf0a2b59cabb106aca4c287eed12e357e90eb
584,389488,389488:hypothesis:fra_Latn,hypothesis,entailment,GOLD_DISAGREEMENT,contradiction,0.018055835738778114,False,Three people sit in the grass.,Three people sit in the grass.,,,,None,,False,False,False,[],[],[],,False,"[""source_label_disagreement""]",facebook/nllb-200-distilled-600M,,MoritzLaurer/DeBERTa-v3-base-mnli-fever-anli,6f5cf0a2b59cabb106aca4c287eed12e357e90eb
588,394495,394495:premise:fra_Latn,premise,neutral,GOLD_DISAGREEMENT,contradiction,0.1128077581524849,False,Men and women competing in a marathon.,Men and women competing in a marathon.,,,,None,,False,False,False,[],[],[],,False,"[""source_label_disagreement""]",facebook/nllb-200-distilled-600M,,MoritzLaurer/DeBERTa-v3-base-mnli-fever-anli,6f5cf0a2b59cabb106aca4c287eed12e357e90eb
588,394495,394495:hypothesis:fra_Latn,hypothesis,neutral,GOLD_DISAGREEMENT,contradiction,0.1128077581524849,False,The men and women are at the end of the marathon.,The men and women are at the end of the marathon.,,,,None,,False,False,False,[],[],[],,False,"[""source_label_disagreement""]",facebook/nllb-200-distilled-600M,,MoritzLaurer/DeBERTa-v3-base-mnli-fever-anli,6f5cf0a2b59cabb106aca4c287eed12e357e90eb
595,398189,398189:premise:fra_Latn,premise,contradiction,GOLD_DISAGREEMENT,neutral,0.004748709965497255,False,"A person is standing at the top of a large, rolling sand dune.","A person is standing at the top of a large, rolling sand dune.",,,,None,,False,False,False,[],[],[],,False,"[""source_label_disagreement""]",facebook/nllb-200-distilled-600M,,MoritzLaurer/DeBERTa-v3-base-mnli-fever-anli,6f5cf0a2b59cabb106aca4c287eed12e357e90eb
595,398189,398189:hypothesis:fra_Latn,hypothesis,contradiction,GOLD_DISAGREEMENT,neutral,0.004748709965497255,False,She was stranded in the desert.,She was stranded in the desert.,,,,None,,False,False,False,[],[],[],,False,"[""source_label_disagreement""]",facebook/nllb-200-distilled-600M,,MoritzLaurer/DeBERTa-v3-base-mnli-fever-anli,6f5cf0a2b59cabb106aca4c287eed12e357e90eb
605,405381,405381:premise:fra_Latn,premise,contradiction,GOLD_DISAGREEMENT,neutral,0.21296705305576324,False,"A child in a red jacket, sitting atop a slide.","A child in a red jacket, sitting atop a slide.",,,,None,,False,False,False,[],[],[],,False,"[""source_label_disagreement""]",facebook/nllb-200-distilled-600M,,MoritzLaurer/DeBERTa-v3-base-mnli-fever-anli,6f5cf0a2b59cabb106aca4c287eed12e357e90eb
605,405381,405381:hypothesis:fra_Latn,hypothesis,contradiction,GOLD_DISAGREEMENT,neutral,0.21296705305576324,False,A child is sliding down a waterslide,A child is sliding down a waterslide,,,,None,,False,False,False,[],[],[],,False,"[""source_label_disagreement""]",facebook/nllb-200-distilled-600M,,MoritzLaurer/DeBERTa-v3-base-mnli-fever-anli,6f5cf0a2b59cabb106aca4c287eed12e357e90eb
576,381818,381818:premise:fra_Latn,premise,neutral,RELIABLE_GOLD,neutral,0.9964345693588257,True,Two men juggling in front of a group of people.,Two men juggling in front of a group of people.,0.9934098124504089,0.9934098124504089,0.9934098124504089,neutral,0.9964345693588257,False,False,False,[],[],[],0.0,False,"[""trivial_copy""]",facebook/nllb-200-distilled-600M,f8d333a098d19b4fd9a8b18f94170487ad3f821d,MoritzLaurer/DeBERTa-v3-base-mnli-fever-anli,6f5cf0a2b59cabb106aca4c287eed12e357e90eb
579,383368,383368:premise:fra_Latn,premise,contradiction,RELIABLE_GOLD,contradiction,0.9444877505302429,True,A man in an orange shirt and black cap is standing in front of a stage with several women dancing.,A man dressed in a purple shirt and a black hat stood in front of the stage with many women dancing.,0.0006111207767389715,0.002754368120804429,0.0006111207767389715,contradiction,0.8033909201622009,False,False,False,"[{""group"":""quantifier"",""original"":{""several"":1},""candidate"":{""many"":1},""field"":""premise""}]",[],"[{""group"":""quantifier"",""original"":{""several"":1},""candidate"":{""many"":1},""field"":""premise""}]",0.23232323232323238,False,"[""semantic_drift""]",facebook/nllb-200-distilled-600M,f8d333a098d19b4fd9a8b18f94170487ad3f821d,MoritzLaurer/DeBERTa-v3-base-mnli-fever-anli,6f5cf0a2b59cabb106aca4c287eed12e357e90eb
579,383368,383368:hypothesis:fra_Latn,hypothesis,contradiction,RELIABLE_GOLD,contradiction,0.9444877505302429,True,A man dancing with women on stage.,A man dancing with women on stage.,0.9954087138175964,0.9954087138175964,0.9954087138175964,contradiction,0.9444877505302429,False,False,False,[],[],[],0.0,False,"[""trivial_copy""]",facebook/nllb-200-distilled-600M,f8d333a098d19b4fd9a8b18f94170487ad3f821d,MoritzLaurer/DeBERTa-v3-base-mnli-fever-anli,6f5cf0a2b59cabb106aca4c287eed12e357e90eb
581,385656,385656:premise:fra_Latn,premise,neutral,RELIABLE_GOLD,neutral,0.9992802739143372,True,A man playing drums on upside down jugs.,A man playing drums on pots upside down.,0.9822284579277039,0.8701163530349731,0.8701163530349731,neutral,0.9992371797561646,False,False,False,[],[],[],0.125,False,"[""semantic_drift""]",facebook/nllb-200-distilled-600M,f8d333a098d19b4fd9a8b18f94170487ad3f821d,MoritzLaurer/DeBERTa-v3-base-mnli-fever-anli,6f5cf0a2b59cabb106aca4c287eed12e357e90eb
581,385656,385656:hypothesis:fra_Latn,hypothesis,neutral,RELIABLE_GOLD,neutral,0.9992802739143372,True,The jugs the man is playing on are very big.,The guys the man plays on are very big.,0.028308624401688576,0.018148209899663925,0.018148209899663925,neutral,0.9888091683387756,False,False,False,[],[],[],0.1325301204819277,False,"[""semantic_drift""]",facebook/nllb-200-distilled-600M,f8d333a098d19b4fd9a8b18f94170487ad3f821d,MoritzLaurer/DeBERTa-v3-base-mnli-fever-anli,6f5cf0a2b59cabb106aca4c287eed12e357e90eb
582,387067,387067:hypothesis:fra_Latn,hypothesis,neutral,RELIABLE_GOLD,neutral,0.9974660873413086,True,A woman in shorts is running.,A woman in short shorts.,0.9804671406745911,0.0008353274897672236,0.0008353274897672236,neutral,0.9748645424842834,False,False,False,[],[],[],0.28301886792452835,False,"[""semantic_drift""]",facebook/nllb-200-distilled-600M,f8d333a098d19b4fd9a8b18f94170487ad3f821d,MoritzLaurer/DeBERTa-v3-base-mnli-fever-anli,6f5cf0a2b59cabb106aca4c287eed12e357e90eb
583,388849,388849:premise:fra_Latn,premise,contradiction,RELIABLE_GOLD,contradiction,0.9996663331985474,True,An elderly man with a beard in a dark suit is walking through a rainy city.,An old man with a beard in a black suit walks through a rainy town.,0.29827502369880676,0.9938392043113708,0.29827502369880676,contradiction,0.999640941619873,False,False,False,[],[],[],0.16901408450704225,False,"[""semantic_drift""]",facebook/nllb-200-distilled-600M,f8d333a098d19b4fd9a8b18f94170487ad3f821d,MoritzLaurer/DeBERTa-v3-base-mnli-fever-anli,6f5cf0a2b59cabb106aca4c287eed12e357e90eb
585,389577,389577:hypothesis:fra_Latn,hypothesis,entailment,RELIABLE_GOLD,entailment,0.9969184398651123,True,A person wear a costume.,A person wears a suit.,0.0007080300711095333,0.01725461147725582,0.0007080300711095333,contradiction,0.00026148324832320213,False,False,False,[],[],[],0.17391304347826086,False,"[""semantic_drift"",""label_flip""]",facebook/nllb-200-distilled-600M,f8d333a098d19b4fd9a8b18f94170487ad3f821d,MoritzLaurer/DeBERTa-v3-base-mnli-fever-anli,6f5cf0a2b59cabb106aca4c287eed12e357e90eb
586,390330,390330:premise:fra_Latn,premise,contradiction,RELIABLE_GOLD,contradiction,0.9977604150772095,True,"A woman in a white shirt, with a red bandanna holding the end of a sign post.","A woman in a white shirt, with a red band holding the tip of a signpost.",0.975739598274231,0.03926221281290054,0.03926221281290054,contradiction,0.999049961566925,False,False,False,[],[],[],0.0738255033557047,False,"[""semantic_drift""]",facebook/nllb-200-distilled-600M,f8d333a098d19b4fd9a8b18f94170487ad3f821d,MoritzLaurer/DeBERTa-v3-base-mnli-fever-anli,6f5cf0a2b59cabb106aca4c287eed12e357e90eb
591,396067,396067:hypothesis:fra_Latn,hypothesis,neutral,RELIABLE_GOLD,neutral,0.9959322810173035,True,A girl with blonde hair in front of a mirror.,A girl with blond hair in front of a mirror.,0.9952926635742188,0.9964672327041626,0.9952926635742188,neutral,0.9967395663261414,False,False,False,[],[],[],0.011235955056179803,False,"[""trivial_copy""]",facebook/nllb-200-distilled-600M,f8d333a098d19b4fd9a8b18f94170487ad3f821d,MoritzLaurer/DeBERTa-v3-base-mnli-fever-anli,6f5cf0a2b59cabb106aca4c287eed12e357e90eb
593,396554,396554:premise:fra_Latn,premise,entailment,RELIABLE_GOLD,entailment,0.8252729177474976,True,"A child in a coat and hat is standing in a yellow doorway, and a woman in a coat and hat is standing outside, holding a cup.","A boy in a yellow robe and hat stood at a gate, and a woman in a robe and hat stood outside, holding a cup.",0.0008137804688885808,0.0923345685005188,0.0008137804688885808,contradiction,0.0009805683512240648,False,False,False,"[{""group"":""space"",""original"":{""outside"":1,""in"":3},""candidate"":{""outside"":1,""in"":2},""field"":""premise""}]",[],"[{""group"":""space"",""original"":{""outside"":1,""in"":3},""candidate"":{""outside"":1,""in"":2},""field"":""premise""}]",0.34199134199134196,False,"[""semantic_drift"",""label_flip""]",facebook/nllb-200-distilled-600M,f8d333a098d19b4fd9a8b18f94170487ad3f821d,MoritzLaurer/DeBERTa-v3-base-mnli-fever-anli,6f5cf0a2b59cabb106aca4c287eed12e357e90eb
593,396554,396554:hypothesis:fra_Latn,hypothesis,entailment,RELIABLE_GOLD,entailment,0.8252729177474976,True,The door is open.,The door is open.,0.9971107244491577,0.9971107244491577,0.9971107244491577,entailment,0.8252729177474976,False,False,False,[],[],[],0.0,False,"[""trivial_copy""]",facebook/nllb-200-distilled-600M,f8d333a098d19b4fd9a8b18f94170487ad3f821d,MoritzLaurer/DeBERTa-v3-base-mnli-fever-anli,6f5cf0a2b59cabb106aca4c287eed12e357e90eb
597,399855,399855:hypothesis:fra_Latn,hypothesis,entailment,RELIABLE_GOLD,entailment,0.8535900115966797,True,a girl has a balloon,a girl has a ball,0.940924882888794,0.68727707862854,0.68727707862854,contradiction,0.010619518347084522,False,False,False,[],[],[],0.08108108108108103,False,"[""semantic_drift"",""label_flip""]",facebook/nllb-200-distilled-600M,f8d333a098d19b4fd9a8b18f94170487ad3f821d,MoritzLaurer/DeBERTa-v3-base-mnli-fever-anli,6f5cf0a2b59cabb106aca4c287eed12e357e90eb
598,400206,400206:hypothesis:fra_Latn,hypothesis,neutral,RELIABLE_GOLD,neutral,0.9995505213737488,True,The girls are wearing tights.,The girls are wearing pants.,0.00038591446354985237,0.00019660656107589602,0.00019660656107589602,neutral,0.9989450573921204,False,False,False,[],[],[],0.1228070175438597,False,"[""semantic_drift""]",facebook/nllb-200-distilled-600M,f8d333a098d19b4fd9a8b18f94170487ad3f821d,MoritzLaurer/DeBERTa-v3-base-mnli-fever-anli,6f5cf0a2b59cabb106aca4c287eed12e357e90eb
599,400731,400731:hypothesis:fra_Latn,hypothesis,entailment,RELIABLE_GOLD,entailment,0.9974445104598999,True,A group of children is performing outside.,A group of kids playing outside.,0.34325066208839417,0.2610834836959839,0.2610834836959839,contradiction,0.011049571447074413,False,False,False,[],[],[],0.2432432432432432,False,"[""semantic_drift"",""label_flip""]",facebook/nllb-200-distilled-600M,f8d333a098d19b4fd9a8b18f94170487ad3f821d,MoritzLaurer/DeBERTa-v3-base-mnli-fever-anli,6f5cf0a2b59cabb106aca4c287eed12e357e90eb
600,400864,400864:hypothesis:fra_Latn,hypothesis,neutral,RELIABLE_GOLD,neutral,0.9583387970924377,True,A person was outside playing a threw something.,Someone was out there playing a throwing something.,0.9973796606063843,0.9975676536560059,0.9973796606063843,entailment,0.375914603471756,False,False,False,"[{""group"":""space"",""original"":{""outside"":1},""candidate"":{},""field"":""hypothesis""}]",[],"[{""group"":""space"",""original"":{""outside"":1},""candidate"":{},""field"":""hypothesis""}]",0.22448979591836737,False,"[""label_flip""]",facebook/nllb-200-distilled-600M,f8d333a098d19b4fd9a8b18f94170487ad3f821d,MoritzLaurer/DeBERTa-v3-base-mnli-fever-anli,6f5cf0a2b59cabb106aca4c287eed12e357e90eb
602,403554,403554:premise:fra_Latn,premise,neutral,RELIABLE_GOLD,neutral,0.9148843288421631,True,A man in checkered pants rides a unicycle down the street while juggling for a crowd.,A man in chess pants drives a single-seat car down the street juggling for a crowd.,8.673829142935574e-05,0.00011662462202366441,8.673829142935574e-05,neutral,0.8517856001853943,False,False,False,"[{""group"":""number"",""original"":{},""candidate"":{""1"":1},""field"":""premise""}]",[],"[{""group"":""number"",""original"":{},""candidate"":{""1"":1},""field"":""premise""}]",0.20238095238095233,False,"[""semantic_drift""]",facebook/nllb-200-distilled-600M,f8d333a098d19b4fd9a8b18f94170487ad3f821d,MoritzLaurer/DeBERTa-v3-base-mnli-fever-anli,6f5cf0a2b59cabb106aca4c287eed12e357e90eb
603,403976,403976:hypothesis:fra_Latn,hypothesis,contradiction,RELIABLE_GOLD,contradiction,0.9997472167015076,True,The people are standing in the desert.,The people are standing in the desert.,0.9969527721405029,0.9969527721405029,0.9969527721405029,contradiction,0.9997472167015076,False,False,False,[],[],[],0.0,False,"[""trivial_copy""]",facebook/nllb-200-distilled-600M,f8d333a098d19b4fd9a8b18f94170487ad3f821d,MoritzLaurer/DeBERTa-v3-base-mnli-fever-anli,6f5cf0a2b59cabb106aca4c287eed12e357e90eb
607,407321,407321:premise:fra_Latn,premise,neutral,RELIABLE_GOLD,neutral,0.9973529577255249,True,Several people are walking on a sidewalk while one person is laying down.,Several people are walking down a sidewalk while one person is lying down.,0.990059494972229,0.9969545602798462,0.990059494972229,neutral,0.9983117580413818,False,False,False,"[{""group"":""space"",""original"":{""on"":1},""candidate"":{},""field"":""premise""}]",[],"[{""group"":""space"",""original"":{""on"":1},""candidate"":{},""field"":""premise""}]",0.020408163265306145,False,"[""trivial_copy""]",facebook/nllb-200-distilled-600M,f8d333a098d19b4fd9a8b18f94170487ad3f821d,MoritzLaurer/DeBERTa-v3-base-mnli-fever-anli,6f5cf0a2b59cabb106aca4c287eed12e357e90eb
609,412899,412899:premise:fra_Latn,premise,contradiction,GOLD_DISAGREEMENT,neutral,0.0013670887565240264,False,A child holding some shoes.,A child holding some shoes.,,,,None,,False,False,False,[],[],[],,False,"[""source_label_disagreement""]",facebook/nllb-200-distilled-600M,,MoritzLaurer/DeBERTa-v3-base-mnli-fever-anli,6f5cf0a2b59cabb106aca4c287eed12e357e90eb
609,412899,412899:hypothesis:fra_Latn,hypothesis,contradiction,GOLD_DISAGREEMENT,neutral,0.0013670887565240264,False,The child is tying the shoelaces on his shoes.,The child is tying the shoelaces on his shoes.,,,,None,,False,False,False,[],[],[],,False,"[""source_label_disagreement""]",facebook/nllb-200-distilled-600M,,MoritzLaurer/DeBERTa-v3-base-mnli-fever-anli,6f5cf0a2b59cabb106aca4c287eed12e357e90eb
617,420064,420064:premise:fra_Latn,premise,neutral,GOLD_DISAGREEMENT,entailment,0.05172386392951012,False,A police officer on a motorcycle talking to two men on a cobblestone street.,A police officer on a motorcycle talking to two men on a cobblestone street.,,,,None,,False,False,False,[],[],[],,False,"[""source_label_disagreement""]",facebook/nllb-200-distilled-600M,,MoritzLaurer/DeBERTa-v3-base-mnli-fever-anli,6f5cf0a2b59cabb106aca4c287eed12e357e90eb
617,420064,420064:hypothesis:fra_Latn,hypothesis,neutral,GOLD_DISAGREEMENT,entailment,0.05172386392951012,False,A motorbike cop interrogates two men on a street.,A motorbike cop interrogates two men on a street.,,,,None,,False,False,False,[],[],[],,False,"[""source_label_disagreement""]",facebook/nllb-200-distilled-600M,,MoritzLaurer/DeBERTa-v3-base-mnli-fever-anli,6f5cf0a2b59cabb106aca4c287eed12e357e90eb
621,423518,423518:premise:fra_Latn,premise,neutral,GOLD_DISAGREEMENT,contradiction,0.44881385564804077,False,A magician performs with a burning bar placed in his front on the floor while the crowd watches closely.,A magician performs with a burning bar placed in his front on the floor while the crowd watches closely.,,,,None,,False,False,False,[],[],[],,False,"[""source_label_disagreement""]",facebook/nllb-200-distilled-600M,,MoritzLaurer/DeBERTa-v3-base-mnli-fever-anli,6f5cf0a2b59cabb106aca4c287eed12e357e90eb
621,423518,423518:hypothesis:fra_Latn,hypothesis,neutral,GOLD_DISAGREEMENT,contradiction,0.44881385564804077,False,The magician burns himself.,The magician burns himself.,,,,None,,False,False,False,[],[],[],,False,"[""source_label_disagreement""]",facebook/nllb-200-distilled-600M,,MoritzLaurer/DeBERTa-v3-base-mnli-fever-anli,6f5cf0a2b59cabb106aca4c287eed12e357e90eb
638,436878,436878:premise:fra_Latn,premise,contradiction,GOLD_DISAGREEMENT,neutral,0.0005146695766597986,False,A person does a trick on a skateboard.,A person does a trick on a skateboard.,,,,None,,False,False,False,[],[],[],,False,"[""source_label_disagreement""]",facebook/nllb-200-distilled-600M,,MoritzLaurer/DeBERTa-v3-base-mnli-fever-anli,6f5cf0a2b59cabb106aca4c287eed12e357e90eb
638,436878,436878:hypothesis:fra_Latn,hypothesis,contradiction,GOLD_DISAGREEMENT,neutral,0.0005146695766597986,False,Trick on skateborad by a young boy in a busy traffic,Trick on skateborad by a young boy in a busy traffic,,,,None,,False,False,False,[],[],[],,False,"[""source_label_disagreement""]",facebook/nllb-200-distilled-600M,,MoritzLaurer/DeBERTa-v3-base-mnli-fever-anli,6f5cf0a2b59cabb106aca4c287eed12e357e90eb
610,413131,413131:hypothesis:fra_Latn,hypothesis,neutral,RELIABLE_GOLD,neutral,0.9985820055007935,True,The men are coworkers.,Men are colleagues.,0.9916371703147888,0.9859960675239563,0.9859960675239563,neutral,0.7811066508293152,False,False,False,[],[],[],0.36585365853658536,False,"[""low_nli_confidence""]",facebook/nllb-200-distilled-600M,f8d333a098d19b4fd9a8b18f94170487ad3f821d,MoritzLaurer/DeBERTa-v3-base-mnli-fever-anli,6f5cf0a2b59cabb106aca4c287eed12e357e90eb
613,416052,416052:premise:fra_Latn,premise,entailment,RELIABLE_GOLD,entailment,0.9087825417518616,True,Man carries empty Coke bottles on his head across dirt road.,A man is carrying empty Coca-Cola bottles on his head across the street.,0.993950605392456,0.00158750731498003,0.00158750731498003,entailment,0.9841920137405396,False,False,False,[],[],[],0.25757575757575757,False,"[""semantic_drift""]",facebook/nllb-200-distilled-600M,f8d333a098d19b4fd9a8b18f94170487ad3f821d,MoritzLaurer/DeBERTa-v3-base-mnli-fever-anli,6f5cf0a2b59cabb106aca4c287eed12e357e90eb
614,417237,417237:premise:fra_Latn,premise,entailment,RELIABLE_GOLD,entailment,0.9663259387016296,True,"Several people sitting, relaxing in the snow.","Several people sitting, relaxing in the snow.",0.9942564368247986,0.9942564368247986,0.9942564368247986,entailment,0.9663259387016296,False,False,False,[],[],[],0.0,False,"[""trivial_copy""]",facebook/nllb-200-distilled-600M,f8d333a098d19b4fd9a8b18f94170487ad3f821d,MoritzLaurer/DeBERTa-v3-base-mnli-fever-anli,6f5cf0a2b59cabb106aca4c287eed12e357e90eb
615,418334,418334:premise:fra_Latn,premise,entailment,RELIABLE_GOLD,entailment,0.9950491786003113,True,A pedicab driving sitting on the side and waiting for his next customer.,A pedicure driver sits on the side and waits for his next customer.,0.9967255592346191,0.9845378398895264,0.9845378398895264,entailment,0.7376106381416321,False,False,False,[],[],[],0.13669064748201443,False,"[""low_nli_confidence""]",facebook/nllb-200-distilled-600M,f8d333a098d19b4fd9a8b18f94170487ad3f821d,MoritzLaurer/DeBERTa-v3-base-mnli-fever-anli,6f5cf0a2b59cabb106aca4c287eed12e357e90eb
615,418334,418334:hypothesis:fra_Latn,hypothesis,entailment,RELIABLE_GOLD,entailment,0.9950491786003113,True,The cab is waiting for a customer.,The cab is waiting for a customer.,0.9978675842285156,0.9978675842285156,0.9978675842285156,entailment,0.9950491786003113,False,False,False,[],[],[],0.0,False,"[""trivial_copy""]",facebook/nllb-200-distilled-600M,f8d333a098d19b4fd9a8b18f94170487ad3f821d,MoritzLaurer/DeBERTa-v3-base-mnli-fever-anli,6f5cf0a2b59cabb106aca4c287eed12e357e90eb
623,424612,424612:premise:fra_Latn,premise,contradiction,RELIABLE_GOLD,contradiction,0.9991752505302429,True,Two female bikers pose on a bridge as other riders travel by in a marathon.,Two cyclists stand on a bridge while others ride a marathon.,0.9976658821105957,0.0006568901590071619,0.0006568901590071619,contradiction,0.999321699142456,False,False,False,"[{""group"":""space"",""original"":{""in"":1,""on"":1},""candidate"":{""on"":1},""field"":""premise""}]",[],"[{""group"":""space"",""original"":{""in"":1,""on"":1},""candidate"":{""on"":1},""field"":""premise""}]",0.33333333333333337,False,"[""semantic_drift""]",facebook/nllb-200-distilled-600M,f8d333a098d19b4fd9a8b18f94170487ad3f821d,MoritzLaurer/DeBERTa-v3-base-mnli-fever-anli,6f5cf0a2b59cabb106aca4c287eed12e357e90eb
623,424612,424612:hypothesis:fra_Latn,hypothesis,contradiction,RELIABLE_GOLD,contradiction,0.9991752505302429,True,"The two woman are repelling down a rock face, attempting to get to the bottom of the rock wall.","The two women push back a rocky face, trying to reach the bottom of the rock wall.",0.7336173057556152,0.8735899925231934,0.7336173057556152,contradiction,0.7813566327095032,False,False,False,[],[],[],0.2542372881355932,False,"[""semantic_drift"",""low_nli_confidence""]",facebook/nllb-200-distilled-600M,f8d333a098d19b4fd9a8b18f94170487ad3f821d,MoritzLaurer/DeBERTa-v3-base-mnli-fever-anli,6f5cf0a2b59cabb106aca4c287eed12e357e90eb
626,426473,426473:premise:fra_Latn,premise,contradiction,RELIABLE_GOLD,contradiction,0.99857497215271,True,A little boy in a bright green field has kicked a soccer ball very high in the air.,A little boy in a bright green field kicked a football high in the air.,0.009646064601838589,0.6019015312194824,0.009646064601838589,contradiction,0.9991118311882019,False,False,False,[],[],[],0.11688311688311692,False,"[""semantic_drift""]",facebook/nllb-200-distilled-600M,f8d333a098d19b4fd9a8b18f94170487ad3f821d,MoritzLaurer/DeBERTa-v3-base-mnli-fever-anli,6f5cf0a2b59cabb106aca4c287eed12e357e90eb
626,426473,426473:hypothesis:fra_Latn,hypothesis,contradiction,RELIABLE_GOLD,contradiction,0.99857497215271,True,A boy watches soccer on TV at his house.,A boy watches football on TV at home.,0.3361586630344391,0.7394552230834961,0.3361586630344391,contradiction,0.9991379976272583,False,False,False,[],[],[],0.24675324675324672,False,"[""semantic_drift""]",facebook/nllb-200-distilled-600M,f8d333a098d19b4fd9a8b18f94170487ad3f821d,MoritzLaurer/DeBERTa-v3-base-mnli-fever-anli,6f5cf0a2b59cabb106aca4c287eed12e357e90eb
628,426839,426839:hypothesis:fra_Latn,hypothesis,entailment,RELIABLE_GOLD,entailment,0.9848479628562927,True,Two women have drinks on the deck.,Two women have drinks on the bridge.,0.04854520410299301,0.6282787919044495,0.04854520410299301,contradiction,0.002748325001448393,False,False,False,[],[],[],0.08571428571428574,False,"[""semantic_drift"",""label_flip""]",facebook/nllb-200-distilled-600M,f8d333a098d19b4fd9a8b18f94170487ad3f821d,MoritzLaurer/DeBERTa-v3-base-mnli-fever-anli,6f5cf0a2b59cabb106aca4c287eed12e357e90eb
629,427833,427833:premise:fra_Latn,premise,neutral,RELIABLE_GOLD,neutral,0.959830105304718,True,A little girl in a white jacket holding a piglet toy.,A little girl in a white jacket holding a pig toy.,0.9941989183425903,0.9697599411010742,0.9697599411010742,neutral,0.957714319229126,False,False,False,[],[],[],0.029126213592232997,False,"[""trivial_copy""]",facebook/nllb-200-distilled-600M,f8d333a098d19b4fd9a8b18f94170487ad3f821d,MoritzLaurer/DeBERTa-v3-base-mnli-fever-anli,6f5cf0a2b59cabb106aca4c287eed12e357e90eb
629,427833,427833:hypothesis:fra_Latn,hypothesis,neutral,RELIABLE_GOLD,neutral,0.959830105304718,True,The little girl is caucasian.,The little girl's from the Caucasus.,0.09919925034046173,0.552826464176178,0.09919925034046173,neutral,0.998963475227356,False,False,False,[],[],[],0.2615384615384615,False,"[""semantic_drift""]",facebook/nllb-200-distilled-600M,f8d333a098d19b4fd9a8b18f94170487ad3f821d,MoritzLaurer/DeBERTa-v3-base-mnli-fever-anli,6f5cf0a2b59cabb106aca4c287eed12e357e90eb
632,430526,430526:hypothesis:fra_Latn,hypothesis,contradiction,RELIABLE_GOLD,contradiction,0.9994837045669556,True,The surfer is sitting in the sand.,The surfer is sitting in the sand.,0.9977385997772217,0.9977385997772217,0.9977385997772217,contradiction,0.9994837045669556,False,False,False,[],[],[],0.0,False,"[""trivial_copy""]",facebook/nllb-200-distilled-600M,f8d333a098d19b4fd9a8b18f94170487ad3f821d,MoritzLaurer/DeBERTa-v3-base-mnli-fever-anli,6f5cf0a2b59cabb106aca4c287eed12e357e90eb
633,431648,431648:premise:fra_Latn,premise,contradiction,RELIABLE_GOLD,contradiction,0.9991962313652039,True,"A young woman in a striped sweater, knitted hat and jeans and wearing a black winter coat is ice skating at a rink with several other young women.","A young woman in a striped sweater, a knitted hat and jeans and a black winter patin coat with several other young women.",0.8904975652694702,0.0014100878033787012,0.0014100878033787012,neutral,0.0032154174987226725,False,False,False,[],[],[],0.15355805243445697,False,"[""semantic_drift"",""label_flip""]",facebook/nllb-200-distilled-600M,f8d333a098d19b4fd9a8b18f94170487ad3f821d,MoritzLaurer/DeBERTa-v3-base-mnli-fever-anli,6f5cf0a2b59cabb106aca4c287eed12e357e90eb
633,431648,431648:hypothesis:fra_Latn,hypothesis,contradiction,RELIABLE_GOLD,contradiction,0.9991962313652039,True,The woman in the sweater was rollerblading.,The woman in the sweater was rollerblading.,0.9966579675674438,0.9966579675674438,0.9966579675674438,contradiction,0.9991962313652039,False,False,False,[],[],[],0.0,False,"[""trivial_copy""]",facebook/nllb-200-distilled-600M,f8d333a098d19b4fd9a8b18f94170487ad3f821d,MoritzLaurer/DeBERTa-v3-base-mnli-fever-anli,6f5cf0a2b59cabb106aca4c287eed12e357e90eb
634,431938,431938:hypothesis:fra_Latn,hypothesis,contradiction,RELIABLE_GOLD,contradiction,0.9997377991676331,True,A woman is sleeping.,A woman is sleeping.,0.9966869950294495,0.9966869950294495,0.9966869950294495,contradiction,0.9997377991676331,False,False,False,[],[],[],0.0,False,"[""trivial_copy""]",facebook/nllb-200-distilled-600M,f8d333a098d19b4fd9a8b18f94170487ad3f821d,MoritzLaurer/DeBERTa-v3-base-mnli-fever-anli,6f5cf0a2b59cabb106aca4c287eed12e357e90eb
636,432209,432209:premise:fra_Latn,premise,contradiction,RELIABLE_GOLD,contradiction,0.999560534954071,True,A woman in a brown flowered tank top dances with a puppet,A woman in brown-flowered pants dancing with a puppet.,0.002782524796202779,0.0005614702822640538,0.0005614702822640538,contradiction,0.9996556043624878,False,False,False,[],[],[],0.15315315315315314,False,"[""semantic_drift""]",facebook/nllb-200-distilled-600M,f8d333a098d19b4fd9a8b18f94170487ad3f821d,MoritzLaurer/DeBERTa-v3-base-mnli-fever-anli,6f5cf0a2b59cabb106aca4c287eed12e357e90eb
640,438773,438773:premise:fra_Latn,premise,entailment,GOLD_LOW_CONFIDENCE,entailment,0.7916012406349182,False,"Man and woman looking surprised, with the man holding headphones.","Man and woman looking surprised, with the man holding headphones.",,,,None,,False,False,False,[],[],[],,False,"[""source_nli_low_confidence""]",facebook/nllb-200-distilled-600M,,MoritzLaurer/DeBERTa-v3-base-mnli-fever-anli,6f5cf0a2b59cabb106aca4c287eed12e357e90eb
640,438773,438773:hypothesis:fra_Latn,hypothesis,entailment,GOLD_LOW_CONFIDENCE,entailment,0.7916012406349182,False,"They looked surprised, holding the headphones.","They looked surprised, holding the headphones.",,,,None,,False,False,False,[],[],[],,False,"[""source_nli_low_confidence""]",facebook/nllb-200-distilled-600M,,MoritzLaurer/DeBERTa-v3-base-mnli-fever-anli,6f5cf0a2b59cabb106aca4c287eed12e357e90eb
643,441240,441240:premise:fra_Latn,premise,contradiction,GOLD_DISAGREEMENT,neutral,0.02940448373556137,False,four men looking at a large sign.,four men looking at a large sign.,,,,None,,False,False,False,[],[],[],,False,"[""source_label_disagreement""]",facebook/nllb-200-distilled-600M,,MoritzLaurer/DeBERTa-v3-base-mnli-fever-anli,6f5cf0a2b59cabb106aca4c287eed12e357e90eb
643,441240,441240:hypothesis:fra_Latn,hypothesis,contradiction,GOLD_DISAGREEMENT,neutral,0.02940448373556137,False,The men are watching sports.,The men are watching sports.,,,,None,,False,False,False,[],[],[],,False,"[""source_label_disagreement""]",facebook/nllb-200-distilled-600M,,MoritzLaurer/DeBERTa-v3-base-mnli-fever-anli,6f5cf0a2b59cabb106aca4c287eed12e357e90eb
654,448081,448081:premise:fra_Latn,premise,neutral,GOLD_DISAGREEMENT,contradiction,0.0010648334864526987,False,There is a husband and wife outside of a small shop taking pictures of a baby camel.,There is a husband and wife outside of a small shop taking pictures of a baby camel.,,,,None,,False,False,False,[],[],[],,False,"[""source_label_disagreement""]",facebook/nllb-200-distilled-600M,,MoritzLaurer/DeBERTa-v3-base-mnli-fever-anli,6f5cf0a2b59cabb106aca4c287eed12e357e90eb
654,448081,448081:hypothesis:fra_Latn,hypothesis,neutral,GOLD_DISAGREEMENT,contradiction,0.0010648334864526987,False,The baby camel is inside of the shop.,The baby camel is inside of the shop.,,,,None,,False,False,False,[],[],[],,False,"[""source_label_disagreement""]",facebook/nllb-200-distilled-600M,,MoritzLaurer/DeBERTa-v3-base-mnli-fever-anli,6f5cf0a2b59cabb106aca4c287eed12e357e90eb
656,448470,448470:premise:fra_Latn,premise,neutral,GOLD_DISAGREEMENT,entailment,0.3759438097476959,False,A man wearing a helmet has his hand up in the air and is shouting in a similar way the crowd behind his doing.,A man wearing a helmet has his hand up in the air and is shouting in a similar way the crowd behind his doing.,,,,None,,False,False,False,[],[],[],,False,"[""source_label_disagreement""]",facebook/nllb-200-distilled-600M,,MoritzLaurer/DeBERTa-v3-base-mnli-fever-anli,6f5cf0a2b59cabb106aca4c287eed12e357e90eb
656,448470,448470:hypothesis:fra_Latn,hypothesis,neutral,GOLD_DISAGREEMENT,entailment,0.3759438097476959,False,A man leads others in a chant.,A man leads others in a chant.,,,,None,,False,False,False,[],[],[],,False,"[""source_label_disagreement""]",facebook/nllb-200-distilled-600M,,MoritzLaurer/DeBERTa-v3-base-mnli-fever-anli,6f5cf0a2b59cabb106aca4c287eed12e357e90eb
657,448551,448551:premise:fra_Latn,premise,neutral,GOLD_DISAGREEMENT,contradiction,0.0026514967903494835,False,The bull is running with a yellow fence behind him.,The bull is running with a yellow fence behind him.,,,,None,,False,False,False,[],[],[],,False,"[""source_label_disagreement""]",facebook/nllb-200-distilled-600M,,MoritzLaurer/DeBERTa-v3-base-mnli-fever-anli,6f5cf0a2b59cabb106aca4c287eed12e357e90eb
657,448551,448551:hypothesis:fra_Latn,hypothesis,neutral,GOLD_DISAGREEMENT,contradiction,0.0026514967903494835,False,A bull is running through an open field chasing a cow.,A bull is running through an open field chasing a cow.,,,,None,,False,False,False,[],[],[],,False,"[""source_label_disagreement""]",facebook/nllb-200-distilled-600M,,MoritzLaurer/DeBERTa-v3-base-mnli-fever-anli,6f5cf0a2b59cabb106aca4c287eed12e357e90eb
660,450767,450767:premise:fra_Latn,premise,contradiction,GOLD_DISAGREEMENT,neutral,0.04492338374257088,False,A young woman dances to the delight of a group of children.,A young woman dances to the delight of a group of children.,,,,None,,False,False,False,[],[],[],,False,"[""source_label_disagreement""]",facebook/nllb-200-distilled-600M,,MoritzLaurer/DeBERTa-v3-base-mnli-fever-anli,6f5cf0a2b59cabb106aca4c287eed12e357e90eb
660,450767,450767:hypothesis:fra_Latn,hypothesis,contradiction,GOLD_DISAGREEMENT,neutral,0.04492338374257088,False,A woman is holding 3 children.,A woman is holding 3 children.,,,,None,,False,False,False,[],[],[],,False,"[""source_label_disagreement""]",facebook/nllb-200-distilled-600M,,MoritzLaurer/DeBERTa-v3-base-mnli-fever-anli,6f5cf0a2b59cabb106aca4c287eed12e357e90eb
662,450940,450940:premise:fra_Latn,premise,neutral,GOLD_DISAGREEMENT,entailment,0.040212780237197876,False,A boy in a sports uniform chasing a soccer ball,A boy in a sports uniform chasing a soccer ball,,,,None,,False,False,False,[],[],[],,False,"[""source_label_disagreement""]",facebook/nllb-200-distilled-600M,,MoritzLaurer/DeBERTa-v3-base-mnli-fever-anli,6f5cf0a2b59cabb106aca4c287eed12e357e90eb
662,450940,450940:hypothesis:fra_Latn,hypothesis,neutral,GOLD_DISAGREEMENT,entailment,0.040212780237197876,False,A boy is playing.,A boy is playing.,,,,None,,False,False,False,[],[],[],,False,"[""source_label_disagreement""]",facebook/nllb-200-distilled-600M,,MoritzLaurer/DeBERTa-v3-base-mnli-fever-anli,6f5cf0a2b59cabb106aca4c287eed12e357e90eb
663,452118,452118:premise:fra_Latn,premise,entailment,GOLD_LOW_CONFIDENCE,entailment,0.5267757773399353,False,Two men play the guitar while on a boat.,Two men play the guitar while on a boat.,,,,None,,False,False,False,[],[],[],,False,"[""source_nli_low_confidence""]",facebook/nllb-200-distilled-600M,,MoritzLaurer/DeBERTa-v3-base-mnli-fever-anli,6f5cf0a2b59cabb106aca4c287eed12e357e90eb
663,452118,452118:hypothesis:fra_Latn,hypothesis,entailment,GOLD_LOW_CONFIDENCE,entailment,0.5267757773399353,False,Two men on a boat play their guitars together.,Two men on a boat play their guitars together.,,,,None,,False,False,False,[],[],[],,False,"[""source_nli_low_confidence""]",facebook/nllb-200-distilled-600M,,MoritzLaurer/DeBERTa-v3-base-mnli-fever-anli,6f5cf0a2b59cabb106aca4c287eed12e357e90eb
665,455935,455935:premise:fra_Latn,premise,neutral,GOLD_LOW_CONFIDENCE,neutral,0.6307600736618042,False,A man wearing orange reflective clothing and a red hard hat shovels watery mud next to a low cement wall.,A man wearing orange reflective clothing and a red hard hat shovels watery mud next to a low cement wall.,,,,None,,False,False,False,[],[],[],,False,"[""source_nli_low_confidence""]",facebook/nllb-200-distilled-600M,,MoritzLaurer/DeBERTa-v3-base-mnli-fever-anli,6f5cf0a2b59cabb106aca4c287eed12e357e90eb
665,455935,455935:hypothesis:fra_Latn,hypothesis,neutral,GOLD_LOW_CONFIDENCE,neutral,0.6307600736618042,False,The man is a repairman.,The man is a repairman.,,,,None,,False,False,False,[],[],[],,False,"[""source_nli_low_confidence""]",facebook/nllb-200-distilled-600M,,MoritzLaurer/DeBERTa-v3-base-mnli-fever-anli,6f5cf0a2b59cabb106aca4c287eed12e357e90eb
641,439665,439665:premise:fra_Latn,premise,contradiction,RELIABLE_GOLD,contradiction,0.9996262788772583,True,"A man dressed in a red t-shirt and blue jeans eats food he's holding in his hand, as he walks along a busy sidewalk, with an antique-style sign advertising wedding rings on the right-hand side of the picture.","A man dressed in a red t-shirt and blue jeans eats the food he holds in his hand, as he walks down a busy sidewalk, with an antique-style sign announcing wedding rings on the right side of",0.9720630049705505,0.8792370557785034,0.8792370557785034,contradiction,0.9995633959770203,True,True,False,[],[],[],0.11616161616161613,False,"[""generation_truncated"",""semantic_drift""]",facebook/nllb-200-distilled-600M,f8d333a098d19b4fd9a8b18f94170487ad3f821d,MoritzLaurer/DeBERTa-v3-base-mnli-fever-anli,6f5cf0a2b59cabb106aca4c287eed12e357e90eb
641,439665,439665:hypothesis:fra_Latn,hypothesis,contradiction,RELIABLE_GOLD,contradiction,0.9996262788772583,True,A man in a suit holds a briefcase as he walks along an empty sidewalk.,A man in a suitcase is walking down an empty sidewalk.,0.05186861753463745,0.3623475134372711,0.05186861753463745,contradiction,0.9996750354766846,False,False,False,[],[],[],0.24193548387096775,False,"[""semantic_drift""]",facebook/nllb-200-distilled-600M,f8d333a098d19b4fd9a8b18f94170487ad3f821d,MoritzLaurer/DeBERTa-v3-base-mnli-fever-anli,6f5cf0a2b59cabb106aca4c287eed12e357e90eb
642,441211,441211:premise:fra_Latn,premise,contradiction,RELIABLE_GOLD,contradiction,0.9975579977035522,True,Three dogs pull a sled during a race in the snow.,Three dogs are skating during a race in the snow.,0.0003836892428807914,0.0002466489968355745,0.0002466489968355745,contradiction,0.9984470009803772,False,False,False,[],[],[],0.16326530612244894,False,"[""semantic_drift""]",facebook/nllb-200-distilled-600M,f8d333a098d19b4fd9a8b18f94170487ad3f821d,MoritzLaurer/DeBERTa-v3-base-mnli-fever-anli,6f5cf0a2b59cabb106aca4c287eed12e357e90eb
642,441211,441211:hypothesis:fra_Latn,hypothesis,contradiction,RELIABLE_GOLD,contradiction,0.9975579977035522,True,Four dogs are winning a sled race.,Four dogs win a sled race.,0.9917939305305481,0.9318681359291077,0.9318681359291077,contradiction,0.5971842408180237,False,False,False,[],[],[],0.1333333333333333,False,"[""low_nli_confidence""]",facebook/nllb-200-distilled-600M,f8d333a098d19b4fd9a8b18f94170487ad3f821d,MoritzLaurer/DeBERTa-v3-base-mnli-fever-anli,6f5cf0a2b59cabb106aca4c287eed12e357e90eb
644,441625,441625:premise:fra_Latn,premise,neutral,RELIABLE_GOLD,neutral,0.9986316561698914,True,Three teenage boys sitting down talking and fixing their shoes.,Three teenagers sitting around talking and fixing their shoes.,0.9757490158081055,0.012649479322135448,0.012649479322135448,neutral,0.9981124401092529,False,False,False,[],[],[],0.10399999999999998,False,"[""semantic_drift""]",facebook/nllb-200-distilled-600M,f8d333a098d19b4fd9a8b18f94170487ad3f821d,MoritzLaurer/DeBERTa-v3-base-mnli-fever-anli,6f5cf0a2b59cabb106aca4c287eed12e357e90eb
644,441625,441625:hypothesis:fra_Latn,hypothesis,neutral,RELIABLE_GOLD,neutral,0.9986316561698914,True,Three schoolboys take time out from soccer practice to talk,Three schoolchildren take a break after training to talk.,0.9974198341369629,0.002074724528938532,0.002074724528938532,neutral,0.9654029011726379,False,False,False,"[{""group"":""time"",""original"":{},""candidate"":{""after"":1},""field"":""hypothesis""}]",[],"[{""group"":""time"",""original"":{},""candidate"":{""after"":1},""field"":""hypothesis""}]",0.43103448275862066,False,"[""semantic_drift""]",facebook/nllb-200-distilled-600M,f8d333a098d19b4fd9a8b18f94170487ad3f821d,MoritzLaurer/DeBERTa-v3-base-mnli-fever-anli,6f5cf0a2b59cabb106aca4c287eed12e357e90eb
645,441649,441649:hypothesis:fra_Latn,hypothesis,entailment,RELIABLE_GOLD,entailment,0.9400140047073364,True,Boys holding sword,Boys with Swords,0.9353086352348328,0.97098708152771,0.9353086352348328,neutral,0.2515324354171753,False,False,False,[],[],[],0.2941176470588235,False,"[""label_flip""]",facebook/nllb-200-distilled-600M,f8d333a098d19b4fd9a8b18f94170487ad3f821d,MoritzLaurer/DeBERTa-v3-base-mnli-fever-anli,6f5cf0a2b59cabb106aca4c287eed12e357e90eb
646,442027,442027:hypothesis:fra_Latn,hypothesis,contradiction,RELIABLE_GOLD,contradiction,0.9992687106132507,True,A man wearing a red shirt riding a cow.,A man dressed in a red horse shirt on a cow.,0.029325775802135468,0.993129312992096,0.029325775802135468,contradiction,0.9992715716362,False,False,False,"[{""group"":""space"",""original"":{},""candidate"":{""in"":1,""on"":1},""field"":""hypothesis""}]",[],"[{""group"":""space"",""original"":{},""candidate"":{""in"":1,""on"":1},""field"":""hypothesis""}]",0.27710843373493976,False,"[""semantic_drift""]",facebook/nllb-200-distilled-600M,f8d333a098d19b4fd9a8b18f94170487ad3f821d,MoritzLaurer/DeBERTa-v3-base-mnli-fever-anli,6f5cf0a2b59cabb106aca4c287eed12e357e90eb
647,442332,442332:premise:fra_Latn,premise,contradiction,RELIABLE_GOLD,contradiction,0.9997001886367798,True,A man in a gray t-shirt walks down a public street past a pair of tall office buildings.,A man in a gray t-shirt walks down a public street in front of a pair of tall office buildings.,0.5443453788757324,0.5777170062065125,0.5443453788757324,contradiction,0.9997221827507019,False,False,False,"[{""group"":""space"",""original"":{""in"":1},""candidate"":{""front"":1,""in"":2},""field"":""premise""}]",[],"[{""group"":""space"",""original"":{""in"":1},""candidate"":{""front"":1,""in"":2},""field"":""premise""}]",0.07103825136612019,False,"[""semantic_drift""]",facebook/nllb-200-distilled-600M,f8d333a098d19b4fd9a8b18f94170487ad3f821d,MoritzLaurer/DeBERTa-v3-base-mnli-fever-anli,6f5cf0a2b59cabb106aca4c287eed12e357e90eb
647,442332,442332:hypothesis:fra_Latn,hypothesis,contradiction,RELIABLE_GOLD,contradiction,0.9997001886367798,True,A man is unable to walk.,A man is unable to walk.,0.9973313808441162,0.9973313808441162,0.9973313808441162,contradiction,0.9997001886367798,False,False,False,[],[],[],0.0,False,"[""trivial_copy""]",facebook/nllb-200-distilled-600M,f8d333a098d19b4fd9a8b18f94170487ad3f821d,MoritzLaurer/DeBERTa-v3-base-mnli-fever-anli,6f5cf0a2b59cabb106aca4c287eed12e357e90eb
648,442910,442910:premise:fra_Latn,premise,contradiction,RELIABLE_GOLD,contradiction,0.9866107106208801,True,A person wearing a gray sweatshirt and tennis shoes is sitting on something.,A person wearing a grey sweatshirt and tennis shoes is sitting on something.,0.9960758090019226,0.9960112571716309,0.9960112571716309,contradiction,0.9818030595779419,False,False,False,[],[],[],0.013157894736842146,False,"[""trivial_copy""]",facebook/nllb-200-distilled-600M,f8d333a098d19b4fd9a8b18f94170487ad3f821d,MoritzLaurer/DeBERTa-v3-base-mnli-fever-anli,6f5cf0a2b59cabb106aca4c287eed12e357e90eb
648,442910,442910:hypothesis:fra_Latn,hypothesis,contradiction,RELIABLE_GOLD,contradiction,0.9866107106208801,True,A person dust lint off his suit.,A person stripped off his dust suit.,0.01639060489833355,0.03090655244886875,0.01639060489833355,contradiction,0.9980853796005249,False,False,False,[],[],[],0.23529411764705888,False,"[""semantic_drift""]",facebook/nllb-200-distilled-600M,f8d333a098d19b4fd9a8b18f94170487ad3f821d,MoritzLaurer/DeBERTa-v3-base-mnli-fever-anli,6f5cf0a2b59cabb106aca4c287eed12e357e90eb
651,445900,445900:premise:fra_Latn,premise,entailment,RELIABLE_GOLD,entailment,0.9962111711502075,True,Several men are tinkering with radio controlled items.,Several men are handling radio-controlled objects.,0.9966025352478027,0.3502925634384155,0.3502925634384155,entailment,0.9930279850959778,False,False,False,[],[],[],0.23076923076923073,False,"[""semantic_drift""]",facebook/nllb-200-distilled-600M,f8d333a098d19b4fd9a8b18f94170487ad3f821d,MoritzLaurer/DeBERTa-v3-base-mnli-fever-anli,6f5cf0a2b59cabb106aca4c287eed12e357e90eb
652,446052,446052:premise:fra_Latn,premise,entailment,RELIABLE_GOLD,entailment,0.9937751293182373,True,A man on a white surfboard in the ocean riding the waves.,A man on a white surfboard in the ocean riding on the waves.,0.9909810423851013,0.9937068819999695,0.9909810423851013,entailment,0.9880727529525757,False,False,False,"[{""group"":""space"",""original"":{""in"":1,""on"":1},""candidate"":{""in"":1,""on"":2},""field"":""premise""}]",[],"[{""group"":""space"",""original"":{""in"":1,""on"":1},""candidate"":{""in"":1,""on"":2},""field"":""premise""}]",0.02564102564102566,False,"[""trivial_copy""]",facebook/nllb-200-distilled-600M,f8d333a098d19b4fd9a8b18f94170487ad3f821d,MoritzLaurer/DeBERTa-v3-base-mnli-fever-anli,6f5cf0a2b59cabb106aca4c287eed12e357e90eb
652,446052,446052:hypothesis:fra_Latn,hypothesis,entailment,RELIABLE_GOLD,entailment,0.9937751293182373,True,A surfer is standing on his board in the water.,A surfer is standing on his board in the water.,0.9980011582374573,0.9980011582374573,0.9980011582374573,entailment,0.9937751293182373,False,False,False,[],[],[],0.0,False,"[""trivial_copy""]",facebook/nllb-200-distilled-600M,f8d333a098d19b4fd9a8b18f94170487ad3f821d,MoritzLaurer/DeBERTa-v3-base-mnli-fever-anli,6f5cf0a2b59cabb106aca4c287eed12e357e90eb
653,447248,447248:hypothesis:fra_Latn,hypothesis,entailment,RELIABLE_GOLD,entailment,0.8958956003189087,True,A man is drawing.,A man is drawing.,0.9967899918556213,0.9967899918556213,0.9967899918556213,entailment,0.8958956003189087,False,False,False,[],[],[],0.0,False,"[""trivial_copy""]",facebook/nllb-200-distilled-600M,f8d333a098d19b4fd9a8b18f94170487ad3f821d,MoritzLaurer/DeBERTa-v3-base-mnli-fever-anli,6f5cf0a2b59cabb106aca4c287eed12e357e90eb
658,449726,449726:premise:fra_Latn,premise,contradiction,RELIABLE_GOLD,contradiction,0.9988306164741516,True,Two young blond-haired children are laying in their sleeping bags.,Two young blond-haired children are lying in their sleeping bags.,0.9966945648193359,0.9976955056190491,0.9966945648193359,contradiction,0.9988407492637634,False,False,False,[],[],[],0.007633587786259555,False,"[""trivial_copy""]",facebook/nllb-200-distilled-600M,f8d333a098d19b4fd9a8b18f94170487ad3f821d,MoritzLaurer/DeBERTa-v3-base-mnli-fever-anli,6f5cf0a2b59cabb106aca4c287eed12e357e90eb
658,449726,449726:hypothesis:fra_Latn,hypothesis,contradiction,RELIABLE_GOLD,contradiction,0.9988306164741516,True,Their hair is red.,Their hair is red.,0.995940089225769,0.995940089225769,0.995940089225769,contradiction,0.9988306164741516,False,False,False,[],[],[],0.0,False,"[""trivial_copy""]",facebook/nllb-200-distilled-600M,f8d333a098d19b4fd9a8b18f94170487ad3f821d,MoritzLaurer/DeBERTa-v3-base-mnli-fever-anli,6f5cf0a2b59cabb106aca4c287eed12e357e90eb
659,450435,450435:premise:fra_Latn,premise,neutral,RELIABLE_GOLD,neutral,0.9985629916191101,True,People ordering food from a lunch cart outside.,People order food in a basket outside.,0.8548594117164612,0.0033871661871671677,0.0033871661871671677,neutral,0.9973959922790527,False,False,False,"[{""group"":""space"",""original"":{""outside"":1},""candidate"":{""outside"":1,""in"":1},""field"":""premise""}]",[],"[{""group"":""space"",""original"":{""outside"":1},""candidate"":{""outside"":1,""in"":1},""field"":""premise""}]",0.24705882352941178,False,"[""semantic_drift""]",facebook/nllb-200-distilled-600M,f8d333a098d19b4fd9a8b18f94170487ad3f821d,MoritzLaurer/DeBERTa-v3-base-mnli-fever-anli,6f5cf0a2b59cabb106aca4c287eed12e357e90eb
659,450435,450435:hypothesis:fra_Latn,hypothesis,neutral,RELIABLE_GOLD,neutral,0.9985629916191101,True,The lunch cart is mexican food.,The basket is Mexican food.,0.984822154045105,0.0058726100251078606,0.0058726100251078606,neutral,0.9984880685806274,False,False,False,[],[],[],0.2068965517241379,False,"[""semantic_drift""]",facebook/nllb-200-distilled-600M,f8d333a098d19b4fd9a8b18f94170487ad3f821d,MoritzLaurer/DeBERTa-v3-base-mnli-fever-anli,6f5cf0a2b59cabb106aca4c287eed12e357e90eb
664,453097,453097:premise:fra_Latn,premise,neutral,RELIABLE_GOLD,neutral,0.9975109100341797,True,A group of people are running a race.,There's a group of people running.,0.998451828956604,0.02200957015156746,0.02200957015156746,neutral,0.9983640313148499,False,False,False,[],[],[],0.2676056338028169,False,"[""semantic_drift""]",facebook/nllb-200-distilled-600M,f8d333a098d19b4fd9a8b18f94170487ad3f821d,MoritzLaurer/DeBERTa-v3-base-mnli-fever-anli,6f5cf0a2b59cabb106aca4c287eed12e357e90eb
666,456117,456117:premise:fra_Latn,premise,neutral,RELIABLE_GOLD,neutral,0.9936884045600891,True,Three women in a hospital.,Three women in a hospital.,0.9936186075210571,0.9936186075210571,0.9936186075210571,neutral,0.9936884045600891,False,False,False,[],[],[],0.0,False,"[""trivial_copy""]",facebook/nllb-200-distilled-600M,f8d333a098d19b4fd9a8b18f94170487ad3f821d,MoritzLaurer/DeBERTa-v3-base-mnli-fever-anli,6f5cf0a2b59cabb106aca4c287eed12e357e90eb
666,456117,456117:hypothesis:fra_Latn,hypothesis,neutral,RELIABLE_GOLD,neutral,0.9936884045600891,True,the skateboard was black,The skateboard was black.,0.996189534664154,0.9974082112312317,0.996189534664154,neutral,0.9804471731185913,False,False,False,[],[],[],0.020408163265306145,False,"[""trivial_copy""]",facebook/nllb-200-distilled-600M,f8d333a098d19b4fd9a8b18f94170487ad3f821d,MoritzLaurer/DeBERTa-v3-base-mnli-fever-anli,6f5cf0a2b59cabb106aca4c287eed12e357e90eb
667,456266,456266:hypothesis:fra_Latn,hypothesis,neutral,RELIABLE_GOLD,neutral,0.9930018782615662,True,A man helping another man bench press.,A man who helps another man.,0.9925277233123779,0.0019984429236501455,0.0019984429236501455,entailment,0.0071129994466900826,False,False,False,[],[],[],0.303030303030303,False,"[""semantic_drift"",""label_flip""]",facebook/nllb-200-distilled-600M,f8d333a098d19b4fd9a8b18f94170487ad3f821d,MoritzLaurer/DeBERTa-v3-base-mnli-fever-anli,6f5cf0a2b59cabb106aca4c287eed12e357e90eb
669,456772,456772:premise:fra_Latn,premise,contradiction,RELIABLE_GOLD,contradiction,0.9734965562820435,True,Two large white dogs and one large tan dog in a red collar run along a beach.,Two big white dogs and a big brown dog with a red collar running along a beach.,0.02404751069843769,0.05313854664564133,0.02404751069843769,contradiction,0.9968219995498657,False,False,False,"[{""group"":""number"",""original"":{""1"":1,""2"":1},""candidate"":{""2"":1},""field"":""premise""},{""group"":""space"",""original"":{""in"":1},""candidate"":{},""field"":""premise""}]","[{""group"":""number"",""original"":{""1"":1,""2"":1},""candidate"":{""2"":1},""field"":""premise""}]","[{""group"":""number"",""original"":{""1"":1,""2"":1},""candidate"":{""2"":1},""field"":""premise""},{""group"":""space"",""original"":{""in"":1},""candidate"":{},""field"":""premise""}]",0.21794871794871795,False,"[""numeric_value_changed"",""semantic_drift""]",facebook/nllb-200-distilled-600M,f8d333a098d19b4fd9a8b18f94170487ad3f821d,MoritzLaurer/DeBERTa-v3-base-mnli-fever-anli,6f5cf0a2b59cabb106aca4c287eed12e357e90eb
669,456772,456772:hypothesis:fra_Latn,hypothesis,contradiction,RELIABLE_GOLD,contradiction,0.9734965562820435,True,Three dogs are lying in the grass in the shade.,Three dogs are lying in the grass in the shade.,0.9966912269592285,0.9966912269592285,0.9966912269592285,contradiction,0.9734965562820435,False,False,False,[],[],[],0.0,False,"[""trivial_copy""]",facebook/nllb-200-distilled-600M,f8d333a098d19b4fd9a8b18f94170487ad3f821d,MoritzLaurer/DeBERTa-v3-base-mnli-fever-anli,6f5cf0a2b59cabb106aca4c287eed12e357e90eb
670,457878,457878:premise:fra_Latn,premise,entailment,RELIABLE_GOLD,entailment,0.9960917830467224,True,A girl doing something on her cellphone.,A girl doing something on her cell phone.,0.997313916683197,0.996246874332428,0.996246874332428,entailment,0.9960638880729675,False,False,False,[],[],[],0.012345679012345734,False,"[""trivial_copy""]",facebook/nllb-200-distilled-600M,f8d333a098d19b4fd9a8b18f94170487ad3f821d,MoritzLaurer/DeBERTa-v3-base-mnli-fever-anli,6f5cf0a2b59cabb106aca4c287eed12e357e90eb
670,457878,457878:hypothesis:fra_Latn,hypothesis,entailment,RELIABLE_GOLD,entailment,0.9960917830467224,True,There is a person with a telecommunications device.,There's a person with a telecommunications device.,0.9929152727127075,0.9908388257026672,0.9908388257026672,entailment,0.9964244961738586,False,False,False,[],[],[],0.02970297029702973,False,"[""trivial_copy""]",facebook/nllb-200-distilled-600M,f8d333a098d19b4fd9a8b18f94170487ad3f821d,MoritzLaurer/DeBERTa-v3-base-mnli-fever-anli,6f5cf0a2b59cabb106aca4c287eed12e357e90eb
676,463262,463262:premise:fra_Latn,premise,entailment,GOLD_DISAGREEMENT,neutral,0.4063977003097534,False,A brown and black dog approaching a red ball.,A brown and black dog approaching a red ball.,,,,None,,False,False,False,[],[],[],,False,"[""source_label_disagreement""]",facebook/nllb-200-distilled-600M,,MoritzLaurer/DeBERTa-v3-base-mnli-fever-anli,6f5cf0a2b59cabb106aca4c287eed12e357e90eb
676,463262,463262:hypothesis:fra_Latn,hypothesis,entailment,GOLD_DISAGREEMENT,neutral,0.4063977003097534,False,The ball attracted the dog's attention.,The ball attracted the dog's attention.,,,,None,,False,False,False,[],[],[],,False,"[""source_label_disagreement""]",facebook/nllb-200-distilled-600M,,MoritzLaurer/DeBERTa-v3-base-mnli-fever-anli,6f5cf0a2b59cabb106aca4c287eed12e357e90eb
678,463572,463572:premise:fra_Latn,premise,neutral,GOLD_DISAGREEMENT,entailment,0.003943721763789654,False,A man is selling water and lemonade at a stand.,A man is selling water and lemonade at a stand.,,,,None,,False,False,False,[],[],[],,False,"[""source_label_disagreement""]",facebook/nllb-200-distilled-600M,,MoritzLaurer/DeBERTa-v3-base-mnli-fever-anli,6f5cf0a2b59cabb106aca4c287eed12e357e90eb
678,463572,463572:hypothesis:fra_Latn,hypothesis,neutral,GOLD_DISAGREEMENT,entailment,0.003943721763789654,False,a vendor is selling lemonade.,a vendor is selling lemonade.,,,,None,,False,False,False,[],[],[],,False,"[""source_label_disagreement""]",facebook/nllb-200-distilled-600M,,MoritzLaurer/DeBERTa-v3-base-mnli-fever-anli,6f5cf0a2b59cabb106aca4c287eed12e357e90eb
685,467865,467865:premise:fra_Latn,premise,entailment,GOLD_DISAGREEMENT,neutral,0.0009828354232013226,False,Two players in red white and blue football uniforms squat down on the field.,Two players in red white and blue football uniforms squat down on the field.,,,,None,,False,False,False,[],[],[],,False,"[""source_label_disagreement""]",facebook/nllb-200-distilled-600M,,MoritzLaurer/DeBERTa-v3-base-mnli-fever-anli,6f5cf0a2b59cabb106aca4c287eed12e357e90eb
685,467865,467865:hypothesis:fra_Latn,hypothesis,entailment,GOLD_DISAGREEMENT,neutral,0.0009828354232013226,False,Two players in red white and blue football uniforms squat down on the field and holding their helmets.,Two players in red white and blue football uniforms squat down on the field and holding their helmets.,,,,None,,False,False,False,[],[],[],,False,"[""source_label_disagreement""]",facebook/nllb-200-distilled-600M,,MoritzLaurer/DeBERTa-v3-base-mnli-fever-anli,6f5cf0a2b59cabb106aca4c287eed12e357e90eb
693,474441,474441:premise:fra_Latn,premise,neutral,GOLD_LOW_CONFIDENCE,neutral,0.7920781970024109,False,A baby decides to pack himself away in a suitcase.,A baby decides to pack himself away in a suitcase.,,,,None,,False,False,False,[],[],[],,False,"[""source_nli_low_confidence""]",facebook/nllb-200-distilled-600M,,MoritzLaurer/DeBERTa-v3-base-mnli-fever-anli,6f5cf0a2b59cabb106aca4c287eed12e357e90eb
693,474441,474441:hypothesis:fra_Latn,hypothesis,neutral,GOLD_LOW_CONFIDENCE,neutral,0.7920781970024109,False,A baby ends up in a suitcase and is promptly discovered.,A baby ends up in a suitcase and is promptly discovered.,,,,None,,False,False,False,[],[],[],,False,"[""source_nli_low_confidence""]",facebook/nllb-200-distilled-600M,,MoritzLaurer/DeBERTa-v3-base-mnli-fever-anli,6f5cf0a2b59cabb106aca4c287eed12e357e90eb
695,475013,475013:premise:fra_Latn,premise,neutral,GOLD_DISAGREEMENT,entailment,0.05854175612330437,False,The racer zooms past the wooded area leaving a cloud of dust.,The racer zooms past the wooded area leaving a cloud of dust.,,,,None,,False,False,False,[],[],[],,False,"[""source_label_disagreement""]",facebook/nllb-200-distilled-600M,,MoritzLaurer/DeBERTa-v3-base-mnli-fever-anli,6f5cf0a2b59cabb106aca4c287eed12e357e90eb
695,475013,475013:hypothesis:fra_Latn,hypothesis,neutral,GOLD_DISAGREEMENT,entailment,0.05854175612330437,False,The car is fast.,The car is fast.,,,,None,,False,False,False,[],[],[],,False,"[""source_label_disagreement""]",facebook/nllb-200-distilled-600M,,MoritzLaurer/DeBERTa-v3-base-mnli-fever-anli,6f5cf0a2b59cabb106aca4c287eed12e357e90eb
699,477223,477223:premise:fra_Latn,premise,contradiction,GOLD_DISAGREEMENT,neutral,0.02035682462155819,False,A guy is jumping in the air while a group of people stand around and ignore him.,A guy is jumping in the air while a group of people stand around and ignore him.,,,,None,,False,False,False,[],[],[],,False,"[""source_label_disagreement""]",facebook/nllb-200-distilled-600M,,MoritzLaurer/DeBERTa-v3-base-mnli-fever-anli,6f5cf0a2b59cabb106aca4c287eed12e357e90eb
699,477223,477223:hypothesis:fra_Latn,hypothesis,contradiction,GOLD_DISAGREEMENT,neutral,0.02035682462155819,False,A guy is really an alien from Neptune.,A guy is really an alien from Neptune.,,,,None,,False,False,False,[],[],[],,False,"[""source_label_disagreement""]",facebook/nllb-200-distilled-600M,,MoritzLaurer/DeBERTa-v3-base-mnli-fever-anli,6f5cf0a2b59cabb106aca4c287eed12e357e90eb
701,477877,477877:premise:fra_Latn,premise,entailment,GOLD_LOW_CONFIDENCE,entailment,0.6500997543334961,False,A man wearing yellow riding a bike.,A man wearing yellow riding a bike.,,,,None,,False,False,False,[],[],[],,False,"[""source_nli_low_confidence""]",facebook/nllb-200-distilled-600M,,MoritzLaurer/DeBERTa-v3-base-mnli-fever-anli,6f5cf0a2b59cabb106aca4c287eed12e357e90eb
701,477877,477877:hypothesis:fra_Latn,hypothesis,entailment,GOLD_LOW_CONFIDENCE,entailment,0.6500997543334961,False,A man steering a bike.,A man steering a bike.,,,,None,,False,False,False,[],[],[],,False,"[""source_nli_low_confidence""]",facebook/nllb-200-distilled-600M,,MoritzLaurer/DeBERTa-v3-base-mnli-fever-anli,6f5cf0a2b59cabb106aca4c287eed12e357e90eb
703,478194,478194:premise:fra_Latn,premise,entailment,GOLD_DISAGREEMENT,neutral,0.04148516803979874,False,Beautiful day to play fetch with dog while relaxing on the dock at the lake.,Beautiful day to play fetch with dog while relaxing on the dock at the lake.,,,,None,,False,False,False,[],[],[],,False,"[""source_label_disagreement""]",facebook/nllb-200-distilled-600M,,MoritzLaurer/DeBERTa-v3-base-mnli-fever-anli,6f5cf0a2b59cabb106aca4c287eed12e357e90eb
703,478194,478194:hypothesis:fra_Latn,hypothesis,entailment,GOLD_DISAGREEMENT,neutral,0.04148516803979874,False,The sun shines upon the lake.,The sun shines upon the lake.,,,,None,,False,False,False,[],[],[],,False,"[""source_label_disagreement""]",facebook/nllb-200-distilled-600M,,MoritzLaurer/DeBERTa-v3-base-mnli-fever-anli,6f5cf0a2b59cabb106aca4c287eed12e357e90eb
672,458599,458599:premise:fra_Latn,premise,neutral,RELIABLE_GOLD,neutral,0.9978860020637512,True,A closeup of a man riding his bicycle through the forest.,A man on a bicycle approaches in the woods.,0.8112071752548218,0.03584820777177811,0.03584820777177811,neutral,0.9968532919883728,False,False,False,"[{""group"":""space"",""original"":{""through"":1},""candidate"":{""in"":1,""on"":1},""field"":""premise""}]",[],"[{""group"":""space"",""original"":{""through"":1},""candidate"":{""in"":1,""on"":1},""field"":""premise""}]",0.43999999999999995,False,"[""semantic_drift""]",facebook/nllb-200-distilled-600M,f8d333a098d19b4fd9a8b18f94170487ad3f821d,MoritzLaurer/DeBERTa-v3-base-mnli-fever-anli,6f5cf0a2b59cabb106aca4c287eed12e357e90eb
673,458628,458628:premise:fra_Latn,premise,contradiction,RELIABLE_GOLD,contradiction,0.9996150732040405,True,Two young girls one blond one brunette are puckering there lips and showing a peace sign with there fingers.,"Two young girls, a blonde and a brown, cut each other's lips and showed a sign of peace with their fingers.",0.0437086820602417,0.9682371020317078,0.0437086820602417,contradiction,0.9996254444122314,False,False,False,"[{""group"":""number"",""original"":{""1"":2,""2"":1},""candidate"":{""2"":1},""field"":""premise""}]","[{""group"":""number"",""original"":{""1"":2,""2"":1},""candidate"":{""2"":1},""field"":""premise""}]","[{""group"":""number"",""original"":{""1"":2,""2"":1},""candidate"":{""2"":1},""field"":""premise""}]",0.3023255813953488,False,"[""numeric_value_changed"",""semantic_drift""]",facebook/nllb-200-distilled-600M,f8d333a098d19b4fd9a8b18f94170487ad3f821d,MoritzLaurer/DeBERTa-v3-base-mnli-fever-anli,6f5cf0a2b59cabb106aca4c287eed12e357e90eb
674,459828,459828:premise:fra_Latn,premise,entailment,RELIABLE_GOLD,entailment,0.9872714877128601,True,Young girl jumping off a swing.,A girl who jumps from a swing.,0.9962143301963806,0.18919162452220917,0.18919162452220917,entailment,0.9936186075210571,False,False,False,[],[],[],0.3114754098360656,False,"[""semantic_drift""]",facebook/nllb-200-distilled-600M,f8d333a098d19b4fd9a8b18f94170487ad3f821d,MoritzLaurer/DeBERTa-v3-base-mnli-fever-anli,6f5cf0a2b59cabb106aca4c287eed12e357e90eb
675,461143,461143:premise:fra_Latn,premise,contradiction,RELIABLE_GOLD,contradiction,0.999292254447937,True,A woman in a white shirt sitting on a gray bench in front of a wall with graffiti written on it.,A woman in a white shirt sitting on a gray bench in front of a wall with graffiti on it.,0.985937774181366,0.8445373773574829,0.8445373773574829,contradiction,0.9992856383323669,False,False,False,[],[],[],0.04347826086956519,False,"[""semantic_drift""]",facebook/nllb-200-distilled-600M,f8d333a098d19b4fd9a8b18f94170487ad3f821d,MoritzLaurer/DeBERTa-v3-base-mnli-fever-anli,6f5cf0a2b59cabb106aca4c287eed12e357e90eb
675,461143,461143:hypothesis:fra_Latn,hypothesis,contradiction,RELIABLE_GOLD,contradiction,0.999292254447937,True,A person in a white shirt swimming in a lake.,A person in a white shirt swimming in a lake.,0.995603084564209,0.995603084564209,0.995603084564209,contradiction,0.999292254447937,False,False,False,[],[],[],0.0,False,"[""trivial_copy""]",facebook/nllb-200-distilled-600M,f8d333a098d19b4fd9a8b18f94170487ad3f821d,MoritzLaurer/DeBERTa-v3-base-mnli-fever-anli,6f5cf0a2b59cabb106aca4c287eed12e357e90eb
679,463687,463687:hypothesis:fra_Latn,hypothesis,neutral,RELIABLE_GOLD,neutral,0.9972471594810486,True,Children are playing oustide with their parents.,Children play a lot with their parents.,0.508773684501648,0.02718680538237095,0.02718680538237095,neutral,0.9958640336990356,False,False,False,[],[],[],0.1724137931034483,False,"[""semantic_drift""]",facebook/nllb-200-distilled-600M,f8d333a098d19b4fd9a8b18f94170487ad3f821d,MoritzLaurer/DeBERTa-v3-base-mnli-fever-anli,6f5cf0a2b59cabb106aca4c287eed12e357e90eb
681,464854,464854:premise:fra_Latn,premise,entailment,RELIABLE_GOLD,entailment,0.9669817090034485,True,Little boy pushing another little boy up the pole.,A little boy pushing another little boy to the stake.,0.03063921257853508,0.07321390509605408,0.03063921257853508,entailment,0.9532554745674133,False,False,False,[],[],[],0.12621359223300976,False,"[""semantic_drift""]",facebook/nllb-200-distilled-600M,f8d333a098d19b4fd9a8b18f94170487ad3f821d,MoritzLaurer/DeBERTa-v3-base-mnli-fever-anli,6f5cf0a2b59cabb106aca4c287eed12e357e90eb
682,464901,464901:premise:fra_Latn,premise,contradiction,RELIABLE_GOLD,contradiction,0.9843907952308655,True,A man wearing a colorful suit sits on a sidewalk playing a basset horn to collect money.,A man dressed in a colorful suit was sitting on the sidewalk playing a trumpet to collect money.,0.942338228225708,0.01725255325436592,0.01725255325436592,contradiction,0.9952462315559387,False,False,False,"[{""group"":""space"",""original"":{""on"":1},""candidate"":{""in"":1,""on"":1},""field"":""premise""}]",[],"[{""group"":""space"",""original"":{""on"":1},""candidate"":{""in"":1,""on"":1},""field"":""premise""}]",0.2065217391304348,False,"[""semantic_drift""]",facebook/nllb-200-distilled-600M,f8d333a098d19b4fd9a8b18f94170487ad3f821d,MoritzLaurer/DeBERTa-v3-base-mnli-fever-anli,6f5cf0a2b59cabb106aca4c287eed12e357e90eb
683,466557,466557:premise:fra_Latn,premise,neutral,RELIABLE_GOLD,neutral,0.9988013505935669,True,Woman walking on a puddle of water.,A woman walking on a pond of water.,0.6160669326782227,0.9336166381835938,0.6160669326782227,neutral,0.9983158111572266,False,False,False,[],[],[],0.11428571428571432,False,"[""semantic_drift""]",facebook/nllb-200-distilled-600M,f8d333a098d19b4fd9a8b18f94170487ad3f821d,MoritzLaurer/DeBERTa-v3-base-mnli-fever-anli,6f5cf0a2b59cabb106aca4c287eed12e357e90eb
683,466557,466557:hypothesis:fra_Latn,hypothesis,neutral,RELIABLE_GOLD,neutral,0.9988013505935669,True,A woman with wet Nike sneakers.,A woman with wet Nike sneakers.,0.9933937191963196,0.9933937191963196,0.9933937191963196,neutral,0.9988013505935669,False,False,False,[],[],[],0.0,False,"[""trivial_copy""]",facebook/nllb-200-distilled-600M,f8d333a098d19b4fd9a8b18f94170487ad3f821d,MoritzLaurer/DeBERTa-v3-base-mnli-fever-anli,6f5cf0a2b59cabb106aca4c287eed12e357e90eb
686,468548,468548:hypothesis:fra_Latn,hypothesis,contradiction,RELIABLE_GOLD,contradiction,0.9828447103500366,True,A class of students working on one math problem.,A class of students working on a math problem.,0.9961857199668884,0.9821627736091614,0.9821627736091614,neutral,0.028826437890529633,False,False,False,"[{""group"":""number"",""original"":{""1"":1},""candidate"":{},""field"":""hypothesis""}]",[],"[{""group"":""number"",""original"":{""1"":1},""candidate"":{},""field"":""hypothesis""}]",0.04255319148936165,False,"[""label_flip""]",facebook/nllb-200-distilled-600M,f8d333a098d19b4fd9a8b18f94170487ad3f821d,MoritzLaurer/DeBERTa-v3-base-mnli-fever-anli,6f5cf0a2b59cabb106aca4c287eed12e357e90eb
687,469856,469856:premise:fra_Latn,premise,neutral,RELIABLE_GOLD,neutral,0.9932206869125366,True,The men are talking to the person in the police van.,The men are talking to the person in the police van.,0.9969762563705444,0.9969762563705444,0.9969762563705444,neutral,0.9932206869125366,False,False,False,[],[],[],0.0,False,"[""trivial_copy""]",facebook/nllb-200-distilled-600M,f8d333a098d19b4fd9a8b18f94170487ad3f821d,MoritzLaurer/DeBERTa-v3-base-mnli-fever-anli,6f5cf0a2b59cabb106aca4c287eed12e357e90eb
689,470257,470257:premise:fra_Latn,premise,contradiction,RELIABLE_GOLD,contradiction,0.9557705521583557,True,A child wearing a green shirt and blowing bubbles.,A child wearing a green shirt and blowing bubbles.,0.9957644939422607,0.9957644939422607,0.9957644939422607,contradiction,0.9557705521583557,False,False,False,[],[],[],0.0,False,"[""trivial_copy""]",facebook/nllb-200-distilled-600M,f8d333a098d19b4fd9a8b18f94170487ad3f821d,MoritzLaurer/DeBERTa-v3-base-mnli-fever-anli,6f5cf0a2b59cabb106aca4c287eed12e357e90eb
689,470257,470257:hypothesis:fra_Latn,hypothesis,contradiction,RELIABLE_GOLD,contradiction,0.9557705521583557,True,A child in green is playing baseball.,A green kid playing baseball.,0.9964146614074707,0.9969494938850403,0.9964146614074707,contradiction,0.7766164541244507,False,False,False,"[{""group"":""space"",""original"":{""in"":1},""candidate"":{},""field"":""hypothesis""}]",[],"[{""group"":""space"",""original"":{""in"":1},""candidate"":{},""field"":""hypothesis""}]",0.18181818181818177,False,"[""low_nli_confidence""]",facebook/nllb-200-distilled-600M,f8d333a098d19b4fd9a8b18f94170487ad3f821d,MoritzLaurer/DeBERTa-v3-base-mnli-fever-anli,6f5cf0a2b59cabb106aca4c287eed12e357e90eb
690,472747,472747:premise:fra_Latn,premise,entailment,RELIABLE_GOLD,entailment,0.9079321026802063,True,Young boy delivers a jumping martial arts kick.,A young boy kicks a kick in the martial arts.,0.9939348101615906,0.0016672612400725484,0.0016672612400725484,entailment,0.9882391691207886,False,False,False,"[{""group"":""space"",""original"":{},""candidate"":{""in"":1},""field"":""premise""}]",[],"[{""group"":""space"",""original"":{},""candidate"":{""in"":1},""field"":""premise""}]",0.32608695652173914,False,"[""semantic_drift""]",facebook/nllb-200-distilled-600M,f8d333a098d19b4fd9a8b18f94170487ad3f821d,MoritzLaurer/DeBERTa-v3-base-mnli-fever-anli,6f5cf0a2b59cabb106aca4c287eed12e357e90eb
690,472747,472747:hypothesis:fra_Latn,hypothesis,entailment,RELIABLE_GOLD,entailment,0.9079321026802063,True,The boy practices martial arts.,The boy is practicing martial arts.,0.9967722296714783,0.9980065226554871,0.9967722296714783,neutral,0.45691928267478943,False,False,False,[],[],[],0.12121212121212122,False,"[""label_flip""]",facebook/nllb-200-distilled-600M,f8d333a098d19b4fd9a8b18f94170487ad3f821d,MoritzLaurer/DeBERTa-v3-base-mnli-fever-anli,6f5cf0a2b59cabb106aca4c287eed12e357e90eb
692,473855,473855:premise:fra_Latn,premise,entailment,RELIABLE_GOLD,entailment,0.9745338559150696,True,There is a person sitting on a plastic blow-up float in the high piled snow.,There's a person sitting on a plastic float in the stacked snow.,0.9970338344573975,0.1518411636352539,0.1518411636352539,entailment,0.9653680324554443,False,False,False,[],[],[],0.17142857142857137,False,"[""semantic_drift""]",facebook/nllb-200-distilled-600M,f8d333a098d19b4fd9a8b18f94170487ad3f821d,MoritzLaurer/DeBERTa-v3-base-mnli-fever-anli,6f5cf0a2b59cabb106aca4c287eed12e357e90eb
696,475232,475232:hypothesis:fra_Latn,hypothesis,neutral,RELIABLE_GOLD,neutral,0.876193106174469,True,A man performs snowboard stunts in a scored event.,A man does snowboarding in a high-profile event.,0.08412099629640579,0.034287068992853165,0.034287068992853165,neutral,0.9462582468986511,False,False,False,[],[],[],0.30612244897959184,False,"[""semantic_drift""]",facebook/nllb-200-distilled-600M,f8d333a098d19b4fd9a8b18f94170487ad3f821d,MoritzLaurer/DeBERTa-v3-base-mnli-fever-anli,6f5cf0a2b59cabb106aca4c287eed12e357e90eb
697,475671,475671:premise:fra_Latn,premise,neutral,RELIABLE_GOLD,neutral,0.9995456337928772,True,The people are standing outside after a wedding.,People are out after a wedding.,0.9977636337280273,0.6395142078399658,0.6395142078399658,neutral,0.999492883682251,False,False,False,"[{""group"":""space"",""original"":{""outside"":1},""candidate"":{},""field"":""premise""}]",[],"[{""group"":""space"",""original"":{""outside"":1},""candidate"":{},""field"":""premise""}]",0.21518987341772156,False,"[""semantic_drift""]",facebook/nllb-200-distilled-600M,f8d333a098d19b4fd9a8b18f94170487ad3f821d,MoritzLaurer/DeBERTa-v3-base-mnli-fever-anli,6f5cf0a2b59cabb106aca4c287eed12e357e90eb
698,477167,477167:premise:fra_Latn,premise,contradiction,RELIABLE_GOLD,contradiction,0.999419093132019,True,A man in a white t-shirt is standing outside on a busy street.,A man in a white t-shirt is standing outside in a busy street.,0.9953325390815735,0.9960654377937317,0.9953325390815735,contradiction,0.9994255304336548,False,False,False,"[{""group"":""space"",""original"":{""outside"":1,""in"":1,""on"":1},""candidate"":{""outside"":1,""in"":2},""field"":""premise""}]",[],"[{""group"":""space"",""original"":{""outside"":1,""in"":1,""on"":1},""candidate"":{""outside"":1,""in"":2},""field"":""premise""}]",0.016129032258064502,False,"[""trivial_copy""]",facebook/nllb-200-distilled-600M,f8d333a098d19b4fd9a8b18f94170487ad3f821d,MoritzLaurer/DeBERTa-v3-base-mnli-fever-anli,6f5cf0a2b59cabb106aca4c287eed12e357e90eb
702,477962,477962:premise:fra_Latn,premise,entailment,RELIABLE_GOLD,entailment,0.9773757457733154,True,Three teenage girls walking down the sidewalk together on a nice day,Three teenage girls walking together on the sidewalk one beautiful day.,0.9812445044517517,0.9853001236915588,0.9812445044517517,entailment,0.9673606157302856,False,False,False,"[{""group"":""number"",""original"":{""3"":1},""candidate"":{""1"":1,""3"":1},""field"":""premise""}]","[{""group"":""number"",""original"":{""3"":1},""candidate"":{""1"":1,""3"":1},""field"":""premise""}]","[{""group"":""number"",""original"":{""3"":1},""candidate"":{""1"":1,""3"":1},""field"":""premise""}]",0.237410071942446,False,"[""numeric_value_changed""]",facebook/nllb-200-distilled-600M,f8d333a098d19b4fd9a8b18f94170487ad3f821d,MoritzLaurer/DeBERTa-v3-base-mnli-fever-anli,6f5cf0a2b59cabb106aca4c287eed12e357e90eb
704,482019,482019:premise:fra_Latn,premise,neutral,GOLD_DISAGREEMENT,contradiction,0.0003453452081885189,False,A man in glasses talks to a woman while shopping for orange juice.,A man in glasses talks to a woman while shopping for orange juice.,,,,None,,False,False,False,[],[],[],,False,"[""source_label_disagreement""]",facebook/nllb-200-distilled-600M,,MoritzLaurer/DeBERTa-v3-base-mnli-fever-anli,6f5cf0a2b59cabb106aca4c287eed12e357e90eb
704,482019,482019:hypothesis:fra_Latn,hypothesis,neutral,GOLD_DISAGREEMENT,contradiction,0.0003453452081885189,False,There is a man shopping while avoiding a women,There is a man shopping while avoiding a women,,,,None,,False,False,False,[],[],[],,False,"[""source_label_disagreement""]",facebook/nllb-200-distilled-600M,,MoritzLaurer/DeBERTa-v3-base-mnli-fever-anli,6f5cf0a2b59cabb106aca4c287eed12e357e90eb
705,482758,482758:premise:fra_Latn,premise,contradiction,GOLD_DISAGREEMENT,neutral,0.0007495016325265169,False,A man bundled up in a coat displaying with his arms a bunch of clothes.,A man bundled up in a coat displaying with his arms a bunch of clothes.,,,,None,,False,False,False,[],[],[],,False,"[""source_label_disagreement""]",facebook/nllb-200-distilled-600M,,MoritzLaurer/DeBERTa-v3-base-mnli-fever-anli,6f5cf0a2b59cabb106aca4c287eed12e357e90eb
705,482758,482758:hypothesis:fra_Latn,hypothesis,contradiction,GOLD_DISAGREEMENT,neutral,0.0007495016325265169,False,The man was about to go outside,The man was about to go outside,,,,None,,False,False,False,[],[],[],,False,"[""source_label_disagreement""]",facebook/nllb-200-distilled-600M,,MoritzLaurer/DeBERTa-v3-base-mnli-fever-anli,6f5cf0a2b59cabb106aca4c287eed12e357e90eb
709,485598,485598:premise:fra_Latn,premise,neutral,GOLD_DISAGREEMENT,contradiction,0.253395140171051,False,There are 2 shirtless boys jumping up from some water looking at a soccer ball.,There are 2 shirtless boys jumping up from some water looking at a soccer ball.,,,,None,,False,False,False,[],[],[],,False,"[""source_label_disagreement""]",facebook/nllb-200-distilled-600M,,MoritzLaurer/DeBERTa-v3-base-mnli-fever-anli,6f5cf0a2b59cabb106aca4c287eed12e357e90eb
709,485598,485598:hypothesis:fra_Latn,hypothesis,neutral,GOLD_DISAGREEMENT,contradiction,0.253395140171051,False,Two boys are playing with a soccer ball in a pool.,Two boys are playing with a soccer ball in a pool.,,,,None,,False,False,False,[],[],[],,False,"[""source_label_disagreement""]",facebook/nllb-200-distilled-600M,,MoritzLaurer/DeBERTa-v3-base-mnli-fever-anli,6f5cf0a2b59cabb106aca4c287eed12e357e90eb
715,488220,488220:premise:fra_Latn,premise,entailment,GOLD_DISAGREEMENT,neutral,0.25752824544906616,False,A lady with a blue coat is seen riding a bike in front of a store.,A lady with a blue coat is seen riding a bike in front of a store.,,,,None,,False,False,False,[],[],[],,False,"[""source_label_disagreement""]",facebook/nllb-200-distilled-600M,,MoritzLaurer/DeBERTa-v3-base-mnli-fever-anli,6f5cf0a2b59cabb106aca4c287eed12e357e90eb
715,488220,488220:hypothesis:fra_Latn,hypothesis,entailment,GOLD_DISAGREEMENT,neutral,0.25752824544906616,False,A lady with a blue coat is getting exercise.,A lady with a blue coat is getting exercise.,,,,None,,False,False,False,[],[],[],,False,"[""source_label_disagreement""]",facebook/nllb-200-distilled-600M,,MoritzLaurer/DeBERTa-v3-base-mnli-fever-anli,6f5cf0a2b59cabb106aca4c287eed12e357e90eb
721,490129,490129:premise:fra_Latn,premise,neutral,GOLD_DISAGREEMENT,contradiction,0.34828734397888184,False,"A red and silver muscle car, waits to start a drag race.","A red and silver muscle car, waits to start a drag race.",,,,None,,False,False,False,[],[],[],,False,"[""source_label_disagreement""]",facebook/nllb-200-distilled-600M,,MoritzLaurer/DeBERTa-v3-base-mnli-fever-anli,6f5cf0a2b59cabb106aca4c287eed12e357e90eb
721,490129,490129:hypothesis:fra_Latn,hypothesis,neutral,GOLD_DISAGREEMENT,contradiction,0.34828734397888184,False,the car is in a long race,the car is in a long race,,,,None,,False,False,False,[],[],[],,False,"[""source_label_disagreement""]",facebook/nllb-200-distilled-600M,,MoritzLaurer/DeBERTa-v3-base-mnli-fever-anli,6f5cf0a2b59cabb106aca4c287eed12e357e90eb
706,484972,484972:premise:fra_Latn,premise,entailment,RELIABLE_GOLD,entailment,0.9965575933456421,True,Four cheerleaders at a basketball game dance at half-court during a break in the game.,Four women coaches at a basketball game are dancing half-shots during a break in the game.,0.0016381171299144626,0.0008583380840718746,0.0008583380840718746,contradiction,0.0005351767176762223,False,False,False,[],[],[],0.19318181818181823,False,"[""semantic_drift"",""label_flip""]",facebook/nllb-200-distilled-600M,f8d333a098d19b4fd9a8b18f94170487ad3f821d,MoritzLaurer/DeBERTa-v3-base-mnli-fever-anli,6f5cf0a2b59cabb106aca4c287eed12e357e90eb
706,484972,484972:hypothesis:fra_Latn,hypothesis,entailment,RELIABLE_GOLD,entailment,0.9965575933456421,True,Four cheerleaders dance during a break in the game.,Four entertainers are dancing during a break in the game.,0.9919837117195129,0.0007287574117071927,0.0007287574117071927,entailment,0.9971458315849304,False,False,False,[],[],[],0.16666666666666663,False,"[""semantic_drift""]",facebook/nllb-200-distilled-600M,f8d333a098d19b4fd9a8b18f94170487ad3f821d,MoritzLaurer/DeBERTa-v3-base-mnli-fever-anli,6f5cf0a2b59cabb106aca4c287eed12e357e90eb
711,486098,486098:hypothesis:fra_Latn,hypothesis,entailment,RELIABLE_GOLD,entailment,0.8895876407623291,True,A professor in class.,A teacher in the classroom.,0.993040919303894,0.017539698630571365,0.017539698630571365,entailment,0.8872877955436707,False,False,False,[],[],[],0.41666666666666663,False,"[""semantic_drift""]",facebook/nllb-200-distilled-600M,f8d333a098d19b4fd9a8b18f94170487ad3f821d,MoritzLaurer/DeBERTa-v3-base-mnli-fever-anli,6f5cf0a2b59cabb106aca4c287eed12e357e90eb
712,486675,486675:premise:fra_Latn,premise,contradiction,RELIABLE_GOLD,contradiction,0.9991241097450256,True,Two people are hugging and one is wearing a pink-hooded stretch top.,Two people are kissing and one is wearing a high rose.,0.00015175319276750088,7.400937465718016e-05,7.400937465718016e-05,contradiction,0.9994474053382874,False,False,False,[],[],[],0.2622950819672131,False,"[""semantic_drift""]",facebook/nllb-200-distilled-600M,f8d333a098d19b4fd9a8b18f94170487ad3f821d,MoritzLaurer/DeBERTa-v3-base-mnli-fever-anli,6f5cf0a2b59cabb106aca4c287eed12e357e90eb
712,486675,486675:hypothesis:fra_Latn,hypothesis,contradiction,RELIABLE_GOLD,contradiction,0.9991241097450256,True,Both people are wearing scuba suits.,Both people are wearing diving suits.,0.9550538063049316,0.1847062110900879,0.1847062110900879,contradiction,0.9988996982574463,False,False,False,[],[],[],0.15068493150684936,False,"[""semantic_drift""]",facebook/nllb-200-distilled-600M,f8d333a098d19b4fd9a8b18f94170487ad3f821d,MoritzLaurer/DeBERTa-v3-base-mnli-fever-anli,6f5cf0a2b59cabb106aca4c287eed12e357e90eb
713,487229,487229:hypothesis:fra_Latn,hypothesis,contradiction,RELIABLE_GOLD,contradiction,0.9990410208702087,True,A girl in a red tank top gets splashed with water.,A girl in a red top is splashed with water.,0.9936034083366394,0.02773207612335682,0.02773207612335682,contradiction,0.9987547397613525,False,False,False,[],[],[],0.09677419354838712,False,"[""semantic_drift""]",facebook/nllb-200-distilled-600M,f8d333a098d19b4fd9a8b18f94170487ad3f821d,MoritzLaurer/DeBERTa-v3-base-mnli-fever-anli,6f5cf0a2b59cabb106aca4c287eed12e357e90eb
714,487685,487685:premise:fra_Latn,premise,neutral,RELIABLE_GOLD,neutral,0.9925249814987183,True,There are three people sitting on a bench outside a building and one man standing next to it looking at a newspaper.,There are three people sitting on a bench in front of a building and a man standing next to them looking at a newspaper.,0.9925878643989563,0.9943948984146118,0.9925878643989563,neutral,0.9930607080459595,False,False,False,"[{""group"":""number"",""original"":{""1"":1,""3"":1},""candidate"":{""3"":1},""field"":""premise""},{""group"":""space"",""original"":{""outside"":1,""on"":1},""candidate"":{""front"":1,""in"":1,""on"":1},""field"":""premise""}]","[{""group"":""number"",""original"":{""1"":1,""3"":1},""candidate"":{""3"":1},""field"":""premise""}]","[{""group"":""number"",""original"":{""1"":1,""3"":1},""candidate"":{""3"":1},""field"":""premise""},{""group"":""space"",""original"":{""outside"":1,""on"":1},""candidate"":{""front"":1,""in"":1,""on"":1},""field"":""premise""}]",0.09322033898305082,False,"[""numeric_value_changed""]",facebook/nllb-200-distilled-600M,f8d333a098d19b4fd9a8b18f94170487ad3f821d,MoritzLaurer/DeBERTa-v3-base-mnli-fever-anli,6f5cf0a2b59cabb106aca4c287eed12e357e90eb
716,488702,488702:premise:fra_Latn,premise,entailment,RELIABLE_GOLD,entailment,0.9972736239433289,True,"A person in a yellow hat, carrying a bag and a fishing pole, walks in a grassy area near a small body of water.","A person wearing a yellow hat, a sack and a fishing rod walks through a grassed area near a small reservoir.",0.017978910356760025,0.9946578145027161,0.017978910356760025,entailment,0.9971169233322144,False,False,False,"[{""group"":""space"",""original"":{""in"":2,""near"":1},""candidate"":{""through"":1,""near"":1},""field"":""premise""}]",[],"[{""group"":""space"",""original"":{""in"":2,""near"":1},""candidate"":{""through"":1,""near"":1},""field"":""premise""}]",0.25114155251141557,False,"[""semantic_drift""]",facebook/nllb-200-distilled-600M,f8d333a098d19b4fd9a8b18f94170487ad3f821d,MoritzLaurer/DeBERTa-v3-base-mnli-fever-anli,6f5cf0a2b59cabb106aca4c287eed12e357e90eb
718,489327,489327:hypothesis:fra_Latn,hypothesis,contradiction,RELIABLE_GOLD,contradiction,0.9981104135513306,True,A person is repelling down the mountain.,Someone's pushing the mountain back.,0.038152143359184265,0.0015577459707856178,0.0015577459707856178,neutral,0.3317374289035797,False,False,False,[],[],[],0.4736842105263158,False,"[""semantic_drift"",""label_flip""]",facebook/nllb-200-distilled-600M,f8d333a098d19b4fd9a8b18f94170487ad3f821d,MoritzLaurer/DeBERTa-v3-base-mnli-fever-anli,6f5cf0a2b59cabb106aca4c287eed12e357e90eb
719,489352,489352:premise:fra_Latn,premise,contradiction,RELIABLE_GOLD,contradiction,0.9989909529685974,True,A young man is taking his hat off while walking from his graduation.,A young man takes off his hat as he graduates.,0.9957420229911804,0.04492585361003876,0.04492585361003876,neutral,0.2821812927722931,False,False,False,[],[],[],0.368421052631579,False,"[""semantic_drift"",""label_flip""]",facebook/nllb-200-distilled-600M,f8d333a098d19b4fd9a8b18f94170487ad3f821d,MoritzLaurer/DeBERTa-v3-base-mnli-fever-anli,6f5cf0a2b59cabb106aca4c287eed12e357e90eb
719,489352,489352:hypothesis:fra_Latn,hypothesis,contradiction,RELIABLE_GOLD,contradiction,0.9989909529685974,True,A student is sitting after graduating.,A student is sitting after graduation.,0.9971197843551636,0.9972518086433411,0.9971197843551636,contradiction,0.99856036901474,False,False,False,[],[],[],0.02631578947368418,False,"[""trivial_copy""]",facebook/nllb-200-distilled-600M,f8d333a098d19b4fd9a8b18f94170487ad3f821d,MoritzLaurer/DeBERTa-v3-base-mnli-fever-anli,6f5cf0a2b59cabb106aca4c287eed12e357e90eb
720,489857,489857:hypothesis:fra_Latn,hypothesis,entailment,RELIABLE_GOLD,entailment,0.9963387250900269,True,A boy is learning.,A boy is learning.,0.9961638450622559,0.9961638450622559,0.9961638450622559,entailment,0.9963387250900269,False,False,False,[],[],[],0.0,False,"[""trivial_copy""]",facebook/nllb-200-distilled-600M,f8d333a098d19b4fd9a8b18f94170487ad3f821d,MoritzLaurer/DeBERTa-v3-base-mnli-fever-anli,6f5cf0a2b59cabb106aca4c287eed12e357e90eb
725,494996,494996:premise:fra_Latn,premise,entailment,RELIABLE_GOLD,entailment,0.9933224320411682,True,Greyhound dogs wearing racing stripes are running out of a gate on a track.,Garou dogs carrying racetracks come out of a door on a track.,0.011801044456660748,0.018408412113785744,0.011801044456660748,contradiction,0.052352916449308395,False,False,False,[],[],[],0.32352941176470584,False,"[""semantic_drift"",""label_flip""]",facebook/nllb-200-distilled-600M,f8d333a098d19b4fd9a8b18f94170487ad3f821d,MoritzLaurer/DeBERTa-v3-base-mnli-fever-anli,6f5cf0a2b59cabb106aca4c287eed12e357e90eb
725,494996,494996:hypothesis:fra_Latn,hypothesis,entailment,RELIABLE_GOLD,entailment,0.9933224320411682,True,Dogs wearing racing stripes are running out of a gate on a track.,Dogs with treadmills run through a door on a track.,0.00027107709320262074,0.0002128634077962488,0.0002128634077962488,contradiction,0.00033853991772048175,False,False,False,"[{""group"":""space"",""original"":{""on"":1},""candidate"":{""through"":1,""on"":1},""field"":""hypothesis""}]",[],"[{""group"":""space"",""original"":{""on"":1},""candidate"":{""through"":1,""on"":1},""field"":""hypothesis""}]",0.4482758620689655,False,"[""semantic_drift"",""label_flip""]",facebook/nllb-200-distilled-600M,f8d333a098d19b4fd9a8b18f94170487ad3f821d,MoritzLaurer/DeBERTa-v3-base-mnli-fever-anli,6f5cf0a2b59cabb106aca4c287eed12e357e90eb
727,495795,495795:premise:fra_Latn,premise,entailment,RELIABLE_GOLD,entailment,0.9974374771118164,True,A man is walking on a trail in the woods while a young girl is attempting to climb some boards of wood.,"A man walks on a path in the forest, while a girl tries to climb wooden planks.",0.9985197186470032,0.986273467540741,0.986273467540741,neutral,0.39963650703430176,False,False,False,"[{""group"":""quantifier"",""original"":{""some"":1},""candidate"":{},""field"":""premise""}]",[],"[{""group"":""quantifier"",""original"":{""some"":1},""candidate"":{},""field"":""premise""}]",0.3626373626373627,False,"[""label_flip""]",facebook/nllb-200-distilled-600M,f8d333a098d19b4fd9a8b18f94170487ad3f821d,MoritzLaurer/DeBERTa-v3-base-mnli-fever-anli,6f5cf0a2b59cabb106aca4c287eed12e357e90eb
727,495795,495795:hypothesis:fra_Latn,hypothesis,entailment,RELIABLE_GOLD,entailment,0.9974374771118164,True,A man walks in the woods while a young girl climbs.,A man walks in the woods while a girl climbs.,0.9947022795677185,0.008369534276425838,0.008369534276425838,entailment,0.9976264834403992,False,False,False,[],[],[],0.0625,False,"[""semantic_drift""]",facebook/nllb-200-distilled-600M,f8d333a098d19b4fd9a8b18f94170487ad3f821d,MoritzLaurer/DeBERTa-v3-base-mnli-fever-anli,6f5cf0a2b59cabb106aca4c287eed12e357e90eb
730,500623,500623:premise:fra_Latn,premise,contradiction,RELIABLE_GOLD,contradiction,0.9993835687637329,True,The horse on the left has a white mane.,The horse on the left has a white lead.,0.01523846946656704,0.027425283566117287,0.01523846946656704,contradiction,0.9989845156669617,False,False,False,[],[],[],0.07692307692307687,False,"[""semantic_drift""]",facebook/nllb-200-distilled-600M,f8d333a098d19b4fd9a8b18f94170487ad3f821d,MoritzLaurer/DeBERTa-v3-base-mnli-fever-anli,6f5cf0a2b59cabb106aca4c287eed12e357e90eb
730,500623,500623:hypothesis:fra_Latn,hypothesis,contradiction,RELIABLE_GOLD,contradiction,0.9993835687637329,True,The horse is solid black.,The horse is black.,0.9944779872894287,0.24622277915477753,0.24622277915477753,contradiction,0.998672366142273,False,False,False,[],[],[],0.13636363636363635,False,"[""semantic_drift""]",facebook/nllb-200-distilled-600M,f8d333a098d19b4fd9a8b18f94170487ad3f821d,MoritzLaurer/DeBERTa-v3-base-mnli-fever-anli,6f5cf0a2b59cabb106aca4c287eed12e357e90eb
731,501731,501731:premise:fra_Latn,premise,contradiction,RELIABLE_GOLD,contradiction,0.999648928642273,True,"Two people, a woman wearing an orange shirt and a man wearing a blue shirt, are jumping out of swings in midair.","Two people, a woman dressed in a orange shirt and a man dressed in a blue shirt, were jumping scales in the air.",0.004385735839605331,0.001299650059081614,0.001299650059081614,contradiction,0.9987185001373291,False,False,False,"[{""group"":""space"",""original"":{""in"":1},""candidate"":{""in"":3},""field"":""premise""}]",[],"[{""group"":""space"",""original"":{""in"":1},""candidate"":{""in"":3},""field"":""premise""}]",0.2142857142857143,False,"[""semantic_drift""]",facebook/nllb-200-distilled-600M,f8d333a098d19b4fd9a8b18f94170487ad3f821d,MoritzLaurer/DeBERTa-v3-base-mnli-fever-anli,6f5cf0a2b59cabb106aca4c287eed12e357e90eb
732,501926,501926:premise:fra_Latn,premise,contradiction,RELIABLE_GOLD,contradiction,0.8559443354606628,True,A man in a plaid shirt exhales smoke on a crowded city street.,A man in a plain shirt is breathing smoke in a crowded street in the city.,0.00098683952819556,0.0002343074738746509,0.0002343074738746509,neutral,0.06799910962581635,False,False,False,"[{""group"":""space"",""original"":{""in"":1,""on"":1},""candidate"":{""in"":3},""field"":""premise""}]",[],"[{""group"":""space"",""original"":{""in"":1,""on"":1},""candidate"":{""in"":3},""field"":""premise""}]",0.2647058823529411,False,"[""semantic_drift"",""label_flip""]",facebook/nllb-200-distilled-600M,f8d333a098d19b4fd9a8b18f94170487ad3f821d,MoritzLaurer/DeBERTa-v3-base-mnli-fever-anli,6f5cf0a2b59cabb106aca4c287eed12e357e90eb
732,501926,501926:hypothesis:fra_Latn,hypothesis,contradiction,RELIABLE_GOLD,contradiction,0.8559443354606628,True,A firetruck goes down the street.,There's a fire truck down the street.,0.9969772100448608,0.9950998425483704,0.9950998425483704,neutral,0.003983394708484411,False,False,False,[],[],[],0.19999999999999996,False,"[""label_flip""]",facebook/nllb-200-distilled-600M,f8d333a098d19b4fd9a8b18f94170487ad3f821d,MoritzLaurer/DeBERTa-v3-base-mnli-fever-anli,6f5cf0a2b59cabb106aca4c287eed12e357e90eb
733,502223,502223:hypothesis:fra_Latn,hypothesis,neutral,RELIABLE_GOLD,neutral,0.9838272333145142,True,Three brothers wearing their favorite color shirt.,Three brothers wearing their favorite colored shirt.,0.9886232614517212,0.9926884174346924,0.9886232614517212,neutral,0.9854571223258972,False,False,False,[],[],[],0.019607843137254943,False,"[""trivial_copy""]",facebook/nllb-200-distilled-600M,f8d333a098d19b4fd9a8b18f94170487ad3f821d,MoritzLaurer/DeBERTa-v3-base-mnli-fever-anli,6f5cf0a2b59cabb106aca4c287eed12e357e90eb
735,503039,503039:premise:fra_Latn,premise,neutral,RELIABLE_GOLD,neutral,0.9980321526527405,True,Girl poses on couch on suburban lawn.,There's a girl lying on the couch on the lawn in the suburbs.,0.863680362701416,0.616723895072937,0.616723895072937,neutral,0.9899832010269165,False,False,False,"[{""group"":""space"",""original"":{""on"":2},""candidate"":{""in"":1,""on"":2},""field"":""premise""}]",[],"[{""group"":""space"",""original"":{""on"":2},""candidate"":{""in"":1,""on"":2},""field"":""premise""}]",0.4897959183673469,False,"[""semantic_drift""]",facebook/nllb-200-distilled-600M,f8d333a098d19b4fd9a8b18f94170487ad3f821d,MoritzLaurer/DeBERTa-v3-base-mnli-fever-anli,6f5cf0a2b59cabb106aca4c287eed12e357e90eb
735,503039,503039:hypothesis:fra_Latn,hypothesis,neutral,RELIABLE_GOLD,neutral,0.9980321526527405,True,A girl posing for a photo shoot on a couch.,A girl posing for a photo shoot on a couch.,0.9962406158447266,0.9962406158447266,0.9962406158447266,neutral,0.9980321526527405,False,False,False,[],[],[],0.0,False,"[""trivial_copy""]",facebook/nllb-200-distilled-600M,f8d333a098d19b4fd9a8b18f94170487ad3f821d,MoritzLaurer/DeBERTa-v3-base-mnli-fever-anli,6f5cf0a2b59cabb106aca4c287eed12e357e90eb
738,506005,506005:premise:fra_Latn,premise,neutral,GOLD_DISAGREEMENT,entailment,0.009751401841640472,False,A woman with gray hair is sitting next to a little boy who is holding onto the handles of a stroller and a little girl who is sitting in a different stroller.,A woman with gray hair is sitting next to a little boy who is holding onto the handles of a stroller and a little girl who is sitting in a different stroller.,,,,None,,False,False,False,[],[],[],,False,"[""source_label_disagreement""]",facebook/nllb-200-distilled-600M,,MoritzLaurer/DeBERTa-v3-base-mnli-fever-anli,6f5cf0a2b59cabb106aca4c287eed12e357e90eb
738,506005,506005:hypothesis:fra_Latn,hypothesis,neutral,GOLD_DISAGREEMENT,entailment,0.009751401841640472,False,An older lady is resting with a couple of children.,An older lady is resting with a couple of children.,,,,None,,False,False,False,[],[],[],,False,"[""source_label_disagreement""]",facebook/nllb-200-distilled-600M,,MoritzLaurer/DeBERTa-v3-base-mnli-fever-anli,6f5cf0a2b59cabb106aca4c287eed12e357e90eb
753,513720,513720:premise:fra_Latn,premise,entailment,GOLD_LOW_CONFIDENCE,entailment,0.6185972690582275,False,"Three women in white mini dresses, carrying white umbrellas and drinks, walking in an unknown desert location.","Three women in white mini dresses, carrying white umbrellas and drinks, walking in an unknown desert location.",,,,None,,False,False,False,[],[],[],,False,"[""source_nli_low_confidence""]",facebook/nllb-200-distilled-600M,,MoritzLaurer/DeBERTa-v3-base-mnli-fever-anli,6f5cf0a2b59cabb106aca4c287eed12e357e90eb
753,513720,513720:hypothesis:fra_Latn,hypothesis,entailment,GOLD_LOW_CONFIDENCE,entailment,0.6185972690582275,False,Three women are waiting in the desert while wearing short dresses.,Three women are waiting in the desert while wearing short dresses.,,,,None,,False,False,False,[],[],[],,False,"[""source_nli_low_confidence""]",facebook/nllb-200-distilled-600M,,MoritzLaurer/DeBERTa-v3-base-mnli-fever-anli,6f5cf0a2b59cabb106aca4c287eed12e357e90eb
754,513835,513835:premise:fra_Latn,premise,contradiction,GOLD_LOW_CONFIDENCE,contradiction,0.48422348499298096,False,A man in a black hooded sweater stands behind a rich variety of fruits and vegetables.,A man in a black hooded sweater stands behind a rich variety of fruits and vegetables.,,,,None,,False,False,False,[],[],[],,False,"[""source_nli_low_confidence""]",facebook/nllb-200-distilled-600M,,MoritzLaurer/DeBERTa-v3-base-mnli-fever-anli,6f5cf0a2b59cabb106aca4c287eed12e357e90eb
754,513835,513835:hypothesis:fra_Latn,hypothesis,contradiction,GOLD_LOW_CONFIDENCE,contradiction,0.48422348499298096,False,A fruit salad on the rung from the cops.,A fruit salad on the rung from the cops.,,,,None,,False,False,False,[],[],[],,False,"[""source_nli_low_confidence""]",facebook/nllb-200-distilled-600M,,MoritzLaurer/DeBERTa-v3-base-mnli-fever-anli,6f5cf0a2b59cabb106aca4c287eed12e357e90eb
760,518638,518638:premise:fra_Latn,premise,contradiction,GOLD_DISAGREEMENT,neutral,0.018417591229081154,False,A man on a cellphone stands outside of a building with pictures of women in black shirts behind him.,A man on a cellphone stands outside of a building with pictures of women in black shirts behind him.,,,,None,,False,False,False,[],[],[],,False,"[""source_label_disagreement""]",facebook/nllb-200-distilled-600M,,MoritzLaurer/DeBERTa-v3-base-mnli-fever-anli,6f5cf0a2b59cabb106aca4c287eed12e357e90eb
760,518638,518638:hypothesis:fra_Latn,hypothesis,contradiction,GOLD_DISAGREEMENT,neutral,0.018417591229081154,False,The woman is late for her appointment,The woman is late for her appointment,,,,None,,False,False,False,[],[],[],,False,"[""source_label_disagreement""]",facebook/nllb-200-distilled-600M,,MoritzLaurer/DeBERTa-v3-base-mnli-fever-anli,6f5cf0a2b59cabb106aca4c287eed12e357e90eb
765,520786,520786:premise:fra_Latn,premise,entailment,GOLD_LOW_CONFIDENCE,entailment,0.6452615857124329,False,Man with gray hair telling a story to a group of younger people on a bench.,Man with gray hair telling a story to a group of younger people on a bench.,,,,None,,False,False,False,[],[],[],,False,"[""source_nli_low_confidence""]",facebook/nllb-200-distilled-600M,,MoritzLaurer/DeBERTa-v3-base-mnli-fever-anli,6f5cf0a2b59cabb106aca4c287eed12e357e90eb
765,520786,520786:hypothesis:fra_Latn,hypothesis,entailment,GOLD_LOW_CONFIDENCE,entailment,0.6452615857124329,False,The man is entertaining people,The man is entertaining people,,,,None,,False,False,False,[],[],[],,False,"[""source_nli_low_confidence""]",facebook/nllb-200-distilled-600M,,MoritzLaurer/DeBERTa-v3-base-mnli-fever-anli,6f5cf0a2b59cabb106aca4c287eed12e357e90eb
737,504992,504992:premise:fra_Latn,premise,entailment,RELIABLE_GOLD,entailment,0.9268132448196411,True,Two women walking toward the camera along a sidewalk while wearing a backpack and showing midriff.,"Two women walking towards the camera along a sidewalk, carrying a backpack and showing their stomachs.",0.9934887886047363,0.9959138035774231,0.9934887886047363,entailment,0.7065557837486267,False,False,False,[],[],[],0.16000000000000003,False,"[""low_nli_confidence""]",facebook/nllb-200-distilled-600M,f8d333a098d19b4fd9a8b18f94170487ad3f821d,MoritzLaurer/DeBERTa-v3-base-mnli-fever-anli,6f5cf0a2b59cabb106aca4c287eed12e357e90eb
739,506414,506414:premise:fra_Latn,premise,neutral,RELIABLE_GOLD,neutral,0.900074303150177,True,The trees are green,The trees are green.,0.9953839182853699,0.9957143664360046,0.9953839182853699,neutral,0.9104642868041992,False,False,False,[],[],[],0.02564102564102566,False,"[""trivial_copy""]",facebook/nllb-200-distilled-600M,f8d333a098d19b4fd9a8b18f94170487ad3f821d,MoritzLaurer/DeBERTa-v3-base-mnli-fever-anli,6f5cf0a2b59cabb106aca4c287eed12e357e90eb
739,506414,506414:hypothesis:fra_Latn,hypothesis,neutral,RELIABLE_GOLD,neutral,0.900074303150177,True,All trees are green.,All the trees are green.,0.9943217039108276,0.9945047497749329,0.9943217039108276,neutral,0.7734698057174683,False,False,False,[],[],[],0.09090909090909094,False,"[""low_nli_confidence""]",facebook/nllb-200-distilled-600M,f8d333a098d19b4fd9a8b18f94170487ad3f821d,MoritzLaurer/DeBERTa-v3-base-mnli-fever-anli,6f5cf0a2b59cabb106aca4c287eed12e357e90eb
740,508521,508521:premise:fra_Latn,premise,neutral,RELIABLE_GOLD,neutral,0.996397852897644,True,A person in a red shirt doing tricks on a bicycle.,A person in a red shirt does things on a bike.,0.9966830611228943,0.0038930275477468967,0.0038930275477468967,neutral,0.9966543912887573,False,False,False,[],[],[],0.16666666666666663,False,"[""semantic_drift""]",facebook/nllb-200-distilled-600M,f8d333a098d19b4fd9a8b18f94170487ad3f821d,MoritzLaurer/DeBERTa-v3-base-mnli-fever-anli,6f5cf0a2b59cabb106aca4c287eed12e357e90eb
741,509169,509169:premise:fra_Latn,premise,neutral,RELIABLE_GOLD,neutral,0.9978508949279785,True,A couple hug in a crowded place.,A hug in a crowded place.,0.9927375912666321,0.0007369605591520667,0.0007369605591520667,neutral,0.9984250068664551,False,False,False,"[{""group"":""number"",""original"":{""2"":1},""candidate"":{},""field"":""premise""},{""group"":""quantifier"",""original"":{""couple"":1},""candidate"":{},""field"":""premise""}]",[],"[{""group"":""number"",""original"":{""2"":1},""candidate"":{},""field"":""premise""},{""group"":""quantifier"",""original"":{""couple"":1},""candidate"":{},""field"":""premise""}]",0.1228070175438597,False,"[""semantic_drift""]",facebook/nllb-200-distilled-600M,f8d333a098d19b4fd9a8b18f94170487ad3f821d,MoritzLaurer/DeBERTa-v3-base-mnli-fever-anli,6f5cf0a2b59cabb106aca4c287eed12e357e90eb
741,509169,509169:hypothesis:fra_Latn,hypothesis,neutral,RELIABLE_GOLD,neutral,0.9978508949279785,True,A man hugs his boyfriend at a protest.,A man kisses his boyfriend at a demonstration.,0.0009054492111317813,0.00655590882524848,0.0009054492111317813,contradiction,0.28124603629112244,False,False,False,[],[],[],0.26190476190476186,False,"[""semantic_drift"",""label_flip""]",facebook/nllb-200-distilled-600M,f8d333a098d19b4fd9a8b18f94170487ad3f821d,MoritzLaurer/DeBERTa-v3-base-mnli-fever-anli,6f5cf0a2b59cabb106aca4c287eed12e357e90eb
742,509328,509328:premise:fra_Latn,premise,entailment,RELIABLE_GOLD,entailment,0.9971332550048828,True,A woman in an orange bikini is massaging a man.,A woman in an orange bikini slaps a man.,0.00018034456297755241,0.000157698814291507,0.000157698814291507,entailment,0.9925121068954468,False,False,False,[],[],[],0.12643678160919536,False,"[""semantic_drift""]",facebook/nllb-200-distilled-600M,f8d333a098d19b4fd9a8b18f94170487ad3f821d,MoritzLaurer/DeBERTa-v3-base-mnli-fever-anli,6f5cf0a2b59cabb106aca4c287eed12e357e90eb
743,509438,509438:hypothesis:fra_Latn,hypothesis,entailment,RELIABLE_GOLD,entailment,0.9808907508850098,True,The women are esitting in a white room.,The women are in a white room.,0.9958434700965881,0.015538721345365047,0.015538721345365047,entailment,0.9839969277381897,False,False,False,[],[],[],0.13043478260869568,False,"[""semantic_drift""]",facebook/nllb-200-distilled-600M,f8d333a098d19b4fd9a8b18f94170487ad3f821d,MoritzLaurer/DeBERTa-v3-base-mnli-fever-anli,6f5cf0a2b59cabb106aca4c287eed12e357e90eb
744,510455,510455:premise:fra_Latn,premise,entailment,RELIABLE_GOLD,entailment,0.9954686164855957,True,Here is a picture of an older lady wearing a beanie and carrying her terrier in a field outside.,Here's a picture of an old lady wearing a beanie and carrying her terrier in a field outside.,0.9939085245132446,0.9866926074028015,0.9866926074028015,entailment,0.9968605041503906,False,False,False,[],[],[],0.02645502645502651,False,"[""trivial_copy""]",facebook/nllb-200-distilled-600M,f8d333a098d19b4fd9a8b18f94170487ad3f821d,MoritzLaurer/DeBERTa-v3-base-mnli-fever-anli,6f5cf0a2b59cabb106aca4c287eed12e357e90eb
744,510455,510455:hypothesis:fra_Latn,hypothesis,entailment,RELIABLE_GOLD,entailment,0.9954686164855957,True,Here is a picture of a older person wearing a hat and carrying her dog outside.,Here's a picture of an elderly person wearing a hat and carrying his dog outside.,0.006676763296127319,0.0030970650259405375,0.0030970650259405375,entailment,0.5066754817962646,False,False,False,[],[],[],0.07499999999999996,False,"[""semantic_drift"",""low_nli_confidence""]",facebook/nllb-200-distilled-600M,f8d333a098d19b4fd9a8b18f94170487ad3f821d,MoritzLaurer/DeBERTa-v3-base-mnli-fever-anli,6f5cf0a2b59cabb106aca4c287eed12e357e90eb
745,510869,510869:premise:fra_Latn,premise,neutral,RELIABLE_GOLD,neutral,0.9992777705192566,True,A man is sitting on the floor meditating,A man is sitting on the floor meditating.,0.9976246953010559,0.9972395896911621,0.9972395896911621,neutral,0.999226450920105,False,False,False,[],[],[],0.012345679012345734,False,"[""trivial_copy""]",facebook/nllb-200-distilled-600M,f8d333a098d19b4fd9a8b18f94170487ad3f821d,MoritzLaurer/DeBERTa-v3-base-mnli-fever-anli,6f5cf0a2b59cabb106aca4c287eed12e357e90eb
746,511280,511280:premise:fra_Latn,premise,contradiction,RELIABLE_GOLD,contradiction,0.9994698166847229,True,A mottled black and gray dog in a blue collar jumping over a fallen tree.,"A black gray dog with a blue collar, jumping on a fallen tree.",0.9450488686561584,0.0329962819814682,0.0329962819814682,contradiction,0.999652624130249,False,False,False,"[{""group"":""space"",""original"":{""over"":1,""in"":1},""candidate"":{""on"":1},""field"":""premise""}]",[],"[{""group"":""space"",""original"":{""over"":1,""in"":1},""candidate"":{""on"":1},""field"":""premise""}]",0.15555555555555556,False,"[""semantic_drift""]",facebook/nllb-200-distilled-600M,f8d333a098d19b4fd9a8b18f94170487ad3f821d,MoritzLaurer/DeBERTa-v3-base-mnli-fever-anli,6f5cf0a2b59cabb106aca4c287eed12e357e90eb
747,511871,511871:hypothesis:fra_Latn,hypothesis,neutral,RELIABLE_GOLD,neutral,0.9902698993682861,True,Floyd Mayweather is laying some smack down on a hapless challenger.,Floyd Mayweather is taking on an unfortunate challenge.,0.9438246488571167,0.43820950388908386,0.43820950388908386,neutral,0.9461125731468201,False,False,False,"[{""group"":""quantifier"",""original"":{""some"":1},""candidate"":{},""field"":""hypothesis""}]",[],"[{""group"":""quantifier"",""original"":{""some"":1},""candidate"":{},""field"":""hypothesis""}]",0.29508196721311475,False,"[""semantic_drift""]",facebook/nllb-200-distilled-600M,f8d333a098d19b4fd9a8b18f94170487ad3f821d,MoritzLaurer/DeBERTa-v3-base-mnli-fever-anli,6f5cf0a2b59cabb106aca4c287eed12e357e90eb
748,512053,512053:premise:fra_Latn,premise,contradiction,RELIABLE_GOLD,contradiction,0.9995456337928772,True,"Man performing stunt, lady breaking block on his stomach with sludge hammer.","A man cascades, a woman breaks a block on her stomach with a mud hammer.",0.2570866048336029,0.3874528706073761,0.2570866048336029,contradiction,0.99941086769104,False,False,False,[],[],[],0.32432432432432434,False,"[""semantic_drift""]",facebook/nllb-200-distilled-600M,f8d333a098d19b4fd9a8b18f94170487ad3f821d,MoritzLaurer/DeBERTa-v3-base-mnli-fever-anli,6f5cf0a2b59cabb106aca4c287eed12e357e90eb
749,512639,512639:hypothesis:fra_Latn,hypothesis,neutral,RELIABLE_GOLD,neutral,0.9992159605026245,True,The skateboarder landed the jump perfectly.,The skateboarder landed perfectly.,0.9948587417602539,0.014136108569800854,0.014136108569800854,neutral,0.995628833770752,False,False,False,[],[],[],0.11688311688311692,False,"[""semantic_drift""]",facebook/nllb-200-distilled-600M,f8d333a098d19b4fd9a8b18f94170487ad3f821d,MoritzLaurer/DeBERTa-v3-base-mnli-fever-anli,6f5cf0a2b59cabb106aca4c287eed12e357e90eb
750,512695,512695:premise:fra_Latn,premise,entailment,RELIABLE_GOLD,entailment,0.9232550859451294,True,A young girl in a pink shirt creates a painting on paper.,A girl in a pink shirt creates a painting on paper.,0.996565043926239,0.025700222700834274,0.025700222700834274,entailment,0.519309937953949,False,False,False,[],[],[],0.05555555555555558,False,"[""semantic_drift"",""low_nli_confidence""]",facebook/nllb-200-distilled-600M,f8d333a098d19b4fd9a8b18f94170487ad3f821d,MoritzLaurer/DeBERTa-v3-base-mnli-fever-anli,6f5cf0a2b59cabb106aca4c287eed12e357e90eb
751,512778,512778:premise:fra_Latn,premise,contradiction,RELIABLE_GOLD,contradiction,0.9979509711265564,True,"A man riding a four-wheel ATV in the dessert, kicking up sand in his wake.","A four-wheeled man in dessert, climbing sand after him.",0.9231176972389221,0.008820603601634502,0.008820603601634502,contradiction,0.8099085688591003,False,False,False,"[{""group"":""time"",""original"":{},""candidate"":{""after"":1},""field"":""premise""},{""group"":""space"",""original"":{""in"":2},""candidate"":{""in"":1},""field"":""premise""}]",[],"[{""group"":""time"",""original"":{},""candidate"":{""after"":1},""field"":""premise""},{""group"":""space"",""original"":{""in"":2},""candidate"":{""in"":1},""field"":""premise""}]",0.3643410852713178,False,"[""semantic_drift""]",facebook/nllb-200-distilled-600M,f8d333a098d19b4fd9a8b18f94170487ad3f821d,MoritzLaurer/DeBERTa-v3-base-mnli-fever-anli,6f5cf0a2b59cabb106aca4c287eed12e357e90eb
752,513211,513211:hypothesis:fra_Latn,hypothesis,neutral,RELIABLE_GOLD,neutral,0.9990469813346863,True,The two men are sweating.,The two men are sweating.,0.9978464841842651,0.9978464841842651,0.9978464841842651,neutral,0.9990469813346863,False,False,False,[],[],[],0.0,False,"[""trivial_copy""]",facebook/nllb-200-distilled-600M,f8d333a098d19b4fd9a8b18f94170487ad3f821d,MoritzLaurer/DeBERTa-v3-base-mnli-fever-anli,6f5cf0a2b59cabb106aca4c287eed12e357e90eb
755,514380,514380:premise:fra_Latn,premise,neutral,RELIABLE_GOLD,neutral,0.9921820759773254,True,"A woman, with a drink in hand, is leaning against a silver car parked along the street, while looking at the camera.","A woman, holding a glass in her hand, leans on a silver car parked along the street, looking at the camera.",0.6113067269325256,0.9963390827178955,0.6113067269325256,neutral,0.9939801692962646,False,False,False,"[{""group"":""space"",""original"":{""in"":1},""candidate"":{""in"":1,""on"":1},""field"":""premise""}]",[],"[{""group"":""space"",""original"":{""in"":1},""candidate"":{""in"":1,""on"":1},""field"":""premise""}]",0.2017937219730942,False,"[""semantic_drift""]",facebook/nllb-200-distilled-600M,f8d333a098d19b4fd9a8b18f94170487ad3f821d,MoritzLaurer/DeBERTa-v3-base-mnli-fever-anli,6f5cf0a2b59cabb106aca4c287eed12e357e90eb
757,516128,516128:premise:fra_Latn,premise,entailment,RELIABLE_GOLD,entailment,0.9933412671089172,True,A man in a green striped shirt drums furiously.,A man in a green striped shirt is beating furiously.,0.9952417612075806,0.9938812255859375,0.9938812255859375,neutral,0.30313485860824585,False,False,False,[],[],[],0.13131313131313127,False,"[""label_flip""]",facebook/nllb-200-distilled-600M,f8d333a098d19b4fd9a8b18f94170487ad3f821d,MoritzLaurer/DeBERTa-v3-base-mnli-fever-anli,6f5cf0a2b59cabb106aca4c287eed12e357e90eb
761,519201,519201:premise:fra_Latn,premise,contradiction,RELIABLE_GOLD,contradiction,0.9991689920425415,True,A white ice cream truck stopped on the side of the road and a man stopped to buy some.,A truck of white ice stopped by the side of the road and a man stopped to buy one.,0.5529099106788635,0.017106734216213226,0.017106734216213226,contradiction,0.9993847608566284,False,False,False,"[{""group"":""number"",""original"":{},""candidate"":{""1"":1},""field"":""premise""},{""group"":""quantifier"",""original"":{""some"":1},""candidate"":{},""field"":""premise""},{""group"":""space"",""original"":{""on"":1},""candidate"":{},""field"":""premise""}]",[],"[{""group"":""number"",""original"":{},""candidate"":{""1"":1},""field"":""premise""},{""group"":""quantifier"",""original"":{""some"":1},""candidate"":{},""field"":""premise""},{""group"":""space"",""original"":{""on"":1},""candidate"":{},""field"":""premise""}]",0.16666666666666663,False,"[""semantic_drift""]",facebook/nllb-200-distilled-600M,f8d333a098d19b4fd9a8b18f94170487ad3f821d,MoritzLaurer/DeBERTa-v3-base-mnli-fever-anli,6f5cf0a2b59cabb106aca4c287eed12e357e90eb
761,519201,519201:hypothesis:fra_Latn,hypothesis,contradiction,RELIABLE_GOLD,contradiction,0.9991689920425415,True,A green ice cream truck stopped on the side of the road and a woman stopped to buy some.,A green ice truck stopped by the side of the road and a woman stopped to buy one.,0.4827346205711365,0.016939643770456314,0.016939643770456314,contradiction,0.9993900060653687,False,False,False,"[{""group"":""number"",""original"":{},""candidate"":{""1"":1},""field"":""hypothesis""},{""group"":""quantifier"",""original"":{""some"":1},""candidate"":{},""field"":""hypothesis""},{""group"":""space"",""original"":{""on"":1},""candidate"":{},""field"":""hypothesis""}]",[],"[{""group"":""number"",""original"":{},""candidate"":{""1"":1},""field"":""hypothesis""},{""group"":""quantifier"",""original"":{""some"":1},""candidate"":{},""field"":""hypothesis""},{""group"":""space"",""original"":{""on"":1},""candidate"":{},""field"":""hypothesis""}]",0.07692307692307687,False,"[""semantic_drift""]",facebook/nllb-200-distilled-600M,f8d333a098d19b4fd9a8b18f94170487ad3f821d,MoritzLaurer/DeBERTa-v3-base-mnli-fever-anli,6f5cf0a2b59cabb106aca4c287eed12e357e90eb
762,519469,519469:premise:fra_Latn,premise,neutral,RELIABLE_GOLD,neutral,0.9988049268722534,True,Many birds are sitting on a concrete wall.,Many birds are sitting on a concrete wall.,0.9964966177940369,0.9964966177940369,0.9964966177940369,neutral,0.9988049268722534,False,False,False,[],[],[],0.0,False,"[""trivial_copy""]",facebook/nllb-200-distilled-600M,f8d333a098d19b4fd9a8b18f94170487ad3f821d,MoritzLaurer/DeBERTa-v3-base-mnli-fever-anli,6f5cf0a2b59cabb106aca4c287eed12e357e90eb
783,539080,539080:premise:fra_Latn,premise,entailment,GOLD_LOW_CONFIDENCE,entailment,0.5564167499542236,False,Two asian women are sitting in the shade under a tree.,Two asian women are sitting in the shade under a tree.,,,,None,,False,False,False,[],[],[],,False,"[""source_nli_low_confidence""]",facebook/nllb-200-distilled-600M,,MoritzLaurer/DeBERTa-v3-base-mnli-fever-anli,6f5cf0a2b59cabb106aca4c287eed12e357e90eb
783,539080,539080:hypothesis:fra_Latn,hypothesis,entailment,GOLD_LOW_CONFIDENCE,entailment,0.5564167499542236,False,Two women are relaxing.,Two women are relaxing.,,,,None,,False,False,False,[],[],[],,False,"[""source_nli_low_confidence""]",facebook/nllb-200-distilled-600M,,MoritzLaurer/DeBERTa-v3-base-mnli-fever-anli,6f5cf0a2b59cabb106aca4c287eed12e357e90eb
788,541031,541031:premise:fra_Latn,premise,contradiction,GOLD_DISAGREEMENT,neutral,0.019637037068605423,False,A woman and a man holding a small boy smile while standing in front of a decorated christmas tree with gifts under it.,A woman and a man holding a small boy smile while standing in front of a decorated christmas tree with gifts under it.,,,,None,,False,False,False,[],[],[],,False,"[""source_label_disagreement""]",facebook/nllb-200-distilled-600M,,MoritzLaurer/DeBERTa-v3-base-mnli-fever-anli,6f5cf0a2b59cabb106aca4c287eed12e357e90eb
788,541031,541031:hypothesis:fra_Latn,hypothesis,contradiction,GOLD_DISAGREEMENT,neutral,0.019637037068605423,False,The family is celebrating its last Channukah.,The family is celebrating its last Channukah.,,,,None,,False,False,False,[],[],[],,False,"[""source_label_disagreement""]",facebook/nllb-200-distilled-600M,,MoritzLaurer/DeBERTa-v3-base-mnli-fever-anli,6f5cf0a2b59cabb106aca4c287eed12e357e90eb
793,545706,545706:premise:fra_Latn,premise,neutral,GOLD_LOW_CONFIDENCE,neutral,0.682070255279541,False,A middle-aged solo musician performs by singing and playing the guitar.,A middle-aged solo musician performs by singing and playing the guitar.,,,,None,,False,False,False,[],[],[],,False,"[""source_nli_low_confidence""]",facebook/nllb-200-distilled-600M,,MoritzLaurer/DeBERTa-v3-base-mnli-fever-anli,6f5cf0a2b59cabb106aca4c287eed12e357e90eb
793,545706,545706:hypothesis:fra_Latn,hypothesis,neutral,GOLD_LOW_CONFIDENCE,neutral,0.682070255279541,False,The muscisian is on stage.,The muscisian is on stage.,,,,None,,False,False,False,[],[],[],,False,"[""source_nli_low_confidence""]",facebook/nllb-200-distilled-600M,,MoritzLaurer/DeBERTa-v3-base-mnli-fever-anli,6f5cf0a2b59cabb106aca4c287eed12e357e90eb
797,549041,549041:premise:fra_Latn,premise,contradiction,GOLD_DISAGREEMENT,neutral,0.000980344251729548,False,"A man in a purple hat, white shirt, wearing earbuds, listening to music, sitting outside a city building.","A man in a purple hat, white shirt, wearing earbuds, listening to music, sitting outside a city building.",,,,None,,False,False,False,[],[],[],,False,"[""source_label_disagreement""]",facebook/nllb-200-distilled-600M,,MoritzLaurer/DeBERTa-v3-base-mnli-fever-anli,6f5cf0a2b59cabb106aca4c287eed12e357e90eb
797,549041,549041:hypothesis:fra_Latn,hypothesis,contradiction,GOLD_DISAGREEMENT,neutral,0.000980344251729548,False,He is taking shelter from the hurricane.,He is taking shelter from the hurricane.,,,,None,,False,False,False,[],[],[],,False,"[""source_label_disagreement""]",facebook/nllb-200-distilled-600M,,MoritzLaurer/DeBERTa-v3-base-mnli-fever-anli,6f5cf0a2b59cabb106aca4c287eed12e357e90eb
768,523638,523638:premise:fra_Latn,premise,contradiction,RELIABLE_GOLD,contradiction,0.997591495513916,True,A person is walking by a wall that is surrounding a church.,A person walks through a wall that surrounds a church.,0.0012444236781448126,0.29195907711982727,0.0012444236781448126,contradiction,0.9990922212600708,False,False,False,"[{""group"":""space"",""original"":{},""candidate"":{""through"":1},""field"":""premise""}]",[],"[{""group"":""space"",""original"":{},""candidate"":{""through"":1},""field"":""premise""}]",0.20353982300884954,False,"[""semantic_drift""]",facebook/nllb-200-distilled-600M,f8d333a098d19b4fd9a8b18f94170487ad3f821d,MoritzLaurer/DeBERTa-v3-base-mnli-fever-anli,6f5cf0a2b59cabb106aca4c287eed12e357e90eb
768,523638,523638:hypothesis:fra_Latn,hypothesis,contradiction,RELIABLE_GOLD,contradiction,0.997591495513916,True,A person is walking by an ice cream stand.,A person is walking by an ice stand.,0.041658464819192886,0.007713252678513527,0.007713252678513527,contradiction,0.9979471564292908,False,False,False,[],[],[],0.07692307692307687,False,"[""semantic_drift""]",facebook/nllb-200-distilled-600M,f8d333a098d19b4fd9a8b18f94170487ad3f821d,MoritzLaurer/DeBERTa-v3-base-mnli-fever-anli,6f5cf0a2b59cabb106aca4c287eed12e357e90eb
769,524089,524089:premise:fra_Latn,premise,entailment,RELIABLE_GOLD,entailment,0.9881415367126465,True,A brunette with a lei around her head.,A brunette with a law around her head.,0.09877017885446548,0.003161299740895629,0.003161299740895629,contradiction,0.0016448568785563111,False,False,False,[],[],[],0.052631578947368474,False,"[""semantic_drift"",""label_flip""]",facebook/nllb-200-distilled-600M,f8d333a098d19b4fd9a8b18f94170487ad3f821d,MoritzLaurer/DeBERTa-v3-base-mnli-fever-anli,6f5cf0a2b59cabb106aca4c287eed12e357e90eb
769,524089,524089:hypothesis:fra_Latn,hypothesis,entailment,RELIABLE_GOLD,entailment,0.9881415367126465,True,A person with a lei around their head.,A person with a law around his head.,0.010588658042252064,0.0012290002778172493,0.0012290002778172493,contradiction,0.0009279523510485888,False,False,False,[],[],[],0.10810810810810811,False,"[""semantic_drift"",""label_flip""]",facebook/nllb-200-distilled-600M,f8d333a098d19b4fd9a8b18f94170487ad3f821d,MoritzLaurer/DeBERTa-v3-base-mnli-fever-anli,6f5cf0a2b59cabb106aca4c287eed12e357e90eb
770,524354,524354:premise:fra_Latn,premise,contradiction,RELIABLE_GOLD,contradiction,0.9995465874671936,True,Two girls looking at bubbles in the air.,Two girls looking at bubbles in the air.,0.994158148765564,0.994158148765564,0.994158148765564,contradiction,0.9995465874671936,False,False,False,[],[],[],0.0,False,"[""trivial_copy""]",facebook/nllb-200-distilled-600M,f8d333a098d19b4fd9a8b18f94170487ad3f821d,MoritzLaurer/DeBERTa-v3-base-mnli-fever-anli,6f5cf0a2b59cabb106aca4c287eed12e357e90eb
771,524385,524385:premise:fra_Latn,premise,neutral,RELIABLE_GOLD,neutral,0.8443605303764343,True,A boy in a flowered apron standing at a stove while a woman stirs a pot in the background.,An abortion boy blooms standing in front of a stove while a woman moves a pot in the background.,0.08757104724645615,0.03392508998513222,0.03392508998513222,neutral,0.7223085165023804,False,False,False,"[{""group"":""space"",""original"":{""in"":2},""candidate"":{""front"":1,""in"":2},""field"":""premise""}]",[],"[{""group"":""space"",""original"":{""in"":2},""candidate"":{""front"":1,""in"":2},""field"":""premise""}]",0.25806451612903225,False,"[""semantic_drift"",""low_nli_confidence""]",facebook/nllb-200-distilled-600M,f8d333a098d19b4fd9a8b18f94170487ad3f821d,MoritzLaurer/DeBERTa-v3-base-mnli-fever-anli,6f5cf0a2b59cabb106aca4c287eed12e357e90eb
771,524385,524385:hypothesis:fra_Latn,hypothesis,neutral,RELIABLE_GOLD,neutral,0.8443605303764343,True,A boy in a flowered apron is helping make soup.,An abortion boy with flowers helps prepare the soup.,0.36551326513290405,0.00822922307997942,0.00822922307997942,neutral,0.853721559047699,False,False,False,"[{""group"":""space"",""original"":{""in"":1},""candidate"":{},""field"":""hypothesis""}]",[],"[{""group"":""space"",""original"":{""in"":1},""candidate"":{},""field"":""hypothesis""}]",0.41414141414141414,False,"[""semantic_drift""]",facebook/nllb-200-distilled-600M,f8d333a098d19b4fd9a8b18f94170487ad3f821d,MoritzLaurer/DeBERTa-v3-base-mnli-fever-anli,6f5cf0a2b59cabb106aca4c287eed12e357e90eb
772,524406,524406:premise:fra_Latn,premise,neutral,RELIABLE_GOLD,neutral,0.9934629201889038,True,A young woman is stirring something in a pot while a young boy wearing a flowered apron stands by her.,"A young woman is moving something in a pot, while a young boy is standing next to her wearing a flower bed.",0.18631115555763245,0.5167336463928223,0.18631115555763245,neutral,0.9968619346618652,False,False,False,[],[],[],0.26315789473684215,False,"[""semantic_drift""]",facebook/nllb-200-distilled-600M,f8d333a098d19b4fd9a8b18f94170487ad3f821d,MoritzLaurer/DeBERTa-v3-base-mnli-fever-anli,6f5cf0a2b59cabb106aca4c287eed12e357e90eb
773,524854,524854:hypothesis:fra_Latn,hypothesis,neutral,RELIABLE_GOLD,neutral,0.9924572706222534,True,A girl is proud of her object.,A girl is proud of her object.,0.9964214563369751,0.9964214563369751,0.9964214563369751,neutral,0.9924572706222534,False,False,False,[],[],[],0.0,False,"[""trivial_copy""]",facebook/nllb-200-distilled-600M,f8d333a098d19b4fd9a8b18f94170487ad3f821d,MoritzLaurer/DeBERTa-v3-base-mnli-fever-anli,6f5cf0a2b59cabb106aca4c287eed12e357e90eb
774,527833,527833:premise:fra_Latn,premise,entailment,RELIABLE_GOLD,entailment,0.9979883432388306,True,These two people are eating.,These two people are eating.,0.9968841671943665,0.9968841671943665,0.9968841671943665,entailment,0.9979883432388306,False,False,False,[],[],[],0.0,False,"[""trivial_copy""]",facebook/nllb-200-distilled-600M,f8d333a098d19b4fd9a8b18f94170487ad3f821d,MoritzLaurer/DeBERTa-v3-base-mnli-fever-anli,6f5cf0a2b59cabb106aca4c287eed12e357e90eb
775,528482,528482:hypothesis:fra_Latn,hypothesis,entailment,RELIABLE_GOLD,entailment,0.9855297803878784,True,A man wearing a robe looks to be very religious,A man dressed in a dress seems very religious.,0.02011094056069851,0.15845559537410736,0.02011094056069851,entailment,0.8745798468589783,False,False,False,"[{""group"":""space"",""original"":{},""candidate"":{""in"":1},""field"":""hypothesis""}]",[],"[{""group"":""space"",""original"":{},""candidate"":{""in"":1},""field"":""hypothesis""}]",0.31182795698924726,False,"[""semantic_drift""]",facebook/nllb-200-distilled-600M,f8d333a098d19b4fd9a8b18f94170487ad3f821d,MoritzLaurer/DeBERTa-v3-base-mnli-fever-anli,6f5cf0a2b59cabb106aca4c287eed12e357e90eb
777,530538,530538:premise:fra_Latn,premise,entailment,RELIABLE_GOLD,entailment,0.978131890296936,True,Four young boys are standing around a grill.,Four young boys are standing around a grill.,0.9961387515068054,0.9961387515068054,0.9961387515068054,entailment,0.978131890296936,False,False,False,[],[],[],0.0,False,"[""trivial_copy""]",facebook/nllb-200-distilled-600M,f8d333a098d19b4fd9a8b18f94170487ad3f821d,MoritzLaurer/DeBERTa-v3-base-mnli-fever-anli,6f5cf0a2b59cabb106aca4c287eed12e357e90eb
779,533036,533036:hypothesis:fra_Latn,hypothesis,entailment,RELIABLE_GOLD,entailment,0.9974307417869568,True,A sewing machine is used by a woman wearing a colorful shawl.,A sewing machine is used by a woman wearing a colorful shawl.,0.991874635219574,0.991874635219574,0.991874635219574,entailment,0.9974307417869568,False,False,False,[],[],[],0.0,False,"[""trivial_copy""]",facebook/nllb-200-distilled-600M,f8d333a098d19b4fd9a8b18f94170487ad3f821d,MoritzLaurer/DeBERTa-v3-base-mnli-fever-anli,6f5cf0a2b59cabb106aca4c287eed12e357e90eb
780,534650,534650:premise:fra_Latn,premise,contradiction,RELIABLE_GOLD,contradiction,0.9995025396347046,True,Someone in a blue coat and white sneakers is airborne.,Someone in a blue coat and white sneakers is on the run.,0.05197768285870552,0.0627240315079689,0.05197768285870552,contradiction,0.9989847540855408,False,False,False,"[{""group"":""space"",""original"":{""in"":1},""candidate"":{""in"":1,""on"":1},""field"":""premise""}]",[],"[{""group"":""space"",""original"":{""in"":1},""candidate"":{""in"":1,""on"":1},""field"":""premise""}]",0.12727272727272732,False,"[""semantic_drift""]",facebook/nllb-200-distilled-600M,f8d333a098d19b4fd9a8b18f94170487ad3f821d,MoritzLaurer/DeBERTa-v3-base-mnli-fever-anli,6f5cf0a2b59cabb106aca4c287eed12e357e90eb
786,540283,540283:premise:fra_Latn,premise,neutral,RELIABLE_GOLD,neutral,0.9991987347602844,True,"A horse pulls a wagon with a bale of hay on top, while a man sits on top of the bale with his hand in the air.","A horse pulls a chariot with a hay ball on top, while a man sits on the ball with his hand up in the air.",0.0010390996467322111,0.01280529610812664,0.0010390996467322111,neutral,0.9983988404273987,False,False,False,[],[],[],0.15348837209302324,False,"[""semantic_drift""]",facebook/nllb-200-distilled-600M,f8d333a098d19b4fd9a8b18f94170487ad3f821d,MoritzLaurer/DeBERTa-v3-base-mnli-fever-anli,6f5cf0a2b59cabb106aca4c287eed12e357e90eb
786,540283,540283:hypothesis:fra_Latn,hypothesis,neutral,RELIABLE_GOLD,neutral,0.9991987347602844,True,A man wears a hat.,A man wears a hat.,0.9977420568466187,0.9977420568466187,0.9977420568466187,neutral,0.9991987347602844,False,False,False,[],[],[],0.0,False,"[""trivial_copy""]",facebook/nllb-200-distilled-600M,f8d333a098d19b4fd9a8b18f94170487ad3f821d,MoritzLaurer/DeBERTa-v3-base-mnli-fever-anli,6f5cf0a2b59cabb106aca4c287eed12e357e90eb
791,542646,542646:premise:fra_Latn,premise,contradiction,RELIABLE_GOLD,contradiction,0.9995792508125305,True,A sports team is lined up outside.,There's a sports team outside.,0.9963721036911011,0.015959948301315308,0.015959948301315308,neutral,0.008430393412709236,False,False,False,[],[],[],0.3125,False,"[""semantic_drift"",""label_flip""]",facebook/nllb-200-distilled-600M,f8d333a098d19b4fd9a8b18f94170487ad3f821d,MoritzLaurer/DeBERTa-v3-base-mnli-fever-anli,6f5cf0a2b59cabb106aca4c287eed12e357e90eb
792,543160,543160:premise:fra_Latn,premise,entailment,RELIABLE_GOLD,entailment,0.993747353553772,True,A man has a pan and what looks like a block of dirt.,A man has a pot and what looks like a block of earth.,0.9734148383140564,0.8912726044654846,0.8912726044654846,contradiction,0.04224377125501633,False,False,False,[],[],[],0.08571428571428574,False,"[""semantic_drift"",""label_flip""]",facebook/nllb-200-distilled-600M,f8d333a098d19b4fd9a8b18f94170487ad3f821d,MoritzLaurer/DeBERTa-v3-base-mnli-fever-anli,6f5cf0a2b59cabb106aca4c287eed12e357e90eb
792,543160,543160:hypothesis:fra_Latn,hypothesis,entailment,RELIABLE_GOLD,entailment,0.993747353553772,True,A man with a pan.,A man with a pot.,0.2274814397096634,0.07313630729913712,0.07313630729913712,entailment,0.49000653624534607,False,False,False,[],[],[],0.11764705882352944,False,"[""semantic_drift"",""low_nli_confidence""]",facebook/nllb-200-distilled-600M,f8d333a098d19b4fd9a8b18f94170487ad3f821d,MoritzLaurer/DeBERTa-v3-base-mnli-fever-anli,6f5cf0a2b59cabb106aca4c287eed12e357e90eb
794,546367,546367:premise:fra_Latn,premise,entailment,RELIABLE_GOLD,entailment,0.9933868050575256,True,Two people are standing in a flower shop.,Two people are standing in a flower shop.,0.9969442486763,0.9969442486763,0.9969442486763,entailment,0.9933868050575256,False,False,False,[],[],[],0.0,False,"[""trivial_copy""]",facebook/nllb-200-distilled-600M,f8d333a098d19b4fd9a8b18f94170487ad3f821d,MoritzLaurer/DeBERTa-v3-base-mnli-fever-anli,6f5cf0a2b59cabb106aca4c287eed12e357e90eb
794,546367,546367:hypothesis:fra_Latn,hypothesis,entailment,RELIABLE_GOLD,entailment,0.9933868050575256,True,People in a store.,People in a store.,0.9944296479225159,0.9944296479225159,0.9944296479225159,entailment,0.9933868050575256,False,False,False,[],[],[],0.0,False,"[""trivial_copy""]",facebook/nllb-200-distilled-600M,f8d333a098d19b4fd9a8b18f94170487ad3f821d,MoritzLaurer/DeBERTa-v3-base-mnli-fever-anli,6f5cf0a2b59cabb106aca4c287eed12e357e90eb
795,547621,547621:premise:fra_Latn,premise,entailment,RELIABLE_GOLD,entailment,0.9940324425697327,True,Three dogs playing in the snow.,Three dogs playing in the snow.,0.9956069588661194,0.9956069588661194,0.9956069588661194,entailment,0.9940324425697327,False,False,False,[],[],[],0.0,False,"[""trivial_copy""]",facebook/nllb-200-distilled-600M,f8d333a098d19b4fd9a8b18f94170487ad3f821d,MoritzLaurer/DeBERTa-v3-base-mnli-fever-anli,6f5cf0a2b59cabb106aca4c287eed12e357e90eb
796,548940,548940:premise:fra_Latn,premise,neutral,RELIABLE_GOLD,neutral,0.9986711740493774,True,A man in a yellow shirt is reading a book.,A man in a yellow shirt is reading a book.,0.9973325729370117,0.9973325729370117,0.9973325729370117,neutral,0.9986711740493774,False,False,False,[],[],[],0.0,False,"[""trivial_copy""]",facebook/nllb-200-distilled-600M,f8d333a098d19b4fd9a8b18f94170487ad3f821d,MoritzLaurer/DeBERTa-v3-base-mnli-fever-anli,6f5cf0a2b59cabb106aca4c287eed12e357e90eb
796,548940,548940:hypothesis:fra_Latn,hypothesis,neutral,RELIABLE_GOLD,neutral,0.9986711740493774,True,A man is reading while waiting for a bus.,A man is reading while waiting for a bus.,0.9974192380905151,0.9974192380905151,0.9974192380905151,neutral,0.9986711740493774,False,False,False,[],[],[],0.0,False,"[""trivial_copy""]",facebook/nllb-200-distilled-600M,f8d333a098d19b4fd9a8b18f94170487ad3f821d,MoritzLaurer/DeBERTa-v3-base-mnli-fever-anli,6f5cf0a2b59cabb106aca4c287eed12e357e90eb
798,549274,549274:premise:fra_Latn,premise,entailment,RELIABLE_GOLD,entailment,0.99709153175354,True,A female swimmer wearing a swim cap and nose clips moves slowly through the water is seen from below.,A swimming woman wearing a swimming cap and nosebrushes moves slowly into the water.,0.9514005184173584,0.03219350054860115,0.03219350054860115,entailment,0.9965575933456421,False,False,False,"[{""group"":""space"",""original"":{""through"":1},""candidate"":{},""field"":""premise""}]",[],"[{""group"":""space"",""original"":{""through"":1},""candidate"":{},""field"":""premise""}]",0.3189189189189189,False,"[""semantic_drift""]",facebook/nllb-200-distilled-600M,f8d333a098d19b4fd9a8b18f94170487ad3f821d,MoritzLaurer/DeBERTa-v3-base-mnli-fever-anli,6f5cf0a2b59cabb106aca4c287eed12e357e90eb
798,549274,549274:hypothesis:fra_Latn,hypothesis,entailment,RELIABLE_GOLD,entailment,0.99709153175354,True,A female swimmer swims.,A swimmer is swimming.,0.9975354671478271,0.0007921837968751788,0.0007921837968751788,entailment,0.9957973957061768,False,False,False,[],[],[],0.33333333333333337,False,"[""semantic_drift""]",facebook/nllb-200-distilled-600M,f8d333a098d19b4fd9a8b18f94170487ad3f821d,MoritzLaurer/DeBERTa-v3-base-mnli-fever-anli,6f5cf0a2b59cabb106aca4c287eed12e357e90eb
799,549910,549910:hypothesis:fra_Latn,hypothesis,contradiction,RELIABLE_GOLD,contradiction,0.9995772242546082,True,The crowd is sitting in a field.,The crowd is sitting in a field.,0.9971952438354492,0.9971952438354492,0.9971952438354492,contradiction,0.9995772242546082,False,False,False,[],[],[],0.0,False,"[""trivial_copy""]",facebook/nllb-200-distilled-600M,f8d333a098d19b4fd9a8b18f94170487ad3f821d,MoritzLaurer/DeBERTa-v3-base-mnli-fever-anli,6f5cf0a2b59cabb106aca4c287eed12e357e90eb
