input_position,source_index,candidate_id,augmented_field,old_accepted,real_accepted,old_reasons,real_reasons,source_nli_status,semantic_min,candidate_nli_gold_probability,generation_truncated,decision_change,difference_category
0,21,21:premise:fra_Latn,premise,True,True,[],[],RELIABLE_GOLD,0.9952712655067444,0.995555579662323,False,MATCH,none
0,21,21:hypothesis:fra_Latn,hypothesis,True,True,[],[],RELIABLE_GOLD,0.9976881742477417,0.9938858151435852,False,MATCH,none
1,90,90:premise:fra_Latn,premise,False,True,"[""source_label_disagreement""]",[],RELIABLE_GOLD,0.9937716126441956,0.9983671307563782,False,REAL_NEWLY_ACCEPTED,source-gate difference
1,90,90:hypothesis:fra_Latn,hypothesis,False,True,"[""source_label_disagreement""]",[],RELIABLE_GOLD,0.9970947504043579,0.9993472695350647,False,REAL_NEWLY_ACCEPTED,source-gate difference
4,941,941:premise:fra_Latn,premise,True,True,[],[],RELIABLE_GOLD,0.993462324142456,0.9987118244171143,False,MATCH,none
4,941,941:hypothesis:fra_Latn,hypothesis,True,True,[],[],RELIABLE_GOLD,0.9932776093482971,0.9990010857582092,False,MATCH,none
6,2194,2194:premise:fra_Latn,premise,True,True,[],[],RELIABLE_GOLD,0.9974109530448914,0.9988778233528137,False,MATCH,none
6,2194,2194:hypothesis:fra_Latn,hypothesis,True,True,[],[],RELIABLE_GOLD,0.993664026260376,0.9989591836929321,False,MATCH,none
7,3208,3208:premise:fra_Latn,premise,True,True,[],[],RELIABLE_GOLD,0.9961495399475098,0.9822490215301514,False,MATCH,none
8,3931,3931:premise:fra_Latn,premise,True,True,[],[],RELIABLE_GOLD,0.9955717325210571,0.990672767162323,False,MATCH,none
8,3931,3931:hypothesis:fra_Latn,hypothesis,True,True,[],[],RELIABLE_GOLD,0.9955645799636841,0.9844326972961426,False,MATCH,none
9,4111,4111:premise:fra_Latn,premise,True,True,[],[],RELIABLE_GOLD,0.9921482801437378,0.9991587400436401,False,MATCH,none
9,4111,4111:hypothesis:fra_Latn,hypothesis,True,True,[],[],RELIABLE_GOLD,0.9915760159492493,0.9986774325370789,False,MATCH,none
10,4403,4403:premise:fra_Latn,premise,True,True,[],[],RELIABLE_GOLD,0.9796615839004517,0.989096999168396,False,MATCH,none
10,4403,4403:hypothesis:fra_Latn,hypothesis,True,True,[],[],RELIABLE_GOLD,0.9564880728721619,0.9702602028846741,False,MATCH,none
12,5321,5321:hypothesis:fra_Latn,hypothesis,True,True,[],[],RELIABLE_GOLD,0.9753323197364807,0.9962078332901001,False,MATCH,none
14,5560,5560:premise:fra_Latn,premise,True,True,[],[],RELIABLE_GOLD,0.9940946698188782,0.9955888986587524,False,MATCH,none
14,5560,5560:hypothesis:fra_Latn,hypothesis,True,True,[],[],RELIABLE_GOLD,0.9973689317703247,0.9986727237701416,False,MATCH,none
15,5704,5704:premise:fra_Latn,premise,True,True,[],[],RELIABLE_GOLD,0.9969237446784973,0.9906813502311707,False,MATCH,none
15,5704,5704:hypothesis:fra_Latn,hypothesis,True,True,[],[],RELIABLE_GOLD,0.9950972199440002,0.9957078695297241,False,MATCH,none
16,6279,6279:premise:fra_Latn,premise,True,True,[],[],RELIABLE_GOLD,0.9901705384254456,0.9950945377349854,False,MATCH,none
16,6279,6279:hypothesis:fra_Latn,hypothesis,True,True,[],[],RELIABLE_GOLD,0.9879569411277771,0.9935203194618225,False,MATCH,none
18,8269,8269:premise:fra_Latn,premise,True,True,[],[],RELIABLE_GOLD,0.9942838549613953,0.9910236597061157,False,MATCH,none
18,8269,8269:hypothesis:fra_Latn,hypothesis,True,True,[],[],RELIABLE_GOLD,0.9948099851608276,0.99335116147995,False,MATCH,none
20,9707,9707:premise:fra_Latn,premise,True,True,[],[],RELIABLE_GOLD,0.9870295524597168,0.9935508966445923,False,MATCH,none
21,10680,10680:premise:fra_Latn,premise,False,True,[],[],RELIABLE_GOLD,0.9540716409683228,0.9994245767593384,False,REAL_NEWLY_ACCEPTED,source-gate difference
21,10680,10680:hypothesis:fra_Latn,hypothesis,False,True,[],[],RELIABLE_GOLD,0.995875895023346,0.9995075464248657,False,REAL_NEWLY_ACCEPTED,source-gate difference
24,13229,13229:premise:fra_Latn,premise,True,True,[],[],RELIABLE_GOLD,0.9966766834259033,0.999494194984436,False,MATCH,none
24,13229,13229:hypothesis:fra_Latn,hypothesis,True,True,[],[],RELIABLE_GOLD,0.9966807961463928,0.9996335506439209,False,MATCH,none
25,13559,13559:premise:fra_Latn,premise,True,True,[],[],RELIABLE_GOLD,0.9894132018089294,0.9904975295066833,False,MATCH,none
25,13559,13559:hypothesis:fra_Latn,hypothesis,True,True,[],[],RELIABLE_GOLD,0.9970611929893494,0.9927611351013184,False,MATCH,none
27,14934,14934:hypothesis:fra_Latn,hypothesis,True,True,[],[],RELIABLE_GOLD,0.9830445051193237,0.996451735496521,False,MATCH,none
29,17575,17575:premise:fra_Latn,premise,True,True,[],[],RELIABLE_GOLD,0.9925656318664551,0.994096040725708,False,MATCH,none
34,19294,19294:premise:fra_Latn,premise,True,True,[],[],RELIABLE_GOLD,0.9925503730773926,0.9981221556663513,False,MATCH,none
34,19294,19294:hypothesis:fra_Latn,hypothesis,True,True,[],[],RELIABLE_GOLD,0.9912541508674622,0.9963966012001038,False,MATCH,none
35,19844,19844:hypothesis:fra_Latn,hypothesis,True,True,[],[],RELIABLE_GOLD,0.9938108325004578,0.9933235049247742,False,MATCH,none
37,26244,26244:premise:fra_Latn,premise,True,True,[],[],RELIABLE_GOLD,0.9678703546524048,0.9476723670959473,False,MATCH,none
38,27041,27041:premise:fra_Latn,premise,True,True,[],[],RELIABLE_GOLD,0.9964784979820251,0.9936000108718872,False,MATCH,none
39,27080,27080:premise:fra_Latn,premise,True,True,[],[],RELIABLE_GOLD,0.9251251220703125,0.9698268175125122,False,MATCH,none
40,28431,28431:premise:fra_Latn,premise,True,True,[],[],RELIABLE_GOLD,0.9943395256996155,0.9996035695075989,False,MATCH,none
40,28431,28431:hypothesis:fra_Latn,hypothesis,True,True,[],[],RELIABLE_GOLD,0.980991542339325,0.9992276430130005,False,MATCH,none
41,28875,28875:premise:fra_Latn,premise,True,True,[],[],RELIABLE_GOLD,0.9945857524871826,0.999514102935791,False,MATCH,none
41,28875,28875:hypothesis:fra_Latn,hypothesis,True,True,[],[],RELIABLE_GOLD,0.996364414691925,0.9995953440666199,False,MATCH,none
43,29415,29415:hypothesis:fra_Latn,hypothesis,True,True,[],[],RELIABLE_GOLD,0.9975304007530212,0.8651098608970642,False,MATCH,none
45,30056,30056:premise:fra_Latn,premise,True,True,[],[],RELIABLE_GOLD,0.9936698079109192,0.9966431856155396,False,MATCH,none
46,32175,32175:premise:fra_Latn,premise,True,True,[],[],RELIABLE_GOLD,0.9960088729858398,0.999428927898407,False,MATCH,none
46,32175,32175:hypothesis:fra_Latn,hypothesis,True,True,[],[],RELIABLE_GOLD,0.9971207976341248,0.9993636012077332,False,MATCH,none
47,32579,32579:premise:fra_Latn,premise,True,True,[],[],RELIABLE_GOLD,0.993746280670166,0.9983035326004028,False,MATCH,none
48,32673,32673:hypothesis:fra_Latn,hypothesis,True,True,[],[],RELIABLE_GOLD,0.9966239929199219,0.9994598031044006,False,MATCH,none
49,34221,34221:hypothesis:fra_Latn,hypothesis,True,True,[],[],RELIABLE_GOLD,0.9931227564811707,0.9631985425949097,False,MATCH,none
51,37727,37727:premise:fra_Latn,premise,True,True,[],[],RELIABLE_GOLD,0.9879141449928284,0.9990366697311401,False,MATCH,none
51,37727,37727:hypothesis:fra_Latn,hypothesis,True,True,[],[],RELIABLE_GOLD,0.9841206669807434,0.998988926410675,False,MATCH,none
53,38101,38101:hypothesis:fra_Latn,hypothesis,True,True,[],[],RELIABLE_GOLD,0.9950405955314636,0.9986128807067871,False,MATCH,none
54,38352,38352:premise:fra_Latn,premise,True,True,[],[],RELIABLE_GOLD,0.9934139847755432,0.9993332028388977,False,MATCH,none
54,38352,38352:hypothesis:fra_Latn,hypothesis,True,True,[],[],RELIABLE_GOLD,0.9977225661277771,0.9994039535522461,False,MATCH,none
55,40045,40045:hypothesis:fra_Latn,hypothesis,True,True,[],[],RELIABLE_GOLD,0.9940527081489563,0.9994814991950989,False,MATCH,none
56,40130,40130:hypothesis:fra_Latn,hypothesis,True,True,[],[],RELIABLE_GOLD,0.9975771307945251,0.9963585734367371,False,MATCH,none
57,40441,40441:premise:fra_Latn,premise,True,True,[],[],RELIABLE_GOLD,0.9962092638015747,0.925004243850708,False,MATCH,none
58,41993,41993:premise:fra_Latn,premise,True,True,[],[],RELIABLE_GOLD,0.9963470101356506,0.939568042755127,False,MATCH,none
59,42372,42372:premise:fra_Latn,premise,True,True,[],[],RELIABLE_GOLD,0.981825053691864,0.9897957444190979,False,MATCH,none
61,43588,43588:premise:fra_Latn,premise,True,True,[],[],RELIABLE_GOLD,0.9916390776634216,0.9992528557777405,False,MATCH,none
61,43588,43588:hypothesis:fra_Latn,hypothesis,True,True,[],[],RELIABLE_GOLD,0.9948115348815918,0.9995180368423462,False,MATCH,none
62,43604,43604:premise:fra_Latn,premise,True,True,[],[],RELIABLE_GOLD,0.9656963348388672,0.9991897940635681,False,MATCH,none
62,43604,43604:hypothesis:fra_Latn,hypothesis,True,True,[],[],RELIABLE_GOLD,0.9966756105422974,0.9992027878761292,False,MATCH,none
63,44726,44726:premise:fra_Latn,premise,True,True,[],[],RELIABLE_GOLD,0.9956954717636108,0.9911562204360962,False,MATCH,none
64,45940,45940:premise:fra_Latn,premise,True,True,[],[],RELIABLE_GOLD,0.9751476049423218,0.8754958510398865,False,MATCH,none
65,46018,46018:premise:fra_Latn,premise,True,True,[],[],RELIABLE_GOLD,0.9967964291572571,0.990346372127533,False,MATCH,none
66,46166,46166:premise:fra_Latn,premise,True,True,[],[],RELIABLE_GOLD,0.9956477284431458,0.9826149940490723,False,MATCH,none
66,46166,46166:hypothesis:fra_Latn,hypothesis,True,True,[],[],RELIABLE_GOLD,0.978054940700531,0.9768064618110657,False,MATCH,none
68,48670,48670:premise:fra_Latn,premise,True,True,[],[],RELIABLE_GOLD,0.9966893196105957,0.9804713726043701,False,MATCH,none
68,48670,48670:hypothesis:fra_Latn,hypothesis,True,True,[],[],RELIABLE_GOLD,0.9975912570953369,0.9614853858947754,False,MATCH,none
69,48793,48793:hypothesis:fra_Latn,hypothesis,True,True,[],[],RELIABLE_GOLD,0.9954804182052612,0.9905185103416443,False,MATCH,none
70,48999,48999:premise:fra_Latn,premise,True,True,[],[],RELIABLE_GOLD,0.9949542880058289,0.998033344745636,False,MATCH,none
72,49929,49929:premise:fra_Latn,premise,True,True,[],[],RELIABLE_GOLD,0.9754267930984497,0.9990143775939941,False,MATCH,none
72,49929,49929:hypothesis:fra_Latn,hypothesis,True,True,[],[],RELIABLE_GOLD,0.9977306723594666,0.9991382360458374,False,MATCH,none
73,50615,50615:premise:fra_Latn,premise,True,True,[],[],RELIABLE_GOLD,0.996086597442627,0.9993391633033752,False,MATCH,none
76,52808,52808:premise:fra_Latn,premise,True,True,[],[],RELIABLE_GOLD,0.9964189529418945,0.8604274392127991,False,MATCH,none
78,53773,53773:premise:fra_Latn,premise,True,True,[],[],RELIABLE_GOLD,0.9941279888153076,0.9985520243644714,False,MATCH,none
78,53773,53773:hypothesis:fra_Latn,hypothesis,True,True,[],[],RELIABLE_GOLD,0.9943838119506836,0.9987524747848511,False,MATCH,none
80,54941,54941:hypothesis:fra_Latn,hypothesis,True,True,[],[],RELIABLE_GOLD,0.9970856308937073,0.9971457123756409,False,MATCH,none
81,55266,55266:hypothesis:fra_Latn,hypothesis,True,True,[],[],RELIABLE_GOLD,0.9940705895423889,0.9975228905677795,False,MATCH,none
82,55448,55448:premise:fra_Latn,premise,True,True,[],[],RELIABLE_GOLD,0.9964810609817505,0.9992203712463379,False,MATCH,none
83,56475,56475:premise:fra_Latn,premise,True,True,[],[],RELIABLE_GOLD,0.9968400001525879,0.9917101263999939,False,MATCH,none
84,56607,56607:premise:fra_Latn,premise,True,True,[],[],RELIABLE_GOLD,0.9633802175521851,0.9876981377601624,False,MATCH,none
85,56660,56660:hypothesis:fra_Latn,hypothesis,True,True,[],[],RELIABLE_GOLD,0.9941962957382202,0.9922003149986267,False,MATCH,none
86,56738,56738:hypothesis:fra_Latn,hypothesis,True,True,[],[],RELIABLE_GOLD,0.9971985816955566,0.9972955584526062,False,MATCH,none
88,58539,58539:premise:fra_Latn,premise,True,True,[],[],RELIABLE_GOLD,0.9941593408584595,0.8844305276870728,False,MATCH,none
89,58989,58989:hypothesis:fra_Latn,hypothesis,True,True,[],[],RELIABLE_GOLD,0.994529664516449,0.9990593791007996,False,MATCH,none
91,60930,60930:premise:fra_Latn,premise,True,True,[],[],RELIABLE_GOLD,0.9885653853416443,0.9669445753097534,False,MATCH,none
91,60930,60930:hypothesis:fra_Latn,hypothesis,True,True,[],[],RELIABLE_GOLD,0.9918237328529358,0.9921250939369202,False,MATCH,none
93,62478,62478:premise:fra_Latn,premise,True,True,[],[],RELIABLE_GOLD,0.9941719174385071,0.9828693270683289,False,MATCH,none
94,62874,62874:premise:fra_Latn,premise,True,True,[],[],RELIABLE_GOLD,0.989018976688385,0.9984171390533447,False,MATCH,none
94,62874,62874:hypothesis:fra_Latn,hypothesis,True,True,[],[],RELIABLE_GOLD,0.9005781412124634,0.997847318649292,False,MATCH,none
95,62914,62914:premise:fra_Latn,premise,True,True,[],[],RELIABLE_GOLD,0.9917330741882324,0.9692608118057251,False,MATCH,none
95,62914,62914:hypothesis:fra_Latn,hypothesis,True,True,[],[],RELIABLE_GOLD,0.9939975738525391,0.973518431186676,False,MATCH,none
96,63473,63473:premise:fra_Latn,premise,True,True,[],[],RELIABLE_GOLD,0.9286741614341736,0.9833282232284546,False,MATCH,none
96,63473,63473:hypothesis:fra_Latn,hypothesis,True,True,[],[],RELIABLE_GOLD,0.9735499620437622,0.9932312965393066,False,MATCH,none
98,64203,64203:hypothesis:fra_Latn,hypothesis,True,True,[],[],RELIABLE_GOLD,0.9966914653778076,0.9923802614212036,False,MATCH,none
100,64378,64378:premise:fra_Latn,premise,True,True,[],[],RELIABLE_GOLD,0.9279688000679016,0.9994194507598877,False,MATCH,none
101,64777,64777:premise:fra_Latn,premise,True,True,[],[],RELIABLE_GOLD,0.9808278679847717,0.9924812316894531,False,MATCH,none
101,64777,64777:hypothesis:fra_Latn,hypothesis,True,True,[],[],RELIABLE_GOLD,0.9783731698989868,0.9881511926651001,False,MATCH,none
102,66214,66214:premise:fra_Latn,premise,True,True,[],[],RELIABLE_GOLD,0.9946183562278748,0.9881884455680847,False,MATCH,none
102,66214,66214:hypothesis:fra_Latn,hypothesis,True,True,[],[],RELIABLE_GOLD,0.9907363057136536,0.9732239246368408,False,MATCH,none
104,66614,66614:premise:fra_Latn,premise,True,True,[],[],RELIABLE_GOLD,0.9939934611320496,0.9982454776763916,False,MATCH,none
106,67736,67736:premise:fra_Latn,premise,True,True,[],[],RELIABLE_GOLD,0.9378639459609985,0.950566291809082,False,MATCH,none
106,67736,67736:hypothesis:fra_Latn,hypothesis,True,True,[],[],RELIABLE_GOLD,0.9958823919296265,0.9927678108215332,False,MATCH,none
107,67883,67883:premise:fra_Latn,premise,True,True,[],[],RELIABLE_GOLD,0.9895808696746826,0.9446806311607361,False,MATCH,none
107,67883,67883:hypothesis:fra_Latn,hypothesis,True,True,[],[],RELIABLE_GOLD,0.9932594895362854,0.9720247983932495,False,MATCH,none
109,69474,69474:premise:fra_Latn,premise,True,True,[],[],RELIABLE_GOLD,0.9966666102409363,0.992552638053894,False,MATCH,none
111,69975,69975:premise:fra_Latn,premise,True,True,[],[],RELIABLE_GOLD,0.9951103329658508,0.9977522492408752,False,MATCH,none
112,71150,71150:premise:fra_Latn,premise,True,True,[],[],RELIABLE_GOLD,0.9973686933517456,0.9971712231636047,False,MATCH,none
112,71150,71150:hypothesis:fra_Latn,hypothesis,True,True,[],[],RELIABLE_GOLD,0.9975680708885193,0.9959924817085266,False,MATCH,none
113,71585,71585:premise:fra_Latn,premise,True,True,[],[],RELIABLE_GOLD,0.9946909546852112,0.9593865275382996,False,MATCH,none
113,71585,71585:hypothesis:fra_Latn,hypothesis,True,True,[],[],RELIABLE_GOLD,0.9956507086753845,0.881853461265564,False,MATCH,none
115,72005,72005:hypothesis:fra_Latn,hypothesis,True,True,[],[],RELIABLE_GOLD,0.9924029111862183,0.9957411289215088,False,MATCH,none
116,73032,73032:premise:fra_Latn,premise,True,True,[],[],RELIABLE_GOLD,0.9768606424331665,0.9626449942588806,False,MATCH,none
118,73554,73554:hypothesis:fra_Latn,hypothesis,True,True,[],[],RELIABLE_GOLD,0.9979954957962036,0.9971684813499451,False,MATCH,none
119,73820,73820:hypothesis:fra_Latn,hypothesis,True,True,[],[],RELIABLE_GOLD,0.9933866858482361,0.9758901000022888,False,MATCH,none
120,74358,74358:premise:fra_Latn,premise,True,True,[],[],RELIABLE_GOLD,0.9920390844345093,0.9959797859191895,False,MATCH,none
121,75090,75090:hypothesis:fra_Latn,hypothesis,True,True,[],[],RELIABLE_GOLD,0.9873684048652649,0.9936978220939636,False,MATCH,none
125,76517,76517:hypothesis:fra_Latn,hypothesis,True,True,[],[],RELIABLE_GOLD,0.995595395565033,0.9850014448165894,False,MATCH,none
126,77440,77440:premise:fra_Latn,premise,True,True,[],[],RELIABLE_GOLD,0.9967328310012817,0.9828145503997803,False,MATCH,none
126,77440,77440:hypothesis:fra_Latn,hypothesis,True,True,[],[],RELIABLE_GOLD,0.9967783093452454,0.9963228702545166,False,MATCH,none
127,78138,78138:premise:fra_Latn,premise,True,True,[],[],RELIABLE_GOLD,0.9809335470199585,0.9996042847633362,False,MATCH,none
127,78138,78138:hypothesis:fra_Latn,hypothesis,True,True,[],[],RELIABLE_GOLD,0.9949880838394165,0.9995816349983215,False,MATCH,none
128,78367,78367:hypothesis:fra_Latn,hypothesis,True,True,[],[],RELIABLE_GOLD,0.9975211024284363,0.999563992023468,False,MATCH,none
129,79799,79799:premise:fra_Latn,premise,True,True,[],[],RELIABLE_GOLD,0.9972732663154602,0.9988194108009338,False,MATCH,none
129,79799,79799:hypothesis:fra_Latn,hypothesis,True,True,[],[],RELIABLE_GOLD,0.9968878626823425,0.9988816380500793,False,MATCH,none
130,80395,80395:premise:fra_Latn,premise,True,True,[],[],RELIABLE_GOLD,0.9970362186431885,0.9991969466209412,False,MATCH,none
130,80395,80395:hypothesis:fra_Latn,hypothesis,True,True,[],[],RELIABLE_GOLD,0.9933502078056335,0.9991231560707092,False,MATCH,none
131,81737,81737:premise:fra_Latn,premise,True,True,[],[],RELIABLE_GOLD,0.9953694939613342,0.9994657635688782,False,MATCH,none
131,81737,81737:hypothesis:fra_Latn,hypothesis,True,True,[],[],RELIABLE_GOLD,0.9955528378486633,0.9990068078041077,False,MATCH,none
134,84582,84582:hypothesis:fra_Latn,hypothesis,True,True,[],[],RELIABLE_GOLD,0.9781470894813538,0.9757924675941467,False,MATCH,none
135,87146,87146:premise:fra_Latn,premise,True,True,[],[],RELIABLE_GOLD,0.9954213500022888,0.9936607480049133,False,MATCH,none
135,87146,87146:hypothesis:fra_Latn,hypothesis,True,True,[],[],RELIABLE_GOLD,0.9837853908538818,0.9948424696922302,False,MATCH,none
136,87701,87701:premise:fra_Latn,premise,True,True,[],[],RELIABLE_GOLD,0.9966525435447693,0.9967670440673828,False,MATCH,none
136,87701,87701:hypothesis:fra_Latn,hypothesis,True,True,[],[],RELIABLE_GOLD,0.9911376237869263,0.9923227429389954,False,MATCH,none
137,88157,88157:premise:fra_Latn,premise,True,True,[],[],RELIABLE_GOLD,0.9887646436691284,0.9985446929931641,False,MATCH,none
137,88157,88157:hypothesis:fra_Latn,hypothesis,True,True,[],[],RELIABLE_GOLD,0.9966188669204712,0.9995612502098083,False,MATCH,none
139,88424,88424:premise:fra_Latn,premise,True,True,[],[],RELIABLE_GOLD,0.9949488639831543,0.9947713017463684,False,MATCH,none
140,88539,88539:premise:fra_Latn,premise,True,True,[],[],RELIABLE_GOLD,0.9948281645774841,0.9253979921340942,False,MATCH,none
140,88539,88539:hypothesis:fra_Latn,hypothesis,True,True,[],[],RELIABLE_GOLD,0.9794567227363586,0.9567514061927795,False,MATCH,none
141,89957,89957:hypothesis:fra_Latn,hypothesis,True,True,[],[],RELIABLE_GOLD,0.996755063533783,0.9976755976676941,False,MATCH,none
142,90459,90459:hypothesis:fra_Latn,hypothesis,True,True,[],[],RELIABLE_GOLD,0.9960337281227112,0.9720678329467773,False,MATCH,none
146,95485,95485:premise:fra_Latn,premise,True,True,[],[],RELIABLE_GOLD,0.9928991794586182,0.997048556804657,False,MATCH,none
146,95485,95485:hypothesis:fra_Latn,hypothesis,True,True,[],[],RELIABLE_GOLD,0.9959427714347839,0.9963545799255371,False,MATCH,none
147,95970,95970:premise:fra_Latn,premise,True,True,[],[],RELIABLE_GOLD,0.9934250116348267,0.9994901418685913,False,MATCH,none
148,96110,96110:premise:fra_Latn,premise,True,True,[],[],RELIABLE_GOLD,0.9896644949913025,0.9995706677436829,False,MATCH,none
150,97491,97491:premise:fra_Latn,premise,True,True,[],[],RELIABLE_GOLD,0.9973211884498596,0.9993346333503723,False,MATCH,none
150,97491,97491:hypothesis:fra_Latn,hypothesis,True,True,[],[],RELIABLE_GOLD,0.9961007833480835,0.9993184804916382,False,MATCH,none
153,99482,99482:premise:fra_Latn,premise,True,True,[],[],RELIABLE_GOLD,0.9978280663490295,0.9895766973495483,False,MATCH,none
153,99482,99482:hypothesis:fra_Latn,hypothesis,True,True,[],[],RELIABLE_GOLD,0.9981240630149841,0.990014910697937,False,MATCH,none
155,99871,99871:premise:fra_Latn,premise,True,True,[],[],RELIABLE_GOLD,0.9924665093421936,0.954091489315033,False,MATCH,none
155,99871,99871:hypothesis:fra_Latn,hypothesis,True,True,[],[],RELIABLE_GOLD,0.9972155094146729,0.9333650469779968,False,MATCH,none
157,101993,101993:premise:fra_Latn,premise,True,True,[],[],RELIABLE_GOLD,0.9952797889709473,0.997316300868988,False,MATCH,none
164,105325,105325:premise:fra_Latn,premise,True,True,[],[],RELIABLE_GOLD,0.9930758476257324,0.9388521313667297,False,MATCH,none
165,105872,105872:hypothesis:fra_Latn,hypothesis,True,True,[],[],RELIABLE_GOLD,0.9927672147750854,0.9646683931350708,False,MATCH,none
166,107185,107185:premise:fra_Latn,premise,True,True,[],[],RELIABLE_GOLD,0.9973324537277222,0.9988118410110474,False,MATCH,none
166,107185,107185:hypothesis:fra_Latn,hypothesis,True,True,[],[],RELIABLE_GOLD,0.992479681968689,0.9976189732551575,False,MATCH,none
168,108589,108589:hypothesis:fra_Latn,hypothesis,True,True,[],[],RELIABLE_GOLD,0.9877356886863708,0.9984424710273743,False,MATCH,none
172,111292,111292:premise:fra_Latn,premise,True,True,[],[],RELIABLE_GOLD,0.9964724779129028,0.9993662238121033,False,MATCH,none
172,111292,111292:hypothesis:fra_Latn,hypothesis,True,True,[],[],RELIABLE_GOLD,0.9892422556877136,0.9993019104003906,False,MATCH,none
176,113482,113482:premise:fra_Latn,premise,True,True,[],[],RELIABLE_GOLD,0.9932231903076172,0.9818269610404968,False,MATCH,none
177,114570,114570:hypothesis:fra_Latn,hypothesis,True,True,[],[],RELIABLE_GOLD,0.9919899106025696,0.99339359998703,False,MATCH,none
179,117040,117040:premise:fra_Latn,premise,True,True,[],[],RELIABLE_GOLD,0.9941250085830688,0.993438184261322,False,MATCH,none
179,117040,117040:hypothesis:fra_Latn,hypothesis,True,True,[],[],RELIABLE_GOLD,0.9927835464477539,0.9891200065612793,False,MATCH,none
181,117651,117651:premise:fra_Latn,premise,True,True,[],[],RELIABLE_GOLD,0.9952267408370972,0.9904897212982178,False,MATCH,none
181,117651,117651:hypothesis:fra_Latn,hypothesis,True,True,[],[],RELIABLE_GOLD,0.96269690990448,0.9929770827293396,False,MATCH,none
182,118176,118176:hypothesis:fra_Latn,hypothesis,True,True,[],[],RELIABLE_GOLD,0.9859583973884583,0.9990134239196777,False,MATCH,none
184,118275,118275:premise:fra_Latn,premise,True,True,[],[],RELIABLE_GOLD,0.9968376159667969,0.9994195699691772,False,MATCH,none
184,118275,118275:hypothesis:fra_Latn,hypothesis,True,True,[],[],RELIABLE_GOLD,0.9964653253555298,0.9989261031150818,False,MATCH,none
185,119934,119934:premise:fra_Latn,premise,True,True,[],[],RELIABLE_GOLD,0.986004650592804,0.9323623776435852,False,MATCH,none
186,121762,121762:premise:fra_Latn,premise,True,True,[],[],RELIABLE_GOLD,0.9940251708030701,0.9993507266044617,False,MATCH,none
186,121762,121762:hypothesis:fra_Latn,hypothesis,True,True,[],[],RELIABLE_GOLD,0.9935477375984192,0.9993129968643188,False,MATCH,none
187,123524,123524:premise:fra_Latn,premise,True,True,[],[],RELIABLE_GOLD,0.9877675771713257,0.9996335506439209,False,MATCH,none
188,123536,123536:premise:fra_Latn,premise,True,True,[],[],RELIABLE_GOLD,0.997458279132843,0.9975449442863464,False,MATCH,none
188,123536,123536:hypothesis:fra_Latn,hypothesis,True,True,[],[],RELIABLE_GOLD,0.9973107576370239,0.9975221753120422,False,MATCH,none
189,124930,124930:premise:fra_Latn,premise,True,True,[],[],RELIABLE_GOLD,0.9953017234802246,0.9920949339866638,False,MATCH,none
189,124930,124930:hypothesis:fra_Latn,hypothesis,True,True,[],[],RELIABLE_GOLD,0.9935033917427063,0.9978882670402527,False,MATCH,none
190,125168,125168:hypothesis:fra_Latn,hypothesis,True,True,[],[],RELIABLE_GOLD,0.9954148530960083,0.9975547194480896,False,MATCH,none
191,125334,125334:premise:fra_Latn,premise,True,True,[],[],RELIABLE_GOLD,0.9958475232124329,0.9988459348678589,False,MATCH,none
192,126619,126619:premise:fra_Latn,premise,True,True,[],[],RELIABLE_GOLD,0.9957972764968872,0.9623063206672668,False,MATCH,none
192,126619,126619:hypothesis:fra_Latn,hypothesis,True,True,[],[],RELIABLE_GOLD,0.9959639310836792,0.9937113523483276,False,MATCH,none
193,126867,126867:hypothesis:fra_Latn,hypothesis,True,True,[],[],RELIABLE_GOLD,0.9903823733329773,0.9972003698348999,False,MATCH,none
195,129526,129526:hypothesis:fra_Latn,hypothesis,True,True,[],[],RELIABLE_GOLD,0.9914137125015259,0.9991668462753296,False,MATCH,none
196,129767,129767:premise:fra_Latn,premise,True,True,[],[],RELIABLE_GOLD,0.977899968624115,0.9996525049209595,False,MATCH,none
198,132011,132011:premise:fra_Latn,premise,True,True,[],[],RELIABLE_GOLD,0.9931992888450623,0.9982289671897888,False,MATCH,none
202,135071,135071:hypothesis:fra_Latn,hypothesis,True,True,[],[],RELIABLE_GOLD,0.9974170923233032,0.9971668124198914,False,MATCH,none
203,135294,135294:premise:fra_Latn,premise,True,True,[],[],RELIABLE_GOLD,0.9844921827316284,0.9939390420913696,False,MATCH,none
203,135294,135294:hypothesis:fra_Latn,hypothesis,True,True,[],[],RELIABLE_GOLD,0.9925766587257385,0.9858864545822144,False,MATCH,none
207,138010,138010:hypothesis:fra_Latn,hypothesis,True,True,[],[],RELIABLE_GOLD,0.9977993369102478,0.9995043277740479,False,MATCH,none
208,138280,138280:premise:fra_Latn,premise,True,True,[],[],RELIABLE_GOLD,0.9891848564147949,0.9918736815452576,False,MATCH,none
208,138280,138280:hypothesis:fra_Latn,hypothesis,True,True,[],[],RELIABLE_GOLD,0.9909537434577942,0.9882794618606567,False,MATCH,none
209,138332,138332:hypothesis:fra_Latn,hypothesis,True,True,[],[],RELIABLE_GOLD,0.9909890294075012,0.979345440864563,False,MATCH,none
211,138993,138993:premise:fra_Latn,premise,True,True,[],[],RELIABLE_GOLD,0.9957876801490784,0.9955253005027771,False,MATCH,none
212,141282,141282:hypothesis:fra_Latn,hypothesis,True,True,[],[],RELIABLE_GOLD,0.997435986995697,0.9988810420036316,False,MATCH,none
213,141386,141386:premise:fra_Latn,premise,True,True,[],[],RELIABLE_GOLD,0.9907779693603516,0.999359667301178,False,MATCH,none
214,141712,141712:premise:fra_Latn,premise,True,True,[],[],RELIABLE_GOLD,0.9924436211585999,0.9488495588302612,False,MATCH,none
214,141712,141712:hypothesis:fra_Latn,hypothesis,True,True,[],[],RELIABLE_GOLD,0.9945456981658936,0.9156171679496765,False,MATCH,none
215,141719,141719:premise:fra_Latn,premise,True,True,[],[],RELIABLE_GOLD,0.9693567752838135,0.9977884292602539,False,MATCH,none
216,142281,142281:premise:fra_Latn,premise,True,True,[],[],RELIABLE_GOLD,0.9800553321838379,0.994147777557373,False,MATCH,none
216,142281,142281:hypothesis:fra_Latn,hypothesis,True,True,[],[],RELIABLE_GOLD,0.972724974155426,0.9827350974082947,False,MATCH,none
217,143023,143023:premise:fra_Latn,premise,True,True,[],[],RELIABLE_GOLD,0.9811162948608398,0.9989690780639648,False,MATCH,none
218,143539,143539:premise:fra_Latn,premise,True,True,[],[],RELIABLE_GOLD,0.9894422292709351,0.9811026453971863,False,MATCH,none
218,143539,143539:hypothesis:fra_Latn,hypothesis,True,True,[],[],RELIABLE_GOLD,0.9965233206748962,0.9739134907722473,False,MATCH,none
219,145395,145395:hypothesis:fra_Latn,hypothesis,True,True,[],[],RELIABLE_GOLD,0.997424840927124,0.9983635544776917,False,MATCH,none
220,145658,145658:premise:fra_Latn,premise,True,True,[],[],RELIABLE_GOLD,0.99553382396698,0.9921565055847168,False,MATCH,none
221,146160,146160:premise:fra_Latn,premise,True,True,[],[],RELIABLE_GOLD,0.9876288175582886,0.9498322606086731,False,MATCH,none
221,146160,146160:hypothesis:fra_Latn,hypothesis,True,True,[],[],RELIABLE_GOLD,0.9960556030273438,0.8181596994400024,False,MATCH,none
224,148216,148216:premise:fra_Latn,premise,True,True,[],[],RELIABLE_GOLD,0.9940933585166931,0.9946413040161133,False,MATCH,none
224,148216,148216:hypothesis:fra_Latn,hypothesis,True,True,[],[],RELIABLE_GOLD,0.9931718111038208,0.9941213726997375,False,MATCH,none
225,148356,148356:hypothesis:fra_Latn,hypothesis,True,True,[],[],RELIABLE_GOLD,0.9404593706130981,0.9992294311523438,False,MATCH,none
226,150141,150141:premise:fra_Latn,premise,True,True,[],[],RELIABLE_GOLD,0.9907252192497253,0.9992445707321167,False,MATCH,none
226,150141,150141:hypothesis:fra_Latn,hypothesis,True,True,[],[],RELIABLE_GOLD,0.997613787651062,0.9988170862197876,False,MATCH,none
228,150697,150697:hypothesis:fra_Latn,hypothesis,True,True,[],[],RELIABLE_GOLD,0.9970937967300415,0.9997153878211975,False,MATCH,none
229,151152,151152:premise:fra_Latn,premise,True,True,[],[],RELIABLE_GOLD,0.9935343265533447,0.9992446899414062,False,MATCH,none
231,155127,155127:premise:fra_Latn,premise,True,True,[],[],RELIABLE_GOLD,0.9910622835159302,0.993672251701355,False,MATCH,none
231,155127,155127:hypothesis:fra_Latn,hypothesis,True,True,[],[],RELIABLE_GOLD,0.9927642941474915,0.9951344132423401,False,MATCH,none
232,158708,158708:premise:fra_Latn,premise,True,True,[],[],RELIABLE_GOLD,0.984447717666626,0.9900574088096619,False,MATCH,none
232,158708,158708:hypothesis:fra_Latn,hypothesis,True,True,[],[],RELIABLE_GOLD,0.9691116213798523,0.9985203146934509,False,MATCH,none
234,159758,159758:hypothesis:fra_Latn,hypothesis,True,True,[],[],RELIABLE_GOLD,0.9884023070335388,0.9994252920150757,False,MATCH,none
235,160952,160952:premise:fra_Latn,premise,True,True,[],[],RELIABLE_GOLD,0.9942143559455872,0.9976354837417603,False,MATCH,none
235,160952,160952:hypothesis:fra_Latn,hypothesis,True,True,[],[],RELIABLE_GOLD,0.996954083442688,0.9808335304260254,False,MATCH,none
236,161674,161674:hypothesis:fra_Latn,hypothesis,True,True,[],[],RELIABLE_GOLD,0.9953263998031616,0.996517539024353,False,MATCH,none
238,163640,163640:hypothesis:fra_Latn,hypothesis,True,True,[],[],RELIABLE_GOLD,0.9956576824188232,0.9958640336990356,False,MATCH,none
239,164057,164057:premise:fra_Latn,premise,True,True,[],[],RELIABLE_GOLD,0.9918237328529358,0.9996349811553955,False,MATCH,none
239,164057,164057:hypothesis:fra_Latn,hypothesis,True,True,[],[],RELIABLE_GOLD,0.9968287348747253,0.999672532081604,False,MATCH,none
240,164421,164421:premise:fra_Latn,premise,True,True,[],[],RELIABLE_GOLD,0.9944493770599365,0.9989099502563477,False,MATCH,none
241,165214,165214:premise:fra_Latn,premise,True,True,[],[],RELIABLE_GOLD,0.9927771091461182,0.9994896650314331,False,MATCH,none
242,166345,166345:hypothesis:fra_Latn,hypothesis,True,True,[],[],RELIABLE_GOLD,0.9914344549179077,0.9990070462226868,False,MATCH,none
244,167459,167459:premise:fra_Latn,premise,True,True,[],[],RELIABLE_GOLD,0.9941074848175049,0.9486319422721863,False,MATCH,none
244,167459,167459:hypothesis:fra_Latn,hypothesis,True,True,[],[],RELIABLE_GOLD,0.9962194561958313,0.9938333034515381,False,MATCH,none
245,167720,167720:premise:fra_Latn,premise,True,True,[],[],RELIABLE_GOLD,0.9370728731155396,0.9989070892333984,False,MATCH,none
245,167720,167720:hypothesis:fra_Latn,hypothesis,True,True,[],[],RELIABLE_GOLD,0.9119598269462585,0.9980865716934204,False,MATCH,none
246,168963,168963:hypothesis:fra_Latn,hypothesis,True,True,[],[],RELIABLE_GOLD,0.9979305267333984,0.990707278251648,False,MATCH,none
247,169049,169049:hypothesis:fra_Latn,hypothesis,True,True,[],[],RELIABLE_GOLD,0.997379720211029,0.9490492939949036,False,MATCH,none
249,169167,169167:premise:fra_Latn,premise,True,True,[],[],RELIABLE_GOLD,0.9953483939170837,0.9993261098861694,False,MATCH,none
250,169975,169975:premise:fra_Latn,premise,True,True,[],[],RELIABLE_GOLD,0.9899052977561951,0.9977734684944153,False,MATCH,none
250,169975,169975:hypothesis:fra_Latn,hypothesis,True,True,[],[],RELIABLE_GOLD,0.9964338541030884,0.9935280680656433,False,MATCH,none
253,171597,171597:hypothesis:fra_Latn,hypothesis,True,True,[],[],RELIABLE_GOLD,0.9970613121986389,0.9978660941123962,False,MATCH,none
254,172675,172675:premise:fra_Latn,premise,True,True,[],[],RELIABLE_GOLD,0.974187433719635,0.9982252717018127,False,MATCH,none
256,173016,173016:premise:fra_Latn,premise,True,True,[],[],RELIABLE_GOLD,0.9928340911865234,0.9898166656494141,False,MATCH,none
257,173774,173774:hypothesis:fra_Latn,hypothesis,True,True,[],[],RELIABLE_GOLD,0.9968781471252441,0.9958316683769226,False,MATCH,none
258,175645,175645:hypothesis:fra_Latn,hypothesis,True,True,[],[],RELIABLE_GOLD,0.9852531552314758,0.9233572483062744,False,MATCH,none
260,176740,176740:premise:fra_Latn,premise,True,True,[],[],RELIABLE_GOLD,0.9925709366798401,0.9947348833084106,False,MATCH,none
260,176740,176740:hypothesis:fra_Latn,hypothesis,True,True,[],[],RELIABLE_GOLD,0.9886005520820618,0.9268273711204529,False,MATCH,none
265,178067,178067:premise:fra_Latn,premise,True,True,[],[],RELIABLE_GOLD,0.9903861284255981,0.9930031895637512,False,MATCH,none
266,178078,178078:premise:fra_Latn,premise,True,True,[],[],RELIABLE_GOLD,0.9972448348999023,0.9990754127502441,False,MATCH,none
267,180986,180986:premise:fra_Latn,premise,True,True,[],[],RELIABLE_GOLD,0.9838962554931641,0.9984151124954224,False,MATCH,none
267,180986,180986:hypothesis:fra_Latn,hypothesis,True,True,[],[],RELIABLE_GOLD,0.9939974546432495,0.998764157295227,False,MATCH,none
269,182307,182307:premise:fra_Latn,premise,True,True,[],[],RELIABLE_GOLD,0.9968400001525879,0.9987820982933044,False,MATCH,none
270,182879,182879:premise:fra_Latn,premise,True,True,[],[],RELIABLE_GOLD,0.9905456304550171,0.9904764890670776,False,MATCH,none
270,182879,182879:hypothesis:fra_Latn,hypothesis,True,True,[],[],RELIABLE_GOLD,0.995122492313385,0.9879975318908691,False,MATCH,none
271,183621,183621:premise:fra_Latn,premise,True,True,[],[],RELIABLE_GOLD,0.9949330687522888,0.9804971218109131,False,MATCH,none
271,183621,183621:hypothesis:fra_Latn,hypothesis,True,True,[],[],RELIABLE_GOLD,0.9862465858459473,0.9891960620880127,False,MATCH,none
273,184671,184671:hypothesis:fra_Latn,hypothesis,True,True,[],[],RELIABLE_GOLD,0.9953741431236267,0.998414158821106,False,MATCH,none
274,184879,184879:hypothesis:fra_Latn,hypothesis,True,True,[],[],RELIABLE_GOLD,0.9937199354171753,0.9899362325668335,False,MATCH,none
275,185263,185263:hypothesis:fra_Latn,hypothesis,True,True,[],[],RELIABLE_GOLD,0.9892203211784363,0.9946221113204956,False,MATCH,none
276,188183,188183:premise:fra_Latn,premise,True,True,[],[],RELIABLE_GOLD,0.9920758008956909,0.9914005398750305,False,MATCH,none
276,188183,188183:hypothesis:fra_Latn,hypothesis,True,True,[],[],RELIABLE_GOLD,0.9973012804985046,0.9972701668739319,False,MATCH,none
278,188555,188555:premise:fra_Latn,premise,True,True,[],[],RELIABLE_GOLD,0.9926934242248535,0.9127028584480286,False,MATCH,none
278,188555,188555:hypothesis:fra_Latn,hypothesis,True,True,[],[],RELIABLE_GOLD,0.9205495119094849,0.9946426153182983,False,MATCH,none
279,188590,188590:premise:fra_Latn,premise,True,True,[],[],RELIABLE_GOLD,0.9446093440055847,0.9223460555076599,False,MATCH,none
279,188590,188590:hypothesis:fra_Latn,hypothesis,True,True,[],[],RELIABLE_GOLD,0.9791891574859619,0.9861572980880737,False,MATCH,none
280,188599,188599:premise:fra_Latn,premise,True,True,[],[],RELIABLE_GOLD,0.9851164221763611,0.9971488118171692,False,MATCH,none
280,188599,188599:hypothesis:fra_Latn,hypothesis,True,True,[],[],RELIABLE_GOLD,0.9970837235450745,0.9982898831367493,False,MATCH,none
281,188981,188981:premise:fra_Latn,premise,True,True,[],[],RELIABLE_GOLD,0.9952880144119263,0.9955844283103943,False,MATCH,none
282,189281,189281:premise:fra_Latn,premise,True,True,[],[],RELIABLE_GOLD,0.9955951571464539,0.9893345236778259,False,MATCH,none
283,192390,192390:hypothesis:fra_Latn,hypothesis,True,True,[],[],RELIABLE_GOLD,0.9963260293006897,0.9983218312263489,False,MATCH,none
285,194020,194020:hypothesis:fra_Latn,hypothesis,True,True,[],[],RELIABLE_GOLD,0.9956732392311096,0.9908308982849121,False,MATCH,none
286,195461,195461:premise:fra_Latn,premise,True,True,[],[],RELIABLE_GOLD,0.9966172575950623,0.9920280575752258,False,MATCH,none
286,195461,195461:hypothesis:fra_Latn,hypothesis,True,True,[],[],RELIABLE_GOLD,0.9961685538291931,0.9911834001541138,False,MATCH,none
287,195920,195920:premise:fra_Latn,premise,True,True,[],[],RELIABLE_GOLD,0.9792129397392273,0.9736613035202026,False,MATCH,none
287,195920,195920:hypothesis:fra_Latn,hypothesis,True,True,[],[],RELIABLE_GOLD,0.9810636043548584,0.9897050261497498,False,MATCH,none
288,196673,196673:premise:fra_Latn,premise,True,True,[],[],RELIABLE_GOLD,0.9972023963928223,0.997423529624939,False,MATCH,none
288,196673,196673:hypothesis:fra_Latn,hypothesis,True,True,[],[],RELIABLE_GOLD,0.99647456407547,0.996746301651001,False,MATCH,none
289,197235,197235:premise:fra_Latn,premise,True,True,[],[],RELIABLE_GOLD,0.9743945002555847,0.9966287016868591,False,MATCH,none
290,199215,199215:premise:fra_Latn,premise,True,True,[],[],RELIABLE_GOLD,0.9416324496269226,0.982783317565918,False,MATCH,none
291,200568,200568:premise:fra_Latn,premise,True,True,[],[],RELIABLE_GOLD,0.9963326454162598,0.9976008534431458,False,MATCH,none
291,200568,200568:hypothesis:fra_Latn,hypothesis,True,True,[],[],RELIABLE_GOLD,0.9958406090736389,0.9976320266723633,False,MATCH,none
292,200662,200662:hypothesis:fra_Latn,hypothesis,True,True,[],[],RELIABLE_GOLD,0.9977719187736511,0.9378461241722107,False,MATCH,none
293,200772,200772:premise:fra_Latn,premise,True,True,[],[],RELIABLE_GOLD,0.9876857995986938,0.992108166217804,False,MATCH,none
295,203055,203055:premise:fra_Latn,premise,True,True,[],[],RELIABLE_GOLD,0.9925124645233154,0.9991719722747803,False,MATCH,none
297,204719,204719:hypothesis:fra_Latn,hypothesis,True,True,[],[],RELIABLE_GOLD,0.995609700679779,0.9994074106216431,False,MATCH,none
298,204800,204800:premise:fra_Latn,premise,True,True,[],[],RELIABLE_GOLD,0.9515888690948486,0.999173104763031,False,MATCH,none
299,205153,205153:premise:fra_Latn,premise,True,True,[],[],RELIABLE_GOLD,0.9974919557571411,0.999349057674408,False,MATCH,none
300,206106,206106:hypothesis:fra_Latn,hypothesis,True,True,[],[],RELIABLE_GOLD,0.9265336990356445,0.9984065890312195,False,MATCH,none
301,207276,207276:premise:fra_Latn,premise,True,True,[],[],RELIABLE_GOLD,0.995821475982666,0.9889860153198242,False,MATCH,none
301,207276,207276:hypothesis:fra_Latn,hypothesis,True,True,[],[],RELIABLE_GOLD,0.9836570620536804,0.95039302110672,False,MATCH,none
302,207574,207574:premise:fra_Latn,premise,True,True,[],[],RELIABLE_GOLD,0.9939035773277283,0.9988011121749878,False,MATCH,none
302,207574,207574:hypothesis:fra_Latn,hypothesis,True,True,[],[],RELIABLE_GOLD,0.9936670660972595,0.9978724718093872,False,MATCH,none
303,208906,208906:premise:fra_Latn,premise,True,True,[],[],RELIABLE_GOLD,0.9963511228561401,0.9828837513923645,False,MATCH,none
303,208906,208906:hypothesis:fra_Latn,hypothesis,True,True,[],[],RELIABLE_GOLD,0.9966208934783936,0.9597503542900085,False,MATCH,none
304,209139,209139:premise:fra_Latn,premise,True,True,[],[],RELIABLE_GOLD,0.9962587356567383,0.996067225933075,False,MATCH,none
304,209139,209139:hypothesis:fra_Latn,hypothesis,True,True,[],[],RELIABLE_GOLD,0.996067225933075,0.9982497096061707,False,MATCH,none
305,209684,209684:hypothesis:fra_Latn,hypothesis,True,True,[],[],RELIABLE_GOLD,0.9850671291351318,0.9963939785957336,False,MATCH,none
306,209775,209775:premise:fra_Latn,premise,True,True,[],[],RELIABLE_GOLD,0.9959250688552856,0.9495683908462524,False,MATCH,none
309,213001,213001:hypothesis:fra_Latn,hypothesis,True,True,[],[],RELIABLE_GOLD,0.997643768787384,0.9948635697364807,False,MATCH,none
310,213279,213279:premise:fra_Latn,premise,True,True,[],[],RELIABLE_GOLD,0.9652286171913147,0.9950607419013977,False,MATCH,none
310,213279,213279:hypothesis:fra_Latn,hypothesis,True,True,[],[],RELIABLE_GOLD,0.9975526928901672,0.9965657591819763,False,MATCH,none
312,214226,214226:premise:fra_Latn,premise,True,True,[],[],RELIABLE_GOLD,0.9915447235107422,0.9993630051612854,False,MATCH,none
314,215221,215221:premise:fra_Latn,premise,True,True,[],[],RELIABLE_GOLD,0.9914189577102661,0.9941800832748413,False,MATCH,none
314,215221,215221:hypothesis:fra_Latn,hypothesis,True,True,[],[],RELIABLE_GOLD,0.996536135673523,0.9980021119117737,False,MATCH,none
315,215707,215707:premise:fra_Latn,premise,True,True,[],[],RELIABLE_GOLD,0.9962853193283081,0.9967691898345947,False,MATCH,none
315,215707,215707:hypothesis:fra_Latn,hypothesis,True,True,[],[],RELIABLE_GOLD,0.9908567667007446,0.996479332447052,False,MATCH,none
316,215759,215759:hypothesis:fra_Latn,hypothesis,True,True,[],[],RELIABLE_GOLD,0.9975346326828003,0.9993840456008911,False,MATCH,none
319,216738,216738:premise:fra_Latn,premise,True,True,[],[],RELIABLE_GOLD,0.9947598576545715,0.9904601573944092,False,MATCH,none
319,216738,216738:hypothesis:fra_Latn,hypothesis,True,True,[],[],RELIABLE_GOLD,0.9628313183784485,0.9798272848129272,False,MATCH,none
320,217803,217803:premise:fra_Latn,premise,True,True,[],[],RELIABLE_GOLD,0.9866074323654175,0.9831498265266418,False,MATCH,none
321,218103,218103:hypothesis:fra_Latn,hypothesis,True,True,[],[],RELIABLE_GOLD,0.9976206421852112,0.9982841610908508,False,MATCH,none
322,218557,218557:premise:fra_Latn,premise,True,True,[],[],RELIABLE_GOLD,0.976550281047821,0.952399730682373,False,MATCH,none
322,218557,218557:hypothesis:fra_Latn,hypothesis,True,True,[],[],RELIABLE_GOLD,0.9948456287384033,0.9991747736930847,False,MATCH,none
323,219803,219803:premise:fra_Latn,premise,True,True,[],[],RELIABLE_GOLD,0.9946927428245544,0.9977287650108337,False,MATCH,none
323,219803,219803:hypothesis:fra_Latn,hypothesis,True,True,[],[],RELIABLE_GOLD,0.9963797926902771,0.9969205856323242,False,MATCH,none
324,221452,221452:premise:fra_Latn,premise,True,True,[],[],RELIABLE_GOLD,0.994277834892273,0.9949231743812561,False,MATCH,none
324,221452,221452:hypothesis:fra_Latn,hypothesis,True,True,[],[],RELIABLE_GOLD,0.9971081614494324,0.9959378242492676,False,MATCH,none
326,223038,223038:hypothesis:fra_Latn,hypothesis,True,True,[],[],RELIABLE_GOLD,0.9955418705940247,0.9927746057510376,False,MATCH,none
327,223113,223113:premise:fra_Latn,premise,True,True,[],[],RELIABLE_GOLD,0.9957186579704285,0.995002806186676,False,MATCH,none
327,223113,223113:hypothesis:fra_Latn,hypothesis,True,True,[],[],RELIABLE_GOLD,0.9891204833984375,0.9633411169052124,False,MATCH,none
328,224071,224071:premise:fra_Latn,premise,True,True,[],[],RELIABLE_GOLD,0.954211950302124,0.999625563621521,False,MATCH,none
329,224732,224732:premise:fra_Latn,premise,True,True,[],[],RELIABLE_GOLD,0.9946885108947754,0.9990618824958801,False,MATCH,none
329,224732,224732:hypothesis:fra_Latn,hypothesis,True,True,[],[],RELIABLE_GOLD,0.9893938899040222,0.998481810092926,False,MATCH,none
331,226116,226116:premise:fra_Latn,premise,True,True,[],[],RELIABLE_GOLD,0.9962981343269348,0.9840293526649475,False,MATCH,none
333,226504,226504:premise:fra_Latn,premise,True,True,[],[],RELIABLE_GOLD,0.9895418882369995,0.9857621192932129,False,MATCH,none
335,226981,226981:premise:fra_Latn,premise,True,True,[],[],RELIABLE_GOLD,0.9969123601913452,0.996791660785675,False,MATCH,none
336,227619,227619:premise:fra_Latn,premise,True,True,[],[],RELIABLE_GOLD,0.9850322008132935,0.9992004036903381,False,MATCH,none
336,227619,227619:hypothesis:fra_Latn,hypothesis,True,True,[],[],RELIABLE_GOLD,0.9715660214424133,0.9988000392913818,False,MATCH,none
338,230044,230044:hypothesis:fra_Latn,hypothesis,True,True,[],[],RELIABLE_GOLD,0.9913877844810486,0.9988617897033691,False,MATCH,none
339,230599,230599:hypothesis:fra_Latn,hypothesis,True,True,[],[],RELIABLE_GOLD,0.9952333569526672,0.9994851350784302,False,MATCH,none
340,231324,231324:hypothesis:fra_Latn,hypothesis,True,True,[],[],RELIABLE_GOLD,0.9976369142532349,0.9982030391693115,False,MATCH,none
342,232796,232796:premise:fra_Latn,premise,True,True,[],[],RELIABLE_GOLD,0.9962823987007141,0.9967823028564453,False,MATCH,none
343,232922,232922:hypothesis:fra_Latn,hypothesis,True,True,[],[],RELIABLE_GOLD,0.9949243068695068,0.9971917271614075,False,MATCH,none
344,233399,233399:premise:fra_Latn,premise,True,True,[],[],RELIABLE_GOLD,0.9769569039344788,0.997079610824585,False,MATCH,none
344,233399,233399:hypothesis:fra_Latn,hypothesis,True,True,[],[],RELIABLE_GOLD,0.9928926229476929,0.9983785152435303,False,MATCH,none
345,233423,233423:premise:fra_Latn,premise,True,True,[],[],RELIABLE_GOLD,0.9919971823692322,0.9971972703933716,False,MATCH,none
345,233423,233423:hypothesis:fra_Latn,hypothesis,True,True,[],[],RELIABLE_GOLD,0.9964853525161743,0.9988422989845276,False,MATCH,none
346,233782,233782:premise:fra_Latn,premise,True,True,[],[],RELIABLE_GOLD,0.9948204755783081,0.9995948672294617,False,MATCH,none
346,233782,233782:hypothesis:fra_Latn,hypothesis,True,True,[],[],RELIABLE_GOLD,0.9980437755584717,0.9995841383934021,False,MATCH,none
348,233997,233997:premise:fra_Latn,premise,True,True,[],[],RELIABLE_GOLD,0.990706741809845,0.9992126226425171,False,MATCH,none
350,235554,235554:hypothesis:fra_Latn,hypothesis,True,True,[],[],RELIABLE_GOLD,0.9559357762336731,0.9305588006973267,False,MATCH,none
351,236796,236796:hypothesis:fra_Latn,hypothesis,True,True,[],[],RELIABLE_GOLD,0.9953373670578003,0.9988508224487305,False,MATCH,none
353,237389,237389:premise:fra_Latn,premise,True,True,[],[],RELIABLE_GOLD,0.9970647692680359,0.991324782371521,False,MATCH,none
354,238210,238210:hypothesis:fra_Latn,hypothesis,True,True,[],[],RELIABLE_GOLD,0.996320366859436,0.9973579049110413,False,MATCH,none
355,238582,238582:premise:fra_Latn,premise,True,True,[],[],RELIABLE_GOLD,0.9976016879081726,0.9994646906852722,False,MATCH,none
355,238582,238582:hypothesis:fra_Latn,hypothesis,True,True,[],[],RELIABLE_GOLD,0.9890852570533752,0.9987026453018188,False,MATCH,none
356,238747,238747:premise:fra_Latn,premise,True,True,[],[],RELIABLE_GOLD,0.990073561668396,0.9975147247314453,False,MATCH,none
356,238747,238747:hypothesis:fra_Latn,hypothesis,True,True,[],[],RELIABLE_GOLD,0.9962663054466248,0.9971904158592224,False,MATCH,none
357,241686,241686:premise:fra_Latn,premise,True,True,[],[],RELIABLE_GOLD,0.9963099360466003,0.9996860027313232,False,MATCH,none
358,243896,243896:hypothesis:fra_Latn,hypothesis,True,True,[],[],RELIABLE_GOLD,0.9975772500038147,0.99595046043396,False,MATCH,none
360,246031,246031:premise:fra_Latn,premise,True,True,[],[],RELIABLE_GOLD,0.9934309124946594,0.9985972046852112,False,MATCH,none
361,248126,248126:hypothesis:fra_Latn,hypothesis,True,True,[],[],RELIABLE_GOLD,0.995831310749054,0.9941457509994507,False,MATCH,none
363,250993,250993:hypothesis:fra_Latn,hypothesis,True,True,[],[],RELIABLE_GOLD,0.9780905246734619,0.9955301880836487,False,MATCH,none
364,251441,251441:hypothesis:fra_Latn,hypothesis,True,True,[],[],RELIABLE_GOLD,0.9968175888061523,0.990223228931427,False,MATCH,none
365,252089,252089:hypothesis:fra_Latn,hypothesis,True,True,[],[],RELIABLE_GOLD,0.9963057041168213,0.9905802607536316,False,MATCH,none
366,252148,252148:premise:fra_Latn,premise,True,True,[],[],RELIABLE_GOLD,0.9930878281593323,0.9983003735542297,False,MATCH,none
366,252148,252148:hypothesis:fra_Latn,hypothesis,True,True,[],[],RELIABLE_GOLD,0.9865526556968689,0.9972641468048096,False,MATCH,none
367,253837,253837:hypothesis:fra_Latn,hypothesis,True,True,[],[],RELIABLE_GOLD,0.9938653111457825,0.9993706345558167,False,MATCH,none
368,254588,254588:premise:fra_Latn,premise,True,True,[],[],RELIABLE_GOLD,0.9962181448936462,0.9994052648544312,False,MATCH,none
368,254588,254588:hypothesis:fra_Latn,hypothesis,True,True,[],[],RELIABLE_GOLD,0.9928321838378906,0.9993467926979065,False,MATCH,none
370,256030,256030:premise:fra_Latn,premise,True,True,[],[],RELIABLE_GOLD,0.9940958023071289,0.9996994733810425,False,MATCH,none
371,257881,257881:premise:fra_Latn,premise,True,True,[],[],RELIABLE_GOLD,0.9948017597198486,0.9926449060440063,False,MATCH,none
371,257881,257881:hypothesis:fra_Latn,hypothesis,True,True,[],[],RELIABLE_GOLD,0.9980237483978271,0.9949344992637634,False,MATCH,none
372,258168,258168:hypothesis:fra_Latn,hypothesis,True,True,[],[],RELIABLE_GOLD,0.9796981811523438,0.995689332485199,False,MATCH,none
373,258343,258343:hypothesis:fra_Latn,hypothesis,True,True,[],[],RELIABLE_GOLD,0.9957167506217957,0.9964789748191833,False,MATCH,none
374,258358,258358:premise:fra_Latn,premise,True,True,[],[],RELIABLE_GOLD,0.993911862373352,0.9991938471794128,False,MATCH,none
374,258358,258358:hypothesis:fra_Latn,hypothesis,True,True,[],[],RELIABLE_GOLD,0.9799718260765076,0.9995232820510864,False,MATCH,none
375,258365,258365:hypothesis:fra_Latn,hypothesis,True,True,[],[],RELIABLE_GOLD,0.9068444967269897,0.9995487332344055,False,MATCH,none
376,259128,259128:hypothesis:fra_Latn,hypothesis,True,True,[],[],RELIABLE_GOLD,0.994828999042511,0.9941178560256958,False,MATCH,none
377,259206,259206:hypothesis:fra_Latn,hypothesis,True,True,[],[],RELIABLE_GOLD,0.9885602593421936,0.99930739402771,False,MATCH,none
379,261954,261954:premise:fra_Latn,premise,True,True,[],[],RELIABLE_GOLD,0.9947340488433838,0.953734278678894,False,MATCH,none
380,262023,262023:hypothesis:fra_Latn,hypothesis,True,True,[],[],RELIABLE_GOLD,0.9927247762680054,0.9975751042366028,False,MATCH,none
381,263405,263405:hypothesis:fra_Latn,hypothesis,True,True,[],[],RELIABLE_GOLD,0.9927627444267273,0.9652493000030518,False,MATCH,none
383,264247,264247:premise:fra_Latn,premise,True,True,[],[],RELIABLE_GOLD,0.9976662397384644,0.925718367099762,False,MATCH,none
383,264247,264247:hypothesis:fra_Latn,hypothesis,True,True,[],[],RELIABLE_GOLD,0.9969251751899719,0.9278790354728699,False,MATCH,none
384,264764,264764:hypothesis:fra_Latn,hypothesis,True,True,[],[],RELIABLE_GOLD,0.9965875148773193,0.9857863187789917,False,MATCH,none
386,266636,266636:premise:fra_Latn,premise,True,True,[],[],RELIABLE_GOLD,0.9960643649101257,0.9962367415428162,False,MATCH,none
386,266636,266636:hypothesis:fra_Latn,hypothesis,True,True,[],[],RELIABLE_GOLD,0.9959414601325989,0.9961430430412292,False,MATCH,none
387,268411,268411:hypothesis:fra_Latn,hypothesis,True,True,[],[],RELIABLE_GOLD,0.991050124168396,0.9952326416969299,False,MATCH,none
389,270886,270886:premise:fra_Latn,premise,True,True,[],[],RELIABLE_GOLD,0.9909870028495789,0.9957636594772339,False,MATCH,none
389,270886,270886:hypothesis:fra_Latn,hypothesis,True,True,[],[],RELIABLE_GOLD,0.9973618388175964,0.9938440322875977,False,MATCH,none
390,271518,271518:premise:fra_Latn,premise,True,True,[],[],RELIABLE_GOLD,0.9960224032402039,0.9979673027992249,False,MATCH,none
390,271518,271518:hypothesis:fra_Latn,hypothesis,True,True,[],[],RELIABLE_GOLD,0.9927258491516113,0.9985507130622864,False,MATCH,none
392,272383,272383:premise:fra_Latn,premise,True,True,[],[],RELIABLE_GOLD,0.9850854277610779,0.8374518156051636,False,MATCH,none
393,272751,272751:premise:fra_Latn,premise,True,True,[],[],RELIABLE_GOLD,0.9877932667732239,0.9870663285255432,False,MATCH,none
394,272787,272787:premise:fra_Latn,premise,True,True,[],[],RELIABLE_GOLD,0.9970145225524902,0.9237669110298157,False,MATCH,none
397,276879,276879:premise:fra_Latn,premise,True,True,[],[],RELIABLE_GOLD,0.9971687197685242,0.990013837814331,False,MATCH,none
397,276879,276879:hypothesis:fra_Latn,hypothesis,True,True,[],[],RELIABLE_GOLD,0.996065080165863,0.988350510597229,False,MATCH,none
398,277346,277346:premise:fra_Latn,premise,True,True,[],[],RELIABLE_GOLD,0.9930658340454102,0.9911513924598694,False,MATCH,none
398,277346,277346:hypothesis:fra_Latn,hypothesis,True,True,[],[],RELIABLE_GOLD,0.9974055886268616,0.9916280508041382,False,MATCH,none
399,277522,277522:hypothesis:fra_Latn,hypothesis,True,True,[],[],RELIABLE_GOLD,0.9951702952384949,0.9972997307777405,False,MATCH,none
400,277576,277576:premise:fra_Latn,premise,True,True,[],[],RELIABLE_GOLD,0.9898780584335327,0.9992571473121643,False,MATCH,none
400,277576,277576:hypothesis:fra_Latn,hypothesis,True,True,[],[],RELIABLE_GOLD,0.9962406158447266,0.9994993209838867,False,MATCH,none
402,277982,277982:hypothesis:fra_Latn,hypothesis,True,True,[],[],RELIABLE_GOLD,0.9975680708885193,0.9978039860725403,False,MATCH,none
403,278462,278462:premise:fra_Latn,premise,True,True,[],[],RELIABLE_GOLD,0.9983135461807251,0.9987566471099854,False,MATCH,none
404,278595,278595:premise:fra_Latn,premise,True,True,[],[],RELIABLE_GOLD,0.9601472616195679,0.962631106376648,False,MATCH,none
405,278717,278717:premise:fra_Latn,premise,True,True,[],[],RELIABLE_GOLD,0.991698145866394,0.9978342652320862,False,MATCH,none
405,278717,278717:hypothesis:fra_Latn,hypothesis,True,True,[],[],RELIABLE_GOLD,0.9935154914855957,0.9976059198379517,False,MATCH,none
407,280193,280193:premise:fra_Latn,premise,True,True,[],[],RELIABLE_GOLD,0.9931039214134216,0.958361804485321,False,MATCH,none
407,280193,280193:hypothesis:fra_Latn,hypothesis,True,True,[],[],RELIABLE_GOLD,0.9977241158485413,0.9907017946243286,False,MATCH,none
408,280508,280508:hypothesis:fra_Latn,hypothesis,True,True,[],[],RELIABLE_GOLD,0.9947617650032043,0.9994791150093079,False,MATCH,none
411,282246,282246:premise:fra_Latn,premise,True,True,[],[],RELIABLE_GOLD,0.9968453049659729,0.9991750121116638,False,MATCH,none
411,282246,282246:hypothesis:fra_Latn,hypothesis,True,True,[],[],RELIABLE_GOLD,0.9497786164283752,0.9988555908203125,False,MATCH,none
412,282259,282259:premise:fra_Latn,premise,True,True,[],[],RELIABLE_GOLD,0.9956316947937012,0.9987989664077759,False,MATCH,none
412,282259,282259:hypothesis:fra_Latn,hypothesis,True,True,[],[],RELIABLE_GOLD,0.9950767159461975,0.9989117383956909,False,MATCH,none
413,282686,282686:premise:fra_Latn,premise,True,True,[],[],RELIABLE_GOLD,0.9975645542144775,0.9960779547691345,False,MATCH,none
414,282806,282806:hypothesis:fra_Latn,hypothesis,True,True,[],[],RELIABLE_GOLD,0.9971423745155334,0.9885503649711609,False,MATCH,none
416,285462,285462:premise:fra_Latn,premise,True,True,[],[],RELIABLE_GOLD,0.984784722328186,0.9990963935852051,False,MATCH,none
417,286692,286692:premise:fra_Latn,premise,True,True,[],[],RELIABLE_GOLD,0.9922763705253601,0.9988337159156799,False,MATCH,none
418,287124,287124:hypothesis:fra_Latn,hypothesis,True,True,[],[],RELIABLE_GOLD,0.9875295162200928,0.9940190315246582,False,MATCH,none
419,287246,287246:premise:fra_Latn,premise,True,True,[],[],RELIABLE_GOLD,0.9659924507141113,0.9847487807273865,False,MATCH,none
419,287246,287246:hypothesis:fra_Latn,hypothesis,True,True,[],[],RELIABLE_GOLD,0.9972144961357117,0.9827734231948853,False,MATCH,none
420,290260,290260:premise:fra_Latn,premise,True,True,[],[],RELIABLE_GOLD,0.9973598122596741,0.9174636006355286,False,MATCH,none
421,290629,290629:premise:fra_Latn,premise,True,True,[],[],RELIABLE_GOLD,0.9934825301170349,0.993198812007904,False,MATCH,none
421,290629,290629:hypothesis:fra_Latn,hypothesis,True,True,[],[],RELIABLE_GOLD,0.9937547445297241,0.9966723918914795,False,MATCH,none
422,290839,290839:hypothesis:fra_Latn,hypothesis,True,True,[],[],RELIABLE_GOLD,0.9972509741783142,0.9984464049339294,False,MATCH,none
423,291507,291507:hypothesis:fra_Latn,hypothesis,True,True,[],[],RELIABLE_GOLD,0.9548061490058899,0.8398936986923218,False,MATCH,none
424,291984,291984:hypothesis:fra_Latn,hypothesis,True,True,[],[],RELIABLE_GOLD,0.9902522563934326,0.9989079236984253,False,MATCH,none
427,292908,292908:premise:fra_Latn,premise,True,True,[],[],RELIABLE_GOLD,0.9963393211364746,0.9991534948348999,False,MATCH,none
427,292908,292908:hypothesis:fra_Latn,hypothesis,True,True,[],[],RELIABLE_GOLD,0.9971697926521301,0.9988008737564087,False,MATCH,none
428,292986,292986:premise:fra_Latn,premise,True,True,[],[],RELIABLE_GOLD,0.9969768524169922,0.9994699358940125,False,MATCH,none
428,292986,292986:hypothesis:fra_Latn,hypothesis,True,True,[],[],RELIABLE_GOLD,0.960826575756073,0.9933018684387207,False,MATCH,none
430,293560,293560:premise:fra_Latn,premise,True,True,[],[],RELIABLE_GOLD,0.9941549897193909,0.9995736479759216,False,MATCH,none
431,293833,293833:hypothesis:fra_Latn,hypothesis,True,True,[],[],RELIABLE_GOLD,0.995557963848114,0.9908226728439331,False,MATCH,none
434,295019,295019:premise:fra_Latn,premise,True,True,[],[],RELIABLE_GOLD,0.9850594997406006,0.9841623306274414,False,MATCH,none
434,295019,295019:hypothesis:fra_Latn,hypothesis,True,True,[],[],RELIABLE_GOLD,0.9777061343193054,0.9965787529945374,False,MATCH,none
436,295609,295609:hypothesis:fra_Latn,hypothesis,True,True,[],[],RELIABLE_GOLD,0.9936521053314209,0.9948248863220215,False,MATCH,none
437,295641,295641:hypothesis:fra_Latn,hypothesis,True,True,[],[],RELIABLE_GOLD,0.9948047995567322,0.9832401871681213,False,MATCH,none
439,298065,298065:premise:fra_Latn,premise,True,True,[],[],RELIABLE_GOLD,0.9976251721382141,0.980766773223877,False,MATCH,none
439,298065,298065:hypothesis:fra_Latn,hypothesis,True,True,[],[],RELIABLE_GOLD,0.9956047534942627,0.988664448261261,False,MATCH,none
443,299336,299336:premise:fra_Latn,premise,True,True,[],[],RELIABLE_GOLD,0.9930157661437988,0.9987912774085999,False,MATCH,none
443,299336,299336:hypothesis:fra_Latn,hypothesis,True,True,[],[],RELIABLE_GOLD,0.9953956007957458,0.9983022212982178,False,MATCH,none
444,300966,300966:premise:fra_Latn,premise,True,True,[],[],RELIABLE_GOLD,0.9962604641914368,0.9995512366294861,False,MATCH,none
444,300966,300966:hypothesis:fra_Latn,hypothesis,True,True,[],[],RELIABLE_GOLD,0.996060311794281,0.9995715022087097,False,MATCH,none
445,301270,301270:hypothesis:fra_Latn,hypothesis,True,True,[],[],RELIABLE_GOLD,0.9900699257850647,0.9971510767936707,False,MATCH,none
446,301629,301629:premise:fra_Latn,premise,True,True,[],[],RELIABLE_GOLD,0.9900040030479431,0.9993942975997925,False,MATCH,none
446,301629,301629:hypothesis:fra_Latn,hypothesis,True,True,[],[],RELIABLE_GOLD,0.9829875230789185,0.9983121156692505,False,MATCH,none
447,302107,302107:hypothesis:fra_Latn,hypothesis,True,True,[],[],RELIABLE_GOLD,0.9915362596511841,0.9111950397491455,False,MATCH,none
448,302885,302885:premise:fra_Latn,premise,True,True,[],[],RELIABLE_GOLD,0.9962605834007263,0.998789370059967,False,MATCH,none
448,302885,302885:hypothesis:fra_Latn,hypothesis,True,True,[],[],RELIABLE_GOLD,0.9979250431060791,0.9989742040634155,False,MATCH,none
449,303583,303583:premise:fra_Latn,premise,True,True,[],[],RELIABLE_GOLD,0.987559974193573,0.9909769296646118,False,MATCH,none
449,303583,303583:hypothesis:fra_Latn,hypothesis,True,True,[],[],RELIABLE_GOLD,0.9937984347343445,0.9275785088539124,False,MATCH,none
450,304578,304578:hypothesis:fra_Latn,hypothesis,True,True,[],[],RELIABLE_GOLD,0.9940908551216125,0.9994282126426697,False,MATCH,none
452,307182,307182:premise:fra_Latn,premise,True,True,[],[],RELIABLE_GOLD,0.991635799407959,0.9990946054458618,False,MATCH,none
452,307182,307182:hypothesis:fra_Latn,hypothesis,True,True,[],[],RELIABLE_GOLD,0.9958160519599915,0.9991704225540161,False,MATCH,none
453,307679,307679:premise:fra_Latn,premise,True,True,[],[],RELIABLE_GOLD,0.9963192939758301,0.9920143485069275,False,MATCH,none
454,308436,308436:premise:fra_Latn,premise,True,True,[],[],RELIABLE_GOLD,0.98371821641922,0.9996156692504883,False,MATCH,none
454,308436,308436:hypothesis:fra_Latn,hypothesis,True,True,[],[],RELIABLE_GOLD,0.9839711785316467,0.9997071623802185,False,MATCH,none
456,309756,309756:premise:fra_Latn,premise,True,True,[],[],RELIABLE_GOLD,0.9964877367019653,0.9957336783409119,False,MATCH,none
456,309756,309756:hypothesis:fra_Latn,hypothesis,True,True,[],[],RELIABLE_GOLD,0.992823600769043,0.9954236149787903,False,MATCH,none
458,310358,310358:premise:fra_Latn,premise,True,True,[],[],RELIABLE_GOLD,0.9974555373191833,0.9991884827613831,False,MATCH,none
458,310358,310358:hypothesis:fra_Latn,hypothesis,True,True,[],[],RELIABLE_GOLD,0.9959562420845032,0.9988240599632263,False,MATCH,none
460,310705,310705:premise:fra_Latn,premise,True,True,[],[],RELIABLE_GOLD,0.9964815378189087,0.9077513217926025,False,MATCH,none
460,310705,310705:hypothesis:fra_Latn,hypothesis,True,True,[],[],RELIABLE_GOLD,0.9959142804145813,0.9772562980651855,False,MATCH,none
462,311315,311315:premise:fra_Latn,premise,True,True,[],[],RELIABLE_GOLD,0.956336498260498,0.9934413433074951,False,MATCH,none
462,311315,311315:hypothesis:fra_Latn,hypothesis,True,True,[],[],RELIABLE_GOLD,0.988610029220581,0.9961976408958435,False,MATCH,none
463,311574,311574:premise:fra_Latn,premise,True,True,[],[],RELIABLE_GOLD,0.9954008460044861,0.9201292991638184,False,MATCH,none
465,312572,312572:premise:fra_Latn,premise,True,True,[],[],RELIABLE_GOLD,0.9945645332336426,0.9977675676345825,False,MATCH,none
465,312572,312572:hypothesis:fra_Latn,hypothesis,True,True,[],[],RELIABLE_GOLD,0.9938610792160034,0.9632382392883301,False,MATCH,none
466,313598,313598:premise:fra_Latn,premise,True,True,[],[],RELIABLE_GOLD,0.9927271604537964,0.9982630610466003,False,MATCH,none
466,313598,313598:hypothesis:fra_Latn,hypothesis,True,True,[],[],RELIABLE_GOLD,0.9928349256515503,0.9934456944465637,False,MATCH,none
468,314343,314343:hypothesis:fra_Latn,hypothesis,True,True,[],[],RELIABLE_GOLD,0.9983591437339783,0.9987885355949402,False,MATCH,none
470,315586,315586:premise:fra_Latn,premise,True,True,[],[],RELIABLE_GOLD,0.9944047927856445,0.9992720484733582,False,MATCH,none
470,315586,315586:hypothesis:fra_Latn,hypothesis,True,True,[],[],RELIABLE_GOLD,0.9828402996063232,0.9995661377906799,False,MATCH,none
471,316194,316194:premise:fra_Latn,premise,True,True,[],[],RELIABLE_GOLD,0.995521068572998,0.9945477843284607,False,MATCH,none
472,316876,316876:premise:fra_Latn,premise,True,True,[],[],RELIABLE_GOLD,0.9964913725852966,0.9987741112709045,False,MATCH,none
472,316876,316876:hypothesis:fra_Latn,hypothesis,True,True,[],[],RELIABLE_GOLD,0.9878227114677429,0.9980809688568115,False,MATCH,none
473,318353,318353:premise:fra_Latn,premise,True,True,[],[],RELIABLE_GOLD,0.9930301308631897,0.9988853335380554,False,MATCH,none
473,318353,318353:hypothesis:fra_Latn,hypothesis,True,True,[],[],RELIABLE_GOLD,0.9928712248802185,0.998019814491272,False,MATCH,none
474,319482,319482:hypothesis:fra_Latn,hypothesis,True,True,[],[],RELIABLE_GOLD,0.9843989610671997,0.9359678626060486,False,MATCH,none
479,322299,322299:premise:fra_Latn,premise,True,True,[],[],RELIABLE_GOLD,0.9931220412254333,0.9823906421661377,False,MATCH,none
480,322472,322472:premise:fra_Latn,premise,True,True,[],[],RELIABLE_GOLD,0.9961376786231995,0.9937934875488281,False,MATCH,none
480,322472,322472:hypothesis:fra_Latn,hypothesis,True,True,[],[],RELIABLE_GOLD,0.9801331758499146,0.9933515191078186,False,MATCH,none
482,324702,324702:premise:fra_Latn,premise,True,True,[],[],RELIABLE_GOLD,0.9975188970565796,0.9993240833282471,False,MATCH,none
483,325880,325880:premise:fra_Latn,premise,True,True,[],[],RELIABLE_GOLD,0.9901021718978882,0.9980071187019348,False,MATCH,none
483,325880,325880:hypothesis:fra_Latn,hypothesis,True,True,[],[],RELIABLE_GOLD,0.9967196583747864,0.9958986639976501,False,MATCH,none
486,327111,327111:premise:fra_Latn,premise,True,True,[],[],RELIABLE_GOLD,0.9974364638328552,0.9955688118934631,False,MATCH,none
488,327733,327733:hypothesis:fra_Latn,hypothesis,True,True,[],[],RELIABLE_GOLD,0.996775209903717,0.9791206121444702,False,MATCH,none
489,328469,328469:premise:fra_Latn,premise,True,True,[],[],RELIABLE_GOLD,0.9965782761573792,0.9778359532356262,False,MATCH,none
490,330719,330719:premise:fra_Latn,premise,True,True,[],[],RELIABLE_GOLD,0.9949984550476074,0.9996077418327332,False,MATCH,none
491,331133,331133:premise:fra_Latn,premise,True,True,[],[],RELIABLE_GOLD,0.9876625537872314,0.9993491768836975,False,MATCH,none
491,331133,331133:hypothesis:fra_Latn,hypothesis,True,True,[],[],RELIABLE_GOLD,0.9936922788619995,0.999553382396698,False,MATCH,none
492,331212,331212:hypothesis:fra_Latn,hypothesis,True,True,[],[],RELIABLE_GOLD,0.992413341999054,0.9991990923881531,False,MATCH,none
493,332168,332168:premise:fra_Latn,premise,True,True,[],[],RELIABLE_GOLD,0.9929541945457458,0.9972535967826843,False,MATCH,none
494,333591,333591:premise:fra_Latn,premise,True,True,[],[],RELIABLE_GOLD,0.9932153224945068,0.9986068606376648,False,MATCH,none
494,333591,333591:hypothesis:fra_Latn,hypothesis,True,True,[],[],RELIABLE_GOLD,0.9961774349212646,0.9933786392211914,False,MATCH,none
495,334203,334203:premise:fra_Latn,premise,True,True,[],[],RELIABLE_GOLD,0.9978235960006714,0.9866609573364258,False,MATCH,none
495,334203,334203:hypothesis:fra_Latn,hypothesis,True,True,[],[],RELIABLE_GOLD,0.9969605803489685,0.973907470703125,False,MATCH,none
496,334987,334987:premise:fra_Latn,premise,True,True,[],[],RELIABLE_GOLD,0.950744092464447,0.9919901490211487,False,MATCH,none
498,336330,336330:premise:fra_Latn,premise,True,True,[],[],RELIABLE_GOLD,0.9971081614494324,0.9973771572113037,False,MATCH,none
499,336368,336368:premise:fra_Latn,premise,True,True,[],[],RELIABLE_GOLD,0.9923930168151855,0.9942359328269958,False,MATCH,none
499,336368,336368:hypothesis:fra_Latn,hypothesis,True,True,[],[],RELIABLE_GOLD,0.990838348865509,0.9976320266723633,False,MATCH,none
500,337152,337152:premise:fra_Latn,premise,True,True,[],[],RELIABLE_GOLD,0.9949678778648376,0.9989467263221741,False,MATCH,none
501,337655,337655:premise:fra_Latn,premise,True,True,[],[],RELIABLE_GOLD,0.9528360962867737,0.9945449829101562,False,MATCH,none
501,337655,337655:hypothesis:fra_Latn,hypothesis,True,True,[],[],RELIABLE_GOLD,0.9930979609489441,0.9963878393173218,False,MATCH,none
502,338139,338139:hypothesis:fra_Latn,hypothesis,True,True,[],[],RELIABLE_GOLD,0.9758375287055969,0.9839903116226196,False,MATCH,none
504,338834,338834:hypothesis:fra_Latn,hypothesis,True,True,[],[],RELIABLE_GOLD,0.9951345324516296,0.9925508499145508,False,MATCH,none
505,338871,338871:hypothesis:fra_Latn,hypothesis,True,True,[],[],RELIABLE_GOLD,0.9964117407798767,0.9991549253463745,False,MATCH,none
506,339401,339401:hypothesis:fra_Latn,hypothesis,True,True,[],[],RELIABLE_GOLD,0.9911908507347107,0.9997456669807434,False,MATCH,none
508,340397,340397:premise:fra_Latn,premise,True,True,[],[],RELIABLE_GOLD,0.9496614336967468,0.9991672039031982,False,MATCH,none
510,341229,341229:premise:fra_Latn,premise,True,True,[],[],RELIABLE_GOLD,0.9794538617134094,0.9993778467178345,False,MATCH,none
510,341229,341229:hypothesis:fra_Latn,hypothesis,True,True,[],[],RELIABLE_GOLD,0.9711412191390991,0.9995657801628113,False,MATCH,none
511,341509,341509:hypothesis:fra_Latn,hypothesis,True,True,[],[],RELIABLE_GOLD,0.9327268004417419,0.9994840621948242,False,MATCH,none
512,341844,341844:premise:fra_Latn,premise,True,True,[],[],RELIABLE_GOLD,0.9970051646232605,0.9986302852630615,False,MATCH,none
513,342089,342089:premise:fra_Latn,premise,True,True,[],[],RELIABLE_GOLD,0.9970908164978027,0.9994964599609375,False,MATCH,none
515,343438,343438:premise:fra_Latn,premise,True,True,[],[],RELIABLE_GOLD,0.9978728294372559,0.9897484183311462,False,MATCH,none
515,343438,343438:hypothesis:fra_Latn,hypothesis,True,True,[],[],RELIABLE_GOLD,0.9968332648277283,0.9946432113647461,False,MATCH,none
518,344451,344451:premise:fra_Latn,premise,True,True,[],[],RELIABLE_GOLD,0.9980682730674744,0.9919669032096863,False,MATCH,none
519,344802,344802:premise:fra_Latn,premise,True,True,[],[],RELIABLE_GOLD,0.9952101111412048,0.9996691942214966,False,MATCH,none
519,344802,344802:hypothesis:fra_Latn,hypothesis,True,True,[],[],RELIABLE_GOLD,0.9959262609481812,0.9996949434280396,False,MATCH,none
520,344964,344964:premise:fra_Latn,premise,True,True,[],[],RELIABLE_GOLD,0.9905619025230408,0.9994674324989319,False,MATCH,none
521,346374,346374:hypothesis:fra_Latn,hypothesis,True,True,[],[],RELIABLE_GOLD,0.9952369928359985,0.9994062185287476,False,MATCH,none
522,347590,347590:premise:fra_Latn,premise,True,True,[],[],RELIABLE_GOLD,0.9932646751403809,0.9989126920700073,False,MATCH,none
522,347590,347590:hypothesis:fra_Latn,hypothesis,True,True,[],[],RELIABLE_GOLD,0.9939472675323486,0.9992684721946716,False,MATCH,none
523,349312,349312:premise:fra_Latn,premise,True,True,[],[],RELIABLE_GOLD,0.9806698560714722,0.9993859529495239,False,MATCH,none
525,349723,349723:premise:fra_Latn,premise,True,True,[],[],RELIABLE_GOLD,0.995581328868866,0.9989700317382812,False,MATCH,none
530,351913,351913:premise:fra_Latn,premise,True,True,[],[],RELIABLE_GOLD,0.9893795847892761,0.9906693696975708,False,MATCH,none
530,351913,351913:hypothesis:fra_Latn,hypothesis,True,True,[],[],RELIABLE_GOLD,0.9960874319076538,0.9810422658920288,False,MATCH,none
531,352553,352553:premise:fra_Latn,premise,True,True,[],[],RELIABLE_GOLD,0.9927090406417847,0.99776291847229,False,MATCH,none
531,352553,352553:hypothesis:fra_Latn,hypothesis,True,True,[],[],RELIABLE_GOLD,0.991818904876709,0.9911938309669495,False,MATCH,none
532,352765,352765:hypothesis:fra_Latn,hypothesis,True,True,[],[],RELIABLE_GOLD,0.9936477541923523,0.9559045433998108,False,MATCH,none
534,353921,353921:hypothesis:fra_Latn,hypothesis,True,True,[],[],RELIABLE_GOLD,0.9749113321304321,0.9974784255027771,False,MATCH,none
535,354675,354675:premise:fra_Latn,premise,True,True,[],[],RELIABLE_GOLD,0.9959163069725037,0.9996227025985718,False,MATCH,none
535,354675,354675:hypothesis:fra_Latn,hypothesis,True,True,[],[],RELIABLE_GOLD,0.9972858428955078,0.9995438456535339,False,MATCH,none
536,355209,355209:premise:fra_Latn,premise,True,True,[],[],RELIABLE_GOLD,0.9028308987617493,0.9995601773262024,False,MATCH,none
537,355550,355550:premise:fra_Latn,premise,True,True,[],[],RELIABLE_GOLD,0.9930383563041687,0.9992665648460388,False,MATCH,none
537,355550,355550:hypothesis:fra_Latn,hypothesis,True,True,[],[],RELIABLE_GOLD,0.9967455863952637,0.9990019202232361,False,MATCH,none
538,356013,356013:premise:fra_Latn,premise,True,True,[],[],RELIABLE_GOLD,0.9954392313957214,0.994654655456543,False,MATCH,none
539,356717,356717:premise:fra_Latn,premise,True,True,[],[],RELIABLE_GOLD,0.9830926656723022,0.9931057095527649,False,MATCH,none
539,356717,356717:hypothesis:fra_Latn,hypothesis,True,True,[],[],RELIABLE_GOLD,0.9968668818473816,0.951509952545166,False,MATCH,none
540,357578,357578:hypothesis:fra_Latn,hypothesis,True,True,[],[],RELIABLE_GOLD,0.9922979474067688,0.9992278814315796,False,MATCH,none
542,358861,358861:premise:fra_Latn,premise,True,True,[],[],RELIABLE_GOLD,0.9679392576217651,0.9996126294136047,False,MATCH,none
542,358861,358861:hypothesis:fra_Latn,hypothesis,True,True,[],[],RELIABLE_GOLD,0.9874803423881531,0.9996237754821777,False,MATCH,none
543,359371,359371:premise:fra_Latn,premise,True,True,[],[],RELIABLE_GOLD,0.9937625527381897,0.9976776242256165,False,MATCH,none
543,359371,359371:hypothesis:fra_Latn,hypothesis,True,True,[],[],RELIABLE_GOLD,0.994866132736206,0.9958874583244324,False,MATCH,none
545,360401,360401:premise:fra_Latn,premise,True,True,[],[],RELIABLE_GOLD,0.9962242841720581,0.9948586225509644,False,MATCH,none
545,360401,360401:hypothesis:fra_Latn,hypothesis,True,True,[],[],RELIABLE_GOLD,0.9970402121543884,0.9961990714073181,False,MATCH,none
547,361537,361537:premise:fra_Latn,premise,True,True,[],[],RELIABLE_GOLD,0.9976760745048523,0.9993494153022766,False,MATCH,none
547,361537,361537:hypothesis:fra_Latn,hypothesis,True,True,[],[],RELIABLE_GOLD,0.992518424987793,0.9993352293968201,False,MATCH,none
550,364369,364369:premise:fra_Latn,premise,True,True,[],[],RELIABLE_GOLD,0.9957629442214966,0.9993174076080322,False,MATCH,none
551,364429,364429:premise:fra_Latn,premise,True,True,[],[],RELIABLE_GOLD,0.9972176551818848,0.96938556432724,False,MATCH,none
552,366538,366538:premise:fra_Latn,premise,True,True,[],[],RELIABLE_GOLD,0.9831497073173523,0.9980161190032959,False,MATCH,none
552,366538,366538:hypothesis:fra_Latn,hypothesis,True,True,[],[],RELIABLE_GOLD,0.9941365718841553,0.9982730150222778,False,MATCH,none
553,366985,366985:premise:fra_Latn,premise,True,True,[],[],RELIABLE_GOLD,0.9966937303543091,0.9972019195556641,False,MATCH,none
553,366985,366985:hypothesis:fra_Latn,hypothesis,True,True,[],[],RELIABLE_GOLD,0.9951832890510559,0.9956727027893066,False,MATCH,none
554,369066,369066:premise:fra_Latn,premise,True,True,[],[],RELIABLE_GOLD,0.9934573769569397,0.9992913007736206,False,MATCH,none
554,369066,369066:hypothesis:fra_Latn,hypothesis,True,True,[],[],RELIABLE_GOLD,0.9968962669372559,0.9990274906158447,False,MATCH,none
555,369396,369396:premise:fra_Latn,premise,True,True,[],[],RELIABLE_GOLD,0.9969826340675354,0.9930550456047058,False,MATCH,none
560,371860,371860:premise:fra_Latn,premise,True,True,[],[],RELIABLE_GOLD,0.9767259359359741,0.9979275465011597,False,MATCH,none
560,371860,371860:hypothesis:fra_Latn,hypothesis,True,True,[],[],RELIABLE_GOLD,0.9957152009010315,0.9946138262748718,False,MATCH,none
561,372611,372611:hypothesis:fra_Latn,hypothesis,True,True,[],[],RELIABLE_GOLD,0.9950660467147827,0.9881822466850281,False,MATCH,none
562,372919,372919:hypothesis:fra_Latn,hypothesis,True,True,[],[],RELIABLE_GOLD,0.9947015643119812,0.9838692545890808,False,MATCH,none
563,373879,373879:premise:fra_Latn,premise,True,True,[],[],RELIABLE_GOLD,0.965707004070282,0.999350368976593,False,MATCH,none
567,375404,375404:premise:fra_Latn,premise,True,True,[],[],RELIABLE_GOLD,0.9958441853523254,0.9975226521492004,False,MATCH,none
567,375404,375404:hypothesis:fra_Latn,hypothesis,True,True,[],[],RELIABLE_GOLD,0.9964146614074707,0.9955184459686279,False,MATCH,none
568,375602,375602:premise:fra_Latn,premise,True,True,[],[],RELIABLE_GOLD,0.9841852784156799,0.9960485100746155,False,MATCH,none
569,376513,376513:premise:fra_Latn,premise,True,True,[],[],RELIABLE_GOLD,0.997285008430481,0.9961788654327393,False,MATCH,none
569,376513,376513:hypothesis:fra_Latn,hypothesis,True,True,[],[],RELIABLE_GOLD,0.9893673062324524,0.9978297352790833,False,MATCH,none
571,377799,377799:premise:fra_Latn,premise,True,True,[],[],RELIABLE_GOLD,0.9746116399765015,0.9984670281410217,False,MATCH,none
572,377914,377914:premise:fra_Latn,premise,True,True,[],[],RELIABLE_GOLD,0.9955121874809265,0.9947459697723389,False,MATCH,none
573,378043,378043:premise:fra_Latn,premise,True,True,[],[],RELIABLE_GOLD,0.9931647181510925,0.9996594190597534,False,MATCH,none
573,378043,378043:hypothesis:fra_Latn,hypothesis,True,True,[],[],RELIABLE_GOLD,0.9960442781448364,0.9997121691703796,False,MATCH,none
574,379691,379691:premise:fra_Latn,premise,True,True,[],[],RELIABLE_GOLD,0.9927916526794434,0.9995028972625732,False,MATCH,none
574,379691,379691:hypothesis:fra_Latn,hypothesis,True,True,[],[],RELIABLE_GOLD,0.9925472140312195,0.9992189407348633,False,MATCH,none
576,381818,381818:hypothesis:fra_Latn,hypothesis,True,True,[],[],RELIABLE_GOLD,0.9674545526504517,0.9874610304832458,False,MATCH,none
577,382061,382061:premise:fra_Latn,premise,True,True,[],[],RELIABLE_GOLD,0.9976598024368286,0.9982702732086182,False,MATCH,none
577,382061,382061:hypothesis:fra_Latn,hypothesis,True,True,[],[],RELIABLE_GOLD,0.9966244697570801,0.9979768395423889,False,MATCH,none
578,383277,383277:premise:fra_Latn,premise,True,True,[],[],RELIABLE_GOLD,0.9968823194503784,0.9985480904579163,False,MATCH,none
578,383277,383277:hypothesis:fra_Latn,hypothesis,True,True,[],[],RELIABLE_GOLD,0.9954991936683655,0.998736560344696,False,MATCH,none
580,384316,384316:premise:fra_Latn,premise,True,True,[],[],RELIABLE_GOLD,0.9960015416145325,0.999504804611206,False,MATCH,none
580,384316,384316:hypothesis:fra_Latn,hypothesis,True,True,[],[],RELIABLE_GOLD,0.9968541264533997,0.9986770749092102,False,MATCH,none
582,387067,387067:premise:fra_Latn,premise,True,True,[],[],RELIABLE_GOLD,0.9973567724227905,0.9777950048446655,False,MATCH,none
583,388849,388849:hypothesis:fra_Latn,hypothesis,True,True,[],[],RELIABLE_GOLD,0.9967767596244812,0.9995830655097961,False,MATCH,none
585,389577,389577:premise:fra_Latn,premise,True,True,[],[],RELIABLE_GOLD,0.975128710269928,0.9784246683120728,False,MATCH,none
586,390330,390330:hypothesis:fra_Latn,hypothesis,True,True,[],[],RELIABLE_GOLD,0.9965723752975464,0.9974457025527954,False,MATCH,none
587,393497,393497:premise:fra_Latn,premise,True,True,[],[],RELIABLE_GOLD,0.9967700242996216,0.9992058873176575,False,MATCH,none
587,393497,393497:hypothesis:fra_Latn,hypothesis,True,True,[],[],RELIABLE_GOLD,0.9969154596328735,0.9991366267204285,False,MATCH,none
589,394608,394608:premise:fra_Latn,premise,True,True,[],[],RELIABLE_GOLD,0.9930734038352966,0.9982925057411194,False,MATCH,none
589,394608,394608:hypothesis:fra_Latn,hypothesis,True,True,[],[],RELIABLE_GOLD,0.9982849955558777,0.9981948733329773,False,MATCH,none
590,394965,394965:premise:fra_Latn,premise,True,True,[],[],RELIABLE_GOLD,0.988664984703064,0.9949474334716797,False,MATCH,none
590,394965,394965:hypothesis:fra_Latn,hypothesis,True,True,[],[],RELIABLE_GOLD,0.9928745031356812,0.9662880897521973,False,MATCH,none
591,396067,396067:premise:fra_Latn,premise,True,True,[],[],RELIABLE_GOLD,0.9949926733970642,0.9865459203720093,False,MATCH,none
592,396269,396269:premise:fra_Latn,premise,True,True,[],[],RELIABLE_GOLD,0.9945472478866577,0.9513116478919983,False,MATCH,none
592,396269,396269:hypothesis:fra_Latn,hypothesis,True,True,[],[],RELIABLE_GOLD,0.9947399497032166,0.8981715440750122,False,MATCH,none
594,397864,397864:premise:fra_Latn,premise,True,True,[],[],RELIABLE_GOLD,0.9955795407295227,0.9993191957473755,False,MATCH,none
594,397864,397864:hypothesis:fra_Latn,hypothesis,True,True,[],[],RELIABLE_GOLD,0.9958256483078003,0.9993682503700256,False,MATCH,none
596,398883,398883:premise:fra_Latn,premise,True,True,[],[],RELIABLE_GOLD,0.9939001798629761,0.9961225390434265,False,MATCH,none
596,398883,398883:hypothesis:fra_Latn,hypothesis,True,True,[],[],RELIABLE_GOLD,0.9975231289863586,0.9954569339752197,False,MATCH,none
597,399855,399855:premise:fra_Latn,premise,True,True,[],[],RELIABLE_GOLD,0.9978857636451721,0.9890987873077393,False,MATCH,none
598,400206,400206:premise:fra_Latn,premise,True,True,[],[],RELIABLE_GOLD,0.9205028414726257,0.9995808005332947,False,MATCH,none
599,400731,400731:premise:fra_Latn,premise,True,True,[],[],RELIABLE_GOLD,0.9977453351020813,0.9976180195808411,False,MATCH,none
600,400864,400864:premise:fra_Latn,premise,True,True,[],[],RELIABLE_GOLD,0.99534010887146,0.9313817620277405,False,MATCH,none
601,402508,402508:premise:fra_Latn,premise,True,True,[],[],RELIABLE_GOLD,0.9967095851898193,0.9967881441116333,False,MATCH,none
601,402508,402508:hypothesis:fra_Latn,hypothesis,True,True,[],[],RELIABLE_GOLD,0.9963410496711731,0.9976842403411865,False,MATCH,none
602,403554,403554:hypothesis:fra_Latn,hypothesis,True,True,[],[],RELIABLE_GOLD,0.9883297681808472,0.8087426424026489,False,MATCH,none
603,403976,403976:premise:fra_Latn,premise,True,True,[],[],RELIABLE_GOLD,0.996148943901062,0.9997496008872986,False,MATCH,none
604,404415,404415:premise:fra_Latn,premise,True,True,[],[],RELIABLE_GOLD,0.9867092370986938,0.9971877932548523,False,MATCH,none
604,404415,404415:hypothesis:fra_Latn,hypothesis,True,True,[],[],RELIABLE_GOLD,0.9950923919677734,0.996364176273346,False,MATCH,none
606,407270,407270:premise:fra_Latn,premise,True,True,[],[],RELIABLE_GOLD,0.9940133690834045,0.9985722303390503,False,MATCH,none
606,407270,407270:hypothesis:fra_Latn,hypothesis,True,True,[],[],RELIABLE_GOLD,0.9953321814537048,0.9985594153404236,False,MATCH,none
607,407321,407321:hypothesis:fra_Latn,hypothesis,True,True,[],[],RELIABLE_GOLD,0.9825989007949829,0.9970417618751526,False,MATCH,none
608,411654,411654:premise:fra_Latn,premise,True,True,[],[],RELIABLE_GOLD,0.9084454774856567,0.9983940720558167,False,MATCH,none
608,411654,411654:hypothesis:fra_Latn,hypothesis,True,True,[],[],RELIABLE_GOLD,0.9969303011894226,0.9980260133743286,False,MATCH,none
610,413131,413131:premise:fra_Latn,premise,True,True,[],[],RELIABLE_GOLD,0.9933043122291565,0.9983215928077698,False,MATCH,none
611,413141,413141:premise:fra_Latn,premise,True,True,[],[],RELIABLE_GOLD,0.9914293885231018,0.9732607007026672,False,MATCH,none
611,413141,413141:hypothesis:fra_Latn,hypothesis,True,True,[],[],RELIABLE_GOLD,0.997109591960907,0.9821814894676208,False,MATCH,none
612,415665,415665:premise:fra_Latn,premise,True,True,[],[],RELIABLE_GOLD,0.9951609969139099,0.984955370426178,False,MATCH,none
612,415665,415665:hypothesis:fra_Latn,hypothesis,True,True,[],[],RELIABLE_GOLD,0.9360321760177612,0.9962291121482849,False,MATCH,none
613,416052,416052:hypothesis:fra_Latn,hypothesis,True,True,[],[],RELIABLE_GOLD,0.9950295090675354,0.9652332067489624,False,MATCH,none
614,417237,417237:hypothesis:fra_Latn,hypothesis,True,True,[],[],RELIABLE_GOLD,0.973100483417511,0.9889853000640869,False,MATCH,none
616,418639,418639:premise:fra_Latn,premise,True,True,[],[],RELIABLE_GOLD,0.9667538404464722,0.999292254447937,False,MATCH,none
616,418639,418639:hypothesis:fra_Latn,hypothesis,True,True,[],[],RELIABLE_GOLD,0.9967531561851501,0.9992548823356628,False,MATCH,none
618,421310,421310:premise:fra_Latn,premise,True,True,[],[],RELIABLE_GOLD,0.9636885523796082,0.9846476316452026,False,MATCH,none
618,421310,421310:hypothesis:fra_Latn,hypothesis,True,True,[],[],RELIABLE_GOLD,0.960461437702179,0.9641442894935608,False,MATCH,none
619,422758,422758:premise:fra_Latn,premise,True,True,[],[],RELIABLE_GOLD,0.9971261620521545,0.998997151851654,False,MATCH,none
619,422758,422758:hypothesis:fra_Latn,hypothesis,True,True,[],[],RELIABLE_GOLD,0.9947634935379028,0.9990405440330505,False,MATCH,none
620,423126,423126:premise:fra_Latn,premise,True,True,[],[],RELIABLE_GOLD,0.9950496554374695,0.9993715882301331,False,MATCH,none
620,423126,423126:hypothesis:fra_Latn,hypothesis,True,True,[],[],RELIABLE_GOLD,0.9978761672973633,0.9994254112243652,False,MATCH,none
622,424045,424045:premise:fra_Latn,premise,True,True,[],[],RELIABLE_GOLD,0.9972944855690002,0.9976287484169006,False,MATCH,none
622,424045,424045:hypothesis:fra_Latn,hypothesis,True,True,[],[],RELIABLE_GOLD,0.9979540109634399,0.9987943172454834,False,MATCH,none
624,425301,425301:premise:fra_Latn,premise,True,True,[],[],RELIABLE_GOLD,0.9917710423469543,0.9961931705474854,False,MATCH,none
624,425301,425301:hypothesis:fra_Latn,hypothesis,True,True,[],[],RELIABLE_GOLD,0.9977758526802063,0.9962814450263977,False,MATCH,none
625,426181,426181:premise:fra_Latn,premise,True,True,[],[],RELIABLE_GOLD,0.9977458119392395,0.8931990265846252,False,MATCH,none
625,426181,426181:hypothesis:fra_Latn,hypothesis,True,True,[],[],RELIABLE_GOLD,0.9977612495422363,0.9863421320915222,False,MATCH,none
627,426484,426484:premise:fra_Latn,premise,True,True,[],[],RELIABLE_GOLD,0.9318346977233887,0.9751974940299988,False,MATCH,none
627,426484,426484:hypothesis:fra_Latn,hypothesis,True,True,[],[],RELIABLE_GOLD,0.9969460368156433,0.9773759841918945,False,MATCH,none
628,426839,426839:premise:fra_Latn,premise,True,True,[],[],RELIABLE_GOLD,0.9971116781234741,0.9898375272750854,False,MATCH,none
630,428056,428056:premise:fra_Latn,premise,True,True,[],[],RELIABLE_GOLD,0.9957075119018555,0.9463722705841064,False,MATCH,none
630,428056,428056:hypothesis:fra_Latn,hypothesis,True,True,[],[],RELIABLE_GOLD,0.9185500741004944,0.9988133907318115,False,MATCH,none
631,429004,429004:premise:fra_Latn,premise,True,True,[],[],RELIABLE_GOLD,0.9933991432189941,0.9980903267860413,False,MATCH,none
631,429004,429004:hypothesis:fra_Latn,hypothesis,True,True,[],[],RELIABLE_GOLD,0.9461994767189026,0.9992400407791138,False,MATCH,none
632,430526,430526:premise:fra_Latn,premise,True,True,[],[],RELIABLE_GOLD,0.9961571097373962,0.9996756315231323,False,MATCH,none
634,431938,431938:premise:fra_Latn,premise,True,True,[],[],RELIABLE_GOLD,0.9893336892127991,0.9997230172157288,False,MATCH,none
635,431953,431953:premise:fra_Latn,premise,True,True,[],[],RELIABLE_GOLD,0.981605589389801,0.995741605758667,False,MATCH,none
635,431953,431953:hypothesis:fra_Latn,hypothesis,True,True,[],[],RELIABLE_GOLD,0.9963037967681885,0.9226496815681458,False,MATCH,none
636,432209,432209:hypothesis:fra_Latn,hypothesis,True,True,[],[],RELIABLE_GOLD,0.9960134029388428,0.9993114471435547,False,MATCH,none
637,433659,433659:premise:fra_Latn,premise,True,True,[],[],RELIABLE_GOLD,0.9979538917541504,0.9991388320922852,False,MATCH,none
637,433659,433659:hypothesis:fra_Latn,hypothesis,True,True,[],[],RELIABLE_GOLD,0.9916917085647583,0.9947945475578308,False,MATCH,none
639,437702,437702:premise:fra_Latn,premise,True,True,[],[],RELIABLE_GOLD,0.9956569671630859,0.9910968542098999,False,MATCH,none
639,437702,437702:hypothesis:fra_Latn,hypothesis,True,True,[],[],RELIABLE_GOLD,0.9977228045463562,0.9929826259613037,False,MATCH,none
645,441649,441649:premise:fra_Latn,premise,True,True,[],[],RELIABLE_GOLD,0.9974149465560913,0.9575933814048767,False,MATCH,none
646,442027,442027:premise:fra_Latn,premise,True,True,[],[],RELIABLE_GOLD,0.9963156580924988,0.9992566704750061,False,MATCH,none
649,443307,443307:premise:fra_Latn,premise,True,True,[],[],RELIABLE_GOLD,0.996085524559021,0.9991670846939087,False,MATCH,none
649,443307,443307:hypothesis:fra_Latn,hypothesis,True,True,[],[],RELIABLE_GOLD,0.9973633885383606,0.9984269142150879,False,MATCH,none
650,445694,445694:premise:fra_Latn,premise,True,True,[],[],RELIABLE_GOLD,0.9959956407546997,0.876724123954773,False,MATCH,none
650,445694,445694:hypothesis:fra_Latn,hypothesis,True,True,[],[],RELIABLE_GOLD,0.9953463673591614,0.9513978362083435,False,MATCH,none
651,445900,445900:hypothesis:fra_Latn,hypothesis,True,True,[],[],RELIABLE_GOLD,0.9945595860481262,0.9931203126907349,False,MATCH,none
653,447248,447248:premise:fra_Latn,premise,True,True,[],[],RELIABLE_GOLD,0.9977184534072876,0.9053764343261719,False,MATCH,none
655,448093,448093:premise:fra_Latn,premise,True,True,[],[],RELIABLE_GOLD,0.9680427312850952,0.9952267408370972,False,MATCH,none
655,448093,448093:hypothesis:fra_Latn,hypothesis,True,True,[],[],RELIABLE_GOLD,0.9604913592338562,0.9665510654449463,False,MATCH,none
661,450897,450897:premise:fra_Latn,premise,True,True,[],[],RELIABLE_GOLD,0.9954066276550293,0.999014139175415,False,MATCH,none
661,450897,450897:hypothesis:fra_Latn,hypothesis,True,True,[],[],RELIABLE_GOLD,0.9977641105651855,0.9989845156669617,False,MATCH,none
664,453097,453097:hypothesis:fra_Latn,hypothesis,True,True,[],[],RELIABLE_GOLD,0.9935718774795532,0.9947739243507385,False,MATCH,none
667,456266,456266:premise:fra_Latn,premise,True,True,[],[],RELIABLE_GOLD,0.9931424856185913,0.9924800395965576,False,MATCH,none
668,456761,456761:premise:fra_Latn,premise,True,True,[],[],RELIABLE_GOLD,0.9944422841072083,0.9993165731430054,False,MATCH,none
668,456761,456761:hypothesis:fra_Latn,hypothesis,True,True,[],[],RELIABLE_GOLD,0.9960162043571472,0.9994882345199585,False,MATCH,none
671,457899,457899:premise:fra_Latn,premise,True,True,[],[],RELIABLE_GOLD,0.9907612204551697,0.9955931305885315,False,MATCH,none
671,457899,457899:hypothesis:fra_Latn,hypothesis,True,True,[],[],RELIABLE_GOLD,0.9968212842941284,0.9937978386878967,False,MATCH,none
672,458599,458599:hypothesis:fra_Latn,hypothesis,True,True,[],[],RELIABLE_GOLD,0.9950292706489563,0.9989452958106995,False,MATCH,none
673,458628,458628:hypothesis:fra_Latn,hypothesis,True,True,[],[],RELIABLE_GOLD,0.9845578074455261,0.9995885491371155,False,MATCH,none
674,459828,459828:hypothesis:fra_Latn,hypothesis,True,True,[],[],RELIABLE_GOLD,0.9834798574447632,0.893547773361206,False,MATCH,none
677,463559,463559:premise:fra_Latn,premise,True,True,[],[],RELIABLE_GOLD,0.9969039559364319,0.9827568531036377,False,MATCH,none
677,463559,463559:hypothesis:fra_Latn,hypothesis,True,True,[],[],RELIABLE_GOLD,0.9979016780853271,0.9978171586990356,False,MATCH,none
679,463687,463687:premise:fra_Latn,premise,True,True,[],[],RELIABLE_GOLD,0.9940195083618164,0.996439516544342,False,MATCH,none
680,464513,464513:premise:fra_Latn,premise,True,True,[],[],RELIABLE_GOLD,0.9947478175163269,0.9988510608673096,False,MATCH,none
680,464513,464513:hypothesis:fra_Latn,hypothesis,True,True,[],[],RELIABLE_GOLD,0.9966680407524109,0.9987398982048035,False,MATCH,none
681,464854,464854:hypothesis:fra_Latn,hypothesis,True,True,[],[],RELIABLE_GOLD,0.9925715327262878,0.9680482745170593,False,MATCH,none
682,464901,464901:hypothesis:fra_Latn,hypothesis,True,True,[],[],RELIABLE_GOLD,0.9952263832092285,0.969651460647583,False,MATCH,none
684,467470,467470:premise:fra_Latn,premise,True,True,[],[],RELIABLE_GOLD,0.9973522424697876,0.9991542100906372,False,MATCH,none
684,467470,467470:hypothesis:fra_Latn,hypothesis,True,True,[],[],RELIABLE_GOLD,0.987351655960083,0.9950849413871765,False,MATCH,none
686,468548,468548:premise:fra_Latn,premise,True,True,[],[],RELIABLE_GOLD,0.9669873118400574,0.9947358965873718,False,MATCH,none
687,469856,469856:hypothesis:fra_Latn,hypothesis,True,True,[],[],RELIABLE_GOLD,0.9932423233985901,0.992734432220459,False,MATCH,none
688,470247,470247:premise:fra_Latn,premise,True,True,[],[],RELIABLE_GOLD,0.9916523098945618,0.9963239431381226,False,MATCH,none
688,470247,470247:hypothesis:fra_Latn,hypothesis,True,True,[],[],RELIABLE_GOLD,0.9576364755630493,0.9855786561965942,False,MATCH,none
691,472789,472789:premise:fra_Latn,premise,True,True,[],[],RELIABLE_GOLD,0.9903165698051453,0.9994592070579529,False,MATCH,none
691,472789,472789:hypothesis:fra_Latn,hypothesis,True,True,[],[],RELIABLE_GOLD,0.9976587295532227,0.9992678761482239,False,MATCH,none
692,473855,473855:hypothesis:fra_Latn,hypothesis,True,True,[],[],RELIABLE_GOLD,0.9964697360992432,0.9823618531227112,False,MATCH,none
694,474740,474740:premise:fra_Latn,premise,True,True,[],[],RELIABLE_GOLD,0.9960352778434753,0.9926983714103699,False,MATCH,none
694,474740,474740:hypothesis:fra_Latn,hypothesis,True,True,[],[],RELIABLE_GOLD,0.9961932897567749,0.9927189350128174,False,MATCH,none
696,475232,475232:premise:fra_Latn,premise,True,True,[],[],RELIABLE_GOLD,0.9225995540618896,0.9310048818588257,False,MATCH,none
697,475671,475671:hypothesis:fra_Latn,hypothesis,True,True,[],[],RELIABLE_GOLD,0.9882633686065674,0.9995220899581909,False,MATCH,none
698,477167,477167:hypothesis:fra_Latn,hypothesis,True,True,[],[],RELIABLE_GOLD,0.9972652196884155,0.9993663430213928,False,MATCH,none
700,477332,477332:premise:fra_Latn,premise,True,True,[],[],RELIABLE_GOLD,0.9967717528343201,0.9959357976913452,False,MATCH,none
700,477332,477332:hypothesis:fra_Latn,hypothesis,True,True,[],[],RELIABLE_GOLD,0.9945230484008789,0.9944831728935242,False,MATCH,none
702,477962,477962:hypothesis:fra_Latn,hypothesis,True,True,[],[],RELIABLE_GOLD,0.9963275790214539,0.9831383228302002,False,MATCH,none
707,485427,485427:premise:fra_Latn,premise,False,True,[],[],RELIABLE_GOLD,0.9978218078613281,0.9992384910583496,False,REAL_NEWLY_ACCEPTED,source-gate difference
707,485427,485427:hypothesis:fra_Latn,hypothesis,False,True,[],[],RELIABLE_GOLD,0.9951778650283813,0.9986646175384521,False,REAL_NEWLY_ACCEPTED,source-gate difference
708,485580,485580:premise:fra_Latn,premise,True,True,[],[],RELIABLE_GOLD,0.9972381591796875,0.9975330829620361,False,MATCH,none
708,485580,485580:hypothesis:fra_Latn,hypothesis,True,True,[],[],RELIABLE_GOLD,0.9969170093536377,0.9988797307014465,False,MATCH,none
710,485858,485858:premise:fra_Latn,premise,True,True,[],[],RELIABLE_GOLD,0.9822638630867004,0.9913148283958435,False,MATCH,none
710,485858,485858:hypothesis:fra_Latn,hypothesis,True,True,[],[],RELIABLE_GOLD,0.994902491569519,0.9970822930335999,False,MATCH,none
711,486098,486098:premise:fra_Latn,premise,True,True,[],[],RELIABLE_GOLD,0.9904800057411194,0.9202702045440674,False,MATCH,none
713,487229,487229:premise:fra_Latn,premise,True,True,[],[],RELIABLE_GOLD,0.9861435890197754,0.9991218447685242,False,MATCH,none
714,487685,487685:hypothesis:fra_Latn,hypothesis,True,True,[],[],RELIABLE_GOLD,0.9916812777519226,0.9757763743400574,False,MATCH,none
716,488702,488702:hypothesis:fra_Latn,hypothesis,True,True,[],[],RELIABLE_GOLD,0.995556652545929,0.9977931976318359,False,MATCH,none
717,488841,488841:premise:fra_Latn,premise,True,True,[],[],RELIABLE_GOLD,0.98854660987854,0.9996111989021301,False,MATCH,none
717,488841,488841:hypothesis:fra_Latn,hypothesis,True,True,[],[],RELIABLE_GOLD,0.994082510471344,0.9995607733726501,False,MATCH,none
718,489327,489327:premise:fra_Latn,premise,True,True,[],[],RELIABLE_GOLD,0.9968057870864868,0.9942243695259094,False,MATCH,none
720,489857,489857:premise:fra_Latn,premise,True,True,[],[],RELIABLE_GOLD,0.9922388195991516,0.996180534362793,False,MATCH,none
722,491039,491039:premise:fra_Latn,premise,True,True,[],[],RELIABLE_GOLD,0.9970609545707703,0.9976656436920166,False,MATCH,none
722,491039,491039:hypothesis:fra_Latn,hypothesis,True,True,[],[],RELIABLE_GOLD,0.9958788156509399,0.9967730641365051,False,MATCH,none
723,492175,492175:premise:fra_Latn,premise,True,True,[],[],RELIABLE_GOLD,0.9841564297676086,0.9991539716720581,False,MATCH,none
723,492175,492175:hypothesis:fra_Latn,hypothesis,True,True,[],[],RELIABLE_GOLD,0.9937322735786438,0.9993202686309814,False,MATCH,none
724,493759,493759:premise:fra_Latn,premise,True,True,[],[],RELIABLE_GOLD,0.996661901473999,0.9992347955703735,False,MATCH,none
724,493759,493759:hypothesis:fra_Latn,hypothesis,True,True,[],[],RELIABLE_GOLD,0.9819629192352295,0.9994159936904907,False,MATCH,none
726,495730,495730:premise:fra_Latn,premise,True,True,[],[],RELIABLE_GOLD,0.9860617518424988,0.9975392818450928,False,MATCH,none
726,495730,495730:hypothesis:fra_Latn,hypothesis,True,True,[],[],RELIABLE_GOLD,0.9974460601806641,0.9972084164619446,False,MATCH,none
728,496534,496534:premise:fra_Latn,premise,True,True,[],[],RELIABLE_GOLD,0.9940981864929199,0.9982390403747559,False,MATCH,none
728,496534,496534:hypothesis:fra_Latn,hypothesis,True,True,[],[],RELIABLE_GOLD,0.9942534565925598,0.997800886631012,False,MATCH,none
729,499937,499937:premise:fra_Latn,premise,True,True,[],[],RELIABLE_GOLD,0.9955267310142517,0.9995607733726501,False,MATCH,none
729,499937,499937:hypothesis:fra_Latn,hypothesis,True,True,[],[],RELIABLE_GOLD,0.9897913932800293,0.9890896677970886,False,MATCH,none
731,501731,501731:hypothesis:fra_Latn,hypothesis,True,True,[],[],RELIABLE_GOLD,0.9622446298599243,0.9996449947357178,False,MATCH,none
733,502223,502223:premise:fra_Latn,premise,True,True,[],[],RELIABLE_GOLD,0.9965840578079224,0.9911242723464966,False,MATCH,none
734,502423,502423:premise:fra_Latn,premise,True,True,[],[],RELIABLE_GOLD,0.9929429888725281,0.9981831908226013,False,MATCH,none
734,502423,502423:hypothesis:fra_Latn,hypothesis,True,True,[],[],RELIABLE_GOLD,0.9932102560997009,0.9978100657463074,False,MATCH,none
736,504105,504105:premise:fra_Latn,premise,True,True,[],[],RELIABLE_GOLD,0.9948765635490417,0.9972684383392334,False,MATCH,none
736,504105,504105:hypothesis:fra_Latn,hypothesis,True,True,[],[],RELIABLE_GOLD,0.9966062307357788,0.9961771965026855,False,MATCH,none
737,504992,504992:hypothesis:fra_Latn,hypothesis,True,True,[],[],RELIABLE_GOLD,0.9945530295372009,0.9649501442909241,False,MATCH,none
740,508521,508521:hypothesis:fra_Latn,hypothesis,True,True,[],[],RELIABLE_GOLD,0.9904170036315918,0.9891303777694702,False,MATCH,none
742,509328,509328:hypothesis:fra_Latn,hypothesis,True,True,[],[],RELIABLE_GOLD,0.9918316006660461,0.9970695972442627,False,MATCH,none
743,509438,509438:premise:fra_Latn,premise,True,True,[],[],RELIABLE_GOLD,0.9400349855422974,0.9787978529930115,False,MATCH,none
745,510869,510869:hypothesis:fra_Latn,hypothesis,True,True,[],[],RELIABLE_GOLD,0.9850257039070129,0.9991257786750793,False,MATCH,none
746,511280,511280:hypothesis:fra_Latn,hypothesis,True,True,[],[],RELIABLE_GOLD,0.9748051762580872,0.9995614886283875,False,MATCH,none
747,511871,511871:premise:fra_Latn,premise,True,True,[],[],RELIABLE_GOLD,0.9844588041305542,0.9661149382591248,False,MATCH,none
748,512053,512053:hypothesis:fra_Latn,hypothesis,True,True,[],[],RELIABLE_GOLD,0.9958156943321228,0.9997307658195496,False,MATCH,none
749,512639,512639:premise:fra_Latn,premise,True,True,[],[],RELIABLE_GOLD,0.9886735081672668,0.9990267753601074,False,MATCH,none
750,512695,512695:hypothesis:fra_Latn,hypothesis,True,True,[],[],RELIABLE_GOLD,0.9963566064834595,0.8768647313117981,False,MATCH,none
751,512778,512778:hypothesis:fra_Latn,hypothesis,True,True,[],[],RELIABLE_GOLD,0.9968760013580322,0.998810887336731,False,MATCH,none
752,513211,513211:premise:fra_Latn,premise,True,True,[],[],RELIABLE_GOLD,0.9839890599250793,0.9992108345031738,False,MATCH,none
755,514380,514380:hypothesis:fra_Latn,hypothesis,True,True,[],[],RELIABLE_GOLD,0.9949983358383179,0.9912543892860413,False,MATCH,none
756,515747,515747:premise:fra_Latn,premise,True,True,[],[],RELIABLE_GOLD,0.9961819648742676,0.9990308284759521,False,MATCH,none
756,515747,515747:hypothesis:fra_Latn,hypothesis,True,True,[],[],RELIABLE_GOLD,0.9966431856155396,0.9991729855537415,False,MATCH,none
757,516128,516128:hypothesis:fra_Latn,hypothesis,True,True,[],[],RELIABLE_GOLD,0.9962206482887268,0.9952353835105896,False,MATCH,none
758,517858,517858:premise:fra_Latn,premise,True,True,[],[],RELIABLE_GOLD,0.9706286787986755,0.9977967739105225,False,MATCH,none
758,517858,517858:hypothesis:fra_Latn,hypothesis,True,True,[],[],RELIABLE_GOLD,0.9971760511398315,0.9978430271148682,False,MATCH,none
759,518461,518461:premise:fra_Latn,premise,True,True,[],[],RELIABLE_GOLD,0.9868545532226562,0.9961811304092407,False,MATCH,none
759,518461,518461:hypothesis:fra_Latn,hypothesis,True,True,[],[],RELIABLE_GOLD,0.9901326894760132,0.9685705304145813,False,MATCH,none
762,519469,519469:hypothesis:fra_Latn,hypothesis,True,True,[],[],RELIABLE_GOLD,0.9980588555335999,0.9990057349205017,False,MATCH,none
763,519819,519819:premise:fra_Latn,premise,True,True,[],[],RELIABLE_GOLD,0.9956895709037781,0.9990130662918091,False,MATCH,none
763,519819,519819:hypothesis:fra_Latn,hypothesis,True,True,[],[],RELIABLE_GOLD,0.9970532655715942,0.9989275336265564,False,MATCH,none
764,520042,520042:premise:fra_Latn,premise,True,True,[],[],RELIABLE_GOLD,0.9961394667625427,0.9993608593940735,False,MATCH,none
764,520042,520042:hypothesis:fra_Latn,hypothesis,True,True,[],[],RELIABLE_GOLD,0.9909985065460205,0.9993721842765808,False,MATCH,none
766,521347,521347:premise:fra_Latn,premise,True,True,[],[],RELIABLE_GOLD,0.9955893754959106,0.967139720916748,False,MATCH,none
766,521347,521347:hypothesis:fra_Latn,hypothesis,True,True,[],[],RELIABLE_GOLD,0.9982141256332397,0.9753963947296143,False,MATCH,none
767,521683,521683:premise:fra_Latn,premise,True,True,[],[],RELIABLE_GOLD,0.9870479702949524,0.999614953994751,False,MATCH,none
767,521683,521683:hypothesis:fra_Latn,hypothesis,True,True,[],[],RELIABLE_GOLD,0.9970384836196899,0.999632716178894,False,MATCH,none
770,524354,524354:hypothesis:fra_Latn,hypothesis,True,True,[],[],RELIABLE_GOLD,0.9940420985221863,0.9996241331100464,False,MATCH,none
772,524406,524406:hypothesis:fra_Latn,hypothesis,True,True,[],[],RELIABLE_GOLD,0.9600290656089783,0.9388926029205322,False,MATCH,none
773,524854,524854:premise:fra_Latn,premise,True,True,[],[],RELIABLE_GOLD,0.9933592677116394,0.9914785027503967,False,MATCH,none
774,527833,527833:hypothesis:fra_Latn,hypothesis,True,True,[],[],RELIABLE_GOLD,0.9966002106666565,0.9966503977775574,False,MATCH,none
775,528482,528482:premise:fra_Latn,premise,True,True,[],[],RELIABLE_GOLD,0.9971004128456116,0.9822023510932922,False,MATCH,none
776,528520,528520:premise:fra_Latn,premise,True,True,[],[],RELIABLE_GOLD,0.9971910119056702,0.9953629970550537,False,MATCH,none
776,528520,528520:hypothesis:fra_Latn,hypothesis,True,True,[],[],RELIABLE_GOLD,0.9865992069244385,0.9950320720672607,False,MATCH,none
777,530538,530538:hypothesis:fra_Latn,hypothesis,True,True,[],[],RELIABLE_GOLD,0.9957634210586548,0.9850120544433594,False,MATCH,none
778,531157,531157:premise:fra_Latn,premise,True,True,[],[],RELIABLE_GOLD,0.9874833822250366,0.9983067512512207,False,MATCH,none
778,531157,531157:hypothesis:fra_Latn,hypothesis,True,True,[],[],RELIABLE_GOLD,0.9960303902626038,0.997958779335022,False,MATCH,none
779,533036,533036:premise:fra_Latn,premise,True,True,[],[],RELIABLE_GOLD,0.9947803616523743,0.9971049427986145,False,MATCH,none
780,534650,534650:hypothesis:fra_Latn,hypothesis,True,True,[],[],RELIABLE_GOLD,0.952278196811676,0.9992982149124146,False,MATCH,none
781,537726,537726:premise:fra_Latn,premise,True,True,[],[],RELIABLE_GOLD,0.9971458315849304,0.9989227652549744,False,MATCH,none
781,537726,537726:hypothesis:fra_Latn,hypothesis,True,True,[],[],RELIABLE_GOLD,0.9977598190307617,0.9991264939308167,False,MATCH,none
782,538979,538979:premise:fra_Latn,premise,True,True,[],[],RELIABLE_GOLD,0.9954406023025513,0.9714363217353821,False,MATCH,none
782,538979,538979:hypothesis:fra_Latn,hypothesis,True,True,[],[],RELIABLE_GOLD,0.9917866587638855,0.9812208414077759,False,MATCH,none
784,539243,539243:premise:fra_Latn,premise,True,True,[],[],RELIABLE_GOLD,0.9976150989532471,0.9996590614318848,False,MATCH,none
784,539243,539243:hypothesis:fra_Latn,hypothesis,True,True,[],[],RELIABLE_GOLD,0.9967309236526489,0.9996082186698914,False,MATCH,none
785,539998,539998:premise:fra_Latn,premise,True,True,[],[],RELIABLE_GOLD,0.9960236549377441,0.9984520673751831,False,MATCH,none
785,539998,539998:hypothesis:fra_Latn,hypothesis,True,True,[],[],RELIABLE_GOLD,0.9960625767707825,0.9981491565704346,False,MATCH,none
787,540574,540574:premise:fra_Latn,premise,True,True,[],[],RELIABLE_GOLD,0.9877419471740723,0.9996371269226074,False,MATCH,none
787,540574,540574:hypothesis:fra_Latn,hypothesis,True,True,[],[],RELIABLE_GOLD,0.9977548718452454,0.999566376209259,False,MATCH,none
789,541746,541746:premise:fra_Latn,premise,True,True,[],[],RELIABLE_GOLD,0.9356734156608582,0.999622106552124,False,MATCH,none
789,541746,541746:hypothesis:fra_Latn,hypothesis,True,True,[],[],RELIABLE_GOLD,0.9948369264602661,0.9993270635604858,False,MATCH,none
790,542263,542263:premise:fra_Latn,premise,True,True,[],[],RELIABLE_GOLD,0.9947915077209473,0.9945377707481384,False,MATCH,none
790,542263,542263:hypothesis:fra_Latn,hypothesis,True,True,[],[],RELIABLE_GOLD,0.9966367483139038,0.9981293082237244,False,MATCH,none
791,542646,542646:hypothesis:fra_Latn,hypothesis,True,True,[],[],RELIABLE_GOLD,0.9972568154335022,0.9995156526565552,False,MATCH,none
795,547621,547621:hypothesis:fra_Latn,hypothesis,True,True,[],[],RELIABLE_GOLD,0.9955347776412964,0.9892866015434265,False,MATCH,none
799,549910,549910:premise:fra_Latn,premise,True,True,[],[],RELIABLE_GOLD,0.9933072924613953,0.9995297193527222,False,MATCH,none
3,760,760:premise:fra_Latn,premise,False,False,"[""source_label_disagreement""]","[""source_nli_low_confidence""]",GOLD_LOW_CONFIDENCE,,,False,MATCH,none
3,760,760:hypothesis:fra_Latn,hypothesis,False,False,"[""source_label_disagreement""]","[""source_nli_low_confidence""]",GOLD_LOW_CONFIDENCE,,,False,MATCH,none
5,2169,2169:premise:fra_Latn,premise,False,False,"[""source_label_disagreement""]","[""source_label_disagreement""]",GOLD_DISAGREEMENT,,,False,MATCH,none
5,2169,2169:hypothesis:fra_Latn,hypothesis,False,False,"[""source_label_disagreement""]","[""source_label_disagreement""]",GOLD_DISAGREEMENT,,,False,MATCH,none
11,4548,4548:premise:fra_Latn,premise,False,False,"[""source_label_disagreement""]","[""source_label_disagreement""]",GOLD_DISAGREEMENT,,,False,MATCH,none
11,4548,4548:hypothesis:fra_Latn,hypothesis,False,False,"[""source_label_disagreement""]","[""source_label_disagreement""]",GOLD_DISAGREEMENT,,,False,MATCH,none
17,7321,7321:premise:fra_Latn,premise,False,False,"[""source_label_disagreement""]","[""source_label_disagreement""]",GOLD_DISAGREEMENT,,,False,MATCH,none
17,7321,7321:hypothesis:fra_Latn,hypothesis,False,False,"[""source_label_disagreement""]","[""source_label_disagreement""]",GOLD_DISAGREEMENT,,,False,MATCH,none
19,8435,8435:premise:fra_Latn,premise,False,False,"[""source_label_disagreement""]","[""source_label_disagreement""]",GOLD_DISAGREEMENT,,,False,MATCH,none
19,8435,8435:hypothesis:fra_Latn,hypothesis,False,False,"[""source_label_disagreement""]","[""source_label_disagreement""]",GOLD_DISAGREEMENT,,,False,MATCH,none
22,11003,11003:premise:fra_Latn,premise,False,False,"[""source_nli_low_confidence""]","[""source_nli_low_confidence""]",GOLD_LOW_CONFIDENCE,,,False,MATCH,none
22,11003,11003:hypothesis:fra_Latn,hypothesis,False,False,"[""source_nli_low_confidence""]","[""source_nli_low_confidence""]",GOLD_LOW_CONFIDENCE,,,False,MATCH,none
28,16601,16601:premise:fra_Latn,premise,False,False,"[""source_label_disagreement""]","[""source_label_disagreement""]",GOLD_DISAGREEMENT,,,False,MATCH,none
28,16601,16601:hypothesis:fra_Latn,hypothesis,False,False,"[""source_label_disagreement""]","[""source_label_disagreement""]",GOLD_DISAGREEMENT,,,False,MATCH,none
31,18505,18505:premise:fra_Latn,premise,False,False,"[""source_nli_low_confidence""]","[""source_nli_low_confidence""]",GOLD_LOW_CONFIDENCE,,,False,MATCH,none
31,18505,18505:hypothesis:fra_Latn,hypothesis,False,False,"[""source_nli_low_confidence""]","[""source_nli_low_confidence""]",GOLD_LOW_CONFIDENCE,,,False,MATCH,none
2,707,707:premise:fra_Latn,premise,True,False,[],"[""semantic_drift"",""label_flip""]",RELIABLE_GOLD,0.697882354259491,0.06052945554256439,False,REAL_NEWLY_REJECTED,translation difference
2,707,707:hypothesis:fra_Latn,hypothesis,True,False,[],"[""semantic_drift""]",RELIABLE_GOLD,0.1023419201374054,0.9366301894187927,False,REAL_NEWLY_REJECTED,translation difference
7,3208,3208:hypothesis:fra_Latn,hypothesis,False,False,"[""semantic_drift""]","[""semantic_drift""]",RELIABLE_GOLD,0.006149317603558302,0.8376345634460449,False,MATCH,none
12,5321,5321:premise:fra_Latn,premise,False,False,"[""semantic_drift""]","[""semantic_drift""]",RELIABLE_GOLD,0.0011723112547770143,0.996096670627594,False,MATCH,none
13,5450,5450:premise:fra_Latn,premise,False,False,"[""low_nli_confidence""]","[""low_nli_confidence""]",RELIABLE_GOLD,0.9488438367843628,0.7582346200942993,False,MATCH,none
13,5450,5450:hypothesis:fra_Latn,hypothesis,False,False,"[""trivial_copy""]","[""trivial_copy""]",RELIABLE_GOLD,0.9974853992462158,0.9031685590744019,False,MATCH,none
20,9707,9707:hypothesis:fra_Latn,hypothesis,False,False,"[""numeric_value_changed""]","[""numeric_value_changed""]",RELIABLE_GOLD,0.9939765930175781,0.970716655254364,False,MATCH,none
23,12969,12969:premise:fra_Latn,premise,False,False,"[""semantic_drift"",""label_flip""]","[""semantic_drift"",""label_flip""]",RELIABLE_GOLD,0.020289305597543716,0.0018931339727714658,False,MATCH,none
23,12969,12969:hypothesis:fra_Latn,hypothesis,False,False,"[""semantic_drift"",""label_flip""]","[""semantic_drift"",""label_flip""]",RELIABLE_GOLD,0.006718180142343044,0.006090196315199137,False,MATCH,none
26,13833,13833:premise:fra_Latn,premise,False,False,"[""semantic_drift"",""label_flip""]","[""generation_truncated"",""semantic_drift"",""label_flip""]",RELIABLE_GOLD,0.001005774480290711,0.08289541304111481,True,MATCH,none
26,13833,13833:hypothesis:fra_Latn,hypothesis,False,False,"[""semantic_drift""]","[""semantic_drift""]",RELIABLE_GOLD,0.13866586983203888,0.9246857762336731,False,MATCH,none
27,14934,14934:premise:fra_Latn,premise,False,False,"[""semantic_drift""]","[""semantic_drift""]",RELIABLE_GOLD,0.004186738282442093,0.9942148327827454,False,MATCH,none
29,17575,17575:hypothesis:fra_Latn,hypothesis,False,False,"[""semantic_drift""]","[""semantic_drift""]",RELIABLE_GOLD,0.005908476188778877,0.9974433183670044,False,MATCH,none
30,18456,18456:premise:fra_Latn,premise,False,False,"[""semantic_drift""]","[""semantic_drift""]",RELIABLE_GOLD,0.007596254348754883,0.9554361701011658,False,MATCH,none
30,18456,18456:hypothesis:fra_Latn,hypothesis,False,False,"[""low_nli_confidence""]","[""low_nli_confidence""]",RELIABLE_GOLD,0.9409496188163757,0.7532821893692017,False,MATCH,none
33,18790,18790:premise:fra_Latn,premise,False,False,"[""source_label_disagreement""]","[""source_label_disagreement""]",GOLD_DISAGREEMENT,,,False,MATCH,none
33,18790,18790:hypothesis:fra_Latn,hypothesis,False,False,"[""source_label_disagreement""]","[""source_label_disagreement""]",GOLD_DISAGREEMENT,,,False,MATCH,none
36,22740,22740:premise:fra_Latn,premise,False,False,"[""source_label_disagreement""]","[""source_label_disagreement""]",GOLD_DISAGREEMENT,,,False,MATCH,none
36,22740,22740:hypothesis:fra_Latn,hypothesis,False,False,"[""source_label_disagreement""]","[""source_label_disagreement""]",GOLD_DISAGREEMENT,,,False,MATCH,none
50,34858,34858:premise:fra_Latn,premise,False,False,"[""source_label_disagreement""]","[""source_label_disagreement""]",GOLD_DISAGREEMENT,,,False,MATCH,none
50,34858,34858:hypothesis:fra_Latn,hypothesis,False,False,"[""source_label_disagreement""]","[""source_label_disagreement""]",GOLD_DISAGREEMENT,,,False,MATCH,none
52,38085,38085:premise:fra_Latn,premise,False,False,"[""source_label_disagreement""]","[""source_label_disagreement""]",GOLD_DISAGREEMENT,,,False,MATCH,none
52,38085,38085:hypothesis:fra_Latn,hypothesis,False,False,"[""source_label_disagreement""]","[""source_label_disagreement""]",GOLD_DISAGREEMENT,,,False,MATCH,none
32,18686,18686:premise:fra_Latn,premise,False,False,"[""semantic_drift""]","[""semantic_drift""]",RELIABLE_GOLD,0.5155285000801086,0.9983968138694763,False,MATCH,none
32,18686,18686:hypothesis:fra_Latn,hypothesis,False,False,"[""semantic_drift"",""label_flip""]","[""semantic_drift"",""label_flip""]",RELIABLE_GOLD,0.8186876177787781,0.10524536669254303,False,MATCH,none
35,19844,19844:premise:fra_Latn,premise,False,False,"[""semantic_drift""]","[""semantic_drift""]",RELIABLE_GOLD,0.019680647179484367,0.9938108325004578,False,MATCH,none
37,26244,26244:hypothesis:fra_Latn,hypothesis,False,False,"[""trivial_copy""]","[""trivial_copy""]",RELIABLE_GOLD,0.9902828931808472,0.9370047450065613,False,MATCH,none
38,27041,27041:hypothesis:fra_Latn,hypothesis,False,False,"[""trivial_copy""]","[""trivial_copy""]",RELIABLE_GOLD,0.9950976967811584,0.9932605624198914,False,MATCH,none
39,27080,27080:hypothesis:fra_Latn,hypothesis,False,False,"[""trivial_copy""]","[""trivial_copy""]",RELIABLE_GOLD,0.9917234778404236,0.9898721575737,False,MATCH,none
42,29218,29218:premise:fra_Latn,premise,False,False,"[""semantic_drift""]","[""semantic_drift""]",RELIABLE_GOLD,0.031819216907024384,0.9937113523483276,False,MATCH,none
42,29218,29218:hypothesis:fra_Latn,hypothesis,False,False,"[""trivial_copy""]","[""trivial_copy""]",RELIABLE_GOLD,0.9979482293128967,0.9970688223838806,False,MATCH,none
43,29415,29415:premise:fra_Latn,premise,False,False,"[""semantic_drift""]","[""semantic_drift""]",RELIABLE_GOLD,0.0008543779258616269,0.9896460175514221,False,MATCH,none
44,29765,29765:premise:fra_Latn,premise,False,False,"[""semantic_drift""]","[""semantic_drift""]",RELIABLE_GOLD,0.8927523493766785,0.9992105960845947,False,MATCH,none
44,29765,29765:hypothesis:fra_Latn,hypothesis,False,False,"[""trivial_copy""]","[""trivial_copy""]",RELIABLE_GOLD,0.9948161244392395,0.9991926550865173,False,MATCH,none
45,30056,30056:hypothesis:fra_Latn,hypothesis,False,False,"[""trivial_copy""]","[""trivial_copy""]",RELIABLE_GOLD,0.9953258037567139,0.9971179962158203,False,MATCH,none
47,32579,32579:hypothesis:fra_Latn,hypothesis,False,False,"[""semantic_drift""]","[""semantic_drift""]",RELIABLE_GOLD,0.001451246440410614,0.9968186616897583,False,MATCH,none
48,32673,32673:premise:fra_Latn,premise,False,False,"[""semantic_drift""]","[""semantic_drift""]",RELIABLE_GOLD,0.000289261486614123,0.9991623163223267,False,MATCH,none
49,34221,34221:premise:fra_Latn,premise,False,False,"[""semantic_drift"",""label_flip""]","[""semantic_drift"",""label_flip""]",RELIABLE_GOLD,0.049101218581199646,0.0025205551646649837,False,MATCH,none
53,38101,38101:premise:fra_Latn,premise,False,False,"[""semantic_drift""]","[""semantic_drift""]",RELIABLE_GOLD,0.04447881132364273,0.9963772892951965,False,MATCH,none
55,40045,40045:premise:fra_Latn,premise,False,False,"[""semantic_drift""]","[""semantic_drift""]",RELIABLE_GOLD,0.0006343497661873698,0.999265730381012,False,MATCH,none
56,40130,40130:premise:fra_Latn,premise,False,False,"[""trivial_copy""]","[""trivial_copy""]",RELIABLE_GOLD,0.9942690134048462,0.9964445233345032,False,MATCH,none
57,40441,40441:hypothesis:fra_Latn,hypothesis,False,False,"[""low_nli_confidence"",""trivial_copy""]","[""trivial_copy"",""low_nli_confidence""]",RELIABLE_GOLD,0.9929297566413879,0.7785414457321167,False,MATCH,none
58,41993,41993:hypothesis:fra_Latn,hypothesis,False,False,"[""trivial_copy""]","[""trivial_copy""]",RELIABLE_GOLD,0.9966601133346558,0.9612749218940735,False,MATCH,none
59,42372,42372:hypothesis:fra_Latn,hypothesis,False,False,"[""trivial_copy""]","[""trivial_copy""]",RELIABLE_GOLD,0.9956116080284119,0.991329550743103,False,MATCH,none
60,43495,43495:premise:fra_Latn,premise,False,False,"[""trivial_copy""]","[""trivial_copy""]",RELIABLE_GOLD,0.9963562488555908,0.9973817467689514,False,MATCH,none
60,43495,43495:hypothesis:fra_Latn,hypothesis,False,False,"[""semantic_drift""]","[""semantic_drift""]",RELIABLE_GOLD,0.4575943648815155,0.9822461605072021,False,MATCH,none
63,44726,44726:hypothesis:fra_Latn,hypothesis,False,False,"[""trivial_copy""]","[""trivial_copy""]",RELIABLE_GOLD,0.9974493384361267,0.9923093318939209,False,MATCH,none
74,51049,51049:premise:fra_Latn,premise,False,False,"[""source_label_disagreement""]","[""source_label_disagreement""]",GOLD_DISAGREEMENT,,,False,MATCH,none
74,51049,51049:hypothesis:fra_Latn,hypothesis,False,False,"[""source_label_disagreement""]","[""source_label_disagreement""]",GOLD_DISAGREEMENT,,,False,MATCH,none
75,52691,52691:premise:fra_Latn,premise,False,False,"[""source_nli_low_confidence""]","[""source_nli_low_confidence""]",GOLD_LOW_CONFIDENCE,,,False,MATCH,none
75,52691,52691:hypothesis:fra_Latn,hypothesis,False,False,"[""source_nli_low_confidence""]","[""source_nli_low_confidence""]",GOLD_LOW_CONFIDENCE,,,False,MATCH,none
77,53250,53250:premise:fra_Latn,premise,False,False,"[""source_nli_low_confidence""]","[""source_nli_low_confidence""]",GOLD_LOW_CONFIDENCE,,,False,MATCH,none
77,53250,53250:hypothesis:fra_Latn,hypothesis,False,False,"[""source_nli_low_confidence""]","[""source_nli_low_confidence""]",GOLD_LOW_CONFIDENCE,,,False,MATCH,none
87,58153,58153:premise:fra_Latn,premise,False,False,"[""source_label_disagreement""]","[""source_label_disagreement""]",GOLD_DISAGREEMENT,,,False,MATCH,none
87,58153,58153:hypothesis:fra_Latn,hypothesis,False,False,"[""source_label_disagreement""]","[""source_label_disagreement""]",GOLD_DISAGREEMENT,,,False,MATCH,none
90,60384,60384:premise:fra_Latn,premise,False,False,[],"[""source_label_disagreement""]",GOLD_DISAGREEMENT,,,False,MATCH,none
90,60384,60384:hypothesis:fra_Latn,hypothesis,False,False,[],"[""source_label_disagreement""]",GOLD_DISAGREEMENT,,,False,MATCH,none
92,61057,61057:premise:fra_Latn,premise,False,False,"[""source_label_disagreement""]","[""source_label_disagreement""]",GOLD_DISAGREEMENT,,,False,MATCH,none
92,61057,61057:hypothesis:fra_Latn,hypothesis,False,False,"[""source_label_disagreement""]","[""source_label_disagreement""]",GOLD_DISAGREEMENT,,,False,MATCH,none
64,45940,45940:hypothesis:fra_Latn,hypothesis,False,False,"[""semantic_drift"",""label_flip""]","[""semantic_drift"",""label_flip""]",RELIABLE_GOLD,0.0013250495539978147,0.21100786328315735,False,MATCH,none
65,46018,46018:hypothesis:fra_Latn,hypothesis,False,False,"[""semantic_drift""]","[""semantic_drift""]",RELIABLE_GOLD,0.002735813846811652,0.8808263540267944,False,MATCH,none
67,46771,46771:premise:fra_Latn,premise,False,False,"[""semantic_drift""]","[""semantic_drift""]",RELIABLE_GOLD,0.06605761498212814,0.9975255131721497,False,MATCH,none
67,46771,46771:hypothesis:fra_Latn,hypothesis,False,False,"[""semantic_drift""]","[""semantic_drift""]",RELIABLE_GOLD,0.22460272908210754,0.9903551340103149,False,MATCH,none
69,48793,48793:premise:fra_Latn,premise,False,False,"[""semantic_drift""]","[""semantic_drift""]",RELIABLE_GOLD,0.009398985654115677,0.9962857961654663,False,MATCH,none
70,48999,48999:hypothesis:fra_Latn,hypothesis,False,False,"[""semantic_drift"",""label_flip""]","[""semantic_drift"",""label_flip""]",RELIABLE_GOLD,0.8702977895736694,0.009334437549114227,False,MATCH,none
71,49580,49580:premise:fra_Latn,premise,False,False,"[""trivial_copy""]","[""trivial_copy""]",RELIABLE_GOLD,0.9967261552810669,0.9956674575805664,False,MATCH,none
71,49580,49580:hypothesis:fra_Latn,hypothesis,False,False,"[""trivial_copy""]","[""trivial_copy""]",RELIABLE_GOLD,0.9946462512016296,0.9956674575805664,False,MATCH,none
73,50615,50615:hypothesis:fra_Latn,hypothesis,False,False,"[""semantic_drift""]","[""semantic_drift""]",RELIABLE_GOLD,0.834844172000885,0.9992272853851318,False,MATCH,none
76,52808,52808:hypothesis:fra_Latn,hypothesis,False,False,"[""trivial_copy""]","[""trivial_copy""]",RELIABLE_GOLD,0.9977668523788452,0.9609856605529785,False,MATCH,none
79,54712,54712:premise:fra_Latn,premise,False,False,"[""semantic_drift"",""label_flip""]","[""semantic_drift"",""label_flip""]",RELIABLE_GOLD,0.005662900861352682,0.4022902548313141,False,MATCH,none
79,54712,54712:hypothesis:fra_Latn,hypothesis,False,False,"[""trivial_copy""]","[""trivial_copy""]",RELIABLE_GOLD,0.9964714050292969,0.9964410662651062,False,MATCH,none
80,54941,54941:premise:fra_Latn,premise,False,False,"[""semantic_drift""]","[""semantic_drift""]",RELIABLE_GOLD,0.1688794195652008,0.9970420002937317,False,MATCH,none
81,55266,55266:premise:fra_Latn,premise,False,False,"[""semantic_drift""]","[""semantic_drift""]",RELIABLE_GOLD,0.005324042867869139,0.9994825124740601,False,MATCH,none
82,55448,55448:hypothesis:fra_Latn,hypothesis,False,False,"[""semantic_drift""]","[""semantic_drift""]",RELIABLE_GOLD,0.023312469944357872,0.9992603659629822,False,MATCH,none
83,56475,56475:hypothesis:fra_Latn,hypothesis,False,False,"[""trivial_copy""]","[""trivial_copy""]",RELIABLE_GOLD,0.9968011379241943,0.9951796531677246,False,MATCH,none
84,56607,56607:hypothesis:fra_Latn,hypothesis,False,False,"[""trivial_copy""]","[""trivial_copy""]",RELIABLE_GOLD,0.9912773370742798,0.9974984526634216,False,MATCH,none
85,56660,56660:premise:fra_Latn,premise,False,False,"[""trivial_copy""]","[""trivial_copy""]",RELIABLE_GOLD,0.9902036190032959,0.9584112763404846,False,MATCH,none
86,56738,56738:premise:fra_Latn,premise,False,False,"[""semantic_drift""]","[""semantic_drift""]",RELIABLE_GOLD,0.5318329334259033,0.9985525012016296,False,MATCH,none
88,58539,58539:hypothesis:fra_Latn,hypothesis,False,False,"[""label_flip""]","[""label_flip""]",RELIABLE_GOLD,0.9939338564872742,0.10957349091768265,False,MATCH,none
89,58989,58989:premise:fra_Latn,premise,False,False,"[""trivial_copy""]","[""trivial_copy""]",RELIABLE_GOLD,0.9954177141189575,0.9991987347602844,False,MATCH,none
93,62478,62478:hypothesis:fra_Latn,hypothesis,False,False,"[""semantic_drift"",""label_flip""]","[""semantic_drift"",""label_flip""]",RELIABLE_GOLD,0.6141924262046814,0.3408476710319519,False,MATCH,none
97,63627,63627:premise:fra_Latn,premise,False,False,"[""source_label_disagreement""]","[""source_label_disagreement""]",GOLD_DISAGREEMENT,,,False,MATCH,none
97,63627,63627:hypothesis:fra_Latn,hypothesis,False,False,"[""source_label_disagreement""]","[""source_label_disagreement""]",GOLD_DISAGREEMENT,,,False,MATCH,none
103,66385,66385:premise:fra_Latn,premise,False,False,"[""source_nli_low_confidence""]","[""source_nli_low_confidence""]",GOLD_LOW_CONFIDENCE,,,False,MATCH,none
103,66385,66385:hypothesis:fra_Latn,hypothesis,False,False,"[""source_nli_low_confidence""]","[""source_nli_low_confidence""]",GOLD_LOW_CONFIDENCE,,,False,MATCH,none
105,66664,66664:premise:fra_Latn,premise,False,False,"[""source_label_disagreement""]","[""source_label_disagreement""]",GOLD_DISAGREEMENT,,,False,MATCH,none
105,66664,66664:hypothesis:fra_Latn,hypothesis,False,False,"[""source_label_disagreement""]","[""source_label_disagreement""]",GOLD_DISAGREEMENT,,,False,MATCH,none
108,68719,68719:premise:fra_Latn,premise,False,False,"[""source_nli_low_confidence""]","[""source_nli_low_confidence""]",GOLD_LOW_CONFIDENCE,,,False,MATCH,none
108,68719,68719:hypothesis:fra_Latn,hypothesis,False,False,"[""source_nli_low_confidence""]","[""source_nli_low_confidence""]",GOLD_LOW_CONFIDENCE,,,False,MATCH,none
110,69925,69925:premise:fra_Latn,premise,False,False,"[""source_label_disagreement""]","[""source_label_disagreement""]",GOLD_DISAGREEMENT,,,False,MATCH,none
110,69925,69925:hypothesis:fra_Latn,hypothesis,False,False,"[""source_label_disagreement""]","[""source_label_disagreement""]",GOLD_DISAGREEMENT,,,False,MATCH,none
117,73520,73520:premise:fra_Latn,premise,False,False,"[""source_nli_low_confidence""]","[""source_nli_low_confidence""]",GOLD_LOW_CONFIDENCE,,,False,MATCH,none
117,73520,73520:hypothesis:fra_Latn,hypothesis,False,False,"[""source_nli_low_confidence""]","[""source_nli_low_confidence""]",GOLD_LOW_CONFIDENCE,,,False,MATCH,none
122,75277,75277:premise:fra_Latn,premise,False,False,"[""source_label_disagreement""]","[""source_label_disagreement""]",GOLD_DISAGREEMENT,,,False,MATCH,none
122,75277,75277:hypothesis:fra_Latn,hypothesis,False,False,"[""source_label_disagreement""]","[""source_label_disagreement""]",GOLD_DISAGREEMENT,,,False,MATCH,none
123,75708,75708:premise:fra_Latn,premise,False,False,"[""source_label_disagreement""]","[""source_label_disagreement""]",GOLD_DISAGREEMENT,,,False,MATCH,none
123,75708,75708:hypothesis:fra_Latn,hypothesis,False,False,"[""source_label_disagreement""]","[""source_label_disagreement""]",GOLD_DISAGREEMENT,,,False,MATCH,none
124,76076,76076:premise:fra_Latn,premise,False,False,"[""source_label_disagreement""]","[""source_label_disagreement""]",GOLD_DISAGREEMENT,,,False,MATCH,none
124,76076,76076:hypothesis:fra_Latn,hypothesis,False,False,"[""source_label_disagreement""]","[""source_label_disagreement""]",GOLD_DISAGREEMENT,,,False,MATCH,none
98,64203,64203:premise:fra_Latn,premise,False,False,"[""trivial_copy""]","[""trivial_copy""]",RELIABLE_GOLD,0.9965124726295471,0.9869613647460938,False,MATCH,none
99,64354,64354:premise:fra_Latn,premise,False,False,"[""trivial_copy""]","[""trivial_copy""]",RELIABLE_GOLD,0.9963390827178955,0.9987892508506775,False,MATCH,none
99,64354,64354:hypothesis:fra_Latn,hypothesis,False,False,"[""semantic_drift""]","[""semantic_drift""]",RELIABLE_GOLD,0.014690635725855827,0.9990397095680237,False,MATCH,none
100,64378,64378:hypothesis:fra_Latn,hypothesis,False,False,"[""semantic_drift""]","[""semantic_drift""]",RELIABLE_GOLD,0.1324903666973114,0.9994526505470276,False,MATCH,none
104,66614,66614:hypothesis:fra_Latn,hypothesis,False,False,"[""trivial_copy""]","[""trivial_copy""]",RELIABLE_GOLD,0.994934618473053,0.9977439641952515,False,MATCH,none
109,69474,69474:hypothesis:fra_Latn,hypothesis,False,False,"[""trivial_copy""]","[""trivial_copy""]",RELIABLE_GOLD,0.9968994855880737,0.991447925567627,False,MATCH,none
111,69975,69975:hypothesis:fra_Latn,hypothesis,False,False,"[""trivial_copy""]","[""trivial_copy""]",RELIABLE_GOLD,0.9864164590835571,0.9975594282150269,False,MATCH,none
114,71825,71825:premise:fra_Latn,premise,False,False,"[""semantic_drift""]","[""semantic_drift""]",RELIABLE_GOLD,0.0022241193801164627,0.9995779395103455,False,MATCH,none
114,71825,71825:hypothesis:fra_Latn,hypothesis,False,False,"[""trivial_copy""]","[""trivial_copy""]",RELIABLE_GOLD,0.9975323677062988,0.9992719292640686,False,MATCH,none
115,72005,72005:premise:fra_Latn,premise,False,False,"[""trivial_copy""]","[""trivial_copy""]",RELIABLE_GOLD,0.9933168888092041,0.999542236328125,False,MATCH,none
116,73032,73032:hypothesis:fra_Latn,hypothesis,False,False,"[""semantic_drift""]","[""semantic_drift""]",RELIABLE_GOLD,0.30040088295936584,0.9989064931869507,False,MATCH,none
118,73554,73554:premise:fra_Latn,premise,False,False,"[""semantic_drift"",""label_flip""]","[""semantic_drift"",""label_flip""]",RELIABLE_GOLD,0.002918058540672064,0.0051144263707101345,False,MATCH,none
119,73820,73820:premise:fra_Latn,premise,False,False,"[""semantic_drift""]","[""semantic_drift""]",RELIABLE_GOLD,0.7168344855308533,0.956040620803833,False,MATCH,none
120,74358,74358:hypothesis:fra_Latn,hypothesis,False,False,"[""trivial_copy""]","[""trivial_copy""]",RELIABLE_GOLD,0.9965322017669678,0.9986496567726135,False,MATCH,none
121,75090,75090:premise:fra_Latn,premise,False,False,"[""semantic_drift""]","[""semantic_drift""]",RELIABLE_GOLD,0.001680296496488154,0.9867724776268005,False,MATCH,none
125,76517,76517:premise:fra_Latn,premise,False,False,"[""trivial_copy""]","[""trivial_copy""]",RELIABLE_GOLD,0.996587872505188,0.9916326403617859,False,MATCH,none
133,83167,83167:premise:fra_Latn,premise,False,False,"[""source_nli_low_confidence""]","[""source_nli_low_confidence""]",GOLD_LOW_CONFIDENCE,,,False,MATCH,none
133,83167,83167:hypothesis:fra_Latn,hypothesis,False,False,"[""source_nli_low_confidence""]","[""source_nli_low_confidence""]",GOLD_LOW_CONFIDENCE,,,False,MATCH,none
138,88243,88243:premise:fra_Latn,premise,False,False,"[""source_label_disagreement""]","[""source_label_disagreement""]",GOLD_DISAGREEMENT,,,False,MATCH,none
138,88243,88243:hypothesis:fra_Latn,hypothesis,False,False,"[""source_label_disagreement""]","[""source_label_disagreement""]",GOLD_DISAGREEMENT,,,False,MATCH,none
143,93659,93659:premise:fra_Latn,premise,False,False,"[""source_label_disagreement""]","[""source_label_disagreement""]",GOLD_DISAGREEMENT,,,False,MATCH,none
143,93659,93659:hypothesis:fra_Latn,hypothesis,False,False,"[""source_label_disagreement""]","[""source_label_disagreement""]",GOLD_DISAGREEMENT,,,False,MATCH,none
149,97014,97014:premise:fra_Latn,premise,False,False,"[""source_label_disagreement""]","[""source_label_disagreement""]",GOLD_DISAGREEMENT,,,False,MATCH,none
149,97014,97014:hypothesis:fra_Latn,hypothesis,False,False,"[""source_label_disagreement""]","[""source_label_disagreement""]",GOLD_DISAGREEMENT,,,False,MATCH,none
152,97761,97761:premise:fra_Latn,premise,False,False,"[""source_label_disagreement""]","[""source_label_disagreement""]",GOLD_DISAGREEMENT,,,False,MATCH,none
152,97761,97761:hypothesis:fra_Latn,hypothesis,False,False,"[""source_label_disagreement""]","[""source_label_disagreement""]",GOLD_DISAGREEMENT,,,False,MATCH,none
128,78367,78367:premise:fra_Latn,premise,False,False,"[""semantic_drift""]","[""semantic_drift""]",RELIABLE_GOLD,0.24612775444984436,0.999591052532196,False,MATCH,none
132,82658,82658:premise:fra_Latn,premise,False,False,"[""semantic_drift"",""low_nli_confidence""]","[""semantic_drift"",""low_nli_confidence""]",RELIABLE_GOLD,0.01835421659052372,0.7597095370292664,False,MATCH,none
132,82658,82658:hypothesis:fra_Latn,hypothesis,False,False,"[""semantic_drift""]","[""semantic_drift""]",RELIABLE_GOLD,0.004190260544419289,0.9922641515731812,False,MATCH,none
134,84582,84582:premise:fra_Latn,premise,False,False,"[""trivial_copy""]","[""trivial_copy""]",RELIABLE_GOLD,0.9961016178131104,0.989769697189331,False,MATCH,none
139,88424,88424:hypothesis:fra_Latn,hypothesis,False,False,"[""trivial_copy""]","[""trivial_copy""]",RELIABLE_GOLD,0.9961112141609192,0.9955462217330933,False,MATCH,none
141,89957,89957:premise:fra_Latn,premise,False,False,"[""semantic_drift""]","[""semantic_drift""]",RELIABLE_GOLD,0.7673213481903076,0.9957232475280762,False,MATCH,none
142,90459,90459:premise:fra_Latn,premise,False,False,"[""semantic_drift""]","[""semantic_drift""]",RELIABLE_GOLD,0.012928365729749203,0.8457050323486328,False,MATCH,none
144,93870,93870:premise:fra_Latn,premise,False,False,"[""semantic_drift"",""label_flip""]","[""semantic_drift"",""label_flip""]",RELIABLE_GOLD,0.00029291262035258114,0.002731044078245759,False,MATCH,none
144,93870,93870:hypothesis:fra_Latn,hypothesis,False,False,"[""semantic_drift""]","[""semantic_drift""]",RELIABLE_GOLD,0.0015859546838328242,0.8541150093078613,False,MATCH,none
145,93979,93979:premise:fra_Latn,premise,False,False,"[""label_flip""]","[""label_flip""]",RELIABLE_GOLD,0.996982991695404,0.45711615681648254,False,MATCH,none
145,93979,93979:hypothesis:fra_Latn,hypothesis,False,False,"[""low_nli_confidence""]","[""low_nli_confidence""]",RELIABLE_GOLD,0.9466667175292969,0.7709656953811646,False,MATCH,none
147,95970,95970:hypothesis:fra_Latn,hypothesis,False,False,"[""trivial_copy""]","[""trivial_copy""]",RELIABLE_GOLD,0.996493399143219,0.9995597004890442,False,MATCH,none
148,96110,96110:hypothesis:fra_Latn,hypothesis,False,False,"[""trivial_copy""]","[""trivial_copy""]",RELIABLE_GOLD,0.9976876974105835,0.9996128678321838,False,MATCH,none
151,97760,97760:premise:fra_Latn,premise,False,False,"[""trivial_copy""]","[""trivial_copy""]",RELIABLE_GOLD,0.9523014426231384,0.9959404468536377,False,MATCH,none
151,97760,97760:hypothesis:fra_Latn,hypothesis,False,False,"[""semantic_drift"",""label_flip""]","[""semantic_drift"",""label_flip""]",RELIABLE_GOLD,0.004181327763944864,0.09402886033058167,False,MATCH,none
154,99704,99704:premise:fra_Latn,premise,False,False,"[""semantic_drift""]","[""semantic_drift""]",RELIABLE_GOLD,0.8422937393188477,0.9254449605941772,False,MATCH,none
154,99704,99704:hypothesis:fra_Latn,hypothesis,False,False,"[""semantic_drift""]","[""semantic_drift""]",RELIABLE_GOLD,0.8287786245346069,0.9966700673103333,False,MATCH,none
156,101119,101119:premise:fra_Latn,premise,False,False,"[""trivial_copy""]","[""trivial_copy""]",RELIABLE_GOLD,0.9921398758888245,0.9986374974250793,False,MATCH,none
156,101119,101119:hypothesis:fra_Latn,hypothesis,False,False,"[""trivial_copy""]","[""trivial_copy""]",RELIABLE_GOLD,0.995269238948822,0.9979627132415771,False,MATCH,none
157,101993,101993:hypothesis:fra_Latn,hypothesis,False,False,"[""trivial_copy""]","[""trivial_copy""]",RELIABLE_GOLD,0.9970724582672119,0.9964518547058105,False,MATCH,none
158,103011,103011:premise:fra_Latn,premise,False,False,"[""trivial_copy""]","[""trivial_copy""]",RELIABLE_GOLD,0.9945091605186462,0.9994148015975952,False,MATCH,none
158,103011,103011:hypothesis:fra_Latn,hypothesis,False,False,"[""trivial_copy""]","[""trivial_copy""]",RELIABLE_GOLD,0.9880357384681702,0.9994148015975952,False,MATCH,none
159,103148,103148:premise:fra_Latn,premise,False,False,"[""semantic_drift""]","[""semantic_drift""]",RELIABLE_GOLD,0.6925597190856934,0.9970610737800598,False,MATCH,none
159,103148,103148:hypothesis:fra_Latn,hypothesis,False,False,"[""trivial_copy""]","[""trivial_copy""]",RELIABLE_GOLD,0.9967296123504639,0.9963744282722473,False,MATCH,none
160,103393,103393:premise:fra_Latn,premise,False,False,"[""source_label_disagreement""]","[""source_label_disagreement""]",GOLD_DISAGREEMENT,,,False,MATCH,none
160,103393,103393:hypothesis:fra_Latn,hypothesis,False,False,"[""source_label_disagreement""]","[""source_label_disagreement""]",GOLD_DISAGREEMENT,,,False,MATCH,none
162,104228,104228:premise:fra_Latn,premise,False,False,"[""source_nli_low_confidence""]","[""source_nli_low_confidence""]",GOLD_LOW_CONFIDENCE,,,False,MATCH,none
162,104228,104228:hypothesis:fra_Latn,hypothesis,False,False,"[""source_nli_low_confidence""]","[""source_nli_low_confidence""]",GOLD_LOW_CONFIDENCE,,,False,MATCH,none
163,104604,104604:premise:fra_Latn,premise,False,False,"[""source_label_disagreement""]","[""source_label_disagreement""]",GOLD_DISAGREEMENT,,,False,MATCH,none
163,104604,104604:hypothesis:fra_Latn,hypothesis,False,False,"[""source_label_disagreement""]","[""source_label_disagreement""]",GOLD_DISAGREEMENT,,,False,MATCH,none
169,108810,108810:premise:fra_Latn,premise,False,False,"[""source_label_disagreement""]","[""source_label_disagreement""]",GOLD_DISAGREEMENT,,,False,MATCH,none
169,108810,108810:hypothesis:fra_Latn,hypothesis,False,False,"[""source_label_disagreement""]","[""source_label_disagreement""]",GOLD_DISAGREEMENT,,,False,MATCH,none
170,109794,109794:premise:fra_Latn,premise,False,False,"[""source_label_disagreement""]","[""source_label_disagreement""]",GOLD_DISAGREEMENT,,,False,MATCH,none
170,109794,109794:hypothesis:fra_Latn,hypothesis,False,False,"[""source_label_disagreement""]","[""source_label_disagreement""]",GOLD_DISAGREEMENT,,,False,MATCH,none
174,112647,112647:premise:fra_Latn,premise,False,False,"[""source_label_disagreement""]","[""source_label_disagreement""]",GOLD_DISAGREEMENT,,,False,MATCH,none
174,112647,112647:hypothesis:fra_Latn,hypothesis,False,False,"[""source_label_disagreement""]","[""source_label_disagreement""]",GOLD_DISAGREEMENT,,,False,MATCH,none
161,104123,104123:premise:fra_Latn,premise,False,False,"[""semantic_drift""]","[""semantic_drift""]",RELIABLE_GOLD,0.006967732682824135,0.9980649352073669,False,MATCH,none
161,104123,104123:hypothesis:fra_Latn,hypothesis,False,False,"[""semantic_drift""]","[""semantic_drift""]",RELIABLE_GOLD,0.6385234594345093,0.9981961846351624,False,MATCH,none
164,105325,105325:hypothesis:fra_Latn,hypothesis,False,False,"[""label_flip""]","[""label_flip""]",RELIABLE_GOLD,0.9961932897567749,0.26107269525527954,False,MATCH,none
165,105872,105872:premise:fra_Latn,premise,False,False,"[""label_flip""]","[""label_flip""]",RELIABLE_GOLD,0.987736701965332,0.3405987024307251,False,MATCH,none
167,107232,107232:premise:fra_Latn,premise,False,False,"[""semantic_drift""]","[""semantic_drift""]",RELIABLE_GOLD,0.02493862994015217,0.8084853291511536,False,MATCH,none
167,107232,107232:hypothesis:fra_Latn,hypothesis,False,False,"[""semantic_drift"",""label_flip""]","[""semantic_drift"",""label_flip""]",RELIABLE_GOLD,9.689816943136975e-05,0.25479546189308167,False,MATCH,none
168,108589,108589:premise:fra_Latn,premise,False,False,"[""semantic_drift""]","[""semantic_drift""]",RELIABLE_GOLD,0.3200515806674957,0.9993866682052612,False,MATCH,none
171,109896,109896:premise:fra_Latn,premise,False,False,"[""semantic_drift"",""trivial_copy""]","[""trivial_copy"",""semantic_drift""]",RELIABLE_GOLD,0.10102381557226181,0.9972310662269592,False,MATCH,none
171,109896,109896:hypothesis:fra_Latn,hypothesis,False,False,"[""semantic_drift""]","[""semantic_drift""]",RELIABLE_GOLD,0.010391071438789368,0.9977912902832031,False,MATCH,none
173,111766,111766:premise:fra_Latn,premise,False,False,"[""semantic_drift""]","[""semantic_drift""]",RELIABLE_GOLD,0.00021511818340513855,0.9996046423912048,False,MATCH,none
173,111766,111766:hypothesis:fra_Latn,hypothesis,False,False,"[""trivial_copy""]","[""trivial_copy""]",RELIABLE_GOLD,0.9961711764335632,0.9996414184570312,False,MATCH,none
175,113130,113130:premise:fra_Latn,premise,False,False,"[""trivial_copy""]","[""trivial_copy""]",RELIABLE_GOLD,0.992646336555481,0.9926193356513977,False,MATCH,none
175,113130,113130:hypothesis:fra_Latn,hypothesis,False,False,"[""trivial_copy""]","[""trivial_copy""]",RELIABLE_GOLD,0.9950119256973267,0.9926517605781555,False,MATCH,none
176,113482,113482:hypothesis:fra_Latn,hypothesis,False,False,"[""trivial_copy""]","[""trivial_copy""]",RELIABLE_GOLD,0.9949085116386414,0.945578396320343,False,MATCH,none
177,114570,114570:premise:fra_Latn,premise,False,False,"[""semantic_drift""]","[""semantic_drift""]",RELIABLE_GOLD,0.005655336659401655,0.9657341241836548,False,MATCH,none
178,115153,115153:premise:fra_Latn,premise,False,False,"[""semantic_drift""]","[""semantic_drift""]",RELIABLE_GOLD,0.020157091319561005,0.9995416402816772,False,MATCH,none
178,115153,115153:hypothesis:fra_Latn,hypothesis,False,False,"[""semantic_drift""]","[""semantic_drift""]",RELIABLE_GOLD,0.2002139836549759,0.9996330738067627,False,MATCH,none
180,117167,117167:premise:fra_Latn,premise,False,False,"[""trivial_copy""]","[""trivial_copy""]",RELIABLE_GOLD,0.9935378432273865,0.9954442977905273,False,MATCH,none
180,117167,117167:hypothesis:fra_Latn,hypothesis,False,False,"[""trivial_copy""]","[""trivial_copy""]",RELIABLE_GOLD,0.9978606104850769,0.9950085878372192,False,MATCH,none
182,118176,118176:premise:fra_Latn,premise,False,False,"[""semantic_drift""]","[""semantic_drift""]",RELIABLE_GOLD,0.022871501743793488,0.998874843120575,False,MATCH,none
183,118210,118210:premise:fra_Latn,premise,False,False,"[""semantic_drift"",""label_flip""]","[""semantic_drift"",""label_flip""]",RELIABLE_GOLD,0.005921160336583853,0.000649689172860235,False,MATCH,none
183,118210,118210:hypothesis:fra_Latn,hypothesis,False,False,"[""semantic_drift"",""label_flip""]","[""semantic_drift"",""label_flip""]",RELIABLE_GOLD,0.012981646694242954,0.004248559940606356,False,MATCH,none
185,119934,119934:hypothesis:fra_Latn,hypothesis,False,False,"[""trivial_copy""]","[""trivial_copy""]",RELIABLE_GOLD,0.99662184715271,0.8969429731369019,False,MATCH,none
187,123524,123524:hypothesis:fra_Latn,hypothesis,False,False,"[""trivial_copy""]","[""trivial_copy""]",RELIABLE_GOLD,0.9966357350349426,0.999640703201294,False,MATCH,none
190,125168,125168:premise:fra_Latn,premise,False,False,"[""semantic_drift""]","[""semantic_drift""]",RELIABLE_GOLD,0.023538833484053612,0.9968343377113342,False,MATCH,none
191,125334,125334:hypothesis:fra_Latn,hypothesis,False,False,"[""semantic_drift"",""label_flip""]","[""semantic_drift"",""label_flip""]",RELIABLE_GOLD,0.0003211218863725662,0.1681245118379593,False,MATCH,none
194,129375,129375:premise:fra_Latn,premise,False,False,"[""source_label_disagreement""]","[""source_label_disagreement""]",GOLD_DISAGREEMENT,,,False,MATCH,none
194,129375,129375:hypothesis:fra_Latn,hypothesis,False,False,"[""source_label_disagreement""]","[""source_label_disagreement""]",GOLD_DISAGREEMENT,,,False,MATCH,none
197,130156,130156:premise:fra_Latn,premise,False,False,"[""source_label_disagreement""]","[""source_label_disagreement""]",GOLD_DISAGREEMENT,,,False,MATCH,none
197,130156,130156:hypothesis:fra_Latn,hypothesis,False,False,"[""source_label_disagreement""]","[""source_label_disagreement""]",GOLD_DISAGREEMENT,,,False,MATCH,none
199,133213,133213:premise:fra_Latn,premise,False,False,"[""source_label_disagreement""]","[""source_label_disagreement""]",GOLD_DISAGREEMENT,,,False,MATCH,none
199,133213,133213:hypothesis:fra_Latn,hypothesis,False,False,"[""source_label_disagreement""]","[""source_label_disagreement""]",GOLD_DISAGREEMENT,,,False,MATCH,none
205,136456,136456:premise:fra_Latn,premise,False,False,"[""source_label_disagreement""]","[""source_label_disagreement""]",GOLD_DISAGREEMENT,,,False,MATCH,none
205,136456,136456:hypothesis:fra_Latn,hypothesis,False,False,"[""source_label_disagreement""]","[""source_label_disagreement""]",GOLD_DISAGREEMENT,,,False,MATCH,none
206,137962,137962:premise:fra_Latn,premise,False,False,"[""source_label_disagreement""]","[""source_label_disagreement""]",GOLD_DISAGREEMENT,,,False,MATCH,none
206,137962,137962:hypothesis:fra_Latn,hypothesis,False,False,"[""source_label_disagreement""]","[""source_label_disagreement""]",GOLD_DISAGREEMENT,,,False,MATCH,none
210,138618,138618:premise:fra_Latn,premise,False,False,"[""source_label_disagreement""]","[""source_label_disagreement""]",GOLD_DISAGREEMENT,,,False,MATCH,none
210,138618,138618:hypothesis:fra_Latn,hypothesis,False,False,"[""source_label_disagreement""]","[""source_label_disagreement""]",GOLD_DISAGREEMENT,,,False,MATCH,none
222,146990,146990:premise:fra_Latn,premise,False,False,"[""source_nli_low_confidence""]","[""source_nli_low_confidence""]",GOLD_LOW_CONFIDENCE,,,False,MATCH,none
222,146990,146990:hypothesis:fra_Latn,hypothesis,False,False,"[""source_nli_low_confidence""]","[""source_nli_low_confidence""]",GOLD_LOW_CONFIDENCE,,,False,MATCH,none
193,126867,126867:premise:fra_Latn,premise,False,False,"[""trivial_copy""]","[""trivial_copy""]",RELIABLE_GOLD,0.9972147345542908,0.9978771209716797,False,MATCH,none
195,129526,129526:premise:fra_Latn,premise,False,False,"[""semantic_drift""]","[""semantic_drift""]",RELIABLE_GOLD,0.006277153268456459,0.9992870688438416,False,MATCH,none
196,129767,129767:hypothesis:fra_Latn,hypothesis,False,False,"[""trivial_copy""]","[""trivial_copy""]",RELIABLE_GOLD,0.9975072741508484,0.9996949434280396,False,MATCH,none
198,132011,132011:hypothesis:fra_Latn,hypothesis,False,False,"[""trivial_copy""]","[""trivial_copy""]",RELIABLE_GOLD,0.9968488812446594,0.9983224272727966,False,MATCH,none
200,134525,134525:premise:fra_Latn,premise,False,False,"[""semantic_drift""]","[""semantic_drift""]",RELIABLE_GOLD,0.003401329508051276,0.9992239475250244,False,MATCH,none
200,134525,134525:hypothesis:fra_Latn,hypothesis,False,False,"[""trivial_copy""]","[""trivial_copy""]",RELIABLE_GOLD,0.9974476099014282,0.9990488886833191,False,MATCH,none
201,134613,134613:premise:fra_Latn,premise,False,False,"[""trivial_copy""]","[""trivial_copy""]",RELIABLE_GOLD,0.9886081218719482,0.9938458800315857,False,MATCH,none
201,134613,134613:hypothesis:fra_Latn,hypothesis,False,False,"[""semantic_drift""]","[""semantic_drift""]",RELIABLE_GOLD,0.7037005424499512,0.9975619316101074,False,MATCH,none
202,135071,135071:premise:fra_Latn,premise,False,False,"[""semantic_drift""]","[""semantic_drift""]",RELIABLE_GOLD,0.04868989437818527,0.9954710006713867,False,MATCH,none
204,136271,136271:premise:fra_Latn,premise,False,False,"[""semantic_drift""]","[""semantic_drift""]",RELIABLE_GOLD,0.00023300055181607604,0.9995806813240051,False,MATCH,none
204,136271,136271:hypothesis:fra_Latn,hypothesis,False,False,"[""semantic_drift""]","[""semantic_drift""]",RELIABLE_GOLD,0.0014761595521122217,0.9996863603591919,False,MATCH,none
207,138010,138010:premise:fra_Latn,premise,False,False,"[""semantic_drift""]","[""semantic_drift""]",RELIABLE_GOLD,0.007403064053505659,0.9993337988853455,False,MATCH,none
209,138332,138332:premise:fra_Latn,premise,False,False,"[""semantic_drift""]","[""semantic_drift""]",RELIABLE_GOLD,0.8197505474090576,0.9845108985900879,False,MATCH,none
211,138993,138993:hypothesis:fra_Latn,hypothesis,False,False,"[""semantic_drift""]","[""semantic_drift""]",RELIABLE_GOLD,0.23917776346206665,0.9967269897460938,False,MATCH,none
212,141282,141282:premise:fra_Latn,premise,False,False,"[""semantic_drift"",""label_flip""]","[""semantic_drift"",""label_flip""]",RELIABLE_GOLD,0.19019946455955505,0.001155000296421349,False,MATCH,none
213,141386,141386:hypothesis:fra_Latn,hypothesis,False,False,"[""trivial_copy""]","[""trivial_copy""]",RELIABLE_GOLD,0.9977510571479797,0.9993948936462402,False,MATCH,none
215,141719,141719:hypothesis:fra_Latn,hypothesis,False,False,"[""trivial_copy""]","[""trivial_copy""]",RELIABLE_GOLD,0.9977332353591919,0.9976316690444946,False,MATCH,none
217,143023,143023:hypothesis:fra_Latn,hypothesis,False,False,"[""trivial_copy""]","[""trivial_copy""]",RELIABLE_GOLD,0.9969000816345215,0.9986427426338196,False,MATCH,none
219,145395,145395:premise:fra_Latn,premise,False,False,"[""semantic_drift""]","[""semantic_drift""]",RELIABLE_GOLD,0.005414273124188185,0.9967358708381653,False,MATCH,none
220,145658,145658:hypothesis:fra_Latn,hypothesis,False,False,"[""trivial_copy""]","[""trivial_copy""]",RELIABLE_GOLD,0.9967646598815918,0.9890698194503784,False,MATCH,none
223,147325,147325:premise:fra_Latn,premise,False,False,"[""semantic_drift""]","[""semantic_drift""]",RELIABLE_GOLD,0.8816348910331726,0.9975960850715637,False,MATCH,none
223,147325,147325:hypothesis:fra_Latn,hypothesis,False,False,"[""semantic_drift""]","[""semantic_drift""]",RELIABLE_GOLD,0.0012342261616140604,0.9981365203857422,False,MATCH,none
233,159279,159279:premise:fra_Latn,premise,False,False,"[""source_label_disagreement""]","[""source_label_disagreement""]",GOLD_DISAGREEMENT,,,False,MATCH,none
233,159279,159279:hypothesis:fra_Latn,hypothesis,False,False,"[""source_label_disagreement""]","[""source_label_disagreement""]",GOLD_DISAGREEMENT,,,False,MATCH,none
248,169137,169137:premise:fra_Latn,premise,False,False,"[""source_label_disagreement""]","[""source_label_disagreement""]",GOLD_DISAGREEMENT,,,False,MATCH,none
248,169137,169137:hypothesis:fra_Latn,hypothesis,False,False,"[""source_label_disagreement""]","[""source_label_disagreement""]",GOLD_DISAGREEMENT,,,False,MATCH,none
251,170191,170191:premise:fra_Latn,premise,False,False,"[""source_nli_low_confidence""]","[""source_nli_low_confidence""]",GOLD_LOW_CONFIDENCE,,,False,MATCH,none
251,170191,170191:hypothesis:fra_Latn,hypothesis,False,False,"[""source_nli_low_confidence""]","[""source_nli_low_confidence""]",GOLD_LOW_CONFIDENCE,,,False,MATCH,none
255,172947,172947:premise:fra_Latn,premise,False,False,"[""source_label_disagreement""]","[""source_label_disagreement""]",GOLD_DISAGREEMENT,,,False,MATCH,none
255,172947,172947:hypothesis:fra_Latn,hypothesis,False,False,"[""source_label_disagreement""]","[""source_label_disagreement""]",GOLD_DISAGREEMENT,,,False,MATCH,none
225,148356,148356:premise:fra_Latn,premise,False,False,"[""trivial_copy""]","[""trivial_copy""]",RELIABLE_GOLD,0.9952658414840698,0.9984992742538452,False,MATCH,none
227,150619,150619:premise:fra_Latn,premise,False,False,"[""trivial_copy""]","[""trivial_copy""]",RELIABLE_GOLD,0.9955030083656311,0.9591143727302551,False,MATCH,none
227,150619,150619:hypothesis:fra_Latn,hypothesis,False,False,"[""trivial_copy""]","[""trivial_copy""]",RELIABLE_GOLD,0.9958018660545349,0.9591143727302551,False,MATCH,none
228,150697,150697:premise:fra_Latn,premise,False,False,"[""semantic_drift""]","[""semantic_drift""]",RELIABLE_GOLD,0.00043722198461182415,0.9996882677078247,False,MATCH,none
229,151152,151152:hypothesis:fra_Latn,hypothesis,False,False,"[""semantic_drift"",""label_flip""]","[""semantic_drift"",""label_flip""]",RELIABLE_GOLD,0.36061519384384155,0.0011137762339785695,False,MATCH,none
230,151395,151395:premise:fra_Latn,premise,False,False,"[""semantic_drift"",""label_flip""]","[""semantic_drift"",""label_flip""]",RELIABLE_GOLD,0.002911139279603958,0.0002003294648602605,False,MATCH,none
230,151395,151395:hypothesis:fra_Latn,hypothesis,False,False,"[""semantic_drift""]","[""semantic_drift""]",RELIABLE_GOLD,0.00020436389604583383,0.9942637085914612,False,MATCH,none
234,159758,159758:premise:fra_Latn,premise,False,False,"[""semantic_drift""]","[""semantic_drift""]",RELIABLE_GOLD,0.004069552291184664,0.9992305040359497,False,MATCH,none
236,161674,161674:premise:fra_Latn,premise,False,False,"[""semantic_drift""]","[""semantic_drift""]",RELIABLE_GOLD,0.8681672811508179,0.9943576455116272,False,MATCH,none
237,163028,163028:premise:fra_Latn,premise,False,False,"[""semantic_drift""]","[""semantic_drift""]",RELIABLE_GOLD,0.0009787121089175344,0.9749261736869812,False,MATCH,none
237,163028,163028:hypothesis:fra_Latn,hypothesis,False,False,"[""semantic_drift""]","[""semantic_drift""]",RELIABLE_GOLD,0.0010343869216740131,0.9168239235877991,False,MATCH,none
238,163640,163640:premise:fra_Latn,premise,False,False,"[""semantic_drift""]","[""semantic_drift""]",RELIABLE_GOLD,0.004612192511558533,0.9978646636009216,False,MATCH,none
240,164421,164421:hypothesis:fra_Latn,hypothesis,False,False,"[""trivial_copy""]","[""trivial_copy""]",RELIABLE_GOLD,0.9982523322105408,0.998278021812439,False,MATCH,none
241,165214,165214:hypothesis:fra_Latn,hypothesis,False,False,"[""trivial_copy""]","[""trivial_copy""]",RELIABLE_GOLD,0.9959729313850403,0.999692440032959,False,MATCH,none
242,166345,166345:premise:fra_Latn,premise,False,False,"[""semantic_drift""]","[""semantic_drift""]",RELIABLE_GOLD,0.08522919565439224,0.9993267059326172,False,MATCH,none
243,167082,167082:premise:fra_Latn,premise,False,False,"[""semantic_drift""]","[""semantic_drift""]",RELIABLE_GOLD,0.007208652328699827,0.9881977438926697,False,MATCH,none
243,167082,167082:hypothesis:fra_Latn,hypothesis,False,False,"[""trivial_copy""]","[""trivial_copy""]",RELIABLE_GOLD,0.9944255352020264,0.9906911253929138,False,MATCH,none
246,168963,168963:premise:fra_Latn,premise,False,False,"[""semantic_drift""]","[""semantic_drift""]",RELIABLE_GOLD,0.07409320771694183,0.9970550537109375,False,MATCH,none
247,169049,169049:premise:fra_Latn,premise,False,False,"[""semantic_drift""]","[""semantic_drift""]",RELIABLE_GOLD,0.6096571087837219,0.9839630722999573,False,MATCH,none
249,169167,169167:hypothesis:fra_Latn,hypothesis,False,False,"[""semantic_drift""]","[""semantic_drift""]",RELIABLE_GOLD,0.09879745543003082,0.9965884685516357,False,MATCH,none
252,170297,170297:premise:fra_Latn,premise,False,False,"[""trivial_copy""]","[""trivial_copy""]",RELIABLE_GOLD,0.9867141842842102,0.8420803546905518,False,MATCH,none
252,170297,170297:hypothesis:fra_Latn,hypothesis,False,False,"[""label_flip""]","[""label_flip""]",RELIABLE_GOLD,0.9967758059501648,0.3253037631511688,False,MATCH,none
253,171597,171597:premise:fra_Latn,premise,False,False,"[""semantic_drift"",""label_flip""]","[""semantic_drift"",""label_flip""]",RELIABLE_GOLD,0.2048092484474182,0.0008391512092202902,False,MATCH,none
254,172675,172675:hypothesis:fra_Latn,hypothesis,False,False,"[""trivial_copy""]","[""trivial_copy""]",RELIABLE_GOLD,0.9976713061332703,0.9987307190895081,False,MATCH,none
259,176277,176277:premise:fra_Latn,premise,False,False,"[""source_label_disagreement""]","[""source_label_disagreement""]",GOLD_DISAGREEMENT,,,False,MATCH,none
259,176277,176277:hypothesis:fra_Latn,hypothesis,False,False,"[""source_label_disagreement""]","[""source_label_disagreement""]",GOLD_DISAGREEMENT,,,False,MATCH,none
284,192973,192973:premise:fra_Latn,premise,False,False,"[""source_label_disagreement""]","[""source_label_disagreement""]",GOLD_DISAGREEMENT,,,False,MATCH,none
284,192973,192973:hypothesis:fra_Latn,hypothesis,False,False,"[""source_label_disagreement""]","[""source_label_disagreement""]",GOLD_DISAGREEMENT,,,False,MATCH,none
256,173016,173016:hypothesis:fra_Latn,hypothesis,False,False,"[""trivial_copy""]","[""trivial_copy""]",RELIABLE_GOLD,0.9966245889663696,0.9907602071762085,False,MATCH,none
257,173774,173774:premise:fra_Latn,premise,False,False,"[""semantic_drift""]","[""semantic_drift""]",RELIABLE_GOLD,0.007892366498708725,0.9962305426597595,False,MATCH,none
258,175645,175645:premise:fra_Latn,premise,False,False,"[""semantic_drift""]","[""semantic_drift""]",RELIABLE_GOLD,0.4851924180984497,0.9195146560668945,False,MATCH,none
261,176956,176956:premise:fra_Latn,premise,False,False,"[""trivial_copy""]","[""trivial_copy""]",RELIABLE_GOLD,0.9940444827079773,0.9977352619171143,False,MATCH,none
261,176956,176956:hypothesis:fra_Latn,hypothesis,False,False,"[""semantic_drift""]","[""semantic_drift""]",RELIABLE_GOLD,0.07514496147632599,0.9971933960914612,False,MATCH,none
262,177271,177271:premise:fra_Latn,premise,False,False,"[""semantic_drift"",""label_flip""]","[""semantic_drift"",""label_flip""]",RELIABLE_GOLD,0.0005914510693401098,0.001165257766842842,False,MATCH,none
262,177271,177271:hypothesis:fra_Latn,hypothesis,False,False,"[""semantic_drift"",""label_flip""]","[""semantic_drift"",""label_flip""]",RELIABLE_GOLD,0.0009676161571405828,0.3028518855571747,False,MATCH,none
263,177566,177566:premise:fra_Latn,premise,False,False,"[""semantic_drift""]","[""semantic_drift""]",RELIABLE_GOLD,0.7089256644248962,0.996436357498169,False,MATCH,none
263,177566,177566:hypothesis:fra_Latn,hypothesis,False,False,"[""semantic_drift"",""label_flip""]","[""semantic_drift"",""label_flip""]",RELIABLE_GOLD,0.0015809726901352406,0.24805648624897003,False,MATCH,none
264,177718,177718:premise:fra_Latn,premise,False,False,"[""semantic_drift""]","[""semantic_drift""]",RELIABLE_GOLD,0.020749101415276527,0.9900151491165161,False,MATCH,none
264,177718,177718:hypothesis:fra_Latn,hypothesis,False,False,"[""semantic_drift""]","[""semantic_drift""]",RELIABLE_GOLD,0.028290947899222374,0.9710809588432312,False,MATCH,none
265,178067,178067:hypothesis:fra_Latn,hypothesis,False,False,"[""trivial_copy""]","[""trivial_copy""]",RELIABLE_GOLD,0.9965680837631226,0.9927378296852112,False,MATCH,none
266,178078,178078:hypothesis:fra_Latn,hypothesis,False,False,"[""trivial_copy""]","[""trivial_copy""]",RELIABLE_GOLD,0.997063934803009,0.999232292175293,False,MATCH,none
268,182297,182297:premise:fra_Latn,premise,False,False,"[""semantic_drift""]","[""semantic_drift""]",RELIABLE_GOLD,0.8205209970474243,0.9991570711135864,False,MATCH,none
268,182297,182297:hypothesis:fra_Latn,hypothesis,False,False,"[""semantic_drift""]","[""semantic_drift""]",RELIABLE_GOLD,0.11464991420507431,0.9709020256996155,False,MATCH,none
269,182307,182307:hypothesis:fra_Latn,hypothesis,False,False,"[""semantic_drift""]","[""semantic_drift""]",RELIABLE_GOLD,0.009057767689228058,0.9008931517601013,False,MATCH,none
272,184494,184494:premise:fra_Latn,premise,False,False,"[""semantic_drift""]","[""semantic_drift""]",RELIABLE_GOLD,0.0037130427081137896,0.9991957545280457,False,MATCH,none
272,184494,184494:hypothesis:fra_Latn,hypothesis,False,False,"[""trivial_copy""]","[""trivial_copy""]",RELIABLE_GOLD,0.9933857321739197,0.9990875720977783,False,MATCH,none
273,184671,184671:premise:fra_Latn,premise,False,False,"[""semantic_drift""]","[""semantic_drift""]",RELIABLE_GOLD,0.07548771053552628,0.9991500377655029,False,MATCH,none
274,184879,184879:premise:fra_Latn,premise,False,False,"[""label_flip""]","[""label_flip""]",RELIABLE_GOLD,0.9682736992835999,0.06301283091306686,False,MATCH,none
275,185263,185263:premise:fra_Latn,premise,False,False,"[""semantic_drift""]","[""semantic_drift""]",RELIABLE_GOLD,0.017524896189570427,0.999356210231781,False,MATCH,none
277,188199,188199:premise:fra_Latn,premise,False,False,"[""label_flip""]","[""label_flip""]",RELIABLE_GOLD,0.9770575761795044,0.25612130761146545,False,MATCH,none
277,188199,188199:hypothesis:fra_Latn,hypothesis,False,False,"[""trivial_copy""]","[""trivial_copy""]",RELIABLE_GOLD,0.9954642653465271,0.9948697090148926,False,MATCH,none
281,188981,188981:hypothesis:fra_Latn,hypothesis,False,False,"[""trivial_copy""]","[""trivial_copy""]",RELIABLE_GOLD,0.9937509894371033,0.9979447722434998,False,MATCH,none
282,189281,189281:hypothesis:fra_Latn,hypothesis,False,False,"[""trivial_copy""]","[""trivial_copy""]",RELIABLE_GOLD,0.9962208867073059,0.9925948977470398,False,MATCH,none
283,192390,192390:premise:fra_Latn,premise,False,False,"[""semantic_drift""]","[""semantic_drift""]",RELIABLE_GOLD,0.1367177963256836,0.9951251149177551,False,MATCH,none
285,194020,194020:premise:fra_Latn,premise,False,False,"[""trivial_copy""]","[""trivial_copy""]",RELIABLE_GOLD,0.9934630393981934,0.9940350651741028,False,MATCH,none
294,202122,202122:premise:fra_Latn,premise,False,False,"[""source_nli_low_confidence""]","[""source_nli_low_confidence""]",GOLD_LOW_CONFIDENCE,,,False,MATCH,none
294,202122,202122:hypothesis:fra_Latn,hypothesis,False,False,"[""source_nli_low_confidence""]","[""source_nli_low_confidence""]",GOLD_LOW_CONFIDENCE,,,False,MATCH,none
296,204391,204391:premise:fra_Latn,premise,False,False,"[""source_label_disagreement""]","[""source_label_disagreement""]",GOLD_DISAGREEMENT,,,False,MATCH,none
296,204391,204391:hypothesis:fra_Latn,hypothesis,False,False,"[""source_label_disagreement""]","[""source_label_disagreement""]",GOLD_DISAGREEMENT,,,False,MATCH,none
289,197235,197235:hypothesis:fra_Latn,hypothesis,False,False,"[""trivial_copy""]","[""trivial_copy""]",RELIABLE_GOLD,0.9966866374015808,0.9972240924835205,False,MATCH,none
290,199215,199215:hypothesis:fra_Latn,hypothesis,False,False,"[""semantic_drift"",""low_nli_confidence"",""trivial_copy""]","[""trivial_copy"",""semantic_drift"",""low_nli_confidence""]",RELIABLE_GOLD,0.015337985008955002,0.787387490272522,False,MATCH,none
292,200662,200662:premise:fra_Latn,premise,False,False,"[""semantic_drift""]","[""semantic_drift""]",RELIABLE_GOLD,0.5703927874565125,0.9707233905792236,False,MATCH,none
293,200772,200772:hypothesis:fra_Latn,hypothesis,False,False,"[""trivial_copy""]","[""trivial_copy""]",RELIABLE_GOLD,0.9961062073707581,0.9951594471931458,False,MATCH,none
295,203055,203055:hypothesis:fra_Latn,hypothesis,False,False,"[""semantic_drift""]","[""semantic_drift""]",RELIABLE_GOLD,0.02103562280535698,0.998784601688385,False,MATCH,none
297,204719,204719:premise:fra_Latn,premise,False,False,"[""semantic_drift""]","[""semantic_drift""]",RELIABLE_GOLD,0.0005798456841148436,0.9989559650421143,False,MATCH,none
298,204800,204800:hypothesis:fra_Latn,hypothesis,False,False,"[""trivial_copy""]","[""trivial_copy""]",RELIABLE_GOLD,0.9964607357978821,0.9993088245391846,False,MATCH,none
299,205153,205153:hypothesis:fra_Latn,hypothesis,False,False,"[""trivial_copy""]","[""trivial_copy""]",RELIABLE_GOLD,0.9974018335342407,0.9993688464164734,False,MATCH,none
300,206106,206106:premise:fra_Latn,premise,False,False,"[""semantic_drift""]","[""semantic_drift""]",RELIABLE_GOLD,0.86262047290802,0.9984686970710754,False,MATCH,none
305,209684,209684:premise:fra_Latn,premise,False,False,"[""semantic_drift""]","[""semantic_drift""]",RELIABLE_GOLD,0.23492315411567688,0.9922260046005249,False,MATCH,none
306,209775,209775:hypothesis:fra_Latn,hypothesis,False,False,"[""label_flip""]","[""label_flip""]",RELIABLE_GOLD,0.9959143996238708,0.318083792924881,False,MATCH,none
307,211350,211350:premise:fra_Latn,premise,False,False,"[""semantic_drift"",""low_nli_confidence""]","[""semantic_drift"",""low_nli_confidence""]",RELIABLE_GOLD,0.2913035452365875,0.7188165187835693,False,MATCH,none
307,211350,211350:hypothesis:fra_Latn,hypothesis,False,False,"[""semantic_drift""]","[""semantic_drift""]",RELIABLE_GOLD,0.7258549332618713,0.8016545176506042,False,MATCH,none
308,211927,211927:premise:fra_Latn,premise,False,False,"[""trivial_copy""]","[""trivial_copy""]",RELIABLE_GOLD,0.9967965483665466,0.9778068661689758,False,MATCH,none
308,211927,211927:hypothesis:fra_Latn,hypothesis,False,False,"[""semantic_drift"",""label_flip""]","[""semantic_drift"",""label_flip""]",RELIABLE_GOLD,0.31591495871543884,0.09339170902967453,False,MATCH,none
309,213001,213001:premise:fra_Latn,premise,False,False,"[""trivial_copy""]","[""trivial_copy""]",RELIABLE_GOLD,0.9965793490409851,0.9964026212692261,False,MATCH,none
311,213566,213566:premise:fra_Latn,premise,False,False,"[""trivial_copy""]","[""trivial_copy""]",RELIABLE_GOLD,0.9947965741157532,0.9986898303031921,False,MATCH,none
311,213566,213566:hypothesis:fra_Latn,hypothesis,False,False,"[""semantic_drift""]","[""semantic_drift""]",RELIABLE_GOLD,0.24644887447357178,0.9988214373588562,False,MATCH,none
312,214226,214226:hypothesis:fra_Latn,hypothesis,False,False,"[""trivial_copy""]","[""trivial_copy""]",RELIABLE_GOLD,0.98696368932724,0.9993996620178223,False,MATCH,none
313,214998,214998:premise:fra_Latn,premise,False,False,"[""label_flip""]","[""label_flip""]",RELIABLE_GOLD,0.992384672164917,0.014001469127833843,False,MATCH,none
313,214998,214998:hypothesis:fra_Latn,hypothesis,False,False,"[""semantic_drift""]","[""semantic_drift""]",RELIABLE_GOLD,0.03311644494533539,0.9857199788093567,False,MATCH,none
316,215759,215759:premise:fra_Latn,premise,False,False,"[""semantic_drift""]","[""semantic_drift""]",RELIABLE_GOLD,0.7024396061897278,0.9993298053741455,False,MATCH,none
317,215835,215835:premise:fra_Latn,premise,False,False,"[""semantic_drift""]","[""semantic_drift""]",RELIABLE_GOLD,0.001787681831046939,0.9623482823371887,False,MATCH,none
317,215835,215835:hypothesis:fra_Latn,hypothesis,False,False,"[""semantic_drift"",""label_flip""]","[""semantic_drift"",""label_flip""]",RELIABLE_GOLD,0.06136151775717735,0.10249032825231552,False,MATCH,none
318,215950,215950:premise:fra_Latn,premise,False,False,"[""semantic_drift""]","[""semantic_drift""]",RELIABLE_GOLD,0.01793290488421917,0.9566231369972229,False,MATCH,none
318,215950,215950:hypothesis:fra_Latn,hypothesis,False,False,"[""trivial_copy""]","[""trivial_copy""]",RELIABLE_GOLD,0.994644045829773,0.9980207681655884,False,MATCH,none
325,221454,221454:premise:fra_Latn,premise,False,False,"[""source_label_disagreement""]","[""source_label_disagreement""]",GOLD_DISAGREEMENT,,,False,MATCH,none
325,221454,221454:hypothesis:fra_Latn,hypothesis,False,False,"[""source_label_disagreement""]","[""source_label_disagreement""]",GOLD_DISAGREEMENT,,,False,MATCH,none
330,224812,224812:premise:fra_Latn,premise,False,False,"[""source_label_disagreement""]","[""source_label_disagreement""]",GOLD_DISAGREEMENT,,,False,MATCH,none
330,224812,224812:hypothesis:fra_Latn,hypothesis,False,False,"[""source_label_disagreement""]","[""source_label_disagreement""]",GOLD_DISAGREEMENT,,,False,MATCH,none
334,226575,226575:premise:fra_Latn,premise,False,False,"[""source_nli_low_confidence""]","[""source_nli_low_confidence""]",GOLD_LOW_CONFIDENCE,,,False,MATCH,none
334,226575,226575:hypothesis:fra_Latn,hypothesis,False,False,"[""source_nli_low_confidence""]","[""source_nli_low_confidence""]",GOLD_LOW_CONFIDENCE,,,False,MATCH,none
341,232434,232434:premise:fra_Latn,premise,False,False,"[""source_label_disagreement""]","[""source_label_disagreement""]",GOLD_DISAGREEMENT,,,False,MATCH,none
341,232434,232434:hypothesis:fra_Latn,hypothesis,False,False,"[""source_label_disagreement""]","[""source_label_disagreement""]",GOLD_DISAGREEMENT,,,False,MATCH,none
347,233919,233919:premise:fra_Latn,premise,False,False,"[""source_label_disagreement""]","[""source_label_disagreement""]",GOLD_DISAGREEMENT,,,False,MATCH,none
347,233919,233919:hypothesis:fra_Latn,hypothesis,False,False,"[""source_label_disagreement""]","[""source_label_disagreement""]",GOLD_DISAGREEMENT,,,False,MATCH,none
320,217803,217803:hypothesis:fra_Latn,hypothesis,False,False,"[""trivial_copy""]","[""trivial_copy""]",RELIABLE_GOLD,0.9952754974365234,0.9786309003829956,False,MATCH,none
321,218103,218103:premise:fra_Latn,premise,False,False,"[""semantic_drift""]","[""semantic_drift""]",RELIABLE_GOLD,0.0028166493866592646,0.9983267188072205,False,MATCH,none
326,223038,223038:premise:fra_Latn,premise,False,False,"[""semantic_drift""]","[""semantic_drift""]",RELIABLE_GOLD,0.048541124910116196,0.9942084550857544,False,MATCH,none
328,224071,224071:hypothesis:fra_Latn,hypothesis,False,False,"[""semantic_drift""]","[""semantic_drift""]",RELIABLE_GOLD,0.00023459777003154159,0.9993797540664673,False,MATCH,none
331,226116,226116:hypothesis:fra_Latn,hypothesis,False,False,"[""trivial_copy""]","[""trivial_copy""]",RELIABLE_GOLD,0.9918730854988098,0.9888272285461426,False,MATCH,none
332,226394,226394:premise:fra_Latn,premise,False,False,"[""trivial_copy""]","[""trivial_copy""]",RELIABLE_GOLD,0.992499053478241,0.9641255736351013,False,MATCH,none
332,226394,226394:hypothesis:fra_Latn,hypothesis,False,False,"[""low_nli_confidence""]","[""low_nli_confidence""]",RELIABLE_GOLD,0.9942926168441772,0.7695412635803223,False,MATCH,none
333,226504,226504:hypothesis:fra_Latn,hypothesis,False,False,"[""trivial_copy""]","[""trivial_copy""]",RELIABLE_GOLD,0.9957276582717896,0.9831127524375916,False,MATCH,none
335,226981,226981:hypothesis:fra_Latn,hypothesis,False,False,"[""semantic_drift""]","[""semantic_drift""]",RELIABLE_GOLD,0.784130871295929,0.9964174032211304,False,MATCH,none
337,229906,229906:premise:fra_Latn,premise,False,False,"[""semantic_drift""]","[""semantic_drift""]",RELIABLE_GOLD,0.021215492859482765,0.9996132254600525,False,MATCH,none
337,229906,229906:hypothesis:fra_Latn,hypothesis,False,False,"[""semantic_drift""]","[""semantic_drift""]",RELIABLE_GOLD,0.013196277432143688,0.9993738532066345,False,MATCH,none
338,230044,230044:premise:fra_Latn,premise,False,False,"[""trivial_copy""]","[""trivial_copy""]",RELIABLE_GOLD,0.9931135773658752,0.9994099140167236,False,MATCH,none
339,230599,230599:premise:fra_Latn,premise,False,False,"[""trivial_copy""]","[""trivial_copy""]",RELIABLE_GOLD,0.9934219717979431,0.999735414981842,False,MATCH,none
340,231324,231324:premise:fra_Latn,premise,False,False,"[""semantic_drift""]","[""semantic_drift""]",RELIABLE_GOLD,0.0017076443182304502,0.9983417987823486,False,MATCH,none
342,232796,232796:hypothesis:fra_Latn,hypothesis,False,False,"[""trivial_copy""]","[""trivial_copy""]",RELIABLE_GOLD,0.9942445158958435,0.997729480266571,False,MATCH,none
343,232922,232922:premise:fra_Latn,premise,False,False,"[""trivial_copy""]","[""trivial_copy""]",RELIABLE_GOLD,0.9969346523284912,0.9977403879165649,False,MATCH,none
348,233997,233997:hypothesis:fra_Latn,hypothesis,False,False,"[""label_flip""]","[""label_flip""]",RELIABLE_GOLD,0.9826257228851318,0.024500194936990738,False,MATCH,none
349,234990,234990:premise:fra_Latn,premise,False,False,"[""semantic_drift""]","[""semantic_drift""]",RELIABLE_GOLD,0.8793640732765198,0.9871794581413269,False,MATCH,none
349,234990,234990:hypothesis:fra_Latn,hypothesis,False,False,"[""low_nli_confidence""]","[""low_nli_confidence""]",RELIABLE_GOLD,0.9866372346878052,0.5671296119689941,False,MATCH,none
350,235554,235554:premise:fra_Latn,premise,False,False,"[""semantic_drift""]","[""semantic_drift""]",RELIABLE_GOLD,0.862802267074585,0.9441512227058411,False,MATCH,none
351,236796,236796:premise:fra_Latn,premise,False,False,"[""trivial_copy""]","[""trivial_copy""]",RELIABLE_GOLD,0.9941062927246094,0.9989483952522278,False,MATCH,none
359,244500,244500:premise:fra_Latn,premise,False,False,"[""source_label_disagreement""]","[""source_label_disagreement""]",GOLD_DISAGREEMENT,,,False,MATCH,none
359,244500,244500:hypothesis:fra_Latn,hypothesis,False,False,"[""source_label_disagreement""]","[""source_label_disagreement""]",GOLD_DISAGREEMENT,,,False,MATCH,none
362,249816,249816:premise:fra_Latn,premise,False,False,"[""source_label_disagreement""]","[""source_label_disagreement""]",GOLD_DISAGREEMENT,,,False,MATCH,none
362,249816,249816:hypothesis:fra_Latn,hypothesis,False,False,"[""source_label_disagreement""]","[""source_label_disagreement""]",GOLD_DISAGREEMENT,,,False,MATCH,none
378,261673,261673:premise:fra_Latn,premise,False,False,"[""source_label_disagreement""]","[""source_label_disagreement""]",GOLD_DISAGREEMENT,,,False,MATCH,none
378,261673,261673:hypothesis:fra_Latn,hypothesis,False,False,"[""source_label_disagreement""]","[""source_label_disagreement""]",GOLD_DISAGREEMENT,,,False,MATCH,none
382,263526,263526:premise:fra_Latn,premise,False,False,"[""source_nli_low_confidence""]","[""source_nli_low_confidence""]",GOLD_LOW_CONFIDENCE,,,False,MATCH,none
382,263526,263526:hypothesis:fra_Latn,hypothesis,False,False,"[""source_nli_low_confidence""]","[""source_nli_low_confidence""]",GOLD_LOW_CONFIDENCE,,,False,MATCH,none
352,237247,237247:premise:fra_Latn,premise,False,False,"[""trivial_copy""]","[""trivial_copy""]",RELIABLE_GOLD,0.9967644214630127,0.9985515475273132,False,MATCH,none
352,237247,237247:hypothesis:fra_Latn,hypothesis,False,False,"[""semantic_drift""]","[""semantic_drift""]",RELIABLE_GOLD,0.0016621001996099949,0.9915454983711243,False,MATCH,none
353,237389,237389:hypothesis:fra_Latn,hypothesis,False,False,"[""trivial_copy""]","[""trivial_copy""]",RELIABLE_GOLD,0.9957389831542969,0.9927622675895691,False,MATCH,none
354,238210,238210:premise:fra_Latn,premise,False,False,"[""semantic_drift""]","[""semantic_drift""]",RELIABLE_GOLD,0.875186562538147,0.9970752000808716,False,MATCH,none
357,241686,241686:hypothesis:fra_Latn,hypothesis,False,False,"[""semantic_drift""]","[""semantic_drift""]",RELIABLE_GOLD,0.0016283607110381126,0.9996762275695801,False,MATCH,none
358,243896,243896:premise:fra_Latn,premise,False,False,"[""trivial_copy""]","[""trivial_copy""]",RELIABLE_GOLD,0.9962629675865173,0.9961993098258972,False,MATCH,none
360,246031,246031:hypothesis:fra_Latn,hypothesis,False,False,"[""trivial_copy""]","[""trivial_copy""]",RELIABLE_GOLD,0.996522068977356,0.9990297555923462,False,MATCH,none
361,248126,248126:premise:fra_Latn,premise,False,False,"[""numeric_value_changed""]","[""numeric_value_changed""]",RELIABLE_GOLD,0.9951837658882141,0.9946696162223816,False,MATCH,none
363,250993,250993:premise:fra_Latn,premise,False,False,"[""semantic_drift""]","[""semantic_drift""]",RELIABLE_GOLD,0.005074833985418081,0.9615476727485657,False,MATCH,none
364,251441,251441:premise:fra_Latn,premise,False,False,"[""semantic_drift""]","[""semantic_drift""]",RELIABLE_GOLD,0.005607666447758675,0.992572546005249,False,MATCH,none
365,252089,252089:premise:fra_Latn,premise,False,False,"[""semantic_drift""]","[""semantic_drift""]",RELIABLE_GOLD,0.007073413580656052,0.9423853158950806,False,MATCH,none
367,253837,253837:premise:fra_Latn,premise,False,False,"[""semantic_drift""]","[""semantic_drift""]",RELIABLE_GOLD,0.29537031054496765,0.9994283318519592,False,MATCH,none
369,254814,254814:premise:fra_Latn,premise,False,False,"[""semantic_drift""]","[""semantic_drift""]",RELIABLE_GOLD,0.09583475440740585,0.9905084371566772,False,MATCH,none
369,254814,254814:hypothesis:fra_Latn,hypothesis,False,False,"[""semantic_drift"",""label_flip""]","[""semantic_drift"",""label_flip""]",RELIABLE_GOLD,0.0007166501600295305,0.09703506529331207,False,MATCH,none
370,256030,256030:hypothesis:fra_Latn,hypothesis,False,False,"[""trivial_copy""]","[""trivial_copy""]",RELIABLE_GOLD,0.9978936314582825,0.9997174143791199,False,MATCH,none
372,258168,258168:premise:fra_Latn,premise,False,False,"[""semantic_drift""]","[""semantic_drift""]",RELIABLE_GOLD,0.001782237901352346,0.9981656670570374,False,MATCH,none
373,258343,258343:premise:fra_Latn,premise,False,False,"[""semantic_drift""]","[""semantic_drift""]",RELIABLE_GOLD,0.8380929231643677,0.9920852780342102,False,MATCH,none
375,258365,258365:premise:fra_Latn,premise,False,False,"[""semantic_drift""]","[""semantic_drift""]",RELIABLE_GOLD,0.5885633230209351,0.9968516230583191,False,MATCH,none
376,259128,259128:premise:fra_Latn,premise,False,False,"[""semantic_drift""]","[""semantic_drift""]",RELIABLE_GOLD,0.0031610100995749235,0.986645519733429,False,MATCH,none
377,259206,259206:premise:fra_Latn,premise,False,False,"[""semantic_drift""]","[""semantic_drift""]",RELIABLE_GOLD,0.7604219913482666,0.9988278746604919,False,MATCH,none
379,261954,261954:hypothesis:fra_Latn,hypothesis,False,False,"[""trivial_copy""]","[""trivial_copy""]",RELIABLE_GOLD,0.9963604807853699,0.9570333361625671,False,MATCH,none
380,262023,262023:premise:fra_Latn,premise,False,False,"[""trivial_copy""]","[""trivial_copy""]",RELIABLE_GOLD,0.9964269995689392,0.9921229481697083,False,MATCH,none
381,263405,263405:premise:fra_Latn,premise,False,False,"[""label_flip""]","[""label_flip""]",RELIABLE_GOLD,0.9974270462989807,0.49615779519081116,False,MATCH,none
385,265354,265354:premise:fra_Latn,premise,False,False,"[""source_label_disagreement""]","[""source_label_disagreement""]",GOLD_DISAGREEMENT,,,False,MATCH,none
385,265354,265354:hypothesis:fra_Latn,hypothesis,False,False,"[""source_label_disagreement""]","[""source_label_disagreement""]",GOLD_DISAGREEMENT,,,False,MATCH,none
395,274036,274036:premise:fra_Latn,premise,False,False,"[""source_label_disagreement""]","[""source_label_disagreement""]",GOLD_DISAGREEMENT,,,False,MATCH,none
395,274036,274036:hypothesis:fra_Latn,hypothesis,False,False,"[""source_label_disagreement""]","[""source_label_disagreement""]",GOLD_DISAGREEMENT,,,False,MATCH,none
396,276768,276768:premise:fra_Latn,premise,False,False,"[""source_nli_low_confidence""]","[""source_nli_low_confidence""]",GOLD_LOW_CONFIDENCE,,,False,MATCH,none
396,276768,276768:hypothesis:fra_Latn,hypothesis,False,False,"[""source_nli_low_confidence""]","[""source_nli_low_confidence""]",GOLD_LOW_CONFIDENCE,,,False,MATCH,none
401,277858,277858:premise:fra_Latn,premise,False,False,"[""source_label_disagreement""]","[""source_label_disagreement""]",GOLD_DISAGREEMENT,,,False,MATCH,none
401,277858,277858:hypothesis:fra_Latn,hypothesis,False,False,"[""source_label_disagreement""]","[""source_label_disagreement""]",GOLD_DISAGREEMENT,,,False,MATCH,none
406,279199,279199:premise:fra_Latn,premise,False,False,"[""source_label_disagreement""]","[""source_label_disagreement""]",GOLD_DISAGREEMENT,,,False,MATCH,none
406,279199,279199:hypothesis:fra_Latn,hypothesis,False,False,"[""source_label_disagreement""]","[""source_label_disagreement""]",GOLD_DISAGREEMENT,,,False,MATCH,none
409,280977,280977:premise:fra_Latn,premise,False,False,"[""source_label_disagreement""]","[""source_label_disagreement""]",GOLD_DISAGREEMENT,,,False,MATCH,none
409,280977,280977:hypothesis:fra_Latn,hypothesis,False,False,"[""source_label_disagreement""]","[""source_label_disagreement""]",GOLD_DISAGREEMENT,,,False,MATCH,none
410,281436,281436:premise:fra_Latn,premise,False,False,"[""source_label_disagreement""]","[""source_label_disagreement""]",GOLD_DISAGREEMENT,,,False,MATCH,none
410,281436,281436:hypothesis:fra_Latn,hypothesis,False,False,"[""source_label_disagreement""]","[""source_label_disagreement""]",GOLD_DISAGREEMENT,,,False,MATCH,none
384,264764,264764:premise:fra_Latn,premise,False,False,"[""semantic_drift""]","[""semantic_drift""]",RELIABLE_GOLD,0.00020707731891889125,0.9939343333244324,False,MATCH,none
387,268411,268411:premise:fra_Latn,premise,False,False,"[""semantic_drift""]","[""semantic_drift""]",RELIABLE_GOLD,0.6935995817184448,0.9970126152038574,False,MATCH,none
388,268796,268796:premise:fra_Latn,premise,False,False,"[""semantic_drift"",""label_flip""]","[""semantic_drift"",""label_flip""]",RELIABLE_GOLD,0.002377811586484313,0.00020879064686596394,False,MATCH,none
388,268796,268796:hypothesis:fra_Latn,hypothesis,False,False,"[""semantic_drift"",""label_flip""]","[""semantic_drift"",""label_flip""]",RELIABLE_GOLD,0.0006923961918801069,0.0017134543741121888,False,MATCH,none
391,271629,271629:premise:fra_Latn,premise,False,False,"[""semantic_drift""]","[""semantic_drift""]",RELIABLE_GOLD,0.0018293894827365875,0.992790937423706,False,MATCH,none
391,271629,271629:hypothesis:fra_Latn,hypothesis,False,False,"[""trivial_copy""]","[""trivial_copy""]",RELIABLE_GOLD,0.9953891038894653,0.993050217628479,False,MATCH,none
392,272383,272383:hypothesis:fra_Latn,hypothesis,False,False,"[""semantic_drift""]","[""semantic_drift""]",RELIABLE_GOLD,0.3758487105369568,0.9804030656814575,False,MATCH,none
393,272751,272751:hypothesis:fra_Latn,hypothesis,False,False,"[""trivial_copy""]","[""trivial_copy""]",RELIABLE_GOLD,0.9879037737846375,0.9847090244293213,False,MATCH,none
394,272787,272787:hypothesis:fra_Latn,hypothesis,False,False,"[""low_nli_confidence""]","[""low_nli_confidence""]",RELIABLE_GOLD,0.9957833290100098,0.6553197503089905,False,MATCH,none
399,277522,277522:premise:fra_Latn,premise,False,False,"[""semantic_drift"",""label_flip""]","[""semantic_drift"",""label_flip""]",RELIABLE_GOLD,0.03430822119116783,0.18989624083042145,False,MATCH,none
402,277982,277982:premise:fra_Latn,premise,False,False,"[""semantic_drift""]","[""semantic_drift""]",RELIABLE_GOLD,0.03791624307632446,0.995928943157196,False,MATCH,none
403,278462,278462:hypothesis:fra_Latn,hypothesis,False,False,"[""semantic_drift""]","[""semantic_drift""]",RELIABLE_GOLD,0.8854062557220459,0.9886006712913513,False,MATCH,none
404,278595,278595:hypothesis:fra_Latn,hypothesis,False,False,"[""semantic_drift"",""label_flip""]","[""semantic_drift"",""label_flip""]",RELIABLE_GOLD,0.8109484314918518,0.0007518204511143267,False,MATCH,none
408,280508,280508:premise:fra_Latn,premise,False,False,"[""semantic_drift""]","[""semantic_drift""]",RELIABLE_GOLD,0.8928003907203674,0.9993184804916382,False,MATCH,none
413,282686,282686:hypothesis:fra_Latn,hypothesis,False,False,"[""label_flip""]","[""label_flip""]",RELIABLE_GOLD,0.9964118599891663,0.04765590280294418,False,MATCH,none
414,282806,282806:premise:fra_Latn,premise,False,False,"[""trivial_copy""]","[""trivial_copy""]",RELIABLE_GOLD,0.9931848645210266,0.9870772361755371,False,MATCH,none
415,284212,284212:premise:fra_Latn,premise,False,False,"[""semantic_drift"",""label_flip""]","[""semantic_drift"",""label_flip""]",RELIABLE_GOLD,0.003918418660759926,0.004921175539493561,False,MATCH,none
415,284212,284212:hypothesis:fra_Latn,hypothesis,False,False,"[""trivial_copy""]","[""trivial_copy""]",RELIABLE_GOLD,0.992780864238739,0.9963716268539429,False,MATCH,none
440,298894,298894:premise:fra_Latn,premise,False,False,"[""source_label_disagreement""]","[""source_label_disagreement""]",GOLD_DISAGREEMENT,,,False,MATCH,none
440,298894,298894:hypothesis:fra_Latn,hypothesis,False,False,"[""source_label_disagreement""]","[""source_label_disagreement""]",GOLD_DISAGREEMENT,,,False,MATCH,none
442,299206,299206:premise:fra_Latn,premise,False,False,"[""source_label_disagreement""]","[""source_label_disagreement""]",GOLD_DISAGREEMENT,,,False,MATCH,none
442,299206,299206:hypothesis:fra_Latn,hypothesis,False,False,"[""source_label_disagreement""]","[""source_label_disagreement""]",GOLD_DISAGREEMENT,,,False,MATCH,none
416,285462,285462:hypothesis:fra_Latn,hypothesis,False,False,"[""semantic_drift""]","[""semantic_drift""]",RELIABLE_GOLD,0.8707824945449829,0.9988835453987122,False,MATCH,none
417,286692,286692:hypothesis:fra_Latn,hypothesis,False,False,"[""semantic_drift""]","[""semantic_drift""]",RELIABLE_GOLD,0.00021236215252429247,0.9991958737373352,False,MATCH,none
418,287124,287124:premise:fra_Latn,premise,False,False,"[""semantic_drift""]","[""semantic_drift""]",RELIABLE_GOLD,0.0003776468802243471,0.9989675283432007,False,MATCH,none
420,290260,290260:hypothesis:fra_Latn,hypothesis,False,False,"[""low_nli_confidence""]","[""low_nli_confidence""]",RELIABLE_GOLD,0.9954751133918762,0.5941582918167114,False,MATCH,none
422,290839,290839:premise:fra_Latn,premise,False,False,"[""trivial_copy""]","[""trivial_copy""]",RELIABLE_GOLD,0.9966082572937012,0.9982421398162842,False,MATCH,none
423,291507,291507:premise:fra_Latn,premise,False,False,"[""semantic_drift""]","[""semantic_drift""]",RELIABLE_GOLD,0.36121246218681335,0.9963461756706238,False,MATCH,none
424,291984,291984:premise:fra_Latn,premise,False,False,"[""semantic_drift""]","[""semantic_drift""]",RELIABLE_GOLD,0.007656755391508341,0.998630702495575,False,MATCH,none
425,292713,292713:premise:fra_Latn,premise,False,False,"[""semantic_drift""]","[""semantic_drift""]",RELIABLE_GOLD,0.023735415190458298,0.9906231760978699,False,MATCH,none
425,292713,292713:hypothesis:fra_Latn,hypothesis,False,False,"[""semantic_drift""]","[""semantic_drift""]",RELIABLE_GOLD,0.569058895111084,0.9894464612007141,False,MATCH,none
426,292795,292795:premise:fra_Latn,premise,False,False,"[""trivial_copy""]","[""trivial_copy""]",RELIABLE_GOLD,0.9933386445045471,0.9978922009468079,False,MATCH,none
426,292795,292795:hypothesis:fra_Latn,hypothesis,False,False,"[""semantic_drift""]","[""semantic_drift""]",RELIABLE_GOLD,0.8776220083236694,0.9921920895576477,False,MATCH,none
429,293493,293493:premise:fra_Latn,premise,False,False,"[""semantic_drift""]","[""semantic_drift""]",RELIABLE_GOLD,0.43928465247154236,0.9962299466133118,False,MATCH,none
429,293493,293493:hypothesis:fra_Latn,hypothesis,False,False,"[""semantic_drift""]","[""semantic_drift""]",RELIABLE_GOLD,0.09475960582494736,0.9754461646080017,False,MATCH,none
430,293560,293560:hypothesis:fra_Latn,hypothesis,False,False,"[""semantic_drift""]","[""semantic_drift""]",RELIABLE_GOLD,0.6379044651985168,0.9995205402374268,False,MATCH,none
431,293833,293833:premise:fra_Latn,premise,False,False,"[""semantic_drift""]","[""semantic_drift""]",RELIABLE_GOLD,0.10288167744874954,0.9916918277740479,False,MATCH,none
432,294178,294178:premise:fra_Latn,premise,False,False,"[""semantic_drift""]","[""semantic_drift""]",RELIABLE_GOLD,0.648705780506134,0.9924820065498352,False,MATCH,none
432,294178,294178:hypothesis:fra_Latn,hypothesis,False,False,"[""trivial_copy""]","[""trivial_copy""]",RELIABLE_GOLD,0.9963625073432922,0.9962751865386963,False,MATCH,none
433,294223,294223:premise:fra_Latn,premise,False,False,"[""semantic_drift""]","[""semantic_drift""]",RELIABLE_GOLD,0.04725297912955284,0.9996787309646606,False,MATCH,none
433,294223,294223:hypothesis:fra_Latn,hypothesis,False,False,"[""semantic_drift""]","[""semantic_drift""]",RELIABLE_GOLD,0.729493260383606,0.9995564818382263,False,MATCH,none
435,295231,295231:premise:fra_Latn,premise,False,False,"[""semantic_drift""]","[""semantic_drift""]",RELIABLE_GOLD,0.578596293926239,0.9917877316474915,False,MATCH,none
435,295231,295231:hypothesis:fra_Latn,hypothesis,False,False,"[""trivial_copy""]","[""trivial_copy""]",RELIABLE_GOLD,0.9974907636642456,0.9941619038581848,False,MATCH,none
436,295609,295609:premise:fra_Latn,premise,False,False,"[""trivial_copy""]","[""trivial_copy""]",RELIABLE_GOLD,0.9911278486251831,0.9993450045585632,False,MATCH,none
437,295641,295641:premise:fra_Latn,premise,False,False,"[""low_nli_confidence""]","[""low_nli_confidence""]",RELIABLE_GOLD,0.9931674599647522,0.6974002122879028,False,MATCH,none
438,297956,297956:premise:fra_Latn,premise,False,False,"[""semantic_drift""]","[""semantic_drift""]",RELIABLE_GOLD,0.02273782342672348,0.9994924068450928,False,MATCH,none
438,297956,297956:hypothesis:fra_Latn,hypothesis,False,False,"[""semantic_drift""]","[""semantic_drift""]",RELIABLE_GOLD,0.01954239420592785,0.9994889497756958,False,MATCH,none
441,299161,299161:premise:fra_Latn,premise,False,False,"[""trivial_copy""]","[""trivial_copy""]",RELIABLE_GOLD,0.992813766002655,0.9670435786247253,False,MATCH,none
441,299161,299161:hypothesis:fra_Latn,hypothesis,False,False,"[""trivial_copy""]","[""trivial_copy""]",RELIABLE_GOLD,0.997783362865448,0.9670435786247253,False,MATCH,none
445,301270,301270:premise:fra_Latn,premise,False,False,"[""semantic_drift""]","[""semantic_drift""]",RELIABLE_GOLD,0.2109300196170807,0.9589435458183289,False,MATCH,none
447,302107,302107:premise:fra_Latn,premise,False,False,"[""semantic_drift"",""label_flip""]","[""semantic_drift"",""label_flip""]",RELIABLE_GOLD,0.4490463137626648,0.08368851244449615,False,MATCH,none
451,306358,306358:premise:fra_Latn,premise,False,False,"[""source_nli_low_confidence""]","[""source_nli_low_confidence""]",GOLD_LOW_CONFIDENCE,,,False,MATCH,none
451,306358,306358:hypothesis:fra_Latn,hypothesis,False,False,"[""source_nli_low_confidence""]","[""source_nli_low_confidence""]",GOLD_LOW_CONFIDENCE,,,False,MATCH,none
459,310401,310401:premise:fra_Latn,premise,False,False,"[""source_label_disagreement""]","[""source_label_disagreement""]",GOLD_DISAGREEMENT,,,False,MATCH,none
459,310401,310401:hypothesis:fra_Latn,hypothesis,False,False,"[""source_label_disagreement""]","[""source_label_disagreement""]",GOLD_DISAGREEMENT,,,False,MATCH,none
464,311616,311616:premise:fra_Latn,premise,False,False,"[""source_nli_low_confidence""]","[""source_nli_low_confidence""]",GOLD_LOW_CONFIDENCE,,,False,MATCH,none
464,311616,311616:hypothesis:fra_Latn,hypothesis,False,False,"[""source_nli_low_confidence""]","[""source_nli_low_confidence""]",GOLD_LOW_CONFIDENCE,,,False,MATCH,none
467,313693,313693:premise:fra_Latn,premise,False,False,"[""source_label_disagreement""]","[""source_label_disagreement""]",GOLD_DISAGREEMENT,,,False,MATCH,none
467,313693,313693:hypothesis:fra_Latn,hypothesis,False,False,"[""source_label_disagreement""]","[""source_label_disagreement""]",GOLD_DISAGREEMENT,,,False,MATCH,none
469,314877,314877:premise:fra_Latn,premise,False,False,"[""source_label_disagreement""]","[""source_label_disagreement""]",GOLD_DISAGREEMENT,,,False,MATCH,none
469,314877,314877:hypothesis:fra_Latn,hypothesis,False,False,"[""source_label_disagreement""]","[""source_label_disagreement""]",GOLD_DISAGREEMENT,,,False,MATCH,none
476,321140,321140:premise:fra_Latn,premise,False,False,"[""source_label_disagreement""]","[""source_label_disagreement""]",GOLD_DISAGREEMENT,,,False,MATCH,none
476,321140,321140:hypothesis:fra_Latn,hypothesis,False,False,"[""source_label_disagreement""]","[""source_label_disagreement""]",GOLD_DISAGREEMENT,,,False,MATCH,none
478,322012,322012:premise:fra_Latn,premise,False,False,"[""source_label_disagreement""]","[""source_label_disagreement""]",GOLD_DISAGREEMENT,,,False,MATCH,none
478,322012,322012:hypothesis:fra_Latn,hypothesis,False,False,"[""source_label_disagreement""]","[""source_label_disagreement""]",GOLD_DISAGREEMENT,,,False,MATCH,none
450,304578,304578:premise:fra_Latn,premise,False,False,"[""semantic_drift""]","[""semantic_drift""]",RELIABLE_GOLD,0.0011381092481315136,0.9980282187461853,False,MATCH,none
453,307679,307679:hypothesis:fra_Latn,hypothesis,False,False,"[""label_flip""]","[""label_flip""]",RELIABLE_GOLD,0.9948294758796692,0.005569200497120619,False,MATCH,none
455,309108,309108:premise:fra_Latn,premise,False,False,"[""trivial_copy""]","[""trivial_copy""]",RELIABLE_GOLD,0.9966654181480408,0.9996180534362793,False,MATCH,none
455,309108,309108:hypothesis:fra_Latn,hypothesis,False,False,"[""trivial_copy""]","[""trivial_copy""]",RELIABLE_GOLD,0.9974632263183594,0.9996144771575928,False,MATCH,none
457,310001,310001:premise:fra_Latn,premise,False,False,"[""semantic_drift"",""low_nli_confidence""]","[""semantic_drift"",""low_nli_confidence""]",RELIABLE_GOLD,0.0007394323474727571,0.7322633266448975,False,MATCH,none
457,310001,310001:hypothesis:fra_Latn,hypothesis,False,False,"[""trivial_copy""]","[""trivial_copy""]",RELIABLE_GOLD,0.9968382120132446,0.9659766554832458,False,MATCH,none
461,311121,311121:premise:fra_Latn,premise,False,False,"[""semantic_drift""]","[""semantic_drift""]",RELIABLE_GOLD,0.8998230695724487,0.9824005365371704,False,MATCH,none
461,311121,311121:hypothesis:fra_Latn,hypothesis,False,False,"[""semantic_drift""]","[""semantic_drift""]",RELIABLE_GOLD,0.8501359224319458,0.9911296367645264,False,MATCH,none
463,311574,311574:hypothesis:fra_Latn,hypothesis,False,False,"[""semantic_drift"",""label_flip""]","[""semantic_drift"",""label_flip""]",RELIABLE_GOLD,0.18855828046798706,0.06361930817365646,False,MATCH,none
468,314343,314343:premise:fra_Latn,premise,False,False,"[""semantic_drift""]","[""semantic_drift""]",RELIABLE_GOLD,0.0004936234327033162,0.9983437061309814,False,MATCH,none
471,316194,316194:hypothesis:fra_Latn,hypothesis,False,False,"[""trivial_copy""]","[""trivial_copy""]",RELIABLE_GOLD,0.9947373270988464,0.9957183003425598,False,MATCH,none
474,319482,319482:premise:fra_Latn,premise,False,False,"[""semantic_drift""]","[""generation_truncated"",""semantic_drift""]",RELIABLE_GOLD,0.004403217695653439,0.9872584939002991,True,MATCH,none
475,319797,319797:premise:fra_Latn,premise,False,False,"[""semantic_drift""]","[""semantic_drift""]",RELIABLE_GOLD,0.291526198387146,0.9991438388824463,False,MATCH,none
475,319797,319797:hypothesis:fra_Latn,hypothesis,False,False,"[""semantic_drift""]","[""semantic_drift""]",RELIABLE_GOLD,0.0015204352093860507,0.998992383480072,False,MATCH,none
477,321435,321435:premise:fra_Latn,premise,False,False,"[""semantic_drift"",""label_flip""]","[""semantic_drift"",""label_flip""]",RELIABLE_GOLD,0.00041385460644960403,0.01792147569358349,False,MATCH,none
477,321435,321435:hypothesis:fra_Latn,hypothesis,False,False,"[""semantic_drift"",""label_flip""]","[""semantic_drift"",""label_flip""]",RELIABLE_GOLD,0.0005954763619229198,0.0021144510246813297,False,MATCH,none
479,322299,322299:hypothesis:fra_Latn,hypothesis,False,False,"[""label_flip""]","[""label_flip""]",RELIABLE_GOLD,0.9886667728424072,0.07786738872528076,False,MATCH,none
485,326894,326894:premise:fra_Latn,premise,False,False,"[""source_label_disagreement""]","[""source_label_disagreement""]",GOLD_DISAGREEMENT,,,False,MATCH,none
485,326894,326894:hypothesis:fra_Latn,hypothesis,False,False,"[""source_label_disagreement""]","[""source_label_disagreement""]",GOLD_DISAGREEMENT,,,False,MATCH,none
487,327544,327544:premise:fra_Latn,premise,False,False,"[""source_label_disagreement""]","[""source_label_disagreement""]",GOLD_DISAGREEMENT,,,False,MATCH,none
487,327544,327544:hypothesis:fra_Latn,hypothesis,False,False,"[""source_label_disagreement""]","[""source_label_disagreement""]",GOLD_DISAGREEMENT,,,False,MATCH,none
497,335668,335668:premise:fra_Latn,premise,False,False,"[""source_label_disagreement""]","[""source_label_disagreement""]",GOLD_DISAGREEMENT,,,False,MATCH,none
497,335668,335668:hypothesis:fra_Latn,hypothesis,False,False,"[""source_label_disagreement""]","[""source_label_disagreement""]",GOLD_DISAGREEMENT,,,False,MATCH,none
503,338736,338736:premise:fra_Latn,premise,False,False,"[""source_label_disagreement""]","[""source_label_disagreement""]",GOLD_DISAGREEMENT,,,False,MATCH,none
503,338736,338736:hypothesis:fra_Latn,hypothesis,False,False,"[""source_label_disagreement""]","[""source_label_disagreement""]",GOLD_DISAGREEMENT,,,False,MATCH,none
481,323424,323424:premise:fra_Latn,premise,False,False,"[""semantic_drift""]","[""semantic_drift""]",RELIABLE_GOLD,0.0021103182807564735,0.9995973706245422,False,MATCH,none
481,323424,323424:hypothesis:fra_Latn,hypothesis,False,False,"[""trivial_copy""]","[""trivial_copy""]",RELIABLE_GOLD,0.9964053630828857,0.9996150732040405,False,MATCH,none
482,324702,324702:hypothesis:fra_Latn,hypothesis,False,False,"[""trivial_copy""]","[""trivial_copy""]",RELIABLE_GOLD,0.9943548440933228,0.9991064667701721,False,MATCH,none
484,326312,326312:premise:fra_Latn,premise,False,False,"[""label_flip""]","[""label_flip""]",RELIABLE_GOLD,0.9718157052993774,0.07055690139532089,False,MATCH,none
484,326312,326312:hypothesis:fra_Latn,hypothesis,False,False,"[""trivial_copy""]","[""trivial_copy""]",RELIABLE_GOLD,0.9930018782615662,0.8506692051887512,False,MATCH,none
486,327111,327111:hypothesis:fra_Latn,hypothesis,False,False,"[""trivial_copy""]","[""trivial_copy""]",RELIABLE_GOLD,0.9967150688171387,0.9890542030334473,False,MATCH,none
488,327733,327733:premise:fra_Latn,premise,False,False,"[""trivial_copy""]","[""trivial_copy""]",RELIABLE_GOLD,0.9934126734733582,0.9723532199859619,False,MATCH,none
489,328469,328469:hypothesis:fra_Latn,hypothesis,False,False,"[""trivial_copy""]","[""trivial_copy""]",RELIABLE_GOLD,0.9947276711463928,0.9788185358047485,False,MATCH,none
490,330719,330719:hypothesis:fra_Latn,hypothesis,False,False,"[""semantic_drift""]","[""semantic_drift""]",RELIABLE_GOLD,0.00012273844913579524,0.9996720552444458,False,MATCH,none
492,331212,331212:premise:fra_Latn,premise,False,False,"[""semantic_drift""]","[""semantic_drift""]",RELIABLE_GOLD,0.26420852541923523,0.9746959805488586,False,MATCH,none
493,332168,332168:hypothesis:fra_Latn,hypothesis,False,False,"[""semantic_drift""]","[""semantic_drift""]",RELIABLE_GOLD,0.7805790305137634,0.994005560874939,False,MATCH,none
496,334987,334987:hypothesis:fra_Latn,hypothesis,False,False,"[""semantic_drift"",""label_flip""]","[""semantic_drift"",""label_flip""]",RELIABLE_GOLD,0.08887290209531784,0.006483696401119232,False,MATCH,none
498,336330,336330:hypothesis:fra_Latn,hypothesis,False,False,"[""trivial_copy""]","[""trivial_copy""]",RELIABLE_GOLD,0.99598228931427,0.9972412586212158,False,MATCH,none
500,337152,337152:hypothesis:fra_Latn,hypothesis,False,False,"[""semantic_drift""]","[""semantic_drift""]",RELIABLE_GOLD,0.007301732432097197,0.9980581402778625,False,MATCH,none
502,338139,338139:premise:fra_Latn,premise,False,False,"[""semantic_drift""]","[""semantic_drift""]",RELIABLE_GOLD,0.00026734688435681164,0.9934875965118408,False,MATCH,none
504,338834,338834:premise:fra_Latn,premise,False,False,"[""trivial_copy""]","[""trivial_copy""]",RELIABLE_GOLD,0.9928312301635742,0.9916649460792542,False,MATCH,none
505,338871,338871:premise:fra_Latn,premise,False,False,"[""semantic_drift""]","[""semantic_drift""]",RELIABLE_GOLD,0.5161289572715759,0.995201587677002,False,MATCH,none
506,339401,339401:premise:fra_Latn,premise,False,False,"[""semantic_drift""]","[""semantic_drift""]",RELIABLE_GOLD,0.3392261266708374,0.9997379183769226,False,MATCH,none
507,339454,339454:premise:fra_Latn,premise,False,False,"[""label_flip""]","[""label_flip""]",RELIABLE_GOLD,0.9808783531188965,0.2999144494533539,False,MATCH,none
507,339454,339454:hypothesis:fra_Latn,hypothesis,False,False,"[""semantic_drift""]","[""semantic_drift""]",RELIABLE_GOLD,0.13124988973140717,0.9825490713119507,False,MATCH,none
508,340397,340397:hypothesis:fra_Latn,hypothesis,False,False,"[""trivial_copy""]","[""trivial_copy""]",RELIABLE_GOLD,0.9971388578414917,0.9993459582328796,False,MATCH,none
509,340830,340830:premise:fra_Latn,premise,False,False,"[""semantic_drift"",""label_flip""]","[""semantic_drift"",""label_flip""]",RELIABLE_GOLD,0.0002952157228719443,0.009770754724740982,False,MATCH,none
509,340830,340830:hypothesis:fra_Latn,hypothesis,False,False,"[""semantic_drift"",""label_flip""]","[""semantic_drift"",""label_flip""]",RELIABLE_GOLD,0.02036435157060623,0.10988522320985794,False,MATCH,none
511,341509,341509:premise:fra_Latn,premise,False,False,"[""semantic_drift""]","[""semantic_drift""]",RELIABLE_GOLD,0.011470534838736057,0.9995680451393127,False,MATCH,none
524,349463,349463:premise:fra_Latn,premise,False,False,"[""source_label_disagreement""]","[""source_label_disagreement""]",GOLD_DISAGREEMENT,,,False,MATCH,none
524,349463,349463:hypothesis:fra_Latn,hypothesis,False,False,"[""source_label_disagreement""]","[""source_label_disagreement""]",GOLD_DISAGREEMENT,,,False,MATCH,none
527,350537,350537:premise:fra_Latn,premise,False,False,"[""source_label_disagreement""]","[""source_label_disagreement""]",GOLD_DISAGREEMENT,,,False,MATCH,none
527,350537,350537:hypothesis:fra_Latn,hypothesis,False,False,"[""source_label_disagreement""]","[""source_label_disagreement""]",GOLD_DISAGREEMENT,,,False,MATCH,none
533,352989,352989:premise:fra_Latn,premise,False,False,"[""source_nli_low_confidence""]","[""source_nli_low_confidence""]",GOLD_LOW_CONFIDENCE,,,False,MATCH,none
533,352989,352989:hypothesis:fra_Latn,hypothesis,False,False,"[""source_nli_low_confidence""]","[""source_nli_low_confidence""]",GOLD_LOW_CONFIDENCE,,,False,MATCH,none
541,358703,358703:premise:fra_Latn,premise,False,False,"[""source_label_disagreement""]","[""source_label_disagreement""]",GOLD_DISAGREEMENT,,,False,MATCH,none
541,358703,358703:hypothesis:fra_Latn,hypothesis,False,False,"[""source_label_disagreement""]","[""source_label_disagreement""]",GOLD_DISAGREEMENT,,,False,MATCH,none
512,341844,341844:hypothesis:fra_Latn,hypothesis,False,False,"[""trivial_copy""]","[""trivial_copy""]",RELIABLE_GOLD,0.9958022236824036,0.9993845224380493,False,MATCH,none
513,342089,342089:hypothesis:fra_Latn,hypothesis,False,False,"[""trivial_copy""]","[""trivial_copy""]",RELIABLE_GOLD,0.9972915053367615,0.9993013143539429,False,MATCH,none
514,342956,342956:premise:fra_Latn,premise,False,False,"[""semantic_drift"",""low_nli_confidence""]","[""generation_truncated"",""semantic_drift"",""low_nli_confidence""]",RELIABLE_GOLD,0.011766402050852776,0.7429851293563843,True,MATCH,none
514,342956,342956:hypothesis:fra_Latn,hypothesis,False,False,"[""semantic_drift""]","[""semantic_drift""]",RELIABLE_GOLD,0.8787874579429626,0.9974316954612732,False,MATCH,none
516,343889,343889:premise:fra_Latn,premise,False,False,"[""semantic_drift"",""label_flip""]","[""semantic_drift"",""label_flip""]",RELIABLE_GOLD,0.00013643827696796507,0.00023205261095426977,False,MATCH,none
516,343889,343889:hypothesis:fra_Latn,hypothesis,False,False,"[""trivial_copy""]","[""trivial_copy""]",RELIABLE_GOLD,0.9981568455696106,0.9960468411445618,False,MATCH,none
517,344181,344181:premise:fra_Latn,premise,False,False,"[""semantic_drift""]","[""semantic_drift""]",RELIABLE_GOLD,0.19108401238918304,0.9989832043647766,False,MATCH,none
517,344181,344181:hypothesis:fra_Latn,hypothesis,False,False,"[""trivial_copy""]","[""trivial_copy""]",RELIABLE_GOLD,0.9968200922012329,0.9988605976104736,False,MATCH,none
518,344451,344451:hypothesis:fra_Latn,hypothesis,False,False,"[""semantic_drift""]","[""semantic_drift""]",RELIABLE_GOLD,0.1406022608280182,0.9907604455947876,False,MATCH,none
520,344964,344964:hypothesis:fra_Latn,hypothesis,False,False,"[""semantic_drift""]","[""semantic_drift""]",RELIABLE_GOLD,0.00016039481852203608,0.9994853734970093,False,MATCH,none
521,346374,346374:premise:fra_Latn,premise,False,False,"[""semantic_drift"",""numeric_value_changed""]","[""numeric_value_changed"",""semantic_drift""]",RELIABLE_GOLD,0.023720720782876015,0.9992979764938354,False,MATCH,none
523,349312,349312:hypothesis:fra_Latn,hypothesis,False,False,"[""trivial_copy""]","[""trivial_copy""]",RELIABLE_GOLD,0.9980352520942688,0.9989191293716431,False,MATCH,none
525,349723,349723:hypothesis:fra_Latn,hypothesis,False,False,"[""semantic_drift""]","[""semantic_drift""]",RELIABLE_GOLD,0.0001297050912398845,0.9788368344306946,False,MATCH,none
526,350091,350091:premise:fra_Latn,premise,False,False,"[""semantic_drift""]","[""semantic_drift""]",RELIABLE_GOLD,0.0015895282849669456,0.9926804900169373,False,MATCH,none
526,350091,350091:hypothesis:fra_Latn,hypothesis,False,False,"[""trivial_copy""]","[""trivial_copy""]",RELIABLE_GOLD,0.9949283599853516,0.9834451079368591,False,MATCH,none
528,351322,351322:premise:fra_Latn,premise,False,False,"[""numeric_value_changed""]","[""numeric_value_changed""]",RELIABLE_GOLD,0.9851307272911072,0.9997085928916931,False,MATCH,none
528,351322,351322:hypothesis:fra_Latn,hypothesis,False,False,"[""semantic_drift""]","[""semantic_drift""]",RELIABLE_GOLD,0.03330496698617935,0.9988497495651245,False,MATCH,none
529,351356,351356:premise:fra_Latn,premise,False,False,"[""semantic_drift""]","[""semantic_drift""]",RELIABLE_GOLD,0.01924566738307476,0.9947388768196106,False,MATCH,none
529,351356,351356:hypothesis:fra_Latn,hypothesis,False,False,"[""semantic_drift""]","[""semantic_drift""]",RELIABLE_GOLD,0.5348758101463318,0.9804392457008362,False,MATCH,none
532,352765,352765:premise:fra_Latn,premise,False,False,"[""semantic_drift""]","[""semantic_drift""]",RELIABLE_GOLD,0.02721257507801056,0.9937365055084229,False,MATCH,none
534,353921,353921:premise:fra_Latn,premise,False,False,"[""semantic_drift""]","[""semantic_drift""]",RELIABLE_GOLD,0.7758718729019165,0.9993069171905518,False,MATCH,none
536,355209,355209:hypothesis:fra_Latn,hypothesis,False,False,"[""semantic_drift""]","[""semantic_drift""]",RELIABLE_GOLD,0.00018160781473852694,0.9994526505470276,False,MATCH,none
538,356013,356013:hypothesis:fra_Latn,hypothesis,False,False,"[""low_nli_confidence""]","[""low_nli_confidence""]",RELIABLE_GOLD,0.9927089214324951,0.6365990042686462,False,MATCH,none
540,357578,357578:premise:fra_Latn,premise,False,False,"[""semantic_drift""]","[""semantic_drift""]",RELIABLE_GOLD,0.1626119464635849,0.9995948672294617,False,MATCH,none
544,359675,359675:premise:fra_Latn,premise,False,False,"[""source_label_disagreement""]","[""source_label_disagreement""]",GOLD_DISAGREEMENT,,,False,MATCH,none
544,359675,359675:hypothesis:fra_Latn,hypothesis,False,False,"[""source_label_disagreement""]","[""source_label_disagreement""]",GOLD_DISAGREEMENT,,,False,MATCH,none
556,369541,369541:premise:fra_Latn,premise,False,False,"[""source_label_disagreement""]","[""source_label_disagreement""]",GOLD_DISAGREEMENT,,,False,MATCH,none
556,369541,369541:hypothesis:fra_Latn,hypothesis,False,False,"[""source_label_disagreement""]","[""source_label_disagreement""]",GOLD_DISAGREEMENT,,,False,MATCH,none
557,369982,369982:premise:fra_Latn,premise,False,False,"[""source_nli_low_confidence""]","[""source_nli_low_confidence""]",GOLD_LOW_CONFIDENCE,,,False,MATCH,none
557,369982,369982:hypothesis:fra_Latn,hypothesis,False,False,"[""source_nli_low_confidence""]","[""source_nli_low_confidence""]",GOLD_LOW_CONFIDENCE,,,False,MATCH,none
558,371082,371082:premise:fra_Latn,premise,False,False,"[""source_nli_low_confidence""]","[""source_nli_low_confidence""]",GOLD_LOW_CONFIDENCE,,,False,MATCH,none
558,371082,371082:hypothesis:fra_Latn,hypothesis,False,False,"[""source_nli_low_confidence""]","[""source_nli_low_confidence""]",GOLD_LOW_CONFIDENCE,,,False,MATCH,none
559,371632,371632:premise:fra_Latn,premise,False,False,"[""source_nli_low_confidence""]","[""source_nli_low_confidence""]",GOLD_LOW_CONFIDENCE,,,False,MATCH,none
559,371632,371632:hypothesis:fra_Latn,hypothesis,False,False,"[""source_nli_low_confidence""]","[""source_nli_low_confidence""]",GOLD_LOW_CONFIDENCE,,,False,MATCH,none
564,374215,374215:premise:fra_Latn,premise,False,False,"[""source_label_disagreement""]","[""source_label_disagreement""]",GOLD_DISAGREEMENT,,,False,MATCH,none
564,374215,374215:hypothesis:fra_Latn,hypothesis,False,False,"[""source_label_disagreement""]","[""source_label_disagreement""]",GOLD_DISAGREEMENT,,,False,MATCH,none
566,374679,374679:premise:fra_Latn,premise,False,False,"[""source_label_disagreement""]","[""source_label_disagreement""]",GOLD_DISAGREEMENT,,,False,MATCH,none
566,374679,374679:hypothesis:fra_Latn,hypothesis,False,False,"[""source_label_disagreement""]","[""source_label_disagreement""]",GOLD_DISAGREEMENT,,,False,MATCH,none
546,360709,360709:premise:fra_Latn,premise,False,False,"[""semantic_drift""]","[""semantic_drift""]",RELIABLE_GOLD,0.023143690079450607,0.9981277585029602,False,MATCH,none
546,360709,360709:hypothesis:fra_Latn,hypothesis,False,False,"[""trivial_copy""]","[""trivial_copy""]",RELIABLE_GOLD,0.9963108897209167,0.9982041120529175,False,MATCH,none
548,361621,361621:premise:fra_Latn,premise,False,False,"[""label_flip""]","[""label_flip""]",RELIABLE_GOLD,0.9593701362609863,0.009680444374680519,False,MATCH,none
548,361621,361621:hypothesis:fra_Latn,hypothesis,False,False,"[""trivial_copy""]","[""trivial_copy""]",RELIABLE_GOLD,0.9971826076507568,0.9944227337837219,False,MATCH,none
549,363227,363227:premise:fra_Latn,premise,False,False,"[""trivial_copy""]","[""trivial_copy""]",RELIABLE_GOLD,0.9958735108375549,0.9503093957901001,False,MATCH,none
549,363227,363227:hypothesis:fra_Latn,hypothesis,False,False,"[""trivial_copy""]","[""trivial_copy""]",RELIABLE_GOLD,0.997559666633606,0.9731098413467407,False,MATCH,none
550,364369,364369:hypothesis:fra_Latn,hypothesis,False,False,"[""trivial_copy""]","[""trivial_copy""]",RELIABLE_GOLD,0.9973747730255127,0.9992232322692871,False,MATCH,none
551,364429,364429:hypothesis:fra_Latn,hypothesis,False,False,"[""trivial_copy""]","[""trivial_copy""]",RELIABLE_GOLD,0.995617151260376,0.9358646869659424,False,MATCH,none
555,369396,369396:hypothesis:fra_Latn,hypothesis,False,False,"[""trivial_copy""]","[""trivial_copy""]",RELIABLE_GOLD,0.9971122741699219,0.9935770630836487,False,MATCH,none
561,372611,372611:premise:fra_Latn,premise,False,False,"[""semantic_drift""]","[""semantic_drift""]",RELIABLE_GOLD,0.7073532342910767,0.9943689703941345,False,MATCH,none
562,372919,372919:premise:fra_Latn,premise,False,False,"[""trivial_copy""]","[""trivial_copy""]",RELIABLE_GOLD,0.9959194660186768,0.9944473505020142,False,MATCH,none
563,373879,373879:hypothesis:fra_Latn,hypothesis,False,False,"[""trivial_copy""]","[""trivial_copy""]",RELIABLE_GOLD,0.9970889687538147,0.9996534585952759,False,MATCH,none
565,374596,374596:premise:fra_Latn,premise,False,False,"[""trivial_copy""]","[""trivial_copy""]",RELIABLE_GOLD,0.9960600733757019,0.9979286193847656,False,MATCH,none
565,374596,374596:hypothesis:fra_Latn,hypothesis,False,False,"[""label_flip""]","[""label_flip""]",RELIABLE_GOLD,0.9960249662399292,0.0828697457909584,False,MATCH,none
568,375602,375602:hypothesis:fra_Latn,hypothesis,False,False,"[""semantic_drift""]","[""semantic_drift""]",RELIABLE_GOLD,0.000940103258471936,0.9966323971748352,False,MATCH,none
570,376867,376867:premise:fra_Latn,premise,False,False,"[""semantic_drift""]","[""semantic_drift""]",RELIABLE_GOLD,0.4952601194381714,0.976477324962616,False,MATCH,none
570,376867,376867:hypothesis:fra_Latn,hypothesis,False,False,"[""semantic_drift""]","[""semantic_drift""]",RELIABLE_GOLD,0.5685330033302307,0.976824939250946,False,MATCH,none
571,377799,377799:hypothesis:fra_Latn,hypothesis,False,False,"[""trivial_copy""]","[""trivial_copy""]",RELIABLE_GOLD,0.9962354302406311,0.9964756369590759,False,MATCH,none
572,377914,377914:hypothesis:fra_Latn,hypothesis,False,False,"[""semantic_drift""]","[""semantic_drift""]",RELIABLE_GOLD,0.046648070216178894,0.9960183501243591,False,MATCH,none
575,381415,381415:premise:fra_Latn,premise,False,False,"[""semantic_drift""]","[""semantic_drift""]",RELIABLE_GOLD,0.00310847582295537,0.9617884159088135,False,MATCH,none
575,381415,381415:hypothesis:fra_Latn,hypothesis,False,False,"[""semantic_drift""]","[""semantic_drift""]",RELIABLE_GOLD,0.014766705222427845,0.995854377746582,False,MATCH,none
584,389488,389488:premise:fra_Latn,premise,False,False,"[""source_label_disagreement""]","[""source_label_disagreement""]",GOLD_DISAGREEMENT,,,False,MATCH,none
584,389488,389488:hypothesis:fra_Latn,hypothesis,False,False,"[""source_label_disagreement""]","[""source_label_disagreement""]",GOLD_DISAGREEMENT,,,False,MATCH,none
588,394495,394495:premise:fra_Latn,premise,False,False,"[""source_label_disagreement""]","[""source_label_disagreement""]",GOLD_DISAGREEMENT,,,False,MATCH,none
588,394495,394495:hypothesis:fra_Latn,hypothesis,False,False,"[""source_label_disagreement""]","[""source_label_disagreement""]",GOLD_DISAGREEMENT,,,False,MATCH,none
595,398189,398189:premise:fra_Latn,premise,False,False,"[""source_label_disagreement""]","[""source_label_disagreement""]",GOLD_DISAGREEMENT,,,False,MATCH,none
595,398189,398189:hypothesis:fra_Latn,hypothesis,False,False,"[""source_label_disagreement""]","[""source_label_disagreement""]",GOLD_DISAGREEMENT,,,False,MATCH,none
605,405381,405381:premise:fra_Latn,premise,False,False,"[""source_label_disagreement""]","[""source_label_disagreement""]",GOLD_DISAGREEMENT,,,False,MATCH,none
605,405381,405381:hypothesis:fra_Latn,hypothesis,False,False,"[""source_label_disagreement""]","[""source_label_disagreement""]",GOLD_DISAGREEMENT,,,False,MATCH,none
576,381818,381818:premise:fra_Latn,premise,False,False,"[""trivial_copy""]","[""trivial_copy""]",RELIABLE_GOLD,0.9934098124504089,0.9964345693588257,False,MATCH,none
579,383368,383368:premise:fra_Latn,premise,False,False,"[""semantic_drift""]","[""semantic_drift""]",RELIABLE_GOLD,0.0006111207767389715,0.8033909201622009,False,MATCH,none
579,383368,383368:hypothesis:fra_Latn,hypothesis,False,False,"[""trivial_copy""]","[""trivial_copy""]",RELIABLE_GOLD,0.9954087138175964,0.9444877505302429,False,MATCH,none
581,385656,385656:premise:fra_Latn,premise,False,False,"[""semantic_drift""]","[""semantic_drift""]",RELIABLE_GOLD,0.8701163530349731,0.9992371797561646,False,MATCH,none
581,385656,385656:hypothesis:fra_Latn,hypothesis,False,False,"[""semantic_drift""]","[""semantic_drift""]",RELIABLE_GOLD,0.018148209899663925,0.9888091683387756,False,MATCH,none
582,387067,387067:hypothesis:fra_Latn,hypothesis,False,False,"[""semantic_drift""]","[""semantic_drift""]",RELIABLE_GOLD,0.0008353274897672236,0.9748645424842834,False,MATCH,none
583,388849,388849:premise:fra_Latn,premise,False,False,"[""semantic_drift""]","[""semantic_drift""]",RELIABLE_GOLD,0.29827502369880676,0.999640941619873,False,MATCH,none
585,389577,389577:hypothesis:fra_Latn,hypothesis,False,False,"[""semantic_drift"",""label_flip""]","[""semantic_drift"",""label_flip""]",RELIABLE_GOLD,0.0007080300711095333,0.00026148324832320213,False,MATCH,none
586,390330,390330:premise:fra_Latn,premise,False,False,"[""semantic_drift""]","[""semantic_drift""]",RELIABLE_GOLD,0.03926221281290054,0.999049961566925,False,MATCH,none
591,396067,396067:hypothesis:fra_Latn,hypothesis,False,False,"[""trivial_copy""]","[""trivial_copy""]",RELIABLE_GOLD,0.9952926635742188,0.9967395663261414,False,MATCH,none
593,396554,396554:premise:fra_Latn,premise,False,False,"[""semantic_drift"",""label_flip""]","[""semantic_drift"",""label_flip""]",RELIABLE_GOLD,0.0008137804688885808,0.0009805683512240648,False,MATCH,none
593,396554,396554:hypothesis:fra_Latn,hypothesis,False,False,"[""trivial_copy""]","[""trivial_copy""]",RELIABLE_GOLD,0.9971107244491577,0.8252729177474976,False,MATCH,none
597,399855,399855:hypothesis:fra_Latn,hypothesis,False,False,"[""semantic_drift"",""label_flip""]","[""semantic_drift"",""label_flip""]",RELIABLE_GOLD,0.68727707862854,0.010619518347084522,False,MATCH,none
598,400206,400206:hypothesis:fra_Latn,hypothesis,False,False,"[""semantic_drift""]","[""semantic_drift""]",RELIABLE_GOLD,0.00019660656107589602,0.9989450573921204,False,MATCH,none
599,400731,400731:hypothesis:fra_Latn,hypothesis,False,False,"[""semantic_drift"",""label_flip""]","[""semantic_drift"",""label_flip""]",RELIABLE_GOLD,0.2610834836959839,0.011049571447074413,False,MATCH,none
600,400864,400864:hypothesis:fra_Latn,hypothesis,False,False,"[""label_flip""]","[""label_flip""]",RELIABLE_GOLD,0.9973796606063843,0.375914603471756,False,MATCH,none
602,403554,403554:premise:fra_Latn,premise,False,False,"[""semantic_drift""]","[""semantic_drift""]",RELIABLE_GOLD,8.673829142935574e-05,0.8517856001853943,False,MATCH,none
603,403976,403976:hypothesis:fra_Latn,hypothesis,False,False,"[""trivial_copy""]","[""trivial_copy""]",RELIABLE_GOLD,0.9969527721405029,0.9997472167015076,False,MATCH,none
607,407321,407321:premise:fra_Latn,premise,False,False,"[""trivial_copy""]","[""trivial_copy""]",RELIABLE_GOLD,0.990059494972229,0.9983117580413818,False,MATCH,none
609,412899,412899:premise:fra_Latn,premise,False,False,"[""source_label_disagreement""]","[""source_label_disagreement""]",GOLD_DISAGREEMENT,,,False,MATCH,none
609,412899,412899:hypothesis:fra_Latn,hypothesis,False,False,"[""source_label_disagreement""]","[""source_label_disagreement""]",GOLD_DISAGREEMENT,,,False,MATCH,none
617,420064,420064:premise:fra_Latn,premise,False,False,"[""source_label_disagreement""]","[""source_label_disagreement""]",GOLD_DISAGREEMENT,,,False,MATCH,none
617,420064,420064:hypothesis:fra_Latn,hypothesis,False,False,"[""source_label_disagreement""]","[""source_label_disagreement""]",GOLD_DISAGREEMENT,,,False,MATCH,none
621,423518,423518:premise:fra_Latn,premise,False,False,"[""source_label_disagreement""]","[""source_label_disagreement""]",GOLD_DISAGREEMENT,,,False,MATCH,none
621,423518,423518:hypothesis:fra_Latn,hypothesis,False,False,"[""source_label_disagreement""]","[""source_label_disagreement""]",GOLD_DISAGREEMENT,,,False,MATCH,none
638,436878,436878:premise:fra_Latn,premise,False,False,"[""source_label_disagreement""]","[""source_label_disagreement""]",GOLD_DISAGREEMENT,,,False,MATCH,none
638,436878,436878:hypothesis:fra_Latn,hypothesis,False,False,"[""source_label_disagreement""]","[""source_label_disagreement""]",GOLD_DISAGREEMENT,,,False,MATCH,none
610,413131,413131:hypothesis:fra_Latn,hypothesis,False,False,"[""low_nli_confidence""]","[""low_nli_confidence""]",RELIABLE_GOLD,0.9859960675239563,0.7811066508293152,False,MATCH,none
613,416052,416052:premise:fra_Latn,premise,False,False,"[""semantic_drift""]","[""semantic_drift""]",RELIABLE_GOLD,0.00158750731498003,0.9841920137405396,False,MATCH,none
614,417237,417237:premise:fra_Latn,premise,False,False,"[""trivial_copy""]","[""trivial_copy""]",RELIABLE_GOLD,0.9942564368247986,0.9663259387016296,False,MATCH,none
615,418334,418334:premise:fra_Latn,premise,False,False,"[""low_nli_confidence""]","[""low_nli_confidence""]",RELIABLE_GOLD,0.9845378398895264,0.7376106381416321,False,MATCH,none
615,418334,418334:hypothesis:fra_Latn,hypothesis,False,False,"[""trivial_copy""]","[""trivial_copy""]",RELIABLE_GOLD,0.9978675842285156,0.9950491786003113,False,MATCH,none
623,424612,424612:premise:fra_Latn,premise,False,False,"[""semantic_drift""]","[""semantic_drift""]",RELIABLE_GOLD,0.0006568901590071619,0.999321699142456,False,MATCH,none
623,424612,424612:hypothesis:fra_Latn,hypothesis,False,False,"[""semantic_drift"",""low_nli_confidence""]","[""semantic_drift"",""low_nli_confidence""]",RELIABLE_GOLD,0.7336173057556152,0.7813566327095032,False,MATCH,none
626,426473,426473:premise:fra_Latn,premise,False,False,"[""semantic_drift""]","[""semantic_drift""]",RELIABLE_GOLD,0.009646064601838589,0.9991118311882019,False,MATCH,none
626,426473,426473:hypothesis:fra_Latn,hypothesis,False,False,"[""semantic_drift""]","[""semantic_drift""]",RELIABLE_GOLD,0.3361586630344391,0.9991379976272583,False,MATCH,none
628,426839,426839:hypothesis:fra_Latn,hypothesis,False,False,"[""semantic_drift"",""label_flip""]","[""semantic_drift"",""label_flip""]",RELIABLE_GOLD,0.04854520410299301,0.002748325001448393,False,MATCH,none
629,427833,427833:premise:fra_Latn,premise,False,False,"[""trivial_copy""]","[""trivial_copy""]",RELIABLE_GOLD,0.9697599411010742,0.957714319229126,False,MATCH,none
629,427833,427833:hypothesis:fra_Latn,hypothesis,False,False,"[""semantic_drift""]","[""semantic_drift""]",RELIABLE_GOLD,0.09919925034046173,0.998963475227356,False,MATCH,none
632,430526,430526:hypothesis:fra_Latn,hypothesis,False,False,"[""trivial_copy""]","[""trivial_copy""]",RELIABLE_GOLD,0.9977385997772217,0.9994837045669556,False,MATCH,none
633,431648,431648:premise:fra_Latn,premise,False,False,"[""semantic_drift"",""label_flip""]","[""semantic_drift"",""label_flip""]",RELIABLE_GOLD,0.0014100878033787012,0.0032154174987226725,False,MATCH,none
633,431648,431648:hypothesis:fra_Latn,hypothesis,False,False,"[""trivial_copy""]","[""trivial_copy""]",RELIABLE_GOLD,0.9966579675674438,0.9991962313652039,False,MATCH,none
634,431938,431938:hypothesis:fra_Latn,hypothesis,False,False,"[""trivial_copy""]","[""trivial_copy""]",RELIABLE_GOLD,0.9966869950294495,0.9997377991676331,False,MATCH,none
636,432209,432209:premise:fra_Latn,premise,False,False,"[""semantic_drift""]","[""semantic_drift""]",RELIABLE_GOLD,0.0005614702822640538,0.9996556043624878,False,MATCH,none
640,438773,438773:premise:fra_Latn,premise,False,False,"[""source_nli_low_confidence""]","[""source_nli_low_confidence""]",GOLD_LOW_CONFIDENCE,,,False,MATCH,none
640,438773,438773:hypothesis:fra_Latn,hypothesis,False,False,"[""source_nli_low_confidence""]","[""source_nli_low_confidence""]",GOLD_LOW_CONFIDENCE,,,False,MATCH,none
643,441240,441240:premise:fra_Latn,premise,False,False,"[""source_label_disagreement""]","[""source_label_disagreement""]",GOLD_DISAGREEMENT,,,False,MATCH,none
643,441240,441240:hypothesis:fra_Latn,hypothesis,False,False,"[""source_label_disagreement""]","[""source_label_disagreement""]",GOLD_DISAGREEMENT,,,False,MATCH,none
654,448081,448081:premise:fra_Latn,premise,False,False,"[""source_label_disagreement""]","[""source_label_disagreement""]",GOLD_DISAGREEMENT,,,False,MATCH,none
654,448081,448081:hypothesis:fra_Latn,hypothesis,False,False,"[""source_label_disagreement""]","[""source_label_disagreement""]",GOLD_DISAGREEMENT,,,False,MATCH,none
656,448470,448470:premise:fra_Latn,premise,False,False,"[""source_label_disagreement""]","[""source_label_disagreement""]",GOLD_DISAGREEMENT,,,False,MATCH,none
656,448470,448470:hypothesis:fra_Latn,hypothesis,False,False,"[""source_label_disagreement""]","[""source_label_disagreement""]",GOLD_DISAGREEMENT,,,False,MATCH,none
657,448551,448551:premise:fra_Latn,premise,False,False,"[""source_label_disagreement""]","[""source_label_disagreement""]",GOLD_DISAGREEMENT,,,False,MATCH,none
657,448551,448551:hypothesis:fra_Latn,hypothesis,False,False,"[""source_label_disagreement""]","[""source_label_disagreement""]",GOLD_DISAGREEMENT,,,False,MATCH,none
660,450767,450767:premise:fra_Latn,premise,False,False,"[""source_label_disagreement""]","[""source_label_disagreement""]",GOLD_DISAGREEMENT,,,False,MATCH,none
660,450767,450767:hypothesis:fra_Latn,hypothesis,False,False,"[""source_label_disagreement""]","[""source_label_disagreement""]",GOLD_DISAGREEMENT,,,False,MATCH,none
662,450940,450940:premise:fra_Latn,premise,False,False,"[""source_label_disagreement""]","[""source_label_disagreement""]",GOLD_DISAGREEMENT,,,False,MATCH,none
662,450940,450940:hypothesis:fra_Latn,hypothesis,False,False,"[""source_label_disagreement""]","[""source_label_disagreement""]",GOLD_DISAGREEMENT,,,False,MATCH,none
663,452118,452118:premise:fra_Latn,premise,False,False,"[""source_nli_low_confidence""]","[""source_nli_low_confidence""]",GOLD_LOW_CONFIDENCE,,,False,MATCH,none
663,452118,452118:hypothesis:fra_Latn,hypothesis,False,False,"[""source_nli_low_confidence""]","[""source_nli_low_confidence""]",GOLD_LOW_CONFIDENCE,,,False,MATCH,none
665,455935,455935:premise:fra_Latn,premise,False,False,"[""source_nli_low_confidence""]","[""source_nli_low_confidence""]",GOLD_LOW_CONFIDENCE,,,False,MATCH,none
665,455935,455935:hypothesis:fra_Latn,hypothesis,False,False,"[""source_nli_low_confidence""]","[""source_nli_low_confidence""]",GOLD_LOW_CONFIDENCE,,,False,MATCH,none
641,439665,439665:premise:fra_Latn,premise,False,False,"[""semantic_drift""]","[""generation_truncated"",""semantic_drift""]",RELIABLE_GOLD,0.8792370557785034,0.9995633959770203,True,MATCH,none
641,439665,439665:hypothesis:fra_Latn,hypothesis,False,False,"[""semantic_drift""]","[""semantic_drift""]",RELIABLE_GOLD,0.05186861753463745,0.9996750354766846,False,MATCH,none
642,441211,441211:premise:fra_Latn,premise,False,False,"[""semantic_drift""]","[""semantic_drift""]",RELIABLE_GOLD,0.0002466489968355745,0.9984470009803772,False,MATCH,none
642,441211,441211:hypothesis:fra_Latn,hypothesis,False,False,"[""low_nli_confidence""]","[""low_nli_confidence""]",RELIABLE_GOLD,0.9318681359291077,0.5971842408180237,False,MATCH,none
644,441625,441625:premise:fra_Latn,premise,False,False,"[""semantic_drift""]","[""semantic_drift""]",RELIABLE_GOLD,0.012649479322135448,0.9981124401092529,False,MATCH,none
644,441625,441625:hypothesis:fra_Latn,hypothesis,False,False,"[""semantic_drift""]","[""semantic_drift""]",RELIABLE_GOLD,0.002074724528938532,0.9654029011726379,False,MATCH,none
645,441649,441649:hypothesis:fra_Latn,hypothesis,False,False,"[""label_flip""]","[""label_flip""]",RELIABLE_GOLD,0.9353086352348328,0.2515324354171753,False,MATCH,none
646,442027,442027:hypothesis:fra_Latn,hypothesis,False,False,"[""semantic_drift""]","[""semantic_drift""]",RELIABLE_GOLD,0.029325775802135468,0.9992715716362,False,MATCH,none
647,442332,442332:premise:fra_Latn,premise,False,False,"[""semantic_drift""]","[""semantic_drift""]",RELIABLE_GOLD,0.5443453788757324,0.9997221827507019,False,MATCH,none
647,442332,442332:hypothesis:fra_Latn,hypothesis,False,False,"[""trivial_copy""]","[""trivial_copy""]",RELIABLE_GOLD,0.9973313808441162,0.9997001886367798,False,MATCH,none
648,442910,442910:premise:fra_Latn,premise,False,False,"[""trivial_copy""]","[""trivial_copy""]",RELIABLE_GOLD,0.9960112571716309,0.9818030595779419,False,MATCH,none
648,442910,442910:hypothesis:fra_Latn,hypothesis,False,False,"[""semantic_drift""]","[""semantic_drift""]",RELIABLE_GOLD,0.01639060489833355,0.9980853796005249,False,MATCH,none
651,445900,445900:premise:fra_Latn,premise,False,False,"[""semantic_drift""]","[""semantic_drift""]",RELIABLE_GOLD,0.3502925634384155,0.9930279850959778,False,MATCH,none
652,446052,446052:premise:fra_Latn,premise,False,False,"[""trivial_copy""]","[""trivial_copy""]",RELIABLE_GOLD,0.9909810423851013,0.9880727529525757,False,MATCH,none
652,446052,446052:hypothesis:fra_Latn,hypothesis,False,False,"[""trivial_copy""]","[""trivial_copy""]",RELIABLE_GOLD,0.9980011582374573,0.9937751293182373,False,MATCH,none
653,447248,447248:hypothesis:fra_Latn,hypothesis,False,False,"[""trivial_copy""]","[""trivial_copy""]",RELIABLE_GOLD,0.9967899918556213,0.8958956003189087,False,MATCH,none
658,449726,449726:premise:fra_Latn,premise,False,False,"[""trivial_copy""]","[""trivial_copy""]",RELIABLE_GOLD,0.9966945648193359,0.9988407492637634,False,MATCH,none
658,449726,449726:hypothesis:fra_Latn,hypothesis,False,False,"[""trivial_copy""]","[""trivial_copy""]",RELIABLE_GOLD,0.995940089225769,0.9988306164741516,False,MATCH,none
659,450435,450435:premise:fra_Latn,premise,False,False,"[""semantic_drift""]","[""semantic_drift""]",RELIABLE_GOLD,0.0033871661871671677,0.9973959922790527,False,MATCH,none
659,450435,450435:hypothesis:fra_Latn,hypothesis,False,False,"[""semantic_drift""]","[""semantic_drift""]",RELIABLE_GOLD,0.0058726100251078606,0.9984880685806274,False,MATCH,none
664,453097,453097:premise:fra_Latn,premise,False,False,"[""semantic_drift""]","[""semantic_drift""]",RELIABLE_GOLD,0.02200957015156746,0.9983640313148499,False,MATCH,none
666,456117,456117:premise:fra_Latn,premise,False,False,"[""trivial_copy""]","[""trivial_copy""]",RELIABLE_GOLD,0.9936186075210571,0.9936884045600891,False,MATCH,none
666,456117,456117:hypothesis:fra_Latn,hypothesis,False,False,"[""trivial_copy""]","[""trivial_copy""]",RELIABLE_GOLD,0.996189534664154,0.9804471731185913,False,MATCH,none
667,456266,456266:hypothesis:fra_Latn,hypothesis,False,False,"[""semantic_drift"",""label_flip""]","[""semantic_drift"",""label_flip""]",RELIABLE_GOLD,0.0019984429236501455,0.0071129994466900826,False,MATCH,none
669,456772,456772:premise:fra_Latn,premise,False,False,"[""semantic_drift"",""numeric_value_changed""]","[""numeric_value_changed"",""semantic_drift""]",RELIABLE_GOLD,0.02404751069843769,0.9968219995498657,False,MATCH,none
669,456772,456772:hypothesis:fra_Latn,hypothesis,False,False,"[""trivial_copy""]","[""trivial_copy""]",RELIABLE_GOLD,0.9966912269592285,0.9734965562820435,False,MATCH,none
670,457878,457878:premise:fra_Latn,premise,False,False,"[""trivial_copy""]","[""trivial_copy""]",RELIABLE_GOLD,0.996246874332428,0.9960638880729675,False,MATCH,none
670,457878,457878:hypothesis:fra_Latn,hypothesis,False,False,"[""trivial_copy""]","[""trivial_copy""]",RELIABLE_GOLD,0.9908388257026672,0.9964244961738586,False,MATCH,none
676,463262,463262:premise:fra_Latn,premise,False,False,"[""source_label_disagreement""]","[""source_label_disagreement""]",GOLD_DISAGREEMENT,,,False,MATCH,none
676,463262,463262:hypothesis:fra_Latn,hypothesis,False,False,"[""source_label_disagreement""]","[""source_label_disagreement""]",GOLD_DISAGREEMENT,,,False,MATCH,none
678,463572,463572:premise:fra_Latn,premise,False,False,"[""source_label_disagreement""]","[""source_label_disagreement""]",GOLD_DISAGREEMENT,,,False,MATCH,none
678,463572,463572:hypothesis:fra_Latn,hypothesis,False,False,"[""source_label_disagreement""]","[""source_label_disagreement""]",GOLD_DISAGREEMENT,,,False,MATCH,none
685,467865,467865:premise:fra_Latn,premise,False,False,"[""source_label_disagreement""]","[""source_label_disagreement""]",GOLD_DISAGREEMENT,,,False,MATCH,none
685,467865,467865:hypothesis:fra_Latn,hypothesis,False,False,"[""source_label_disagreement""]","[""source_label_disagreement""]",GOLD_DISAGREEMENT,,,False,MATCH,none
693,474441,474441:premise:fra_Latn,premise,False,False,"[""source_nli_low_confidence""]","[""source_nli_low_confidence""]",GOLD_LOW_CONFIDENCE,,,False,MATCH,none
693,474441,474441:hypothesis:fra_Latn,hypothesis,False,False,"[""source_nli_low_confidence""]","[""source_nli_low_confidence""]",GOLD_LOW_CONFIDENCE,,,False,MATCH,none
695,475013,475013:premise:fra_Latn,premise,False,False,"[""source_label_disagreement""]","[""source_label_disagreement""]",GOLD_DISAGREEMENT,,,False,MATCH,none
695,475013,475013:hypothesis:fra_Latn,hypothesis,False,False,"[""source_label_disagreement""]","[""source_label_disagreement""]",GOLD_DISAGREEMENT,,,False,MATCH,none
699,477223,477223:premise:fra_Latn,premise,False,False,"[""source_label_disagreement""]","[""source_label_disagreement""]",GOLD_DISAGREEMENT,,,False,MATCH,none
699,477223,477223:hypothesis:fra_Latn,hypothesis,False,False,"[""source_label_disagreement""]","[""source_label_disagreement""]",GOLD_DISAGREEMENT,,,False,MATCH,none
701,477877,477877:premise:fra_Latn,premise,False,False,"[""source_nli_low_confidence""]","[""source_nli_low_confidence""]",GOLD_LOW_CONFIDENCE,,,False,MATCH,none
701,477877,477877:hypothesis:fra_Latn,hypothesis,False,False,"[""source_nli_low_confidence""]","[""source_nli_low_confidence""]",GOLD_LOW_CONFIDENCE,,,False,MATCH,none
703,478194,478194:premise:fra_Latn,premise,False,False,"[""source_label_disagreement""]","[""source_label_disagreement""]",GOLD_DISAGREEMENT,,,False,MATCH,none
703,478194,478194:hypothesis:fra_Latn,hypothesis,False,False,"[""source_label_disagreement""]","[""source_label_disagreement""]",GOLD_DISAGREEMENT,,,False,MATCH,none
672,458599,458599:premise:fra_Latn,premise,False,False,"[""semantic_drift""]","[""semantic_drift""]",RELIABLE_GOLD,0.03584820777177811,0.9968532919883728,False,MATCH,none
673,458628,458628:premise:fra_Latn,premise,False,False,"[""semantic_drift"",""numeric_value_changed""]","[""numeric_value_changed"",""semantic_drift""]",RELIABLE_GOLD,0.0437086820602417,0.9996254444122314,False,MATCH,none
674,459828,459828:premise:fra_Latn,premise,False,False,"[""semantic_drift""]","[""semantic_drift""]",RELIABLE_GOLD,0.18919162452220917,0.9936186075210571,False,MATCH,none
675,461143,461143:premise:fra_Latn,premise,False,False,"[""semantic_drift""]","[""semantic_drift""]",RELIABLE_GOLD,0.8445373773574829,0.9992856383323669,False,MATCH,none
675,461143,461143:hypothesis:fra_Latn,hypothesis,False,False,"[""trivial_copy""]","[""trivial_copy""]",RELIABLE_GOLD,0.995603084564209,0.999292254447937,False,MATCH,none
679,463687,463687:hypothesis:fra_Latn,hypothesis,False,False,"[""semantic_drift""]","[""semantic_drift""]",RELIABLE_GOLD,0.02718680538237095,0.9958640336990356,False,MATCH,none
681,464854,464854:premise:fra_Latn,premise,False,False,"[""semantic_drift""]","[""semantic_drift""]",RELIABLE_GOLD,0.03063921257853508,0.9532554745674133,False,MATCH,none
682,464901,464901:premise:fra_Latn,premise,False,False,"[""semantic_drift""]","[""semantic_drift""]",RELIABLE_GOLD,0.01725255325436592,0.9952462315559387,False,MATCH,none
683,466557,466557:premise:fra_Latn,premise,False,False,"[""semantic_drift""]","[""semantic_drift""]",RELIABLE_GOLD,0.6160669326782227,0.9983158111572266,False,MATCH,none
683,466557,466557:hypothesis:fra_Latn,hypothesis,False,False,"[""trivial_copy""]","[""trivial_copy""]",RELIABLE_GOLD,0.9933937191963196,0.9988013505935669,False,MATCH,none
686,468548,468548:hypothesis:fra_Latn,hypothesis,False,False,"[""label_flip""]","[""label_flip""]",RELIABLE_GOLD,0.9821627736091614,0.028826437890529633,False,MATCH,none
687,469856,469856:premise:fra_Latn,premise,False,False,"[""trivial_copy""]","[""trivial_copy""]",RELIABLE_GOLD,0.9969762563705444,0.9932206869125366,False,MATCH,none
689,470257,470257:premise:fra_Latn,premise,False,False,"[""trivial_copy""]","[""trivial_copy""]",RELIABLE_GOLD,0.9957644939422607,0.9557705521583557,False,MATCH,none
689,470257,470257:hypothesis:fra_Latn,hypothesis,False,False,"[""low_nli_confidence""]","[""low_nli_confidence""]",RELIABLE_GOLD,0.9964146614074707,0.7766164541244507,False,MATCH,none
690,472747,472747:premise:fra_Latn,premise,False,False,"[""semantic_drift""]","[""semantic_drift""]",RELIABLE_GOLD,0.0016672612400725484,0.9882391691207886,False,MATCH,none
690,472747,472747:hypothesis:fra_Latn,hypothesis,False,False,"[""label_flip""]","[""label_flip""]",RELIABLE_GOLD,0.9967722296714783,0.45691928267478943,False,MATCH,none
692,473855,473855:premise:fra_Latn,premise,False,False,"[""semantic_drift""]","[""semantic_drift""]",RELIABLE_GOLD,0.1518411636352539,0.9653680324554443,False,MATCH,none
696,475232,475232:hypothesis:fra_Latn,hypothesis,False,False,"[""semantic_drift""]","[""semantic_drift""]",RELIABLE_GOLD,0.034287068992853165,0.9462582468986511,False,MATCH,none
697,475671,475671:premise:fra_Latn,premise,False,False,"[""semantic_drift""]","[""semantic_drift""]",RELIABLE_GOLD,0.6395142078399658,0.999492883682251,False,MATCH,none
698,477167,477167:premise:fra_Latn,premise,False,False,"[""trivial_copy""]","[""trivial_copy""]",RELIABLE_GOLD,0.9953325390815735,0.9994255304336548,False,MATCH,none
702,477962,477962:premise:fra_Latn,premise,False,False,"[""numeric_value_changed""]","[""numeric_value_changed""]",RELIABLE_GOLD,0.9812445044517517,0.9673606157302856,False,MATCH,none
704,482019,482019:premise:fra_Latn,premise,False,False,"[""source_label_disagreement""]","[""source_label_disagreement""]",GOLD_DISAGREEMENT,,,False,MATCH,none
704,482019,482019:hypothesis:fra_Latn,hypothesis,False,False,"[""source_label_disagreement""]","[""source_label_disagreement""]",GOLD_DISAGREEMENT,,,False,MATCH,none
705,482758,482758:premise:fra_Latn,premise,False,False,"[""source_label_disagreement""]","[""source_label_disagreement""]",GOLD_DISAGREEMENT,,,False,MATCH,none
705,482758,482758:hypothesis:fra_Latn,hypothesis,False,False,"[""source_label_disagreement""]","[""source_label_disagreement""]",GOLD_DISAGREEMENT,,,False,MATCH,none
709,485598,485598:premise:fra_Latn,premise,False,False,"[""source_label_disagreement""]","[""source_label_disagreement""]",GOLD_DISAGREEMENT,,,False,MATCH,none
709,485598,485598:hypothesis:fra_Latn,hypothesis,False,False,"[""source_label_disagreement""]","[""source_label_disagreement""]",GOLD_DISAGREEMENT,,,False,MATCH,none
715,488220,488220:premise:fra_Latn,premise,False,False,"[""source_label_disagreement""]","[""source_label_disagreement""]",GOLD_DISAGREEMENT,,,False,MATCH,none
715,488220,488220:hypothesis:fra_Latn,hypothesis,False,False,"[""source_label_disagreement""]","[""source_label_disagreement""]",GOLD_DISAGREEMENT,,,False,MATCH,none
721,490129,490129:premise:fra_Latn,premise,False,False,"[""source_label_disagreement""]","[""source_label_disagreement""]",GOLD_DISAGREEMENT,,,False,MATCH,none
721,490129,490129:hypothesis:fra_Latn,hypothesis,False,False,"[""source_label_disagreement""]","[""source_label_disagreement""]",GOLD_DISAGREEMENT,,,False,MATCH,none
706,484972,484972:premise:fra_Latn,premise,False,False,"[""semantic_drift"",""label_flip""]","[""semantic_drift"",""label_flip""]",RELIABLE_GOLD,0.0008583380840718746,0.0005351767176762223,False,MATCH,none
706,484972,484972:hypothesis:fra_Latn,hypothesis,False,False,"[""semantic_drift""]","[""semantic_drift""]",RELIABLE_GOLD,0.0007287574117071927,0.9971458315849304,False,MATCH,none
711,486098,486098:hypothesis:fra_Latn,hypothesis,False,False,"[""semantic_drift""]","[""semantic_drift""]",RELIABLE_GOLD,0.017539698630571365,0.8872877955436707,False,MATCH,none
712,486675,486675:premise:fra_Latn,premise,False,False,"[""semantic_drift""]","[""semantic_drift""]",RELIABLE_GOLD,7.400937465718016e-05,0.9994474053382874,False,MATCH,none
712,486675,486675:hypothesis:fra_Latn,hypothesis,False,False,"[""semantic_drift""]","[""semantic_drift""]",RELIABLE_GOLD,0.1847062110900879,0.9988996982574463,False,MATCH,none
713,487229,487229:hypothesis:fra_Latn,hypothesis,False,False,"[""semantic_drift""]","[""semantic_drift""]",RELIABLE_GOLD,0.02773207612335682,0.9987547397613525,False,MATCH,none
714,487685,487685:premise:fra_Latn,premise,False,False,"[""numeric_value_changed""]","[""numeric_value_changed""]",RELIABLE_GOLD,0.9925878643989563,0.9930607080459595,False,MATCH,none
716,488702,488702:premise:fra_Latn,premise,False,False,"[""semantic_drift""]","[""semantic_drift""]",RELIABLE_GOLD,0.017978910356760025,0.9971169233322144,False,MATCH,none
718,489327,489327:hypothesis:fra_Latn,hypothesis,False,False,"[""semantic_drift"",""label_flip""]","[""semantic_drift"",""label_flip""]",RELIABLE_GOLD,0.0015577459707856178,0.3317374289035797,False,MATCH,none
719,489352,489352:premise:fra_Latn,premise,False,False,"[""semantic_drift"",""label_flip""]","[""semantic_drift"",""label_flip""]",RELIABLE_GOLD,0.04492585361003876,0.2821812927722931,False,MATCH,none
719,489352,489352:hypothesis:fra_Latn,hypothesis,False,False,"[""trivial_copy""]","[""trivial_copy""]",RELIABLE_GOLD,0.9971197843551636,0.99856036901474,False,MATCH,none
720,489857,489857:hypothesis:fra_Latn,hypothesis,False,False,"[""trivial_copy""]","[""trivial_copy""]",RELIABLE_GOLD,0.9961638450622559,0.9963387250900269,False,MATCH,none
725,494996,494996:premise:fra_Latn,premise,False,False,"[""semantic_drift"",""label_flip""]","[""semantic_drift"",""label_flip""]",RELIABLE_GOLD,0.011801044456660748,0.052352916449308395,False,MATCH,none
725,494996,494996:hypothesis:fra_Latn,hypothesis,False,False,"[""semantic_drift"",""label_flip""]","[""semantic_drift"",""label_flip""]",RELIABLE_GOLD,0.0002128634077962488,0.00033853991772048175,False,MATCH,none
727,495795,495795:premise:fra_Latn,premise,False,False,"[""label_flip""]","[""label_flip""]",RELIABLE_GOLD,0.986273467540741,0.39963650703430176,False,MATCH,none
727,495795,495795:hypothesis:fra_Latn,hypothesis,False,False,"[""semantic_drift""]","[""semantic_drift""]",RELIABLE_GOLD,0.008369534276425838,0.9976264834403992,False,MATCH,none
730,500623,500623:premise:fra_Latn,premise,False,False,"[""semantic_drift""]","[""semantic_drift""]",RELIABLE_GOLD,0.01523846946656704,0.9989845156669617,False,MATCH,none
730,500623,500623:hypothesis:fra_Latn,hypothesis,False,False,"[""semantic_drift""]","[""semantic_drift""]",RELIABLE_GOLD,0.24622277915477753,0.998672366142273,False,MATCH,none
731,501731,501731:premise:fra_Latn,premise,False,False,"[""semantic_drift""]","[""semantic_drift""]",RELIABLE_GOLD,0.001299650059081614,0.9987185001373291,False,MATCH,none
732,501926,501926:premise:fra_Latn,premise,False,False,"[""semantic_drift"",""label_flip""]","[""semantic_drift"",""label_flip""]",RELIABLE_GOLD,0.0002343074738746509,0.06799910962581635,False,MATCH,none
732,501926,501926:hypothesis:fra_Latn,hypothesis,False,False,"[""label_flip""]","[""label_flip""]",RELIABLE_GOLD,0.9950998425483704,0.003983394708484411,False,MATCH,none
733,502223,502223:hypothesis:fra_Latn,hypothesis,False,False,"[""trivial_copy""]","[""trivial_copy""]",RELIABLE_GOLD,0.9886232614517212,0.9854571223258972,False,MATCH,none
735,503039,503039:premise:fra_Latn,premise,False,False,"[""semantic_drift""]","[""semantic_drift""]",RELIABLE_GOLD,0.616723895072937,0.9899832010269165,False,MATCH,none
735,503039,503039:hypothesis:fra_Latn,hypothesis,False,False,"[""trivial_copy""]","[""trivial_copy""]",RELIABLE_GOLD,0.9962406158447266,0.9980321526527405,False,MATCH,none
738,506005,506005:premise:fra_Latn,premise,False,False,"[""source_label_disagreement""]","[""source_label_disagreement""]",GOLD_DISAGREEMENT,,,False,MATCH,none
738,506005,506005:hypothesis:fra_Latn,hypothesis,False,False,"[""source_label_disagreement""]","[""source_label_disagreement""]",GOLD_DISAGREEMENT,,,False,MATCH,none
753,513720,513720:premise:fra_Latn,premise,False,False,"[""source_nli_low_confidence""]","[""source_nli_low_confidence""]",GOLD_LOW_CONFIDENCE,,,False,MATCH,none
753,513720,513720:hypothesis:fra_Latn,hypothesis,False,False,"[""source_nli_low_confidence""]","[""source_nli_low_confidence""]",GOLD_LOW_CONFIDENCE,,,False,MATCH,none
754,513835,513835:premise:fra_Latn,premise,False,False,"[""source_nli_low_confidence""]","[""source_nli_low_confidence""]",GOLD_LOW_CONFIDENCE,,,False,MATCH,none
754,513835,513835:hypothesis:fra_Latn,hypothesis,False,False,"[""source_nli_low_confidence""]","[""source_nli_low_confidence""]",GOLD_LOW_CONFIDENCE,,,False,MATCH,none
760,518638,518638:premise:fra_Latn,premise,False,False,[],"[""source_label_disagreement""]",GOLD_DISAGREEMENT,,,False,MATCH,none
760,518638,518638:hypothesis:fra_Latn,hypothesis,False,False,[],"[""source_label_disagreement""]",GOLD_DISAGREEMENT,,,False,MATCH,none
765,520786,520786:premise:fra_Latn,premise,False,False,"[""source_nli_low_confidence""]","[""source_nli_low_confidence""]",GOLD_LOW_CONFIDENCE,,,False,MATCH,none
765,520786,520786:hypothesis:fra_Latn,hypothesis,False,False,"[""source_nli_low_confidence""]","[""source_nli_low_confidence""]",GOLD_LOW_CONFIDENCE,,,False,MATCH,none
737,504992,504992:premise:fra_Latn,premise,False,False,"[""low_nli_confidence""]","[""low_nli_confidence""]",RELIABLE_GOLD,0.9934887886047363,0.7065557837486267,False,MATCH,none
739,506414,506414:premise:fra_Latn,premise,False,False,"[""trivial_copy""]","[""trivial_copy""]",RELIABLE_GOLD,0.9953839182853699,0.9104642868041992,False,MATCH,none
739,506414,506414:hypothesis:fra_Latn,hypothesis,False,False,"[""low_nli_confidence""]","[""low_nli_confidence""]",RELIABLE_GOLD,0.9943217039108276,0.7734698057174683,False,MATCH,none
740,508521,508521:premise:fra_Latn,premise,False,False,"[""semantic_drift""]","[""semantic_drift""]",RELIABLE_GOLD,0.0038930275477468967,0.9966543912887573,False,MATCH,none
741,509169,509169:premise:fra_Latn,premise,False,False,"[""semantic_drift""]","[""semantic_drift""]",RELIABLE_GOLD,0.0007369605591520667,0.9984250068664551,False,MATCH,none
741,509169,509169:hypothesis:fra_Latn,hypothesis,False,False,"[""semantic_drift"",""label_flip""]","[""semantic_drift"",""label_flip""]",RELIABLE_GOLD,0.0009054492111317813,0.28124603629112244,False,MATCH,none
742,509328,509328:premise:fra_Latn,premise,False,False,"[""semantic_drift""]","[""semantic_drift""]",RELIABLE_GOLD,0.000157698814291507,0.9925121068954468,False,MATCH,none
743,509438,509438:hypothesis:fra_Latn,hypothesis,False,False,"[""semantic_drift""]","[""semantic_drift""]",RELIABLE_GOLD,0.015538721345365047,0.9839969277381897,False,MATCH,none
744,510455,510455:premise:fra_Latn,premise,False,False,"[""trivial_copy""]","[""trivial_copy""]",RELIABLE_GOLD,0.9866926074028015,0.9968605041503906,False,MATCH,none
744,510455,510455:hypothesis:fra_Latn,hypothesis,False,False,"[""semantic_drift"",""low_nli_confidence""]","[""semantic_drift"",""low_nli_confidence""]",RELIABLE_GOLD,0.0030970650259405375,0.5066754817962646,False,MATCH,none
745,510869,510869:premise:fra_Latn,premise,False,False,"[""trivial_copy""]","[""trivial_copy""]",RELIABLE_GOLD,0.9972395896911621,0.999226450920105,False,MATCH,none
746,511280,511280:premise:fra_Latn,premise,False,False,"[""semantic_drift""]","[""semantic_drift""]",RELIABLE_GOLD,0.0329962819814682,0.999652624130249,False,MATCH,none
747,511871,511871:hypothesis:fra_Latn,hypothesis,False,False,"[""semantic_drift""]","[""semantic_drift""]",RELIABLE_GOLD,0.43820950388908386,0.9461125731468201,False,MATCH,none
748,512053,512053:premise:fra_Latn,premise,False,False,"[""semantic_drift""]","[""semantic_drift""]",RELIABLE_GOLD,0.2570866048336029,0.99941086769104,False,MATCH,none
749,512639,512639:hypothesis:fra_Latn,hypothesis,False,False,"[""semantic_drift""]","[""semantic_drift""]",RELIABLE_GOLD,0.014136108569800854,0.995628833770752,False,MATCH,none
750,512695,512695:premise:fra_Latn,premise,False,False,"[""semantic_drift"",""low_nli_confidence""]","[""semantic_drift"",""low_nli_confidence""]",RELIABLE_GOLD,0.025700222700834274,0.519309937953949,False,MATCH,none
751,512778,512778:premise:fra_Latn,premise,False,False,"[""semantic_drift""]","[""semantic_drift""]",RELIABLE_GOLD,0.008820603601634502,0.8099085688591003,False,MATCH,none
752,513211,513211:hypothesis:fra_Latn,hypothesis,False,False,"[""trivial_copy""]","[""trivial_copy""]",RELIABLE_GOLD,0.9978464841842651,0.9990469813346863,False,MATCH,none
755,514380,514380:premise:fra_Latn,premise,False,False,"[""semantic_drift""]","[""semantic_drift""]",RELIABLE_GOLD,0.6113067269325256,0.9939801692962646,False,MATCH,none
757,516128,516128:premise:fra_Latn,premise,False,False,"[""label_flip""]","[""label_flip""]",RELIABLE_GOLD,0.9938812255859375,0.30313485860824585,False,MATCH,none
761,519201,519201:premise:fra_Latn,premise,False,False,"[""semantic_drift""]","[""semantic_drift""]",RELIABLE_GOLD,0.017106734216213226,0.9993847608566284,False,MATCH,none
761,519201,519201:hypothesis:fra_Latn,hypothesis,False,False,"[""semantic_drift""]","[""semantic_drift""]",RELIABLE_GOLD,0.016939643770456314,0.9993900060653687,False,MATCH,none
762,519469,519469:premise:fra_Latn,premise,False,False,"[""trivial_copy""]","[""trivial_copy""]",RELIABLE_GOLD,0.9964966177940369,0.9988049268722534,False,MATCH,none
783,539080,539080:premise:fra_Latn,premise,False,False,"[""source_nli_low_confidence""]","[""source_nli_low_confidence""]",GOLD_LOW_CONFIDENCE,,,False,MATCH,none
783,539080,539080:hypothesis:fra_Latn,hypothesis,False,False,"[""source_nli_low_confidence""]","[""source_nli_low_confidence""]",GOLD_LOW_CONFIDENCE,,,False,MATCH,none
788,541031,541031:premise:fra_Latn,premise,False,False,"[""source_label_disagreement""]","[""source_label_disagreement""]",GOLD_DISAGREEMENT,,,False,MATCH,none
788,541031,541031:hypothesis:fra_Latn,hypothesis,False,False,"[""source_label_disagreement""]","[""source_label_disagreement""]",GOLD_DISAGREEMENT,,,False,MATCH,none
793,545706,545706:premise:fra_Latn,premise,False,False,"[""source_nli_low_confidence""]","[""source_nli_low_confidence""]",GOLD_LOW_CONFIDENCE,,,False,MATCH,none
793,545706,545706:hypothesis:fra_Latn,hypothesis,False,False,"[""source_nli_low_confidence""]","[""source_nli_low_confidence""]",GOLD_LOW_CONFIDENCE,,,False,MATCH,none
797,549041,549041:premise:fra_Latn,premise,False,False,"[""source_label_disagreement""]","[""source_label_disagreement""]",GOLD_DISAGREEMENT,,,False,MATCH,none
797,549041,549041:hypothesis:fra_Latn,hypothesis,False,False,"[""source_label_disagreement""]","[""source_label_disagreement""]",GOLD_DISAGREEMENT,,,False,MATCH,none
768,523638,523638:premise:fra_Latn,premise,False,False,"[""semantic_drift""]","[""semantic_drift""]",RELIABLE_GOLD,0.0012444236781448126,0.9990922212600708,False,MATCH,none
768,523638,523638:hypothesis:fra_Latn,hypothesis,False,False,"[""semantic_drift""]","[""semantic_drift""]",RELIABLE_GOLD,0.007713252678513527,0.9979471564292908,False,MATCH,none
769,524089,524089:premise:fra_Latn,premise,False,False,"[""semantic_drift"",""label_flip""]","[""semantic_drift"",""label_flip""]",RELIABLE_GOLD,0.003161299740895629,0.0016448568785563111,False,MATCH,none
769,524089,524089:hypothesis:fra_Latn,hypothesis,False,False,"[""semantic_drift"",""label_flip""]","[""semantic_drift"",""label_flip""]",RELIABLE_GOLD,0.0012290002778172493,0.0009279523510485888,False,MATCH,none
770,524354,524354:premise:fra_Latn,premise,False,False,"[""trivial_copy""]","[""trivial_copy""]",RELIABLE_GOLD,0.994158148765564,0.9995465874671936,False,MATCH,none
771,524385,524385:premise:fra_Latn,premise,False,False,"[""semantic_drift"",""low_nli_confidence""]","[""semantic_drift"",""low_nli_confidence""]",RELIABLE_GOLD,0.03392508998513222,0.7223085165023804,False,MATCH,none
771,524385,524385:hypothesis:fra_Latn,hypothesis,False,False,"[""semantic_drift""]","[""semantic_drift""]",RELIABLE_GOLD,0.00822922307997942,0.853721559047699,False,MATCH,none
772,524406,524406:premise:fra_Latn,premise,False,False,"[""semantic_drift""]","[""semantic_drift""]",RELIABLE_GOLD,0.18631115555763245,0.9968619346618652,False,MATCH,none
773,524854,524854:hypothesis:fra_Latn,hypothesis,False,False,"[""trivial_copy""]","[""trivial_copy""]",RELIABLE_GOLD,0.9964214563369751,0.9924572706222534,False,MATCH,none
774,527833,527833:premise:fra_Latn,premise,False,False,"[""trivial_copy""]","[""trivial_copy""]",RELIABLE_GOLD,0.9968841671943665,0.9979883432388306,False,MATCH,none
775,528482,528482:hypothesis:fra_Latn,hypothesis,False,False,"[""semantic_drift""]","[""semantic_drift""]",RELIABLE_GOLD,0.02011094056069851,0.8745798468589783,False,MATCH,none
777,530538,530538:premise:fra_Latn,premise,False,False,"[""trivial_copy""]","[""trivial_copy""]",RELIABLE_GOLD,0.9961387515068054,0.978131890296936,False,MATCH,none
779,533036,533036:hypothesis:fra_Latn,hypothesis,False,False,"[""trivial_copy""]","[""trivial_copy""]",RELIABLE_GOLD,0.991874635219574,0.9974307417869568,False,MATCH,none
780,534650,534650:premise:fra_Latn,premise,False,False,"[""semantic_drift""]","[""semantic_drift""]",RELIABLE_GOLD,0.05197768285870552,0.9989847540855408,False,MATCH,none
786,540283,540283:premise:fra_Latn,premise,False,False,"[""semantic_drift""]","[""semantic_drift""]",RELIABLE_GOLD,0.0010390996467322111,0.9983988404273987,False,MATCH,none
786,540283,540283:hypothesis:fra_Latn,hypothesis,False,False,"[""trivial_copy""]","[""trivial_copy""]",RELIABLE_GOLD,0.9977420568466187,0.9991987347602844,False,MATCH,none
791,542646,542646:premise:fra_Latn,premise,False,False,"[""semantic_drift"",""label_flip""]","[""semantic_drift"",""label_flip""]",RELIABLE_GOLD,0.015959948301315308,0.008430393412709236,False,MATCH,none
792,543160,543160:premise:fra_Latn,premise,False,False,"[""semantic_drift"",""label_flip""]","[""semantic_drift"",""label_flip""]",RELIABLE_GOLD,0.8912726044654846,0.04224377125501633,False,MATCH,none
792,543160,543160:hypothesis:fra_Latn,hypothesis,False,False,"[""semantic_drift"",""low_nli_confidence""]","[""semantic_drift"",""low_nli_confidence""]",RELIABLE_GOLD,0.07313630729913712,0.49000653624534607,False,MATCH,none
794,546367,546367:premise:fra_Latn,premise,False,False,"[""trivial_copy""]","[""trivial_copy""]",RELIABLE_GOLD,0.9969442486763,0.9933868050575256,False,MATCH,none
794,546367,546367:hypothesis:fra_Latn,hypothesis,False,False,"[""trivial_copy""]","[""trivial_copy""]",RELIABLE_GOLD,0.9944296479225159,0.9933868050575256,False,MATCH,none
795,547621,547621:premise:fra_Latn,premise,False,False,"[""trivial_copy""]","[""trivial_copy""]",RELIABLE_GOLD,0.9956069588661194,0.9940324425697327,False,MATCH,none
796,548940,548940:premise:fra_Latn,premise,False,False,"[""trivial_copy""]","[""trivial_copy""]",RELIABLE_GOLD,0.9973325729370117,0.9986711740493774,False,MATCH,none
796,548940,548940:hypothesis:fra_Latn,hypothesis,False,False,"[""trivial_copy""]","[""trivial_copy""]",RELIABLE_GOLD,0.9974192380905151,0.9986711740493774,False,MATCH,none
798,549274,549274:premise:fra_Latn,premise,False,False,"[""semantic_drift""]","[""semantic_drift""]",RELIABLE_GOLD,0.03219350054860115,0.9965575933456421,False,MATCH,none
798,549274,549274:hypothesis:fra_Latn,hypothesis,False,False,"[""semantic_drift""]","[""semantic_drift""]",RELIABLE_GOLD,0.0007921837968751788,0.9957973957061768,False,MATCH,none
799,549910,549910:hypothesis:fra_Latn,hypothesis,False,False,"[""trivial_copy""]","[""trivial_copy""]",RELIABLE_GOLD,0.9971952438354492,0.9995772242546082,False,MATCH,none
